"id","sourceId","kind","title","category","date","place","relation","sourceUrl","targetUrl","reviewNote","themes"
"ffa-001","ffa","event","1917 · Smith-Hughes Act","timeline index","1917","","national agricultural education context. Date precision: year.","https://www.ffa.org/ffa-history/","https://www.ffa.org/timeline/1917-smith-hughes-act/","Source assertion; pending independent review.  Timeline year only; Jan 09/Jan 10 interface labels are not historical dates.","agriculture; education; history"
"ffa-002","ffa","event","1925 · Future Farmers of Virginia","timeline index","1925","","national agricultural education context. Date precision: year.","https://www.ffa.org/ffa-history/","https://www.ffa.org/timeline/1925-future-farmers-of-virginia-ffv/","Source assertion; pending independent review.  Timeline year only; Jan 09/Jan 10 interface labels are not historical dates.","agriculture; education; history"
"ffa-003","ffa","event","1926 · Agriculture congress","timeline index","1926","Kansas City, Missouri","regional context outside kansas. Date precision: year.","https://www.ffa.org/ffa-history/","https://www.ffa.org/timeline/1926/","Source assertion; pending independent review.  Timeline year only; Jan 09/Jan 10 interface labels are not historical dates.","agriculture; education; history"
"ffa-004","ffa","event","1927 · NFA constitution","timeline index","1927","","national agricultural education context. Date precision: year.","https://www.ffa.org/ffa-history/","https://www.ffa.org/timeline/1927/","Source assertion; pending independent review.  Timeline year only; Jan 09/Jan 10 interface labels are not historical dates.","agriculture; education; history"
"ffa-005","ffa","event","1928 · FFA founding","timeline index","1928","Kansas City, Missouri","regional context outside kansas. Date precision: year.","https://www.ffa.org/ffa-history/","https://www.ffa.org/timeline/1928/","Source assertion; pending independent review.  Timeline year only; Jan 09/Jan 10 interface labels are not historical dates.","agriculture; education; history"
"ffa-006","ffa","event","1929 · FFA colors","timeline index","1929","","national agricultural education context. Date precision: year.","https://www.ffa.org/ffa-history/","https://www.ffa.org/timeline/1929-2/","Source assertion; pending independent review.  Timeline year only; Jan 09/Jan 10 interface labels are not historical dates.","agriculture; education; history"
"ffa-007","ffa","event","1930 · FFA Creed","timeline index","1930","","national agricultural education context. Date precision: year.","https://www.ffa.org/ffa-history/","https://www.ffa.org/timeline/1930/","Source assertion; pending independent review.  Timeline year only; Jan 09/Jan 10 interface labels are not historical dates.","agriculture; education; history"
"ffa-008","ffa","event","1931 · Radio program","timeline index","1931","","national agricultural education context. Date precision: year.","https://www.ffa.org/ffa-history/","https://www.ffa.org/timeline/1931/","Source assertion; pending independent review.  Timeline year only; Jan 09/Jan 10 interface labels are not historical dates.","agriculture; education; history"
"ffa-009","ffa","event","1932 · Puerto Rico charter","timeline index","1932","","national agricultural education context. Date precision: year.","https://www.ffa.org/ffa-history/","https://www.ffa.org/timeline/1932/","Source assertion; pending independent review.  Timeline year only; Jan 09/Jan 10 interface labels are not historical dates.","agriculture; education; history"
"ffa-010","ffa","event","1933 · Corduroy jacket","timeline index","1933","","national agricultural education context. Date precision: year.","https://www.ffa.org/ffa-history/","https://www.ffa.org/timeline/1933/","Source assertion; pending independent review.  Timeline year only; Jan 09/Jan 10 interface labels are not historical dates.","agriculture; education; history"
"ffa-011","ffa","event","1935 · New Farmers of America","timeline index","1935","","national agricultural education context. Date precision: year.","https://www.ffa.org/ffa-history/","https://www.ffa.org/timeline/1935/","Source assertion; pending independent review.  Timeline year only; Jan 09/Jan 10 interface labels are not historical dates.","agriculture; education; history"
"ffa-012","ffa","event","1937 · Leadership camp","timeline index","1937","","national agricultural education context. Date precision: year.","https://www.ffa.org/ffa-history/","https://www.ffa.org/timeline/1937/","Source assertion; pending independent review.  Timeline year only; Jan 09/Jan 10 interface labels are not historical dates.","agriculture; education; history"
"ffa-013","ffa","event","1939 · Headquarters land","timeline index","1939","","national agricultural education context. Date precision: year.","https://www.ffa.org/ffa-history/","https://www.ffa.org/timeline/1939/","Source assertion; pending independent review.  Timeline year only; Jan 09/Jan 10 interface labels are not historical dates.","agriculture; education; history"
"ffa-014","ffa","event","1942 · Wartime service","timeline index","1942","","national agricultural education context. Date precision: year.","https://www.ffa.org/ffa-history/","https://www.ffa.org/timeline/1942/","Source assertion; pending independent review.  Timeline year only; Jan 09/Jan 10 interface labels are not historical dates.","agriculture; education; history"
"ffa-015","ffa","event","1944 · FFA Foundation","timeline index","1944","","national agricultural education context. Date precision: year.","https://www.ffa.org/ffa-history/","https://www.ffa.org/timeline/1944/","Source assertion; pending independent review.  Timeline year only; Jan 09/Jan 10 interface labels are not historical dates.","agriculture; education; history"
"ffa-016","ffa","event","1946 · Victory convention","timeline index","1946","","national agricultural education context. Date precision: year.","https://www.ffa.org/ffa-history/","https://www.ffa.org/timeline/1946/","Source assertion; pending independent review.  Timeline year only; Jan 09/Jan 10 interface labels are not historical dates.","agriculture; education; history"
"ffa-017","ffa","event","1947 · FFA Band","timeline index","1947","","national agricultural education context. Date precision: year.","https://www.ffa.org/ffa-history/","https://www.ffa.org/timeline/1947/","Source assertion; pending independent review.  Timeline year only; Jan 09/Jan 10 interface labels are not historical dates.","agriculture; education; history"
"ffa-018","ffa","event","1948 · FFA Week","timeline index","1948","Kansas City, Missouri","regional context outside kansas. Date precision: year.","https://www.ffa.org/ffa-history/","https://www.ffa.org/timeline/1948/","Source assertion; pending independent review.  Timeline year only; Jan 09/Jan 10 interface labels are not historical dates.","agriculture; education; history"
"ffa-019","ffa","event","1949 · International exchange","timeline index","1949","","national agricultural education context. Date precision: year.","https://www.ffa.org/ffa-history/","https://www.ffa.org/timeline/1949/","Source assertion; pending independent review.  Timeline year only; Jan 09/Jan 10 interface labels are not historical dates.","agriculture; education; history"
"ffa-020","ffa","event","1950 · Federal charter","timeline index","1950","","national agricultural education context. Date precision: year.","https://www.ffa.org/ffa-history/","https://www.ffa.org/timeline/1950/","Source assertion; pending independent review.  Timeline year only; Jan 09/Jan 10 interface labels are not historical dates.","agriculture; education; history"
"ffa-021","ffa","event","1952 · Code of Ethics","timeline index","1952","","national agricultural education context. Date precision: year.","https://www.ffa.org/ffa-history/","https://www.ffa.org/timeline/1952/","Source assertion; pending independent review.  Timeline year only; Jan 09/Jan 10 interface labels are not historical dates.","agriculture; education; history"
"ffa-022","ffa","event","1953 · Eisenhower address","timeline index","1953","Kansas City, Missouri","regional event with Kansas person link pending verification. Date precision: year.","https://www.ffa.org/ffa-history/","https://www.ffa.org/timeline/1953/","Source assertion; pending independent review.  Timeline year only; Jan 09/Jan 10 interface labels are not historical dates.","agriculture; education; history"
"ffa-023","ffa","event","1955 · Joe Moore","timeline index","1955","","national agricultural education context. Date precision: year.","https://www.ffa.org/ffa-history/","https://www.ffa.org/timeline/1955/","Source assertion; pending independent review.  Timeline year only; Jan 09/Jan 10 interface labels are not historical dates.","agriculture; education; history"
"ffa-024","ffa","event","1957 · Truman address","timeline index","1957","","national agricultural education context. Date precision: year.","https://www.ffa.org/ffa-history/","https://www.ffa.org/timeline/1957/","Source assertion; pending independent review.  Timeline year only; Jan 09/Jan 10 interface labels are not historical dates.","agriculture; education; history"
"ffa-025","ffa","event","1958 · NFA recognition","timeline index","1958","","national agricultural education context. Date precision: year.","https://www.ffa.org/ffa-history/","https://www.ffa.org/timeline/1958/","Source assertion; pending independent review.  Timeline year only; Jan 09/Jan 10 interface labels are not historical dates.","agriculture; education; history"
"ffa-026","ffa","event","1959 · FFA Center","timeline index","1959","","national agricultural education context. Date precision: year.","https://www.ffa.org/ffa-history/","https://www.ffa.org/timeline/1959/","Source assertion; pending independent review.  Timeline year only; Jan 09/Jan 10 interface labels are not historical dates.","agriculture; education; history"
"ffa-027","ffa","event","1964 · Jacket milestone","timeline index","1964","","national agricultural education context. Date precision: year.","https://www.ffa.org/ffa-history/","https://www.ffa.org/timeline/1964/","Source assertion; pending independent review.  Timeline year only; Jan 09/Jan 10 interface labels are not historical dates.","agriculture; education; history"
"ffa-028","ffa","event","1965 · NFA merger","timeline index","1965","","national agricultural education context. Date precision: year.","https://www.ffa.org/ffa-history/","https://www.ffa.org/timeline/1965/","Source assertion; pending independent review.  Timeline year only; Jan 09/Jan 10 interface labels are not historical dates.","agriculture; education; history"
"ffa-029","ffa","event","1966 · Career show","timeline index","1966","","national agricultural education context. Date precision: year.","https://www.ffa.org/ffa-history/","https://www.ffa.org/timeline/1966/","Source assertion; pending independent review.  Timeline year only; Jan 09/Jan 10 interface labels are not historical dates.","agriculture; education; history"
"ffa-030","ffa","event","1967 · FFA archives","timeline index","1967","","national agricultural education context. Date precision: year.","https://www.ffa.org/ffa-history/","https://www.ffa.org/timeline/1967/","Source assertion; pending independent review.  Timeline year only; Jan 09/Jan 10 interface labels are not historical dates.","agriculture; education; history"
"ffa-031","ffa","event","1968 · Nixon address","timeline index","1968","","national agricultural education context. Date precision: year.","https://www.ffa.org/ffa-history/","https://www.ffa.org/timeline/1968/","Source assertion; pending independent review.  Timeline year only; Jan 09/Jan 10 interface labels are not historical dates.","agriculture; education; history"
"ffa-032","ffa","event","1969 · Women admitted","timeline index","1969","","national agricultural education context. Date precision: year.","https://www.ffa.org/ffa-history/","https://www.ffa.org/timeline/1969-2/","Source assertion; pending independent review.  Timeline year only; Jan 09/Jan 10 interface labels are not historical dates.","agriculture; education; history"
"ffa-033","ffa","event","1970 · Female delegates","timeline index","1970","","national agricultural education context. Date precision: year.","https://www.ffa.org/ffa-history/","https://www.ffa.org/timeline/1970/","Source assertion; pending independent review.  Timeline year only; Jan 09/Jan 10 interface labels are not historical dates.","agriculture; education; history"
"ffa-034","ffa","event","1971 · Alumni association","timeline index","1971","","national agricultural education context. Date precision: year.","https://www.ffa.org/ffa-history/","https://www.ffa.org/timeline/1971/","Source assertion; pending independent review.  Timeline year only; Jan 09/Jan 10 interface labels are not historical dates.","agriculture; education; history"
"ffa-035","ffa","event","1973 · Fred McClure","timeline index","1973","","national agricultural education context. Date precision: year.","https://www.ffa.org/ffa-history/","https://www.ffa.org/timeline/1973/","Source assertion; pending independent review.  Timeline year only; Jan 09/Jan 10 interface labels are not historical dates.","agriculture; education; history"
"ffa-036","ffa","event","1974 · Ford address","timeline index","1974","","national agricultural education context. Date precision: year.","https://www.ffa.org/ffa-history/","https://www.ffa.org/timeline/1974/","Source assertion; pending independent review.  Timeline year only; Jan 09/Jan 10 interface labels are not historical dates.","agriculture; education; history"
"ffa-037","ffa","event","1975 · Food for America","timeline index","1975","","national agricultural education context. Date precision: year.","https://www.ffa.org/ffa-history/","https://www.ffa.org/timeline/1975/","Source assertion; pending independent review.  Timeline year only; Jan 09/Jan 10 interface labels are not historical dates.","agriculture; education; history"
"ffa-038","ffa","event","1976 · Julie Smiley","timeline index","1976","","national agricultural education context. Date precision: year.","https://www.ffa.org/ffa-history/","https://www.ffa.org/timeline/1976-2/","Source assertion; pending independent review.  Timeline year only; Jan 09/Jan 10 interface labels are not historical dates.","agriculture; education; history"
"ffa-039","ffa","event","1978 · Founding marker","timeline index","1978","Kansas City, Missouri","regional context outside kansas. Date precision: year.","https://www.ffa.org/ffa-history/","https://www.ffa.org/timeline/1978/","Source assertion; pending independent review.  Timeline year only; Jan 09/Jan 10 interface labels are not historical dates.","agriculture; education; history"
"ffa-040","ffa","event","1979 · Christe Peterson","timeline index","1979","","national agricultural education context. Date precision: year.","https://www.ffa.org/ffa-history/","https://www.ffa.org/timeline/1979/","Source assertion; pending independent review.  Timeline year only; Jan 09/Jan 10 interface labels are not historical dates.","agriculture; education; history"
"ffa-041","ffa","event","1980 · Foundation fundraising","timeline index","1980","","national agricultural education context. Date precision: year.","https://www.ffa.org/ffa-history/","https://www.ffa.org/timeline/1980/","Source assertion; pending independent review.  Timeline year only; Jan 09/Jan 10 interface labels are not historical dates.","agriculture; education; history"
"ffa-042","ffa","event","1981 · Melanie Burgess","timeline index","1981","","national agricultural education context. Date precision: year.","https://www.ffa.org/ffa-history/","https://www.ffa.org/timeline/1981/","Source assertion; pending independent review.  Timeline year only; Jan 09/Jan 10 interface labels are not historical dates.","agriculture; education; history"
"ffa-043","ffa","event","1982 · Jan Eberly","timeline index","1982","","national agricultural education context. Date precision: year.","https://www.ffa.org/ffa-history/","https://www.ffa.org/timeline/1982/","Source assertion; pending independent review.  Timeline year only; Jan 09/Jan 10 interface labels are not historical dates.","agriculture; education; history"
"ffa-044","ffa","event","1983 · Ag Ed Network","timeline index","1983","","national agricultural education context. Date precision: year.","https://www.ffa.org/ffa-history/","https://www.ffa.org/timeline/1983/","Source assertion; pending independent review.  Timeline year only; Jan 09/Jan 10 interface labels are not historical dates.","agriculture; education; history"
"ffa-045","ffa","event","1984 · Television announcements","timeline index","1984","","national agricultural education context. Date precision: year.","https://www.ffa.org/ffa-history/","https://www.ffa.org/timeline/1984/","Source assertion; pending independent review.  Timeline year only; Jan 09/Jan 10 interface labels are not historical dates.","agriculture; education; history"
"ffa-046","ffa","event","1986 · Agriscience award","timeline index","1986","","national agricultural education context. Date precision: year.","https://www.ffa.org/ffa-history/","https://www.ffa.org/timeline/1986/","Source assertion; pending independent review.  Timeline year only; Jan 09/Jan 10 interface labels are not historical dates.","agriculture; education; history"
"ffa-047","ffa","event","1987 · Satellite broadcast","timeline index","1987","","national agricultural education context. Date precision: year.","https://www.ffa.org/ffa-history/","https://www.ffa.org/timeline/1987/","Source assertion; pending independent review.  Timeline year only; Jan 09/Jan 10 interface labels are not historical dates.","agriculture; education; history"
"ffa-048","ffa","event","1988 · Organization renamed","timeline index","1988","","national agricultural education context. Date precision: year.","https://www.ffa.org/ffa-history/","https://www.ffa.org/timeline/1988/","Source assertion; pending independent review.  Timeline year only; Jan 09/Jan 10 interface labels are not historical dates.","agriculture; education; history"
"ffa-049","ffa","event","1989 · FFA New Horizons","timeline index","1989","","national agricultural education context. Date precision: year.","https://www.ffa.org/ffa-history/","https://www.ffa.org/timeline/1989/","Source assertion; pending independent review.  Timeline year only; Jan 09/Jan 10 interface labels are not historical dates.","agriculture; education; history"
"ffa-050","ffa","event","1990 · PALS","timeline index","1990","","national agricultural education context. Date precision: year.","https://www.ffa.org/ffa-history/","https://www.ffa.org/timeline/1990/","Source assertion; pending independent review.  Timeline year only; Jan 09/Jan 10 interface labels are not historical dates.","agriculture; education; history"
"ffa-051","ffa","event","1991 · Island charters","timeline index","1991","","national agricultural education context. Date precision: year.","https://www.ffa.org/ffa-history/","https://www.ffa.org/timeline/1991/","Source assertion; pending independent review.  Timeline year only; Jan 09/Jan 10 interface labels are not historical dates.","agriculture; education; history"
"ffa-052","ffa","event","1994 · Corey Flournoy","timeline index","1994","","national agricultural education context. Date precision: year.","https://www.ffa.org/ffa-history/","https://www.ffa.org/timeline/1994/","Source assertion; pending independent review.  Timeline year only; Jan 09/Jan 10 interface labels are not historical dates.","agriculture; education; history"
"ffa-053","ffa","event","1996 · Convention relocation","timeline index","1996","Kansas City, Missouri","regional context outside kansas. Date precision: year.","https://www.ffa.org/ffa-history/","https://www.ffa.org/timeline/1996/","Source assertion; pending independent review.  Timeline year only; Jan 09/Jan 10 interface labels are not historical dates.","agriculture; education; history"
"ffa-054","ffa","event","1997 · Agri-Entrepreneurship Award","timeline index","1997","","national agricultural education context. Date precision: year.","https://www.ffa.org/ffa-history/","https://www.ffa.org/timeline/1997/","Source assertion; pending independent review.  Timeline year only; Jan 09/Jan 10 interface labels are not historical dates.","agriculture; education; history"
"ffa-055","ffa","event","1997 · Agri-Entrepreneurship Award","timeline index","1997","","national agricultural education context. Date precision: year.","https://www.ffa.org/ffa-history/","https://www.ffa.org/timeline/1997-2/","Source assertion; pending independent review.  Timeline year only; Jan 09/Jan 10 interface labels are not historical dates.","agriculture; education; history"
"ffa-056","ffa","event","1998 · Kansas City finale","timeline index","1998","Kansas City, Missouri","regional context outside kansas. Date precision: year.","https://www.ffa.org/ffa-history/","https://www.ffa.org/timeline/1998/","Source assertion; pending independent review.  Timeline year only; Jan 09/Jan 10 interface labels are not historical dates.","agriculture; education; history"
"ffa-057","ffa","event","1999 · Louisville convention","timeline index","1999","","national agricultural education context. Date precision: year.","https://www.ffa.org/ffa-history/","https://www.ffa.org/timeline/1999/","Source assertion; pending independent review.  Timeline year only; Jan 09/Jan 10 interface labels are not historical dates.","agriculture; education; history"
"ffa-058","ffa","event","2000 · Archives opening","timeline index","2000","","national agricultural education context. Date precision: year.","https://www.ffa.org/ffa-history/","https://www.ffa.org/timeline/2000/","Source assertion; pending independent review.  Timeline year only; Jan 09/Jan 10 interface labels are not historical dates.","agriculture; education; history"
"ffa-059","ffa","event","2001 · American Star awards","timeline index","2001","","national agricultural education context. Date precision: year.","https://www.ffa.org/ffa-history/","https://www.ffa.org/timeline/2001/","Source assertion; pending independent review.  Timeline year only; Jan 09/Jan 10 interface labels are not historical dates.","agriculture; education; history"
"ffa-060","ffa","event","2002 · 75th convention","timeline index","2002","","national agricultural education context. Date precision: year.","https://www.ffa.org/ffa-history/","https://www.ffa.org/timeline/2002/","Source assertion; pending independent review.  Timeline year only; Jan 09/Jan 10 interface labels are not historical dates.","agriculture; education; history"
"ffa-061","ffa","event","2003 · Javier Moreno","timeline index","2003","","national agricultural education context. Date precision: year.","https://www.ffa.org/ffa-history/","https://www.ffa.org/timeline/2003/","Source assertion; pending independent review.  Timeline year only; Jan 09/Jan 10 interface labels are not historical dates.","agriculture; education; history"
"ffa-062","ffa","event","2004 · Convention webcast","timeline index","2004","","national agricultural education context. Date precision: year.","https://www.ffa.org/ffa-history/","https://www.ffa.org/timeline/2004/","Source assertion; pending independent review.  Timeline year only; Jan 09/Jan 10 interface labels are not historical dates.","agriculture; education; history"
"ffa-063","ffa","event","2005 · Seeds of Hope","timeline index","2005","","national agricultural education context. Date precision: year.","https://www.ffa.org/ffa-history/","https://www.ffa.org/timeline/2005/","Source assertion; pending independent review.  Timeline year only; Jan 09/Jan 10 interface labels are not historical dates.","agriculture; education; history"
"ffa-064","ffa","event","2006 · Indianapolis convention","timeline index","2006","","national agricultural education context. Date precision: year.","https://www.ffa.org/ffa-history/","https://www.ffa.org/timeline/2006/","Source assertion; pending independent review.  Timeline year only; Jan 09/Jan 10 interface labels are not historical dates.","agriculture; education; history"
"ffa-065","ffa","event","2007 · Merchandise Center","timeline index","2007","","national agricultural education context. Date precision: year.","https://www.ffa.org/ffa-history/","https://www.ffa.org/timeline/2007/","Source assertion; pending independent review.  Timeline year only; Jan 09/Jan 10 interface labels are not historical dates.","agriculture; education; history"
"ffa-066","ffa","event","2008 · FFA Nation","timeline index","2008","","national agricultural education context. Date precision: year.","https://www.ffa.org/ffa-history/","https://www.ffa.org/timeline/2008/","Source assertion; pending independent review.  Timeline year only; Jan 09/Jan 10 interface labels are not historical dates.","agriculture; education; history"
"ffa-067","ffa","event","2009 · Women anniversary","timeline index","2009","","national agricultural education context. Date precision: year.","https://www.ffa.org/ffa-history/","https://www.ffa.org/timeline/2009/","Source assertion; pending independent review.  Timeline year only; Jan 09/Jan 10 interface labels are not historical dates.","agriculture; education; history"
"ffa-068","ffa","event","2010 · Larry Case retirement","timeline index","2010","","national agricultural education context. Date precision: year.","https://www.ffa.org/ffa-history/","https://www.ffa.org/timeline/2010/","Source assertion; pending independent review.  Timeline year only; Jan 09/Jan 10 interface labels are not historical dates.","agriculture; education; history"
"ffa-069","ffa","event","2011 · Native Americans recognition","timeline index","2011","","national agricultural education context. Date precision: year.","https://www.ffa.org/ffa-history/","https://www.ffa.org/timeline/2011/","Source assertion; pending independent review.  Timeline year only; Jan 09/Jan 10 interface labels are not historical dates.","agriculture; education; history"
"ffa-070","ffa","event","2012 · Hunger relief","timeline index","2012","","national agricultural education context. Date precision: year.","https://www.ffa.org/ffa-history/","https://www.ffa.org/timeline/2012/","Source assertion; pending independent review.  Timeline year only; Jan 09/Jan 10 interface labels are not historical dates.","agriculture; education; history"
"ffa-071","ffa","event","2013 · Sherene Donaldson","timeline index","2013","","national agricultural education context. Date precision: year.","https://www.ffa.org/ffa-history/","https://www.ffa.org/timeline/2013/","Source assertion; pending independent review.  Timeline year only; Jan 09/Jan 10 interface labels are not historical dates.","agriculture; education; history"
"ffa-072","ffa","event","2014 · Smithsonian jackets","timeline index","2014","","national agricultural education context. Date precision: year.","https://www.ffa.org/ffa-history/","https://www.ffa.org/timeline/2014/","Source assertion; pending independent review.  Timeline year only; Jan 09/Jan 10 interface labels are not historical dates.","agriculture; education; history"
"ffa-073","ffa","event","2015 · Convention move","timeline index","2015","","national agricultural education context. Date precision: year.","https://www.ffa.org/ffa-history/","https://www.ffa.org/timeline/2015/","Source assertion; pending independent review.  Timeline year only; Jan 09/Jan 10 interface labels are not historical dates.","agriculture; education; history"
"ffa-074","ffa","event","2016 · AgExplorer","timeline index","2016","","national agricultural education context. Date precision: year.","https://www.ffa.org/ffa-history/","https://www.ffa.org/timeline/2016/","Source assertion; pending independent review.  Timeline year only; Jan 09/Jan 10 interface labels are not historical dates.","agriculture; education; history"
"ffa-075","ffa","event","2017 · Breanna Holbert","timeline index","2017","","national agricultural education context. Date precision: year.","https://www.ffa.org/ffa-history/","https://www.ffa.org/timeline/2017-2/","Source assertion; pending independent review.  Timeline year only; Jan 09/Jan 10 interface labels are not historical dates.","agriculture; education; history"
"ffa-076","ffa","event","2018 · Alumni renaming","timeline index","2018","","national agricultural education context. Date precision: year.","https://www.ffa.org/ffa-history/","https://www.ffa.org/timeline/2018/","Source assertion; pending independent review.  Timeline year only; Jan 09/Jan 10 interface labels are not historical dates.","agriculture; education; history"
"ffa-077","ffa","event","2019 · Charter amendments","timeline index","2019","","national agricultural education context. Date precision: year.","https://www.ffa.org/ffa-history/","https://www.ffa.org/timeline/2019/","Source assertion; pending independent review.  Timeline year only; Jan 09/Jan 10 interface labels are not historical dates.","agriculture; education; history"
"ffa-078","ffa","event","2020 · Virtual convention","timeline index","2020","","national agricultural education context. Date precision: year.","https://www.ffa.org/ffa-history/","https://www.ffa.org/timeline/2020/","Source assertion; pending independent review.  Timeline year only; Jan 09/Jan 10 interface labels are not historical dates.","agriculture; education; history"
"ffa-079","ffa","event","2021 · Alumni anniversary","timeline index","2021","","national agricultural education context. Date precision: year.","https://www.ffa.org/ffa-history/","https://www.ffa.org/timeline/2021/","Source assertion; pending independent review.  Timeline year only; Jan 09/Jan 10 interface labels are not historical dates.","agriculture; education; history"
"ffa-080","ffa","event","2022 · Membership milestone","timeline index","2022","","national agricultural education context. Date precision: year.","https://www.ffa.org/ffa-history/","https://www.ffa.org/timeline/2022/","Source assertion; pending independent review.  Timeline year only; Jan 09/Jan 10 interface labels are not historical dates.","agriculture; education; history"
"ffa-081","ffa","event","2023 · Ceremonial terminology","timeline index","2023","","national agricultural education context. Date precision: year.","https://www.ffa.org/ffa-history/","https://www.ffa.org/timeline/2023/","Source assertion; pending independent review.  Timeline year only; Jan 09/Jan 10 interface labels are not historical dates.","agriculture; education; history"
"ffa-083","ffa","topic","2025 Proceedings","collection link","2025","","national agricultural education context.","https://www.ffa.org/ffa-history/","https://www.ffa.org/proceedings/2025-proceedings/","Source assertion; pending independent review.  Timeline year only; Jan 09/Jan 10 interface labels are not historical dates.","agriculture; education; history"
"ffa-082","ffa","topic","National FFA Organization Records","collection link","","","national agricultural education context.","https://www.ffa.org/ffa-history/","https://archives.indianapolis.iu.edu/communities/fca13266-faa5-4ba9-b867-8bbb46151293","Source assertion; pending independent review.  Timeline year only; Jan 09/Jan 10 interface labels are not historical dates.","agriculture; education; history"
"ffa-084","ffa","topic","Proceedings Archives","collection link","","","national agricultural education context.","https://www.ffa.org/ffa-history/","https://ffa.box.com/s/bffp8zcr98adrvve3s4p6zgvlvmtb5y5","Source assertion; pending independent review.  Timeline year only; Jan 09/Jan 10 interface labels are not historical dates.","agriculture; education; history"
"reflector-045","reflector","topic","An ignorant and dependent race","section index","","","kansas context.","https://kansasreflector.com/2023/10/08/voices-on-the-wind-the-uncomfortable-history-of-kansas-and-first-peoples-of-the-plains/","https://kansasreflector.com/2023/10/08/voices-on-the-wind-the-uncomfortable-history-of-kansas-and-first-peoples-of-the-plains/","Source assertion; pending independent review.","history; Indigenous history; treaties"
"reflector-044","reflector","topic","Another broken treaty","section index","","","kansas context.","https://kansasreflector.com/2023/10/08/voices-on-the-wind-the-uncomfortable-history-of-kansas-and-first-peoples-of-the-plains/","https://kansasreflector.com/2023/10/08/voices-on-the-wind-the-uncomfortable-history-of-kansas-and-first-peoples-of-the-plains/","Source assertion; pending independent review.","history; Indigenous history; treaties"
"reflector-009","reflector","event","Black Hills expedition","event","1874","Black Hills","regional context outside kansas.","https://kansasreflector.com/2023/10/08/voices-on-the-wind-the-uncomfortable-history-of-kansas-and-first-peoples-of-the-plains/","https://kansasreflector.com/2023/10/08/voices-on-the-wind-the-uncomfortable-history-of-kansas-and-first-peoples-of-the-plains/","Source assertion; pending independent review.","history; Indigenous history; treaties"
"reflector-019","reflector","person","Black Kettle","person mention","","","kansas context.","https://kansasreflector.com/2023/10/08/voices-on-the-wind-the-uncomfortable-history-of-kansas-and-first-peoples-of-the-plains/","https://kansasreflector.com/2023/10/08/voices-on-the-wind-the-uncomfortable-history-of-kansas-and-first-peoples-of-the-plains/","Source assertion; pending independent review.","history; Indigenous history; treaties"
"reflector-003","reflector","event","Custer court-martial","event","1867","","Kansas connected person context.","https://kansasreflector.com/2023/10/08/voices-on-the-wind-the-uncomfortable-history-of-kansas-and-first-peoples-of-the-plains/","https://kansasreflector.com/2023/10/08/voices-on-the-wind-the-uncomfortable-history-of-kansas-and-first-peoples-of-the-plains/","Source assertion; pending independent review.","history; Indigenous history; treaties"
"reflector-018","reflector","person","David Livingstone","person mention","","","kansas context.","https://kansasreflector.com/2023/10/08/voices-on-the-wind-the-uncomfortable-history-of-kansas-and-first-peoples-of-the-plains/","https://kansasreflector.com/2023/10/08/voices-on-the-wind-the-uncomfortable-history-of-kansas-and-first-peoples-of-the-plains/","Source assertion; pending independent review.","history; Indigenous history; treaties"
"reflector-041","reflector","topic","Dred Scott","reference link","","","kansas context.","https://kansasreflector.com/2023/10/08/voices-on-the-wind-the-uncomfortable-history-of-kansas-and-first-peoples-of-the-plains/","https://www.archives.gov/milestone-documents/dred-scott-v-sandford","Source assertion; pending independent review.","history; Indigenous history; treaties"
"reflector-025","reflector","person","E. A. Hitchcock","person mention","","","kansas context.","https://kansasreflector.com/2023/10/08/voices-on-the-wind-the-uncomfortable-history-of-kansas-and-first-peoples-of-the-plains/","https://kansasreflector.com/2023/10/08/voices-on-the-wind-the-uncomfortable-history-of-kansas-and-first-peoples-of-the-plains/","Source assertion; pending independent review.","history; Indigenous history; treaties"
"reflector-034","reflector","topic","Elm Creek","place mention","","Elm Creek","kansas context.","https://kansasreflector.com/2023/10/08/voices-on-the-wind-the-uncomfortable-history-of-kansas-and-first-peoples-of-the-plains/","https://kansasreflector.com/2023/10/08/voices-on-the-wind-the-uncomfortable-history-of-kansas-and-first-peoples-of-the-plains/","Source assertion; pending independent review.  Cultural affiliation, authority and consent are not inferred from mention.","history; Indigenous history; treaties"
"reflector-010","reflector","event","Fort Laramie Treaty","event","1868","Fort Laramie","regional context outside kansas.","https://kansasreflector.com/2023/10/08/voices-on-the-wind-the-uncomfortable-history-of-kansas-and-first-peoples-of-the-plains/","https://kansasreflector.com/2023/10/08/voices-on-the-wind-the-uncomfortable-history-of-kansas-and-first-peoples-of-the-plains/","Source assertion; pending independent review.","history; Indigenous history; treaties"
"reflector-028","reflector","topic","Fort Larned","place mention","","Fort Larned","kansas context.","https://kansasreflector.com/2023/10/08/voices-on-the-wind-the-uncomfortable-history-of-kansas-and-first-peoples-of-the-plains/","https://kansasreflector.com/2023/10/08/voices-on-the-wind-the-uncomfortable-history-of-kansas-and-first-peoples-of-the-plains/","Source assertion; pending independent review.  Cultural affiliation, authority and consent are not inferred from mention.","history; Indigenous history; treaties"
"reflector-043","reflector","topic","From the plains to the reservations","section index","","","kansas context.","https://kansasreflector.com/2023/10/08/voices-on-the-wind-the-uncomfortable-history-of-kansas-and-first-peoples-of-the-plains/","https://kansasreflector.com/2023/10/08/voices-on-the-wind-the-uncomfortable-history-of-kansas-and-first-peoples-of-the-plains/","Source assertion; pending independent review.","history; Indigenous history; treaties"
"reflector-021","reflector","person","George Armstrong Custer","person mention","","","kansas context.","https://kansasreflector.com/2023/10/08/voices-on-the-wind-the-uncomfortable-history-of-kansas-and-first-peoples-of-the-plains/","https://kansasreflector.com/2023/10/08/voices-on-the-wind-the-uncomfortable-history-of-kansas-and-first-peoples-of-the-plains/","Source assertion; pending independent review.","history; Indigenous history; treaties"
"reflector-032","reflector","topic","Goodland","place mention","","Goodland","kansas context.","https://kansasreflector.com/2023/10/08/voices-on-the-wind-the-uncomfortable-history-of-kansas-and-first-peoples-of-the-plains/","https://kansasreflector.com/2023/10/08/voices-on-the-wind-the-uncomfortable-history-of-kansas-and-first-peoples-of-the-plains/","Source assertion; pending independent review.  Cultural affiliation, authority and consent are not inferred from mention.","history; Indigenous history; treaties"
"reflector-002","reflector","event","Hancock campaign","event","1867","Fort Larned; Goodland","kansas context.","https://kansasreflector.com/2023/10/08/voices-on-the-wind-the-uncomfortable-history-of-kansas-and-first-peoples-of-the-plains/","https://kansasreflector.com/2023/10/08/voices-on-the-wind-the-uncomfortable-history-of-kansas-and-first-peoples-of-the-plains/","Source assertion; pending independent review.","history; Indigenous history; treaties"
"reflector-017","reflector","person","Henry Morton Stanley","person mention","","","kansas context.","https://kansasreflector.com/2023/10/08/voices-on-the-wind-the-uncomfortable-history-of-kansas-and-first-peoples-of-the-plains/","https://kansasreflector.com/2023/10/08/voices-on-the-wind-the-uncomfortable-history-of-kansas-and-first-peoples-of-the-plains/","Source assertion; pending independent review.","history; Indigenous history; treaties"
"reflector-039","reflector","topic","Indian Peace Commission","reference link","","","kansas context.","https://kansasreflector.com/2023/10/08/voices-on-the-wind-the-uncomfortable-history-of-kansas-and-first-peoples-of-the-plains/","https://prologue.blogs.archives.gov/2022/11/29/the-last-attempt-the-indian-peace-commission-of-1867-1868/","Source assertion; pending independent review.","history; Indigenous history; treaties"
"reflector-016","reflector","event","Indigenous Peoples Day hearings","event","2019; 2021","Kansas","kansas context.","https://kansasreflector.com/2023/10/08/voices-on-the-wind-the-uncomfortable-history-of-kansas-and-first-peoples-of-the-plains/","https://kansasreflector.com/2023/10/08/voices-on-the-wind-the-uncomfortable-history-of-kansas-and-first-peoples-of-the-plains/","Source assertion; pending independent review.","history; Indigenous history; treaties"
"reflector-031","reflector","topic","Larned","place mention","","Larned","kansas context.","https://kansasreflector.com/2023/10/08/voices-on-the-wind-the-uncomfortable-history-of-kansas-and-first-peoples-of-the-plains/","https://kansasreflector.com/2023/10/08/voices-on-the-wind-the-uncomfortable-history-of-kansas-and-first-peoples-of-the-plains/","Source assertion; pending independent review.  Cultural affiliation, authority and consent are not inferred from mention.","history; Indigenous history; treaties"
"reflector-037","reflector","topic","Lawrence","place mention","","Lawrence","kansas context.","https://kansasreflector.com/2023/10/08/voices-on-the-wind-the-uncomfortable-history-of-kansas-and-first-peoples-of-the-plains/","https://kansasreflector.com/2023/10/08/voices-on-the-wind-the-uncomfortable-history-of-kansas-and-first-peoples-of-the-plains/","Source assertion; pending independent review.  Cultural affiliation, authority and consent are not inferred from mention.","history; Indigenous history; treaties"
"reflector-011","reflector","event","Little Bighorn","event","1867-06-25","Montana Territory","regional context outside kansas.","https://kansasreflector.com/2023/10/08/voices-on-the-wind-the-uncomfortable-history-of-kansas-and-first-peoples-of-the-plains/","https://kansasreflector.com/2023/10/08/voices-on-the-wind-the-uncomfortable-history-of-kansas-and-first-peoples-of-the-plains/","Source assertion; pending independent review. source says 1867 NPS says 1876 Independent date check: 1876-06-25/1876-06-26. Original source date is retained. Separate correction evidence: 1876-06-25/1876-06-26, Montana. Verification: https://www.nps.gov/libi/index.htm?ms=home","history; Indigenous history; treaties"
"reflector-024","reflector","person","Lone Wolf","person mention","","","kansas context.","https://kansasreflector.com/2023/10/08/voices-on-the-wind-the-uncomfortable-history-of-kansas-and-first-peoples-of-the-plains/","https://kansasreflector.com/2023/10/08/voices-on-the-wind-the-uncomfortable-history-of-kansas-and-first-peoples-of-the-plains/","Source assertion; pending independent review.","history; Indigenous history; treaties"
"reflector-013","reflector","event","Lone Wolf v. Hitchcock","event","1903","","Kansas treaty context.","https://kansasreflector.com/2023/10/08/voices-on-the-wind-the-uncomfortable-history-of-kansas-and-first-peoples-of-the-plains/","https://kansasreflector.com/2023/10/08/voices-on-the-wind-the-uncomfortable-history-of-kansas-and-first-peoples-of-the-plains/","Source assertion; pending independent review.","history; Indigenous history; treaties"
"reflector-027","reflector","person","Max McCoy","person mention","","","kansas context.","https://kansasreflector.com/2023/10/08/voices-on-the-wind-the-uncomfortable-history-of-kansas-and-first-peoples-of-the-plains/","https://kansasreflector.com/2023/10/08/voices-on-the-wind-the-uncomfortable-history-of-kansas-and-first-peoples-of-the-plains/","Source assertion; pending independent review.","history; Indigenous history; treaties"
"reflector-035","reflector","topic","Medicine Lodge","place mention","","Medicine Lodge","kansas context.","https://kansasreflector.com/2023/10/08/voices-on-the-wind-the-uncomfortable-history-of-kansas-and-first-peoples-of-the-plains/","https://kansasreflector.com/2023/10/08/voices-on-the-wind-the-uncomfortable-history-of-kansas-and-first-peoples-of-the-plains/","Source assertion; pending independent review.  Cultural affiliation, authority and consent are not inferred from mention.","history; Indigenous history; treaties"
"reflector-033","reflector","topic","Medicine Lodge River","place mention","","Medicine Lodge River","kansas context.","https://kansasreflector.com/2023/10/08/voices-on-the-wind-the-uncomfortable-history-of-kansas-and-first-peoples-of-the-plains/","https://kansasreflector.com/2023/10/08/voices-on-the-wind-the-uncomfortable-history-of-kansas-and-first-peoples-of-the-plains/","Source assertion; pending independent review.  Cultural affiliation, authority and consent are not inferred from mention.","history; Indigenous history; treaties"
"reflector-004","reflector","event","Medicine Lodge treaties","event","1867-10-21/1867-10-29","Medicine Lodge; Fort Larned","kansas context.","https://kansasreflector.com/2023/10/08/voices-on-the-wind-the-uncomfortable-history-of-kansas-and-first-peoples-of-the-plains/","https://kansasreflector.com/2023/10/08/voices-on-the-wind-the-uncomfortable-history-of-kansas-and-first-peoples-of-the-plains/","Source assertion; pending independent review.","history; Indigenous history; treaties"
"reflector-026","reflector","person","N. Scott Momaday","person mention","","","kansas context.","https://kansasreflector.com/2023/10/08/voices-on-the-wind-the-uncomfortable-history-of-kansas-and-first-peoples-of-the-plains/","https://kansasreflector.com/2023/10/08/voices-on-the-wind-the-uncomfortable-history-of-kansas-and-first-peoples-of-the-plains/","Source assertion; pending independent review.","history; Indigenous history; treaties"
"reflector-030","reflector","topic","Pawnee County","place mention","","Pawnee County","kansas context.","https://kansasreflector.com/2023/10/08/voices-on-the-wind-the-uncomfortable-history-of-kansas-and-first-peoples-of-the-plains/","https://kansasreflector.com/2023/10/08/voices-on-the-wind-the-uncomfortable-history-of-kansas-and-first-peoples-of-the-plains/","Source assertion; pending independent review.  Cultural affiliation, authority and consent are not inferred from mention.","history; Indigenous history; treaties"
"reflector-001","reflector","event","Sand Creek massacre","event","1864","Colorado Territory","regional context outside kansas.","https://kansasreflector.com/2023/10/08/voices-on-the-wind-the-uncomfortable-history-of-kansas-and-first-peoples-of-the-plains/","https://kansasreflector.com/2023/10/08/voices-on-the-wind-the-uncomfortable-history-of-kansas-and-first-peoples-of-the-plains/","Source assertion; pending independent review.","history; Indigenous history; treaties"
"reflector-029","reflector","topic","Santa Fe Trail","place mention","","Santa Fe Trail","kansas context.","https://kansasreflector.com/2023/10/08/voices-on-the-wind-the-uncomfortable-history-of-kansas-and-first-peoples-of-the-plains/","https://kansasreflector.com/2023/10/08/voices-on-the-wind-the-uncomfortable-history-of-kansas-and-first-peoples-of-the-plains/","Source assertion; pending independent review.  Cultural affiliation, authority and consent are not inferred from mention.","history; Indigenous history; treaties"
"reflector-022","reflector","person","Satanta","person mention","","","kansas context.","https://kansasreflector.com/2023/10/08/voices-on-the-wind-the-uncomfortable-history-of-kansas-and-first-peoples-of-the-plains/","https://kansasreflector.com/2023/10/08/voices-on-the-wind-the-uncomfortable-history-of-kansas-and-first-peoples-of-the-plains/","Source assertion; pending independent review.","history; Indigenous history; treaties"
"reflector-007","reflector","event","Satanta death","event","1878-10-11","Huntsville, Texas","regional context outside kansas.","https://kansasreflector.com/2023/10/08/voices-on-the-wind-the-uncomfortable-history-of-kansas-and-first-peoples-of-the-plains/","https://kansasreflector.com/2023/10/08/voices-on-the-wind-the-uncomfortable-history-of-kansas-and-first-peoples-of-the-plains/","Source assertion; pending independent review.","history; Indigenous history; treaties"
"reflector-006","reflector","event","Satanta prosecution","event","1871","Texas","regional context outside kansas.","https://kansasreflector.com/2023/10/08/voices-on-the-wind-the-uncomfortable-history-of-kansas-and-first-peoples-of-the-plains/","https://kansasreflector.com/2023/10/08/voices-on-the-wind-the-uncomfortable-history-of-kansas-and-first-peoples-of-the-plains/","Source assertion; pending independent review.","history; Indigenous history; treaties"
"reflector-038","reflector","topic","Satanta speech reference","reference link","","","kansas context.","https://kansasreflector.com/2023/10/08/voices-on-the-wind-the-uncomfortable-history-of-kansas-and-first-peoples-of-the-plains/","https://www.frontiertimesmagazine.com/blog/chief-satantas-eloquent-speech-massacre-of-henry-warrens-train","Source assertion; pending independent review. source author questions authenticity","history; Indigenous history; treaties"
"reflector-042","reflector","topic","Stanley’s dispatches","section index","","","kansas context.","https://kansasreflector.com/2023/10/08/voices-on-the-wind-the-uncomfortable-history-of-kansas-and-first-peoples-of-the-plains/","https://kansasreflector.com/2023/10/08/voices-on-the-wind-the-uncomfortable-history-of-kansas-and-first-peoples-of-the-plains/","Source assertion; pending independent review.","history; Indigenous history; treaties"
"reflector-015","reflector","event","The Way to Rainy Mountain","event","1969","","regional literary context.","https://kansasreflector.com/2023/10/08/voices-on-the-wind-the-uncomfortable-history-of-kansas-and-first-peoples-of-the-plains/","https://kansasreflector.com/2023/10/08/voices-on-the-wind-the-uncomfortable-history-of-kansas-and-first-peoples-of-the-plains/","Source assertion; pending independent review.","history; Indigenous history; treaties"
"reflector-005","reflector","event","Treaty ratification","event","1868-07","","Kansas related national event.","https://kansasreflector.com/2023/10/08/voices-on-the-wind-the-uncomfortable-history-of-kansas-and-first-peoples-of-the-plains/","https://kansasreflector.com/2023/10/08/voices-on-the-wind-the-uncomfortable-history-of-kansas-and-first-peoples-of-the-plains/","Source assertion; pending independent review.","history; Indigenous history; treaties"
"reflector-014","reflector","event","United States v. Sioux Nation","event","1980","","regional legal history context.","https://kansasreflector.com/2023/10/08/voices-on-the-wind-the-uncomfortable-history-of-kansas-and-first-peoples-of-the-plains/","https://kansasreflector.com/2023/10/08/voices-on-the-wind-the-uncomfortable-history-of-kansas-and-first-peoples-of-the-plains/","Source assertion; pending independent review. do not infer general reversal of Lone Wolf","history; Indigenous history; treaties"
"reflector-008","reflector","event","Washita attack","event","1868-11","Oklahoma","regional context outside kansas.","https://kansasreflector.com/2023/10/08/voices-on-the-wind-the-uncomfortable-history-of-kansas-and-first-peoples-of-the-plains/","https://kansasreflector.com/2023/10/08/voices-on-the-wind-the-uncomfortable-history-of-kansas-and-first-peoples-of-the-plains/","Source assertion; pending independent review.","history; Indigenous history; treaties"
"reflector-036","reflector","topic","Wichita","place mention","","Wichita","kansas context.","https://kansasreflector.com/2023/10/08/voices-on-the-wind-the-uncomfortable-history-of-kansas-and-first-peoples-of-the-plains/","https://kansasreflector.com/2023/10/08/voices-on-the-wind-the-uncomfortable-history-of-kansas-and-first-peoples-of-the-plains/","Source assertion; pending independent review.  Cultural affiliation, authority and consent are not inferred from mention.","history; Indigenous history; treaties"
"reflector-020","reflector","person","Winfield S. Hancock","person mention","","","kansas context.","https://kansasreflector.com/2023/10/08/voices-on-the-wind-the-uncomfortable-history-of-kansas-and-first-peoples-of-the-plains/","https://kansasreflector.com/2023/10/08/voices-on-the-wind-the-uncomfortable-history-of-kansas-and-first-peoples-of-the-plains/","Source assertion; pending independent review.","history; Indigenous history; treaties"
"reflector-012","reflector","event","Wounded Knee","event","1890-12-29","Dakota Territory","regional context outside kansas.","https://kansasreflector.com/2023/10/08/voices-on-the-wind-the-uncomfortable-history-of-kansas-and-first-peoples-of-the-plains/","https://kansasreflector.com/2023/10/08/voices-on-the-wind-the-uncomfortable-history-of-kansas-and-first-peoples-of-the-plains/","Source assertion; pending independent review.","history; Indigenous history; treaties"
"reflector-023","reflector","person","Wovoka","person mention","","","kansas context.","https://kansasreflector.com/2023/10/08/voices-on-the-wind-the-uncomfortable-history-of-kansas-and-first-peoples-of-the-plains/","https://kansasreflector.com/2023/10/08/voices-on-the-wind-the-uncomfortable-history-of-kansas-and-first-peoples-of-the-plains/","Source assertion; pending independent review.","history; Indigenous history; treaties"
"reflector-040","reflector","topic","Wovoka","reference link","","","kansas context.","https://kansasreflector.com/2023/10/08/voices-on-the-wind-the-uncomfortable-history-of-kansas-and-first-peoples-of-the-plains/","https://www.pbs.org/kenburns/the-west/wovokas-message","Source assertion; pending independent review.","history; Indigenous history; treaties"
"history-002","history","topic","'Bleeding Kansas' and the Civil War","section index","","","kansas context.","https://www.history.com/articles/kansas","https://www.history.com/articles/kansas#%27Bleeding-Kansas%27-and-the-Civil-War","Source assertion; pending independent review.","history; Kansas chronology"
"history-068","history","topic","Abilene","place mention","","Abilene","kansas context.","https://www.history.com/articles/kansas","https://www.history.com/articles/kansas","Source assertion; pending independent review.","history; Kansas chronology"
"history-018","history","event","Abilene founding claim","event","1867","Abilene","kansas context.","https://www.history.com/articles/kansas","https://www.history.com/articles/kansas","Source assertion; pending independent review. source 1867 is cattle trade era not 1857 settlement Separate correction evidence: 1857-07, Hersey family settlement. Verification: https://www.abilenekansas.org/blog/2019/12/18/area-history","history; Kansas chronology"
"history-059","history","topic","American Battlefield Trust","reference link","","","kansas context.","https://www.history.com/articles/kansas","https://www.battlefields.org/learn/biographies/john-brown","Source assertion; pending independent review.","history; Kansas chronology"
"history-065","history","topic","American Experience","reference link","","","kansas context.","https://www.history.com/articles/kansas","https://www.pbs.org/wgbh/americanexperience/features/dust-bowl-black-sunday/","Source assertion; pending independent review.","history; Kansas chronology"
"history-047","history","topic","Area","statistic","","Kansas","kansas context. Source value: 82278 square_miles.","https://www.history.com/articles/kansas","https://www.history.com/articles/kansas","Source assertion; pending independent review. source snapshot not current official data","history; Kansas chronology"
"history-038","history","person","Bat Masterson","person mention","","","kansas context.","https://www.history.com/articles/kansas","https://www.history.com/articles/kansas","Source assertion; pending independent review.","history; Kansas chronology"
"history-017","history","event","Battle of Westport","event","1864","","regional context outside kansas.","https://www.history.com/articles/kansas","https://www.history.com/articles/kansas","Source assertion; pending independent review. article introduction implies Kansas location; Missouri battle Separate correction evidence: Westport, present-day Kansas City, Missouri. Verification: https://www.nps.gov/civilwar/search-battles-detail.htm?battleCode=mo027","history; Kansas chronology"
"history-014","history","event","Bleeding Kansas","event","1854/1861","Kansas","kansas context.","https://www.history.com/articles/kansas","https://www.history.com/articles/kansas","Source assertion; pending independent review.","history; Kansas chronology"
"history-022","history","event","Brown arguments","event","1952","Topeka","kansas context.","https://www.history.com/articles/kansas","https://www.history.com/articles/kansas","Source assertion; pending independent review.","history; Kansas chronology"
"history-021","history","event","Brown lawsuit","event","1951","Topeka","kansas context.","https://www.history.com/articles/kansas","https://www.history.com/articles/kansas","Source assertion; pending independent review.","history; Kansas chronology"
"history-023","history","event","Brown ruling","event","1954","Topeka","kansas context.","https://www.history.com/articles/kansas","https://www.history.com/articles/kansas","Source assertion; pending independent review. article conflates 1954 Brown I with 1955 remedy Separate correction evidence: 1954-05-17, 1955. Verification: https://www.nps.gov/brvb/planyourvisit/self-guided-tour-full.htm","history; Kansas chronology"
"history-005","history","topic","Brown v. Board of Education","section index","","","kansas context.","https://www.history.com/articles/kansas","https://www.history.com/articles/kansas#Brown-v.-Board-of-Education","Source assertion; pending independent review.","history; Kansas chronology"
"history-049","history","topic","Capital","state fact","","Kansas","kansas context. Source value: Topeka .","https://www.history.com/articles/kansas","https://www.history.com/articles/kansas","Source assertion; pending independent review.","history; Kansas chronology"
"history-044","history","person","Charles Curtis","person mention","","","kansas context.","https://www.history.com/articles/kansas","https://www.history.com/articles/kansas","Source assertion; pending independent review.","history; Kansas chronology"
"history-030","history","event","Charles Curtis Senate","event","1907","","kansas context.","https://www.history.com/articles/kansas","https://www.history.com/articles/kansas","Source assertion; pending independent review.","history; Kansas chronology"
"history-007","history","event","Coronado expedition","event","1541","Kansas","kansas context.","https://www.history.com/articles/kansas","https://www.history.com/articles/kansas","Source assertion; pending independent review.","history; Kansas chronology"
"history-055","history","topic","Coronado Quivira Museum","reference link","","","kansas context.","https://www.history.com/articles/kansas","https://www.nps.gov/places/coronado-quivira-museum.htm","Source assertion; pending independent review.","history; Kansas chronology"
"history-071","history","topic","Dodge City","place mention","","Dodge City","kansas context.","https://www.history.com/articles/kansas","https://www.history.com/articles/kansas","Source assertion; pending independent review.","history; Kansas chronology"
"history-020","history","event","Drought","event","1931","Great Plains","kansas context.","https://www.history.com/articles/kansas","https://www.history.com/articles/kansas","Source assertion; pending independent review.","history; Kansas chronology"
"history-019","history","event","Dust Bowl","event","1930s","Kansas","kansas context.","https://www.history.com/articles/kansas","https://www.history.com/articles/kansas","Source assertion; pending independent review.","history; Kansas chronology"
"history-004","history","topic","Dust Bowl and Depression Hit Kansas","section index","","","kansas context.","https://www.history.com/articles/kansas","https://www.history.com/articles/kansas#Dust-Bowl-and-Depression-Hit-Kansas","Source assertion; pending independent review.","history; Kansas chronology"
"history-001","history","topic","Early History of Kansas","section index","","","kansas context.","https://www.history.com/articles/kansas","https://www.history.com/articles/kansas#Early-History-of-Kansas","Source assertion; pending independent review.","history; Kansas chronology"
"history-069","history","topic","Ellsworth","place mention","","Ellsworth","kansas context.","https://www.history.com/articles/kansas","https://www.history.com/articles/kansas","Source assertion; pending independent review.","history; Kansas chronology"
"history-063","history","topic","Encyclopedia of the Great Plains","reference link","","","kansas context.","https://www.history.com/articles/kansas","https://plainshumanities.unl.edu/encyclopedia/doc/egp.ct.011.html","Source assertion; pending independent review.","history; Kansas chronology"
"history-067","history","topic","Enlarged Homestead Act","topic","","","Kansas related national event.","https://www.history.com/articles/kansas","https://www.history.com/articles/kansas","Source assertion; pending independent review.","history; Kansas chronology"
"history-024","history","event","Fort Riley","event","1853","Fort Riley","kansas context.","https://www.history.com/articles/kansas","https://www.history.com/articles/kansas","Source assertion; pending independent review.","history; Kansas chronology"
"history-031","history","person","Francisco Vásquez de Coronado","person mention","","","kansas context.","https://www.history.com/articles/kansas","https://www.history.com/articles/kansas","Source assertion; pending independent review.","history; Kansas chronology"
"history-042","history","person","George Armstrong Custer","person mention","","","kansas context.","https://www.history.com/articles/kansas","https://www.history.com/articles/kansas","Source assertion; pending independent review.","history; Kansas chronology"
"history-027","history","event","Helium discovery","event","1868","","regional or global context outside kansas.","https://www.history.com/articles/kansas","https://www.history.com/articles/kansas","Source assertion; pending independent review.","history; Kansas chronology"
"history-028","history","event","Helium research","event","1905","Lawrence; Dexter","kansas context.","https://www.history.com/articles/kansas","https://www.history.com/articles/kansas","Source assertion; pending independent review.","history; Kansas chronology"
"history-045","history","person","Herbert Hoover","person mention","","","kansas context.","https://www.history.com/articles/kansas","https://www.history.com/articles/kansas","Source assertion; pending independent review.","history; Kansas chronology"
"history-006","history","topic","Interesting Facts","section index","","","kansas context.","https://www.history.com/articles/kansas","https://www.history.com/articles/kansas#Interesting-Facts","Source assertion; pending independent review.","history; Kansas chronology"
"history-032","history","person","Jacques Marquette","person mention","","","kansas context.","https://www.history.com/articles/kansas","https://www.history.com/articles/kansas","Source assertion; pending independent review.","history; Kansas chronology"
"history-036","history","person","John Brown","person mention","","","kansas context.","https://www.history.com/articles/kansas","https://www.history.com/articles/kansas","Source assertion; pending independent review.","history; Kansas chronology"
"history-060","history","topic","Kansas City Public Library","reference link","","","kansas context.","https://www.history.com/articles/kansas","https://civilwaronthewesternborder.org/encyclopedia/pottawatomie-massacre","Source assertion; pending independent review.","history; Kansas chronology"
"history-061","history","topic","Kansas City Public Library","reference link","","","kansas context.","https://www.history.com/articles/kansas","https://civilwaronthewesternborder.org/encyclopedia/battle-westport","Source assertion; pending independent review.","history; Kansas chronology"
"history-056","history","topic","Kansas Collection","reference link","","","kansas context.","https://www.history.com/articles/kansas","https://www.kancoll.org/books/cutler/deschist/earlyexp-p2.html","Source assertion; pending independent review.","history; Kansas chronology"
"history-015","history","event","Kansas statehood","event","1861-01-29","Kansas","kansas context.","https://www.history.com/articles/kansas","https://www.history.com/articles/kansas","Source assertion; pending independent review.","history; Kansas chronology"
"history-011","history","event","Kansas-Nebraska Act","event","1854","Kansas","kansas context.","https://www.history.com/articles/kansas","https://www.history.com/articles/kansas","Source assertion; pending independent review.","history; Kansas chronology"
"history-010","history","event","Kanza treaty","event","1825","Kansas","kansas context.","https://www.history.com/articles/kansas","https://www.history.com/articles/kansas","Source assertion; pending independent review.","history; Kansas chronology"
"history-057","history","topic","Kaw Nation","reference link","","","kansas context.","https://www.history.com/articles/kansas","https://www.kawnation.gov/the-kanza-people/","Source assertion; pending independent review.","history; Kansas chronology"
"history-012","history","event","Lawrence attack","event","1856","Lawrence","kansas context.","https://www.history.com/articles/kansas","https://www.history.com/articles/kansas","Source assertion; pending independent review.","history; Kansas chronology"
"history-016","history","event","Lawrence massacre","event","1863","Lawrence","kansas context.","https://www.history.com/articles/kansas","https://www.history.com/articles/kansas","Source assertion; pending independent review.","history; Kansas chronology"
"history-066","history","topic","Legal Defense Fund","reference link","","","kansas context.","https://www.history.com/articles/kansas","https://www.naacpldf.org/brown-vs-board/","Source assertion; pending independent review.","history; Kansas chronology"
"history-058","history","topic","Legends of Kansas","reference link","","","kansas context.","https://www.history.com/articles/kansas","https://legendsofkansas.com/kansas-description-history/","Source assertion; pending independent review.","history; Kansas chronology"
"history-062","history","topic","Legends of Kansas","reference link","","","kansas context.","https://www.history.com/articles/kansas","https://www.legendsofamerica.com/ks-kansascowtowns/","Source assertion; pending independent review.","history; Kansas chronology"
"history-009","history","event","Lewis and Clark","event","1804","Kansas River; Missouri River","kansas context.","https://www.history.com/articles/kansas","https://www.history.com/articles/kansas","Source assertion; pending independent review.","history; Kansas chronology"
"history-040","history","person","Linda Brown","person mention","","","kansas context.","https://www.history.com/articles/kansas","https://www.history.com/articles/kansas","Source assertion; pending independent review.","history; Kansas chronology"
"history-026","history","event","Little Bighorn","event","1876-06","Montana","regional or global context outside kansas.","https://www.history.com/articles/kansas","https://www.history.com/articles/kansas","Source assertion; pending independent review.","history; Kansas chronology"
"history-033","history","person","Louis Joliet","person mention","","","kansas context.","https://www.history.com/articles/kansas","https://www.history.com/articles/kansas","Source assertion; pending independent review.","history; Kansas chronology"
"history-008","history","event","Marquette and Joliet mapping","event","1673","Missouri River","kansas context.","https://www.history.com/articles/kansas","https://www.history.com/articles/kansas","Source assertion; pending independent review.","history; Kansas chronology"
"history-029","history","event","Meades Ranch datum","event","1901","Osborne County","kansas context.","https://www.history.com/articles/kansas","https://www.history.com/articles/kansas","Source assertion; pending independent review. historical datum context not current survey reference authority","history; Kansas chronology"
"history-034","history","person","Meriwether Lewis","person mention","","","kansas context.","https://www.history.com/articles/kansas","https://www.history.com/articles/kansas","Source assertion; pending independent review.","history; Kansas chronology"
"history-053","history","topic","Motto","state fact","","Kansas","kansas context. Source value: Ad astra per aspera .","https://www.history.com/articles/kansas","https://www.history.com/articles/kansas","Source assertion; pending independent review.","history; Kansas chronology"
"history-054","history","topic","Nicknames","state fact","","Kansas","kansas context. Source value: ['Sunflower State', 'Wheat State', 'Jayhawk State'] .","https://www.history.com/articles/kansas","https://www.history.com/articles/kansas","Source assertion; pending independent review.","history; Kansas chronology"
"history-041","history","person","Oliver Brown","person mention","","","kansas context.","https://www.history.com/articles/kansas","https://www.history.com/articles/kansas","Source assertion; pending independent review.","history; Kansas chronology"
"history-072","history","topic","Oregon Trail","place mention","","Oregon Trail","kansas context.","https://www.history.com/articles/kansas","https://www.history.com/articles/kansas","Source assertion; pending independent review.","history; Kansas chronology"
"history-043","history","person","Pierre Janssen","person mention","","","kansas context.","https://www.history.com/articles/kansas","https://www.history.com/articles/kansas","Source assertion; pending independent review.","history; Kansas chronology"
"history-046","history","topic","Population","statistic","2020","Kansas","kansas context. Source value: 2937880 people.","https://www.history.com/articles/kansas","https://www.history.com/articles/kansas","Source assertion; pending independent review. source snapshot not current official data","history; Kansas chronology"
"history-013","history","event","Pottawatomie killings","event","1856","Pottawatomie Creek","kansas context.","https://www.history.com/articles/kansas","https://www.history.com/articles/kansas","Source assertion; pending independent review.","history; Kansas chronology"
"history-073","history","topic","Santa Fe Trail","place mention","","Santa Fe Trail","kansas context.","https://www.history.com/articles/kansas","https://www.history.com/articles/kansas","Source assertion; pending independent review.","history; Kansas chronology"
"history-025","history","event","Seventh Cavalry","event","1866","Fort Riley","kansas context.","https://www.history.com/articles/kansas","https://www.history.com/articles/kansas","Source assertion; pending independent review.","history; Kansas chronology"
"history-052","history","topic","State bird","state fact","","Kansas","kansas context. Source value: Western Meadowlark .","https://www.history.com/articles/kansas","https://www.history.com/articles/kansas","Source assertion; pending independent review.","history; Kansas chronology"
"history-051","history","topic","State flower","state fact","","Kansas","kansas context. Source value: Wild Native Sunflower .","https://www.history.com/articles/kansas","https://www.history.com/articles/kansas","Source assertion; pending independent review.","history; Kansas chronology"
"history-050","history","topic","State tree","state fact","","Kansas","kansas context. Source value: Cottonwood .","https://www.history.com/articles/kansas","https://www.history.com/articles/kansas","Source assertion; pending independent review.","history; Kansas chronology"
"history-064","history","topic","University of Kansas","reference link","","","kansas context.","https://www.history.com/articles/kansas","https://union.ku.edu/dust-bowl","Source assertion; pending independent review.","history; Kansas chronology"
"history-048","history","topic","Wheat harvest","statistic","2024","Kansas","kansas context. Source value: 300000000 bushels_lower_bound.","https://www.history.com/articles/kansas","https://www.history.com/articles/kansas","Source assertion; pending independent review. source snapshot not current official data","history; Kansas chronology"
"history-070","history","topic","Wichita","place mention","","Wichita","kansas context.","https://www.history.com/articles/kansas","https://www.history.com/articles/kansas","Source assertion; pending independent review.","history; Kansas chronology"
"history-039","history","person","Wild Bill Hickok","person mention","","","kansas context.","https://www.history.com/articles/kansas","https://www.history.com/articles/kansas","Source assertion; pending independent review.","history; Kansas chronology"
"history-003","history","topic","Wild West 'Cow Towns'","section index","","","kansas context.","https://www.history.com/articles/kansas","https://www.history.com/articles/kansas#Wild-West-%27Cow-Towns%27","Source assertion; pending independent review.","history; Kansas chronology"
"history-035","history","person","William Clark","person mention","","","kansas context.","https://www.history.com/articles/kansas","https://www.history.com/articles/kansas","Source assertion; pending independent review.","history; Kansas chronology"
"history-037","history","person","Wyatt Earp","person mention","","","kansas context.","https://www.history.com/articles/kansas","https://www.history.com/articles/kansas","Source assertion; pending independent review.","history; Kansas chronology"
"ksohp-0011","ksohp","person","Bob Stephan","Notable Kansans oral history","2020-10-21","","Interview metadata; date identifies the interview, not a life event. Interviewer: Michael (Mike) Matson.","https://ksoralhistory.org/collections/notable-kansans-2/","https://ksoralhistory.org/interview/interview-of-robert-bob-stephan-by-mike-matson-october-21-2020/?_kohp_collection=126","Source assertion; no identity merge, place resolution or map activation.","people-dna-land; history-and-culture; oral-history"
"ksohp-0012","ksohp","person","Carla Stovall Steckline","Notable Kansans oral history","2026-04-28","","Interview metadata; date identifies the interview, not a life event. Interviewer: Dale Goter.","https://ksoralhistory.org/collections/notable-kansans-2/","https://ksoralhistory.org/interview/interview-of-carla-stovall-steckline-by-dale-goter-april-28-2026/?_kohp_collection=126","Source assertion; no identity merge, place resolution or map activation.","people-dna-land; history-and-culture; oral-history"
"ksohp-0009","ksohp","person","Eunice Rolfs","Notable Kansans oral history","2024-08-29","","Interview metadata; date identifies the interview, not a life event. Interviewer: Joan Wagnon.","https://ksoralhistory.org/collections/notable-kansans-2/","https://ksoralhistory.org/interview/interview-of-eunice-rolfs-by-joan-wagnon-august-29-2024/?_kohp_collection=126","Source assertion; no identity merge, place resolution or map activation.","people-dna-land; history-and-culture; oral-history"
"ksohp-0010","ksohp","person","Gary Sherrer","Notable Kansans oral history","2021-10-15","","Interview metadata; date identifies the interview, not a life event. Interviewer: Mike Matson.","https://ksoralhistory.org/collections/notable-kansans-2/","https://ksoralhistory.org/interview/interview-of-gary-sherrer-by-mike-matson-october-15-2021/?_kohp_collection=126","Source assertion; no identity merge, place resolution or map activation.","people-dna-land; history-and-culture; oral-history"
"ksohp-0001","ksohp","person","Jack Alexander","Notable Kansans oral history","2020-10-26","","Interview metadata; date identifies the interview, not a life event. Interviewer: Michael (Mike) Lennen.","https://ksoralhistory.org/collections/notable-kansans-2/","https://ksoralhistory.org/interview/interview-of-jack-alexander-by-michael-lennen-october-26-2020/?_kohp_collection=126","Source assertion; no identity merge, place resolution or map activation.","people-dna-land; history-and-culture; oral-history"
"ksohp-0007","ksohp","person","Jake LaTurner","Notable Kansans oral history","2024-12-30","","Interview metadata; date identifies the interview, not a life event. Interviewer: Brad Cooper.","https://ksoralhistory.org/collections/notable-kansans-2/","https://ksoralhistory.org/interview/_laturner-ssj_12-30-24/?_kohp_collection=126","Source assertion; no identity merge, place resolution or map activation.","people-dna-land; history-and-culture; oral-history"
"ksohp-0003","ksohp","person","Jill Docking","Notable Kansans oral history","2026-04-01","","Interview metadata; date identifies the interview, not a life event. Interviewer: Chris Courtwright.","https://ksoralhistory.org/collections/notable-kansans-2/","https://ksoralhistory.org/interview/interview-of-jill-docking-by-chris-courtwright-april-1-2026/?_kohp_collection=126","Source assertion; no identity merge, place resolution or map activation.","people-dna-land; history-and-culture; oral-history"
"ksohp-0002","ksohp","person","John Carlin","Notable Kansans oral history","2026-06-30","","Interview metadata; date identifies the interview, not a life event. Interviewer: Jim McLean.","https://ksoralhistory.org/collections/notable-kansans-2/","https://ksoralhistory.org/interview/interview-of-john-carlin-by-jim-mclean-june-30-2026/?_kohp_collection=126","Source assertion; no identity merge, place resolution or map activation.","people-dna-land; history-and-culture; oral-history"
"ksohp-0013","ksohp","person","Michael Young","Notable Kansans oral history","2025-02-28","","Interview metadata; date identifies the interview, not a life event. Interviewer: Linda Jeffrey.","https://ksoralhistory.org/collections/notable-kansans-2/","https://ksoralhistory.org/interview/interview-of-michael-young-by-linda-jeffrey-february-28-2025/?_kohp_collection=126","Source assertion; no identity merge, place resolution or map activation.","people-dna-land; history-and-culture; oral-history"
"ksohp-0006","ksohp","person","Nancy Landon Kassebaum Baker","Notable Kansans oral history","2022-10-17","","Interview metadata; date identifies the interview, not a life event. Interviewer: Deanell Reece Tacha.","https://ksoralhistory.org/collections/notable-kansans-2/","https://ksoralhistory.org/interview/interview-of-nancy-landon-kassebaum-baker-by-deanell-reece-tacha-october-17-2022/?_kohp_collection=126","Source assertion; no identity merge, place resolution or map activation.","people-dna-land; history-and-culture; oral-history"
"ksohp-0008","ksohp","person","Pat Roberts","Notable Kansans oral history","2025-10-14","","Interview metadata; date identifies the interview, not a life event. Interviewer: Jackie Cottrell and Mike Seyfert.","https://ksoralhistory.org/collections/notable-kansans-2/","https://ksoralhistory.org/interview/interview-of-senator-pat-roberts-by-jackie-cottrell-and-mike-seyfert-october-14-2025/?_kohp_collection=126","Source assertion; no identity merge, place resolution or map activation.","people-dna-land; history-and-culture; oral-history"
"ksohp-0005","ksohp","person","Phyllis Garibay-Coon","Notable Kansans oral history","2025-05-13","","Interview metadata; date identifies the interview, not a life event. Interviewer: Linda Utoff.","https://ksoralhistory.org/collections/notable-kansans-2/","https://ksoralhistory.org/interview/interview-of-phyllis-garibay-coon-by-linda-uthoff-may-13-2025-2/?_kohp_collection=126","Source assertion; no identity merge, place resolution or map activation.","people-dna-land; history-and-culture; oral-history"
"ksohp-0004","ksohp","person","Sheila Frahm","Notable Kansans oral history","2004-09-17","","Interview metadata; date identifies the interview, not a life event. Interviewer: Bob Beatty.","https://ksoralhistory.org/collections/notable-kansans-2/","https://ksoralhistory.org/interview/interview-of-sheila-frahm-by-bob-beatty-september-17-2004/?_kohp_collection=126","Source assertion; no identity merge, place resolution or map activation.","people-dna-land; history-and-culture; oral-history"
"ksohp-0014","ksohp","person","Sheila Frahm","Women, Then and Now Project","2020","","Interview metadata; date identifies the interview, not a life event.","https://ksoralhistory.org/collections/notable-kansans-2/","https://ksoralhistory.org/interview/interview-of-sheila-frahm-by-joan-wagnon-november-13-2020/?_s=FrahmSheila","Source assertion; no identity merge, place resolution or map activation.","people-dna-land; history-and-culture; oral-history"
"wikipedia-people-301","wikipedia-kansas-people","person","Aaron Crow","Athletes","born 1986","Topeka","Listed by source as associated with Kansas; birthplace, residence and activity are not distinguished here.","https://en.wikipedia.org/w/index.php?title=List_of_people_from_Kansas&oldid=1361123532","https://en.wikipedia.org/wiki/List_of_people_from_Kansas#Athletes","Discovery index; confirm identity and Kansas relationship in independent evidence. Any dates are biographical year labels as listed, not verified event dates.","people-dna-land; history-and-culture"
"wikipedia-people-165","wikipedia-kansas-people","person","Aaron Douglas","Artists","1900–1979","Topeka","Listed by source as associated with Kansas; birthplace, residence and activity are not distinguished here.","https://en.wikipedia.org/w/index.php?title=List_of_people_from_Kansas&oldid=1361123532","https://en.wikipedia.org/wiki/List_of_people_from_Kansas#Artists","Discovery index; confirm identity and Kansas relationship in independent evidence. Any dates are biographical year labels as listed, not verified event dates.","people-dna-land; history-and-culture"
"wikipedia-people-145","wikipedia-kansas-people","person","Abby Lillian Marlatt","Academics and Nobel Prize laureates","1869–1943","Manhattan","Listed by source as associated with Kansas; birthplace, residence and activity are not distinguished here.","https://en.wikipedia.org/w/index.php?title=List_of_people_from_Kansas&oldid=1361123532","https://en.wikipedia.org/wiki/List_of_people_from_Kansas#Academics_and_Nobel_Prize_laureates","Discovery index; confirm identity and Kansas relationship in independent evidence. Any dates are biographical year labels as listed, not verified event dates.","people-dna-land; history-and-culture"
"wikipedia-people-347","wikipedia-kansas-people","person","Adam LaRoche","Athletes","born 1979","Fort Scott","Listed by source as associated with Kansas; birthplace, residence and activity are not distinguished here.","https://en.wikipedia.org/w/index.php?title=List_of_people_from_Kansas&oldid=1361123532","https://en.wikipedia.org/wiki/List_of_people_from_Kansas#Athletes","Discovery index; confirm identity and Kansas relationship in independent evidence. Any dates are biographical year labels as listed, not verified event dates.","people-dna-land; history-and-culture"
"wikipedia-people-445","wikipedia-kansas-people","person","Adolph Rupp","Coaches","1901–1977","Halstead","Listed by source as associated with Kansas; birthplace, residence and activity are not distinguished here.","https://en.wikipedia.org/w/index.php?title=List_of_people_from_Kansas&oldid=1361123532","https://en.wikipedia.org/wiki/List_of_people_from_Kansas#Coaches","Discovery index; confirm identity and Kansas relationship in independent evidence. Any dates are biographical year labels as listed, not verified event dates.","people-dna-land; history-and-culture"
"wikipedia-people-326","wikipedia-kansas-people","person","Adrian Griffin","Athletes","born 1974","Wichita","Listed by source as associated with Kansas; birthplace, residence and activity are not distinguished here.","https://en.wikipedia.org/w/index.php?title=List_of_people_from_Kansas&oldid=1361123532","https://en.wikipedia.org/wiki/List_of_people_from_Kansas#Athletes","Discovery index; confirm identity and Kansas relationship in independent evidence. Any dates are biographical year labels as listed, not verified event dates.","people-dna-land; history-and-culture"
"wikipedia-people-318","wikipedia-kansas-people","person","Adrianna Franch","Athletes","born 1990","Salina","Listed by source as associated with Kansas; birthplace, residence and activity are not distinguished here.","https://en.wikipedia.org/w/index.php?title=List_of_people_from_Kansas&oldid=1361123532","https://en.wikipedia.org/wiki/List_of_people_from_Kansas#Athletes","Discovery index; confirm identity and Kansas relationship in independent evidence. Any dates are biographical year labels as listed, not verified event dates.","people-dna-land; history-and-culture"
"wikipedia-people-423","wikipedia-kansas-people","person","Alan Cockrell","Coaches","born 1962","Kansas City","Listed by source as associated with Kansas; birthplace, residence and activity are not distinguished here.","https://en.wikipedia.org/w/index.php?title=List_of_people_from_Kansas&oldid=1361123532","https://en.wikipedia.org/wiki/List_of_people_from_Kansas#Coaches","Discovery index; confirm identity and Kansas relationship in independent evidence. Any dates are biographical year labels as listed, not verified event dates.","people-dna-land; history-and-culture"
"wikipedia-people-531","wikipedia-kansas-people","person","Alan Fudge","Actors and performers","1944–2011","Wichita","Listed by source as associated with Kansas; birthplace, residence and activity are not distinguished here.","https://en.wikipedia.org/w/index.php?title=List_of_people_from_Kansas&oldid=1361123532","https://en.wikipedia.org/wiki/List_of_people_from_Kansas#Actors_and_performers","Discovery index; confirm identity and Kansas relationship in independent evidence. Any dates are biographical year labels as listed, not verified event dates.","people-dna-land; history-and-culture"
"wikipedia-people-490","wikipedia-kansas-people","person","Alan Mulally","Businesspeople and inventors","born 1945","Lawrence","Listed by source as associated with Kansas; birthplace, residence and activity are not distinguished here.","https://en.wikipedia.org/w/index.php?title=List_of_people_from_Kansas&oldid=1361123532","https://en.wikipedia.org/wiki/List_of_people_from_Kansas#Businesspeople_and_inventors","Discovery index; confirm identity and Kansas relationship in independent evidence. Any dates are biographical year labels as listed, not verified event dates.","people-dna-land; history-and-culture"
"wikipedia-people-600","wikipedia-kansas-people","person","Alex Graves","Directors","born 1968","El Dorado","Listed by source as associated with Kansas; birthplace, residence and activity are not distinguished here.","https://en.wikipedia.org/w/index.php?title=List_of_people_from_Kansas&oldid=1361123532","https://en.wikipedia.org/wiki/List_of_people_from_Kansas#Directors","Discovery index; confirm identity and Kansas relationship in independent evidence. Any dates are biographical year labels as listed, not verified event dates.","people-dna-land; history-and-culture"
"wikipedia-people-667","wikipedia-kansas-people","person","Alf Landon","Politics and law","1887–1987","Topeka","Listed by source as associated with Kansas; birthplace, residence and activity are not distinguished here.","https://en.wikipedia.org/w/index.php?title=List_of_people_from_Kansas&oldid=1361123532","https://en.wikipedia.org/wiki/List_of_people_from_Kansas#Politics_and_law","Discovery index; confirm identity and Kansas relationship in independent evidence. Any dates are biographical year labels as listed, not verified event dates.","people-dna-land; history-and-culture"
"wikipedia-people-270","wikipedia-kansas-people","person","Alvan Adams","Athletes","born 1954","Lawrence","Listed by source as associated with Kansas; birthplace, residence and activity are not distinguished here.","https://en.wikipedia.org/w/index.php?title=List_of_people_from_Kansas&oldid=1361123532","https://en.wikipedia.org/wiki/List_of_people_from_Kansas#Athletes","Discovery index; confirm identity and Kansas relationship in independent evidence. Any dates are biographical year labels as listed, not verified event dates.","people-dna-land; history-and-culture"
"wikipedia-people-835","wikipedia-kansas-people","person","Alvin ""Creepy"" Karpis","Crime","1907–1979","Topeka","Listed by source as associated with Kansas; birthplace, residence and activity are not distinguished here.","https://en.wikipedia.org/w/index.php?title=List_of_people_from_Kansas&oldid=1361123532","https://en.wikipedia.org/wiki/List_of_people_from_Kansas#Crime","Discovery index; confirm identity and Kansas relationship in independent evidence. Source section is a sensitive historical/criminal index; no allegation or conviction is asserted by this entry.","people-dna-land; history-and-culture"
"wikipedia-people-788","wikipedia-kansas-people","person","Alvin Dewey","Notable individuals","1912–1987","Garden City","Listed by source as associated with Kansas; birthplace, residence and activity are not distinguished here.","https://en.wikipedia.org/w/index.php?title=List_of_people_from_Kansas&oldid=1361123532","https://en.wikipedia.org/wiki/List_of_people_from_Kansas#Notable_individuals","Discovery index; confirm identity and Kansas relationship in independent evidence. Any dates are biographical year labels as listed, not verified event dates.","people-dna-land; history-and-culture"
"wikipedia-people-862","wikipedia-kansas-people","fictional","Amanda Rogers","Fictional persons","","","Fictional character listed by source.","https://en.wikipedia.org/w/index.php?title=List_of_people_from_Kansas&oldid=1361123532","https://en.wikipedia.org/wiki/List_of_people_from_Kansas#Fictional_persons","Discovery index; confirm identity and Kansas relationship in independent evidence. Any dates are biographical year labels as listed, not verified event dates.","people-dna-land; history-and-culture"
"wikipedia-people-460","wikipedia-kansas-people","person","Amelia Earhart","Aviators and astronauts","1897–1937","Atchison","Listed by source as associated with Kansas; birthplace, residence and activity are not distinguished here.","https://en.wikipedia.org/w/index.php?title=List_of_people_from_Kansas&oldid=1361123532","https://en.wikipedia.org/wiki/List_of_people_from_Kansas#Aviators_and_astronauts","Discovery index; confirm identity and Kansas relationship in independent evidence. Any dates are biographical year labels as listed, not verified event dates.","people-dna-land; history-and-culture"
"wikipedia-people-322","wikipedia-kansas-people","person","Andrew Gachkar","Athletes","born 1988","Overland Park","Listed by source as associated with Kansas; birthplace, residence and activity are not distinguished here.","https://en.wikipedia.org/w/index.php?title=List_of_people_from_Kansas&oldid=1361123532","https://en.wikipedia.org/wiki/List_of_people_from_Kansas#Athletes","Discovery index; confirm identity and Kansas relationship in independent evidence. Any dates are biographical year labels as listed, not verified event dates.","people-dna-land; history-and-culture"
"wikipedia-people-309","wikipedia-kansas-people","person","Andy Dirks","Athletes","born 1986","Burrton","Listed by source as associated with Kansas; birthplace, residence and activity are not distinguished here.","https://en.wikipedia.org/w/index.php?title=List_of_people_from_Kansas&oldid=1361123532","https://en.wikipedia.org/wiki/List_of_people_from_Kansas#Athletes","Discovery index; confirm identity and Kansas relationship in independent evidence. Any dates are biographical year labels as listed, not verified event dates.","people-dna-land; history-and-culture"
"wikipedia-people-328","wikipedia-kansas-people","person","Andy Gruenebaum","Athletes","born 1982","","Listed by source as associated with Kansas; birthplace, residence and activity are not distinguished here.","https://en.wikipedia.org/w/index.php?title=List_of_people_from_Kansas&oldid=1361123532","https://en.wikipedia.org/wiki/List_of_people_from_Kansas#Athletes","Discovery index; confirm identity and Kansas relationship in independent evidence. Any dates are biographical year labels as listed, not verified event dates.","people-dna-land; history-and-culture"
"wikipedia-people-240","wikipedia-kansas-people","person","Andy McKee","Musicians","born 1979","Topeka","Listed by source as associated with Kansas; birthplace, residence and activity are not distinguished here.","https://en.wikipedia.org/w/index.php?title=List_of_people_from_Kansas&oldid=1361123532","https://en.wikipedia.org/wiki/List_of_people_from_Kansas#Musicians","Discovery index; confirm identity and Kansas relationship in independent evidence. Any dates are biographical year labels as listed, not verified event dates.","people-dna-land; history-and-culture"
"wikipedia-people-519","wikipedia-kansas-people","person","Aneta Corsaut","Actors and performers","1933–1995","Hutchinson","Listed by source as associated with Kansas; birthplace, residence and activity are not distinguished here.","https://en.wikipedia.org/w/index.php?title=List_of_people_from_Kansas&oldid=1361123532","https://en.wikipedia.org/wiki/List_of_people_from_Kansas#Actors_and_performers","Discovery index; confirm identity and Kansas relationship in independent evidence. Any dates are biographical year labels as listed, not verified event dates.","people-dna-land; history-and-culture"
"wikipedia-people-568","wikipedia-kansas-people","person","Angus Scrimm","Actors and performers","1926–2016","Kansas City","Listed by source as associated with Kansas; birthplace, residence and activity are not distinguished here.","https://en.wikipedia.org/w/index.php?title=List_of_people_from_Kansas&oldid=1361123532","https://en.wikipedia.org/wiki/List_of_people_from_Kansas#Actors_and_performers","Discovery index; confirm identity and Kansas relationship in independent evidence. Any dates are biographical year labels as listed, not verified event dates.","people-dna-land; history-and-culture"
"wikipedia-people-789","wikipedia-kansas-people","person","Ann Dunham","Notable individuals","1942–1995","Wichita","Listed by source as associated with Kansas; birthplace, residence and activity are not distinguished here.","https://en.wikipedia.org/w/index.php?title=List_of_people_from_Kansas&oldid=1361123532","https://en.wikipedia.org/wiki/List_of_people_from_Kansas#Notable_individuals","Discovery index; confirm identity and Kansas relationship in independent evidence. Any dates are biographical year labels as listed, not verified event dates.","people-dna-land; history-and-culture"
"wikipedia-people-836","wikipedia-kansas-people","person","Anna Emmaline McDoulet","Crime","1882–1978","Seneca","Listed by source as associated with Kansas; birthplace, residence and activity are not distinguished here.","https://en.wikipedia.org/w/index.php?title=List_of_people_from_Kansas&oldid=1361123532","https://en.wikipedia.org/wiki/List_of_people_from_Kansas#Crime","Discovery index; confirm identity and Kansas relationship in independent evidence. Source section is a sensitive historical/criminal index; no allegation or conviction is asserted by this entry.","people-dna-land; history-and-culture"
"wikipedia-people-507","wikipedia-kansas-people","person","Annette Bening","Actors and performers","born 1958","Topeka","Listed by source as associated with Kansas; birthplace, residence and activity are not distinguished here.","https://en.wikipedia.org/w/index.php?title=List_of_people_from_Kansas&oldid=1361123532","https://en.wikipedia.org/wiki/List_of_people_from_Kansas#Actors_and_performers","Discovery index; confirm identity and Kansas relationship in independent evidence. Any dates are biographical year labels as listed, not verified event dates.","people-dna-land; history-and-culture"
"wikipedia-people-865","wikipedia-kansas-people","fictional","Annie Wilson","Fictional persons","","","Fictional character listed by source.","https://en.wikipedia.org/w/index.php?title=List_of_people_from_Kansas&oldid=1361123532","https://en.wikipedia.org/wiki/List_of_people_from_Kansas#Fictional_persons","Discovery index; confirm identity and Kansas relationship in independent evidence. Any dates are biographical year labels as listed, not verified event dates.","people-dna-land; history-and-culture"
"wikipedia-people-293","wikipedia-kansas-people","person","Antoine Carr","Athletes","born 1961","","Listed by source as associated with Kansas; birthplace, residence and activity are not distinguished here.","https://en.wikipedia.org/w/index.php?title=List_of_people_from_Kansas&oldid=1361123532","https://en.wikipedia.org/wiki/List_of_people_from_Kansas#Athletes","Discovery index; confirm identity and Kansas relationship in independent evidence. Any dates are biographical year labels as listed, not verified event dates.","people-dna-land; history-and-culture"
"wikipedia-people-365","wikipedia-kansas-people","person","Antonio Orozco","Athletes","born 1987","Garden City","Listed by source as associated with Kansas; birthplace, residence and activity are not distinguished here.","https://en.wikipedia.org/w/index.php?title=List_of_people_from_Kansas&oldid=1361123532","https://en.wikipedia.org/wiki/List_of_people_from_Kansas#Athletes","Discovery index; confirm identity and Kansas relationship in independent evidence. Any dates are biographical year labels as listed, not verified event dates.","people-dna-land; history-and-culture"
"wikipedia-people-355","wikipedia-kansas-people","person","Archie ""Hap"" McKain","Athletes","1911–1985","Delphos","Listed by source as associated with Kansas; birthplace, residence and activity are not distinguished here.","https://en.wikipedia.org/w/index.php?title=List_of_people_from_Kansas&oldid=1361123532","https://en.wikipedia.org/wiki/List_of_people_from_Kansas#Athletes","Discovery index; confirm identity and Kansas relationship in independent evidence. Any dates are biographical year labels as listed, not verified event dates.","people-dna-land; history-and-culture"
"wikipedia-people-684","wikipedia-kansas-people","person","Arlen Specter","Politics and law","1930–2012","Russell","Listed by source as associated with Kansas; birthplace, residence and activity are not distinguished here.","https://en.wikipedia.org/w/index.php?title=List_of_people_from_Kansas&oldid=1361123532","https://en.wikipedia.org/wiki/List_of_people_from_Kansas#Politics_and_law","Discovery index; confirm identity and Kansas relationship in independent evidence. Any dates are biographical year labels as listed, not verified event dates.","people-dna-land; history-and-culture"
"wikipedia-people-640","wikipedia-kansas-people","person","Arthur Capper","Politics and law","1865–1951","Garnett","Listed by source as associated with Kansas; birthplace, residence and activity are not distinguished here.","https://en.wikipedia.org/w/index.php?title=List_of_people_from_Kansas&oldid=1361123532","https://en.wikipedia.org/wiki/List_of_people_from_Kansas#Politics_and_law","Discovery index; confirm identity and Kansas relationship in independent evidence. Any dates are biographical year labels as listed, not verified event dates.","people-dna-land; history-and-culture"
"wikipedia-people-706","wikipedia-kansas-people","person","Arthur M. Ferguson","Military and national security","1877–1922","Coffey County","Listed by source as associated with Kansas; birthplace, residence and activity are not distinguished here.","https://en.wikipedia.org/w/index.php?title=List_of_people_from_Kansas&oldid=1361123532","https://en.wikipedia.org/wiki/List_of_people_from_Kansas#Military_and_national_security","Discovery index; confirm identity and Kansas relationship in independent evidence. Any dates are biographical year labels as listed, not verified event dates.","people-dna-land; history-and-culture"
"wikipedia-people-285","wikipedia-kansas-people","person","B.H. Born","Athletes","1932–2013","Medicine Lodge","Listed by source as associated with Kansas; birthplace, residence and activity are not distinguished here.","https://en.wikipedia.org/w/index.php?title=List_of_people_from_Kansas&oldid=1361123532","https://en.wikipedia.org/wiki/List_of_people_from_Kansas#Athletes","Discovery index; confirm identity and Kansas relationship in independent evidence. Any dates are biographical year labels as listed, not verified event dates.","people-dna-land; history-and-culture"
"wikipedia-people-504","wikipedia-kansas-people","person","Barbara Babcock","Actors and performers","born 1937","Fort Riley","Listed by source as associated with Kansas; birthplace, residence and activity are not distinguished here.","https://en.wikipedia.org/w/index.php?title=List_of_people_from_Kansas&oldid=1361123532","https://en.wikipedia.org/wiki/List_of_people_from_Kansas#Actors_and_performers","Discovery index; confirm identity and Kansas relationship in independent evidence. Any dates are biographical year labels as listed, not verified event dates.","people-dna-land; history-and-culture"
"wikipedia-people-171","wikipedia-kansas-people","person","Barbara Morgan","Artists","1900–1992","Buffalo, Kansas","Listed by source as associated with Kansas; birthplace, residence and activity are not distinguished here.","https://en.wikipedia.org/w/index.php?title=List_of_people_from_Kansas&oldid=1361123532","https://en.wikipedia.org/wiki/List_of_people_from_Kansas#Artists","Discovery index; confirm identity and Kansas relationship in independent evidence. Any dates are biographical year labels as listed, not verified event dates.","people-dna-land; history-and-culture"
"wikipedia-people-750","wikipedia-kansas-people","person","Barnum Brown","Scientists and programmers","1873–1963","Carbondale","Listed by source as associated with Kansas; birthplace, residence and activity are not distinguished here.","https://en.wikipedia.org/w/index.php?title=List_of_people_from_Kansas&oldid=1361123532","https://en.wikipedia.org/wiki/List_of_people_from_Kansas#Scientists_and_programmers","Discovery index; confirm identity and Kansas relationship in independent evidence. Any dates are biographical year labels as listed, not verified event dates.","people-dna-land; history-and-culture"
"wikipedia-people-299","wikipedia-kansas-people","person","Baron Corbin","Athletes","born 1984","Lenexa","Listed by source as associated with Kansas; birthplace, residence and activity are not distinguished here.","https://en.wikipedia.org/w/index.php?title=List_of_people_from_Kansas&oldid=1361123532","https://en.wikipedia.org/wiki/List_of_people_from_Kansas#Athletes","Discovery index; confirm identity and Kansas relationship in independent evidence. Any dates are biographical year labels as listed, not verified event dates.","people-dna-land; history-and-culture"
"wikipedia-people-380","wikipedia-kansas-people","person","Barry Sanders","Athletes","born 1968","Wichita","Listed by source as associated with Kansas; birthplace, residence and activity are not distinguished here.","https://en.wikipedia.org/w/index.php?title=List_of_people_from_Kansas&oldid=1361123532","https://en.wikipedia.org/wiki/List_of_people_from_Kansas#Athletes","Discovery index; confirm identity and Kansas relationship in independent evidence. Any dates are biographical year labels as listed, not verified event dates.","people-dna-land; history-and-culture"
"wikipedia-people-731","wikipedia-kansas-people","person","Bart D. Ehrman","Religious","born 1955","Lawrence","Listed by source as associated with Kansas; birthplace, residence and activity are not distinguished here.","https://en.wikipedia.org/w/index.php?title=List_of_people_from_Kansas&oldid=1361123532","https://en.wikipedia.org/wiki/List_of_people_from_Kansas#Religious","Discovery index; confirm identity and Kansas relationship in independent evidence. Any dates are biographical year labels as listed, not verified event dates.","people-dna-land; history-and-culture"
"wikipedia-people-820","wikipedia-kansas-people","person","Bat Masterson","Notable historical figures not from Kansas but who participated in a significant event in Kansas","1853–1921","Dodge City","Listed by source as associated with Kansas; birthplace, residence and activity are not distinguished here.","https://en.wikipedia.org/w/index.php?title=List_of_people_from_Kansas&oldid=1361123532","https://en.wikipedia.org/wiki/List_of_people_from_Kansas#Notable_historical_figures_not_from_Kansas_but_who_participated_in_a_significant_event_in_Kansas","Discovery index; confirm identity and Kansas relationship in independent evidence. Any dates are biographical year labels as listed, not verified event dates.","people-dna-land; history-and-culture"
"wikipedia-people-333","wikipedia-kansas-people","person","Ben Heeney","Athletes","born 1992","Hutchinson","Listed by source as associated with Kansas; birthplace, residence and activity are not distinguished here.","https://en.wikipedia.org/w/index.php?title=List_of_people_from_Kansas&oldid=1361123532","https://en.wikipedia.org/wiki/List_of_people_from_Kansas#Athletes","Discovery index; confirm identity and Kansas relationship in independent evidence. Any dates are biographical year labels as listed, not verified event dates.","people-dna-land; history-and-culture"
"wikipedia-people-718","wikipedia-kansas-people","person","Bernard W. Rogers","Military and national security","1921–2008","Fairview","Listed by source as associated with Kansas; birthplace, residence and activity are not distinguished here.","https://en.wikipedia.org/w/index.php?title=List_of_people_from_Kansas&oldid=1361123532","https://en.wikipedia.org/wiki/List_of_people_from_Kansas#Military_and_national_security","Discovery index; confirm identity and Kansas relationship in independent evidence. Any dates are biographical year labels as listed, not verified event dates.","people-dna-land; history-and-culture"
"wikipedia-people-527","wikipedia-kansas-people","person","Bill Farmer","Actors and performers","born 1952","Pratt","Listed by source as associated with Kansas; birthplace, residence and activity are not distinguished here.","https://en.wikipedia.org/w/index.php?title=List_of_people_from_Kansas&oldid=1361123532","https://en.wikipedia.org/wiki/List_of_people_from_Kansas#Actors_and_performers","Discovery index; confirm identity and Kansas relationship in independent evidence. Any dates are biographical year labels as listed, not verified event dates.","people-dna-land; history-and-culture"
"wikipedia-people-655","wikipedia-kansas-people","person","Bill Graves","Politics and law","born 1953","Salina","Listed by source as associated with Kansas; birthplace, residence and activity are not distinguished here.","https://en.wikipedia.org/w/index.php?title=List_of_people_from_Kansas&oldid=1361123532","https://en.wikipedia.org/wiki/List_of_people_from_Kansas#Politics_and_law","Discovery index; confirm identity and Kansas relationship in independent evidence. Any dates are biographical year labels as listed, not verified event dates.","people-dna-land; history-and-culture"
"wikipedia-people-431","wikipedia-kansas-people","person","Bill Guthridge","Coaches","1937–2015","Parsons","Listed by source as associated with Kansas; birthplace, residence and activity are not distinguished here.","https://en.wikipedia.org/w/index.php?title=List_of_people_from_Kansas&oldid=1361123532","https://en.wikipedia.org/wiki/List_of_people_from_Kansas#Coaches","Discovery index; confirm identity and Kansas relationship in independent evidence. Any dates are biographical year labels as listed, not verified event dates.","people-dna-land; history-and-culture"
"wikipedia-people-192","wikipedia-kansas-people","person","Bill James","Authors","born 1949","Mayetta","Listed by source as associated with Kansas; birthplace, residence and activity are not distinguished here.","https://en.wikipedia.org/w/index.php?title=List_of_people_from_Kansas&oldid=1361123532","https://en.wikipedia.org/wiki/List_of_people_from_Kansas#Authors","Discovery index; confirm identity and Kansas relationship in independent evidence. Any dates are biographical year labels as listed, not verified event dates.","people-dna-land; history-and-culture"
"wikipedia-people-620","wikipedia-kansas-people","person","Bill Kurtis","Journalists","born 1940","Independence","Listed by source as associated with Kansas; birthplace, residence and activity are not distinguished here.","https://en.wikipedia.org/w/index.php?title=List_of_people_from_Kansas&oldid=1361123532","https://en.wikipedia.org/wiki/List_of_people_from_Kansas#Journalists","Discovery index; confirm identity and Kansas relationship in independent evidence. Any dates are biographical year labels as listed, not verified event dates.","people-dna-land; history-and-culture"
"wikipedia-people-193","wikipedia-kansas-people","person","Bill Martin Jr.","Authors","1916–2004","Hiawatha","Listed by source as associated with Kansas; birthplace, residence and activity are not distinguished here.","https://en.wikipedia.org/w/index.php?title=List_of_people_from_Kansas&oldid=1361123532","https://en.wikipedia.org/wiki/List_of_people_from_Kansas#Authors","Discovery index; confirm identity and Kansas relationship in independent evidence. Any dates are biographical year labels as listed, not verified event dates.","people-dna-land; history-and-culture"
"wikipedia-people-449","wikipedia-kansas-people","person","Bill Snyder","Coaches","born 1939","Kansas State University","Listed by source as associated with Kansas; birthplace, residence and activity are not distinguished here.","https://en.wikipedia.org/w/index.php?title=List_of_people_from_Kansas&oldid=1361123532","https://en.wikipedia.org/wiki/List_of_people_from_Kansas#Coaches","Discovery index; confirm identity and Kansas relationship in independent evidence. Any dates are biographical year labels as listed, not verified event dates.","people-dna-land; history-and-culture"
"wikipedia-people-441","wikipedia-kansas-people","person","Billie Moore","Coaches","born 1943","Westmoreland","Listed by source as associated with Kansas; birthplace, residence and activity are not distinguished here.","https://en.wikipedia.org/w/index.php?title=List_of_people_from_Kansas&oldid=1361123532","https://en.wikipedia.org/wiki/List_of_people_from_Kansas#Coaches","Discovery index; confirm identity and Kansas relationship in independent evidence. Any dates are biographical year labels as listed, not verified event dates.","people-dna-land; history-and-culture"
"wikipedia-people-522","wikipedia-kansas-people","person","Billy Drago","Actors and performers","1945–2019","Hugoton","Listed by source as associated with Kansas; birthplace, residence and activity are not distinguished here.","https://en.wikipedia.org/w/index.php?title=List_of_people_from_Kansas&oldid=1361123532","https://en.wikipedia.org/wiki/List_of_people_from_Kansas#Actors_and_performers","Discovery index; confirm identity and Kansas relationship in independent evidence. Any dates are biographical year labels as listed, not verified event dates.","people-dna-land; history-and-culture"
"wikipedia-people-474","wikipedia-kansas-people","person","Bion Barnett","Businesspeople and inventors","1857–1958","Hiawatha","Listed by source as associated with Kansas; birthplace, residence and activity are not distinguished here.","https://en.wikipedia.org/w/index.php?title=List_of_people_from_Kansas&oldid=1361123532","https://en.wikipedia.org/wiki/List_of_people_from_Kansas#Businesspeople_and_inventors","Discovery index; confirm identity and Kansas relationship in independent evidence. Any dates are biographical year labels as listed, not verified event dates.","people-dna-land; history-and-culture"
"wikipedia-people-173","wikipedia-kansas-people","person","Birger Sandzen","Artists","1871–1954","Lindsborg","Listed by source as associated with Kansas; birthplace, residence and activity are not distinguished here.","https://en.wikipedia.org/w/index.php?title=List_of_people_from_Kansas&oldid=1361123532","https://en.wikipedia.org/wiki/List_of_people_from_Kansas#Artists","Discovery index; confirm identity and Kansas relationship in independent evidence. Any dates are biographical year labels as listed, not verified event dates.","people-dna-land; history-and-culture"
"wikipedia-people-161","wikipedia-kansas-people","person","Blackbear Bosin","Artists","1921–1980","Wichita","Listed by source as associated with Kansas; birthplace, residence and activity are not distinguished here.","https://en.wikipedia.org/w/index.php?title=List_of_people_from_Kansas&oldid=1361123532","https://en.wikipedia.org/wiki/List_of_people_from_Kansas#Artists","Discovery index; confirm identity and Kansas relationship in independent evidence. Any dates are biographical year labels as listed, not verified event dates.","people-dna-land; history-and-culture"
"wikipedia-people-402","wikipedia-kansas-people","person","Blake Treinen","Athletes","born 1988","Osage City","Listed by source as associated with Kansas; birthplace, residence and activity are not distinguished here.","https://en.wikipedia.org/w/index.php?title=List_of_people_from_Kansas&oldid=1361123532","https://en.wikipedia.org/wiki/List_of_people_from_Kansas#Athletes","Discovery index; confirm identity and Kansas relationship in independent evidence. Any dates are biographical year labels as listed, not verified event dates.","people-dna-land; history-and-culture"
"wikipedia-people-648","wikipedia-kansas-people","person","Bob Dole","Politics and law","1923–2021","Russell","Listed by source as associated with Kansas; birthplace, residence and activity are not distinguished here.","https://en.wikipedia.org/w/index.php?title=List_of_people_from_Kansas&oldid=1361123532","https://en.wikipedia.org/wiki/List_of_people_from_Kansas#Politics_and_law","Discovery index; confirm identity and Kansas relationship in independent evidence. Any dates are biographical year labels as listed, not verified event dates.","people-dna-land; history-and-culture"
"wikipedia-people-367","wikipedia-kansas-people","person","Bob Orton","Athletes","1929–2006","Kansas City","Listed by source as associated with Kansas; birthplace, residence and activity are not distinguished here.","https://en.wikipedia.org/w/index.php?title=List_of_people_from_Kansas&oldid=1361123532","https://en.wikipedia.org/wiki/List_of_people_from_Kansas#Athletes","Discovery index; confirm identity and Kansas relationship in independent evidence. Any dates are biographical year labels as listed, not verified event dates.","people-dna-land; history-and-culture"
"wikipedia-people-368","wikipedia-kansas-people","person","Bob Orton Jr.","Athletes","born 1950","Kansas City","Listed by source as associated with Kansas; birthplace, residence and activity are not distinguished here.","https://en.wikipedia.org/w/index.php?title=List_of_people_from_Kansas&oldid=1361123532","https://en.wikipedia.org/wiki/List_of_people_from_Kansas#Athletes","Discovery index; confirm identity and Kansas relationship in independent evidence. Any dates are biographical year labels as listed, not verified event dates.","people-dna-land; history-and-culture"
"wikipedia-people-334","wikipedia-kansas-people","person","Bobby Henrich","Athletes","born 1938","Lawrence","Listed by source as associated with Kansas; birthplace, residence and activity are not distinguished here.","https://en.wikipedia.org/w/index.php?title=List_of_people_from_Kansas&oldid=1361123532","https://en.wikipedia.org/wiki/List_of_people_from_Kansas#Athletes","Discovery index; confirm identity and Kansas relationship in independent evidence. Any dates are biographical year labels as listed, not verified event dates.","people-dna-land; history-and-culture"
"wikipedia-people-348","wikipedia-kansas-people","person","Bobby Lashley","Athletes","born 1976","Junction City","Listed by source as associated with Kansas; birthplace, residence and activity are not distinguished here.","https://en.wikipedia.org/w/index.php?title=List_of_people_from_Kansas&oldid=1361123532","https://en.wikipedia.org/wiki/List_of_people_from_Kansas#Athletes","Discovery index; confirm identity and Kansas relationship in independent evidence. Any dates are biographical year labels as listed, not verified event dates.","people-dna-land; history-and-culture"
"wikipedia-people-253","wikipedia-kansas-people","person","Bobby Watson","Musicians","born 1953","Bonner Springs","Listed by source as associated with Kansas; birthplace, residence and activity are not distinguished here.","https://en.wikipedia.org/w/index.php?title=List_of_people_from_Kansas&oldid=1361123532","https://en.wikipedia.org/wiki/List_of_people_from_Kansas#Musicians","Discovery index; confirm identity and Kansas relationship in independent evidence. Any dates are biographical year labels as listed, not verified event dates.","people-dna-land; history-and-culture"
"wikipedia-people-413","wikipedia-kansas-people","person","Brad Ziegler","Athletes","born 1979","Pratt","Listed by source as associated with Kansas; birthplace, residence and activity are not distinguished here.","https://en.wikipedia.org/w/index.php?title=List_of_people_from_Kansas&oldid=1361123532","https://en.wikipedia.org/wiki/List_of_people_from_Kansas#Athletes","Discovery index; confirm identity and Kansas relationship in independent evidence. Any dates are biographical year labels as listed, not verified event dates.","people-dna-land; history-and-culture"
"wikipedia-people-681","wikipedia-kansas-people","person","Bradley Schlozman","Politics and law","born 1971","Overland Park","Listed by source as associated with Kansas; birthplace, residence and activity are not distinguished here.","https://en.wikipedia.org/w/index.php?title=List_of_people_from_Kansas&oldid=1361123532","https://en.wikipedia.org/wiki/List_of_people_from_Kansas#Politics_and_law","Discovery index; confirm identity and Kansas relationship in independent evidence. Any dates are biographical year labels as listed, not verified event dates.","people-dna-land; history-and-culture"
"wikipedia-people-500","wikipedia-kansas-people","person","Brandon Adams","Actors and performers","born 1979","Topeka","Listed by source as associated with Kansas; birthplace, residence and activity are not distinguished here.","https://en.wikipedia.org/w/index.php?title=List_of_people_from_Kansas&oldid=1361123532","https://en.wikipedia.org/wiki/List_of_people_from_Kansas#Actors_and_performers","Discovery index; confirm identity and Kansas relationship in independent evidence. Any dates are biographical year labels as listed, not verified event dates.","people-dna-land; history-and-culture"
"wikipedia-people-376","wikipedia-kansas-people","person","Brandon Rios","Athletes","born 1986","Garden City","Listed by source as associated with Kansas; birthplace, residence and activity are not distinguished here.","https://en.wikipedia.org/w/index.php?title=List_of_people_from_Kansas&oldid=1361123532","https://en.wikipedia.org/wiki/List_of_people_from_Kansas#Athletes","Discovery index; confirm identity and Kansas relationship in independent evidence. Any dates are biographical year labels as listed, not verified event dates.","people-dna-land; history-and-culture"
"wikipedia-people-517","wikipedia-kansas-people","person","Brent Collins","Actors and performers","1941–1988","Plainville","Listed by source as associated with Kansas; birthplace, residence and activity are not distinguished here.","https://en.wikipedia.org/w/index.php?title=List_of_people_from_Kansas&oldid=1361123532","https://en.wikipedia.org/wiki/List_of_people_from_Kansas#Actors_and_performers","Discovery index; confirm identity and Kansas relationship in independent evidence. Any dates are biographical year labels as listed, not verified event dates.","people-dna-land; history-and-culture"
"wikipedia-people-452","wikipedia-kansas-people","person","Brent Venables","Coaches","born 1970","Salina","Listed by source as associated with Kansas; birthplace, residence and activity are not distinguished here.","https://en.wikipedia.org/w/index.php?title=List_of_people_from_Kansas&oldid=1361123532","https://en.wikipedia.org/wiki/List_of_people_from_Kansas#Coaches","Discovery index; confirm identity and Kansas relationship in independent evidence. Any dates are biographical year labels as listed, not verified event dates.","people-dna-land; history-and-culture"
"wikipedia-people-312","wikipedia-kansas-people","person","Brian Duensing","Athletes","born 1983","Marysville","Listed by source as associated with Kansas; birthplace, residence and activity are not distinguished here.","https://en.wikipedia.org/w/index.php?title=List_of_people_from_Kansas&oldid=1361123532","https://en.wikipedia.org/wiki/List_of_people_from_Kansas#Athletes","Discovery index; confirm identity and Kansas relationship in independent evidence. Any dates are biographical year labels as listed, not verified event dates.","people-dna-land; history-and-culture"
"wikipedia-people-234","wikipedia-kansas-people","person","Brian Leeds","Musicians","born 1991","Emporia .","Listed by source as associated with Kansas; birthplace, residence and activity are not distinguished here.","https://en.wikipedia.org/w/index.php?title=List_of_people_from_Kansas&oldid=1361123532","https://en.wikipedia.org/wiki/List_of_people_from_Kansas#Musicians","Discovery index; confirm identity and Kansas relationship in independent evidence. Any dates are biographical year labels as listed, not verified event dates.","people-dna-land; history-and-culture"
"wikipedia-people-357","wikipedia-kansas-people","person","Brian Moorman","Athletes","born 1976","Sedgwick","Listed by source as associated with Kansas; birthplace, residence and activity are not distinguished here.","https://en.wikipedia.org/w/index.php?title=List_of_people_from_Kansas&oldid=1361123532","https://en.wikipedia.org/wiki/List_of_people_from_Kansas#Athletes","Discovery index; confirm identity and Kansas relationship in independent evidence. Any dates are biographical year labels as listed, not verified event dates.","people-dna-land; history-and-culture"
"wikipedia-people-447","wikipedia-kansas-people","person","Brian Schottenheimer","Coaches","born 1973","Stilwell","Listed by source as associated with Kansas; birthplace, residence and activity are not distinguished here.","https://en.wikipedia.org/w/index.php?title=List_of_people_from_Kansas&oldid=1361123532","https://en.wikipedia.org/wiki/List_of_people_from_Kansas#Coaches","Discovery index; confirm identity and Kansas relationship in independent evidence. Any dates are biographical year labels as listed, not verified event dates.","people-dna-land; history-and-culture"
"wikipedia-people-526","wikipedia-kansas-people","person","Bridget Everett","Actors and performers","born 1972","Manhattan","Listed by source as associated with Kansas; birthplace, residence and activity are not distinguished here.","https://en.wikipedia.org/w/index.php?title=List_of_people_from_Kansas&oldid=1361123532","https://en.wikipedia.org/wiki/List_of_people_from_Kansas#Actors_and_performers","Discovery index; confirm identity and Kansas relationship in independent evidence. Any dates are biographical year labels as listed, not verified event dates.","people-dna-land; history-and-culture"
"wikipedia-people-313","wikipedia-kansas-people","person","Brody Eldridge","Athletes","born 1987","La Cygne","Listed by source as associated with Kansas; birthplace, residence and activity are not distinguished here.","https://en.wikipedia.org/w/index.php?title=List_of_people_from_Kansas&oldid=1361123532","https://en.wikipedia.org/wiki/List_of_people_from_Kansas#Athletes","Discovery index; confirm identity and Kansas relationship in independent evidence. Any dates are biographical year labels as listed, not verified event dates.","people-dna-land; history-and-culture"
"wikipedia-people-163","wikipedia-kansas-people","person","Bruce Conner","Artists","1933–2008","McPherson","Listed by source as associated with Kansas; birthplace, residence and activity are not distinguished here.","https://en.wikipedia.org/w/index.php?title=List_of_people_from_Kansas&oldid=1361123532","https://en.wikipedia.org/wiki/List_of_people_from_Kansas#Artists","Discovery index; confirm identity and Kansas relationship in independent evidence. Any dates are biographical year labels as listed, not verified event dates.","people-dna-land; history-and-culture"
"wikipedia-people-168","wikipedia-kansas-people","person","Bruce Helander","Artists","born 1947","Great Bend","Listed by source as associated with Kansas; birthplace, residence and activity are not distinguished here.","https://en.wikipedia.org/w/index.php?title=List_of_people_from_Kansas&oldid=1361123532","https://en.wikipedia.org/wiki/List_of_people_from_Kansas#Artists","Discovery index; confirm identity and Kansas relationship in independent evidence. Any dates are biographical year labels as listed, not verified event dates.","people-dna-land; history-and-culture"
"wikipedia-people-288","wikipedia-kansas-people","person","Bryce Brown","Athletes","born 1991","Wichita","Listed by source as associated with Kansas; birthplace, residence and activity are not distinguished here.","https://en.wikipedia.org/w/index.php?title=List_of_people_from_Kansas&oldid=1361123532","https://en.wikipedia.org/wiki/List_of_people_from_Kansas#Athletes","Discovery index; confirm identity and Kansas relationship in independent evidence. Any dates are biographical year labels as listed, not verified event dates.","people-dna-land; history-and-culture"
"wikipedia-people-391","wikipedia-kansas-people","person","Bubba Starling","Athletes","born 1992","Gardner","Listed by source as associated with Kansas; birthplace, residence and activity are not distinguished here.","https://en.wikipedia.org/w/index.php?title=List_of_people_from_Kansas&oldid=1361123532","https://en.wikipedia.org/wiki/List_of_people_from_Kansas#Athletes","Discovery index; confirm identity and Kansas relationship in independent evidence. Any dates are biographical year labels as listed, not verified event dates.","people-dna-land; history-and-culture"
"wikipedia-people-222","wikipedia-kansas-people","person","Buck Clayton","Musicians","1911–1991","Parsons","Listed by source as associated with Kansas; birthplace, residence and activity are not distinguished here.","https://en.wikipedia.org/w/index.php?title=List_of_people_from_Kansas&oldid=1361123532","https://en.wikipedia.org/wiki/List_of_people_from_Kansas#Musicians","Discovery index; confirm identity and Kansas relationship in independent evidence. Any dates are biographical year labels as listed, not verified event dates.","people-dna-land; history-and-culture"
"wikipedia-people-812","wikipedia-kansas-people","person","Buffalo Bill Cody","Notable historical figures not from Kansas but who participated in a significant event in Kansas","1846–1917","Leavenworth","Listed by source as associated with Kansas; birthplace, residence and activity are not distinguished here.","https://en.wikipedia.org/w/index.php?title=List_of_people_from_Kansas&oldid=1361123532","https://en.wikipedia.org/wiki/List_of_people_from_Kansas#Notable_historical_figures_not_from_Kansas_but_who_participated_in_a_significant_event_in_Kansas","Discovery index; confirm identity and Kansas relationship in independent evidence. Any dates are biographical year labels as listed, not verified event dates.","people-dna-land; history-and-culture"
"wikipedia-people-545","wikipedia-kansas-people","person","Buster Keaton","Actors and performers","1895–1966","Piqua","Listed by source as associated with Kansas; birthplace, residence and activity are not distinguished here.","https://en.wikipedia.org/w/index.php?title=List_of_people_from_Kansas&oldid=1361123532","https://en.wikipedia.org/wiki/List_of_people_from_Kansas#Actors_and_performers","Discovery index; confirm identity and Kansas relationship in independent evidence. Any dates are biographical year labels as listed, not verified event dates.","people-dna-land; history-and-culture"
"wikipedia-people-749","wikipedia-kansas-people","person","C. Olin Ball","Scientists and programmers","1893–1982","Abilene","Listed by source as associated with Kansas; birthplace, residence and activity are not distinguished here.","https://en.wikipedia.org/w/index.php?title=List_of_people_from_Kansas&oldid=1361123532","https://en.wikipedia.org/wiki/List_of_people_from_Kansas#Scientists_and_programmers","Discovery index; confirm identity and Kansas relationship in independent evidence. Any dates are biographical year labels as listed, not verified event dates.","people-dna-land; history-and-culture"
"wikipedia-people-860","wikipedia-kansas-people","fictional","Cameron Mitchell","Fictional persons","","","Fictional character listed by source.","https://en.wikipedia.org/w/index.php?title=List_of_people_from_Kansas&oldid=1361123532","https://en.wikipedia.org/wiki/List_of_people_from_Kansas#Fictional_persons","Discovery index; confirm identity and Kansas relationship in independent evidence. Any dates are biographical year labels as listed, not verified event dates.","people-dna-land; history-and-culture"
"wikipedia-people-794","wikipedia-kansas-people","person","Candy Loving","Notable individuals","born 1956","Oswego","Listed by source as associated with Kansas; birthplace, residence and activity are not distinguished here.","https://en.wikipedia.org/w/index.php?title=List_of_people_from_Kansas&oldid=1361123532","https://en.wikipedia.org/wiki/List_of_people_from_Kansas#Notable_individuals","Discovery index; confirm identity and Kansas relationship in independent evidence. Any dates are biographical year labels as listed, not verified event dates.","people-dna-land; history-and-culture"
"wikipedia-people-658","wikipedia-kansas-people","person","Carl Hatch","Politics and law","1889–1963","Kirwin","Listed by source as associated with Kansas; birthplace, residence and activity are not distinguished here.","https://en.wikipedia.org/w/index.php?title=List_of_people_from_Kansas&oldid=1361123532","https://en.wikipedia.org/wiki/List_of_people_from_Kansas#Politics_and_law","Discovery index; confirm identity and Kansas relationship in independent evidence. Any dates are biographical year labels as listed, not verified event dates.","people-dna-land; history-and-culture"
"wikipedia-people-486","wikipedia-kansas-people","person","Carl Ice","Businesspeople and inventors","born 1956","Topeka","Listed by source as associated with Kansas; birthplace, residence and activity are not distinguished here.","https://en.wikipedia.org/w/index.php?title=List_of_people_from_Kansas&oldid=1361123532","https://en.wikipedia.org/wiki/List_of_people_from_Kansas#Businesspeople_and_inventors","Discovery index; confirm identity and Kansas relationship in independent evidence. Any dates are biographical year labels as listed, not verified event dates.","people-dna-land; history-and-culture"
"wikipedia-people-754","wikipedia-kansas-people","person","Carl Owen Dunbar","Scientists and programmers","1891–1979","Cherokee County","Listed by source as associated with Kansas; birthplace, residence and activity are not distinguished here.","https://en.wikipedia.org/w/index.php?title=List_of_people_from_Kansas&oldid=1361123532","https://en.wikipedia.org/wiki/List_of_people_from_Kansas#Scientists_and_programmers","Discovery index; confirm identity and Kansas relationship in independent evidence. Any dates are biographical year labels as listed, not verified event dates.","people-dna-land; history-and-culture"
"wikipedia-people-792","wikipedia-kansas-people","person","Carrie Ingalls","Notable individuals","1870–1946","Near Independence (source narrative)","Listed by source as associated with Kansas; birthplace, residence and activity are not distinguished here.","https://en.wikipedia.org/w/index.php?title=List_of_people_from_Kansas&oldid=1361123532","https://en.wikipedia.org/wiki/List_of_people_from_Kansas#Notable_individuals","Discovery index; confirm identity and Kansas relationship in independent evidence. Any dates are biographical year labels as listed, not verified event dates.","people-dna-land; history-and-culture"
"wikipedia-people-821","wikipedia-kansas-people","person","Carrie Nation","Notable historical figures not from Kansas but who participated in a significant event in Kansas","1846–1911","Medicine Lodge","Listed by source as associated with Kansas; birthplace, residence and activity are not distinguished here.","https://en.wikipedia.org/w/index.php?title=List_of_people_from_Kansas&oldid=1361123532","https://en.wikipedia.org/wiki/List_of_people_from_Kansas#Notable_historical_figures_not_from_Kansas_but_who_participated_in_a_significant_event_in_Kansas","Discovery index; confirm identity and Kansas relationship in independent evidence. Any dates are biographical year labels as listed, not verified event dates.","people-dna-land; history-and-culture"
"wikipedia-people-805","wikipedia-kansas-people","person","Carrie Westcott","Notable individuals","born 1969","Mission Hills","Listed by source as associated with Kansas; birthplace, residence and activity are not distinguished here.","https://en.wikipedia.org/w/index.php?title=List_of_people_from_Kansas&oldid=1361123532","https://en.wikipedia.org/wiki/List_of_people_from_Kansas#Notable_individuals","Discovery index; confirm identity and Kansas relationship in independent evidence. Any dates are biographical year labels as listed, not verified event dates.","people-dna-land; history-and-culture"
"wikipedia-people-533","wikipedia-kansas-people","person","Cary Guffey","Actors and performers","born 1972","Topeka","Listed by source as associated with Kansas; birthplace, residence and activity are not distinguished here.","https://en.wikipedia.org/w/index.php?title=List_of_people_from_Kansas&oldid=1361123532","https://en.wikipedia.org/wiki/List_of_people_from_Kansas#Actors_and_performers","Discovery index; confirm identity and Kansas relationship in independent evidence. Any dates are biographical year labels as listed, not verified event dates.","people-dna-land; history-and-culture"
"wikipedia-people-556","wikipedia-kansas-people","person","Cassandra Peterson","Actors and performers","born 1951","Manhattan","Listed by source as associated with Kansas; birthplace, residence and activity are not distinguished here.","https://en.wikipedia.org/w/index.php?title=List_of_people_from_Kansas&oldid=1361123532","https://en.wikipedia.org/wiki/List_of_people_from_Kansas#Actors_and_performers","Discovery index; confirm identity and Kansas relationship in independent evidence. Any dates are biographical year labels as listed, not verified event dates.","people-dna-land; history-and-culture"
"wikipedia-people-562","wikipedia-kansas-people","person","Charles ""Buddy"" Rogers","Actors and performers","1904–1991","Olathe","Listed by source as associated with Kansas; birthplace, residence and activity are not distinguished here.","https://en.wikipedia.org/w/index.php?title=List_of_people_from_Kansas&oldid=1361123532","https://en.wikipedia.org/wiki/List_of_people_from_Kansas#Actors_and_performers","Discovery index; confirm identity and Kansas relationship in independent evidence. Any dates are biographical year labels as listed, not verified event dates.","people-dna-land; history-and-culture"
"wikipedia-people-748","wikipedia-kansas-people","person","Charles Bachman","Scientists and programmers","1924–2017","Manhattan","Listed by source as associated with Kansas; birthplace, residence and activity are not distinguished here.","https://en.wikipedia.org/w/index.php?title=List_of_people_from_Kansas&oldid=1361123532","https://en.wikipedia.org/wiki/List_of_people_from_Kansas#Scientists_and_programmers","Discovery index; confirm identity and Kansas relationship in independent evidence. Any dates are biographical year labels as listed, not verified event dates.","people-dna-land; history-and-culture"
"wikipedia-people-645","wikipedia-kansas-people","person","Charles Curtis","Politics and law","1860–1936","Topeka","Listed by source as associated with Kansas; birthplace, residence and activity are not distinguished here.","https://en.wikipedia.org/w/index.php?title=List_of_people_from_Kansas&oldid=1361123532","https://en.wikipedia.org/wiki/List_of_people_from_Kansas#Politics_and_law","Discovery index; confirm identity and Kansas relationship in independent evidence. Any dates are biographical year labels as listed, not verified event dates.","people-dna-land; history-and-culture"
"wikipedia-people-763","wikipedia-kansas-people","person","Charles D. Michener","Scientists and programmers","1918–2015","Lawrence","Listed by source as associated with Kansas; birthplace, residence and activity are not distinguished here.","https://en.wikipedia.org/w/index.php?title=List_of_people_from_Kansas&oldid=1361123532","https://en.wikipedia.org/wiki/List_of_people_from_Kansas#Scientists_and_programmers","Discovery index; confirm identity and Kansas relationship in independent evidence. Any dates are biographical year labels as listed, not verified event dates.","people-dna-land; history-and-culture"
"wikipedia-people-488","wikipedia-kansas-people","person","Charles G. Koch","Businesspeople and inventors","born 1935","Wichita","Listed by source as associated with Kansas; birthplace, residence and activity are not distinguished here.","https://en.wikipedia.org/w/index.php?title=List_of_people_from_Kansas&oldid=1361123532","https://en.wikipedia.org/wiki/List_of_people_from_Kansas#Businesspeople_and_inventors","Discovery index; confirm identity and Kansas relationship in independent evidence. Any dates are biographical year labels as listed, not verified event dates.","people-dna-land; history-and-culture"
"wikipedia-people-729","wikipedia-kansas-people","person","Charles J. Chaput","Religious","born 1944","Concordia","Listed by source as associated with Kansas; birthplace, residence and activity are not distinguished here.","https://en.wikipedia.org/w/index.php?title=List_of_people_from_Kansas&oldid=1361123532","https://en.wikipedia.org/wiki/List_of_people_from_Kansas#Religious","Discovery index; confirm identity and Kansas relationship in independent evidence. Any dates are biographical year labels as listed, not verified event dates.","people-dna-land; history-and-culture"
"wikipedia-people-244","wikipedia-kansas-people","person","Charlie Parker","Musicians","1920–1955","Kansas City","Listed by source as associated with Kansas; birthplace, residence and activity are not distinguished here.","https://en.wikipedia.org/w/index.php?title=List_of_people_from_Kansas&oldid=1361123532","https://en.wikipedia.org/wiki/List_of_people_from_Kansas#Musicians","Discovery index; confirm identity and Kansas relationship in independent evidence. Any dates are biographical year labels as listed, not verified event dates.","people-dna-land; history-and-culture"
"wikipedia-people-275","wikipedia-kansas-people","person","Chase Austin","Athletes","born 1989","Eudora","Listed by source as associated with Kansas; birthplace, residence and activity are not distinguished here.","https://en.wikipedia.org/w/index.php?title=List_of_people_from_Kansas&oldid=1361123532","https://en.wikipedia.org/wiki/List_of_people_from_Kansas#Athletes","Discovery index; confirm identity and Kansas relationship in independent evidence. Any dates are biographical year labels as listed, not verified event dates.","people-dna-land; history-and-culture"
"wikipedia-people-258","wikipedia-kansas-people","person","Chely Wright","Musicians","born 1970","Wellsville","Listed by source as associated with Kansas; birthplace, residence and activity are not distinguished here.","https://en.wikipedia.org/w/index.php?title=List_of_people_from_Kansas&oldid=1361123532","https://en.wikipedia.org/wiki/List_of_people_from_Kansas#Musicians","Discovery index; confirm identity and Kansas relationship in independent evidence. Any dates are biographical year labels as listed, not verified event dates.","people-dna-land; history-and-culture"
"wikipedia-people-214","wikipedia-kansas-people","person","Chris Arpad","Musicians","","McPherson","Listed by source as associated with Kansas; birthplace, residence and activity are not distinguished here.","https://en.wikipedia.org/w/index.php?title=List_of_people_from_Kansas&oldid=1361123532","https://en.wikipedia.org/wiki/List_of_people_from_Kansas#Musicians","Discovery index; confirm identity and Kansas relationship in independent evidence. Any dates are biographical year labels as listed, not verified event dates.","people-dna-land; history-and-culture"
"wikipedia-people-276","wikipedia-kansas-people","person","Chris Babb","Athletes","born 1990","Topeka","Listed by source as associated with Kansas; birthplace, residence and activity are not distinguished here.","https://en.wikipedia.org/w/index.php?title=List_of_people_from_Kansas&oldid=1361123532","https://en.wikipedia.org/wiki/List_of_people_from_Kansas#Athletes","Discovery index; confirm identity and Kansas relationship in independent evidence. Any dates are biographical year labels as listed, not verified event dates.","people-dna-land; history-and-culture"
"wikipedia-people-280","wikipedia-kansas-people","person","Chris Barnes","Athletes","born 1970","Topeka","Listed by source as associated with Kansas; birthplace, residence and activity are not distinguished here.","https://en.wikipedia.org/w/index.php?title=List_of_people_from_Kansas&oldid=1361123532","https://en.wikipedia.org/wiki/List_of_people_from_Kansas#Athletes","Discovery index; confirm identity and Kansas relationship in independent evidence. Any dates are biographical year labels as listed, not verified event dates.","people-dna-land; history-and-culture"
"wikipedia-people-597","wikipedia-kansas-people","person","Chris Buck","Directors","born 1960","Wichita","Listed by source as associated with Kansas; birthplace, residence and activity are not distinguished here.","https://en.wikipedia.org/w/index.php?title=List_of_people_from_Kansas&oldid=1361123532","https://en.wikipedia.org/wiki/List_of_people_from_Kansas#Directors","Discovery index; confirm identity and Kansas relationship in independent evidence. Any dates are biographical year labels as listed, not verified event dates.","people-dna-land; history-and-culture"
"wikipedia-people-558","wikipedia-kansas-people","person","Chris Porter","Actors and performers","born 1979","Olathe","Listed by source as associated with Kansas; birthplace, residence and activity are not distinguished here.","https://en.wikipedia.org/w/index.php?title=List_of_people_from_Kansas&oldid=1361123532","https://en.wikipedia.org/wiki/List_of_people_from_Kansas#Actors_and_performers","Discovery index; confirm identity and Kansas relationship in independent evidence. Any dates are biographical year labels as listed, not verified event dates.","people-dna-land; history-and-culture"
"wikipedia-people-678","wikipedia-kansas-people","person","Chuck Reed","Politics and law","born 1948","Garden City","Listed by source as associated with Kansas; birthplace, residence and activity are not distinguished here.","https://en.wikipedia.org/w/index.php?title=List_of_people_from_Kansas&oldid=1361123532","https://en.wikipedia.org/wiki/List_of_people_from_Kansas#Politics_and_law","Discovery index; confirm identity and Kansas relationship in independent evidence. Any dates are biographical year labels as listed, not verified event dates.","people-dna-land; history-and-culture"
"wikipedia-people-588","wikipedia-kansas-people","person","Claire Windsor","Actors and performers","1892–1972","Cawker City","Listed by source as associated with Kansas; birthplace, residence and activity are not distinguished here.","https://en.wikipedia.org/w/index.php?title=List_of_people_from_Kansas&oldid=1361123532","https://en.wikipedia.org/wiki/List_of_people_from_Kansas#Actors_and_performers","Discovery index; confirm identity and Kansas relationship in independent evidence. Any dates are biographical year labels as listed, not verified event dates.","people-dna-land; history-and-culture"
"wikipedia-people-187","wikipedia-kansas-people","person","Clara H. Hazelrigg","Authors","1861–1937","Council Grove","Listed by source as associated with Kansas; birthplace, residence and activity are not distinguished here.","https://en.wikipedia.org/w/index.php?title=List_of_people_from_Kansas&oldid=1361123532","https://en.wikipedia.org/wiki/List_of_people_from_Kansas#Authors","Discovery index; confirm identity and Kansas relationship in independent evidence. Any dates are biographical year labels as listed, not verified event dates.","people-dna-land; history-and-culture"
"wikipedia-people-855","wikipedia-kansas-people","fictional","Clark Joseph Kent","Fictional persons","","","Fictional character listed by source.","https://en.wikipedia.org/w/index.php?title=List_of_people_from_Kansas&oldid=1361123532","https://en.wikipedia.org/wiki/List_of_people_from_Kansas#Fictional_persons","Discovery index; confirm identity and Kansas relationship in independent evidence. Any dates are biographical year labels as listed, not verified event dates.","people-dna-land; history-and-culture"
"wikipedia-people-210","wikipedia-kansas-people","person","Clark Tippet","Dancers","1954–1992","Parsons","Listed by source as associated with Kansas; birthplace, residence and activity are not distinguished here.","https://en.wikipedia.org/w/index.php?title=List_of_people_from_Kansas&oldid=1361123532","https://en.wikipedia.org/wiki/List_of_people_from_Kansas#Dancers","Discovery index; confirm identity and Kansas relationship in independent evidence. Any dates are biographical year labels as listed, not verified event dates.","people-dna-land; history-and-culture"
"wikipedia-people-623","wikipedia-kansas-people","person","Clementine Paddleford","Journalists","1898–1967","Riley County","Listed by source as associated with Kansas; birthplace, residence and activity are not distinguished here.","https://en.wikipedia.org/w/index.php?title=List_of_people_from_Kansas&oldid=1361123532","https://en.wikipedia.org/wiki/List_of_people_from_Kansas#Journalists","Discovery index; confirm identity and Kansas relationship in independent evidence. Any dates are biographical year labels as listed, not verified event dates.","people-dna-land; history-and-culture"
"wikipedia-people-286","wikipedia-kansas-people","person","Clint Bowyer","Athletes","born 1979","Emporia","Listed by source as associated with Kansas; birthplace, residence and activity are not distinguished here.","https://en.wikipedia.org/w/index.php?title=List_of_people_from_Kansas&oldid=1361123532","https://en.wikipedia.org/wiki/List_of_people_from_Kansas#Athletes","Discovery index; confirm identity and Kansas relationship in independent evidence. Any dates are biographical year labels as listed, not verified event dates.","people-dna-land; history-and-culture"
"wikipedia-people-769","wikipedia-kansas-people","person","Clyde Tombaugh","Scientists and programmers","1906–1997","Burdett","Listed by source as associated with Kansas; birthplace, residence and activity are not distinguished here.","https://en.wikipedia.org/w/index.php?title=List_of_people_from_Kansas&oldid=1361123532","https://en.wikipedia.org/wiki/List_of_people_from_Kansas#Scientists_and_programmers","Discovery index; confirm identity and Kansas relationship in independent evidence. Any dates are biographical year labels as listed, not verified event dates.","people-dna-land; history-and-culture"
"wikipedia-people-459","wikipedia-kansas-people","person","Clyde Vernon Cessna","Aviators and astronauts","1879–1954","Rago","Listed by source as associated with Kansas; birthplace, residence and activity are not distinguished here.","https://en.wikipedia.org/w/index.php?title=List_of_people_from_Kansas&oldid=1361123532","https://en.wikipedia.org/wiki/List_of_people_from_Kansas#Aviators_and_astronauts","Discovery index; confirm identity and Kansas relationship in independent evidence. Any dates are biographical year labels as listed, not verified event dates.","people-dna-land; history-and-culture"
"wikipedia-people-859","wikipedia-kansas-people","fictional","Colleen McMurphy","Fictional persons","","","Fictional character listed by source.","https://en.wikipedia.org/w/index.php?title=List_of_people_from_Kansas&oldid=1361123532","https://en.wikipedia.org/wiki/List_of_people_from_Kansas#Fictional_persons","Discovery index; confirm identity and Kansas relationship in independent evidence. Any dates are biographical year labels as listed, not verified event dates.","people-dna-land; history-and-culture"
"wikipedia-people-536","wikipedia-kansas-people","person","Colton Haynes","Actors and performers","born 1988","Wichita","Listed by source as associated with Kansas; birthplace, residence and activity are not distinguished here.","https://en.wikipedia.org/w/index.php?title=List_of_people_from_Kansas&oldid=1361123532","https://en.wikipedia.org/wiki/List_of_people_from_Kansas#Actors_and_performers","Discovery index; confirm identity and Kansas relationship in independent evidence. Any dates are biographical year labels as listed, not verified event dates.","people-dna-land; history-and-culture"
"wikipedia-people-720","wikipedia-kansas-people","person","Conrad Schmidt","Military and national security","1830–1908","Ogden","Listed by source as associated with Kansas; birthplace, residence and activity are not distinguished here.","https://en.wikipedia.org/w/index.php?title=List_of_people_from_Kansas&oldid=1361123532","https://en.wikipedia.org/wiki/List_of_people_from_Kansas#Military_and_national_security","Discovery index; confirm identity and Kansas relationship in independent evidence. Any dates are biographical year labels as listed, not verified event dates.","people-dna-land; history-and-culture"
"wikipedia-people-845","wikipedia-kansas-people","fictional","Courage the Cowardly Dog","Fictional persons","","","Fictional character listed by source.","https://en.wikipedia.org/w/index.php?title=List_of_people_from_Kansas&oldid=1361123532","https://en.wikipedia.org/wiki/List_of_people_from_Kansas#Fictional_persons","Discovery index; confirm identity and Kansas relationship in independent evidence. Any dates are biographical year labels as listed, not verified event dates.","people-dna-land; history-and-culture"
"wikipedia-people-570","wikipedia-kansas-people","person","Cynthia Sikes","Actors and performers","born 1954","Coffeyville","Listed by source as associated with Kansas; birthplace, residence and activity are not distinguished here.","https://en.wikipedia.org/w/index.php?title=List_of_people_from_Kansas&oldid=1361123532","https://en.wikipedia.org/wiki/List_of_people_from_Kansas#Actors_and_performers","Discovery index; confirm identity and Kansas relationship in independent evidence. Any dates are biographical year labels as listed, not verified event dates.","people-dna-land; history-and-culture"
"wikipedia-people-685","wikipedia-kansas-people","person","Dale Swenson","Politics and law","born c. 1957","Wichita","Listed by source as associated with Kansas; birthplace, residence and activity are not distinguished here.","https://en.wikipedia.org/w/index.php?title=List_of_people_from_Kansas&oldid=1361123532","https://en.wikipedia.org/wiki/List_of_people_from_Kansas#Politics_and_law","Discovery index; confirm identity and Kansas relationship in independent evidence. Any dates are biographical year labels as listed, not verified event dates.","people-dna-land; history-and-culture"
"wikipedia-people-340","wikipedia-kansas-people","person","Damian Johnson","Athletes","born 1962","Great Bend","Listed by source as associated with Kansas; birthplace, residence and activity are not distinguished here.","https://en.wikipedia.org/w/index.php?title=List_of_people_from_Kansas&oldid=1361123532","https://en.wikipedia.org/wiki/List_of_people_from_Kansas#Athletes","Discovery index; confirm identity and Kansas relationship in independent evidence. Any dates are biographical year labels as listed, not verified event dates.","people-dna-land; history-and-culture"
"wikipedia-people-202","wikipedia-kansas-people","person","Damon Runyon","Authors","1880–1946","Manhattan","Listed by source as associated with Kansas; birthplace, residence and activity are not distinguished here.","https://en.wikipedia.org/w/index.php?title=List_of_people_from_Kansas&oldid=1361123532","https://en.wikipedia.org/wiki/List_of_people_from_Kansas#Authors","Discovery index; confirm identity and Kansas relationship in independent evidence. Any dates are biographical year labels as listed, not verified event dates.","people-dna-land; history-and-culture"
"wikipedia-people-477","wikipedia-kansas-people","person","Dan and Frank Carney","Businesspeople and inventors","Dan born 1931, Frank 1938–2020","Wichita","Listed by source as associated with Kansas; birthplace, residence and activity are not distinguished here.","https://en.wikipedia.org/w/index.php?title=List_of_people_from_Kansas&oldid=1361123532","https://en.wikipedia.org/wiki/List_of_people_from_Kansas#Businesspeople_and_inventors","Discovery index; confirm identity and Kansas relationship in independent evidence. Any dates are biographical year labels as listed, not verified event dates.","people-dna-land; history-and-culture"
"wikipedia-people-654","wikipedia-kansas-people","person","Dan Glickman","Politics and law","born 1944","Wichita","Listed by source as associated with Kansas; birthplace, residence and activity are not distinguished here.","https://en.wikipedia.org/w/index.php?title=List_of_people_from_Kansas&oldid=1361123532","https://en.wikipedia.org/wiki/List_of_people_from_Kansas#Politics_and_law","Discovery index; confirm identity and Kansas relationship in independent evidence. Any dates are biographical year labels as listed, not verified event dates.","people-dna-land; history-and-culture"
"wikipedia-people-798","wikipedia-kansas-people","person","Dan Perkins","Notable individuals","born 1961","Wichita","Listed by source as associated with Kansas; birthplace, residence and activity are not distinguished here.","https://en.wikipedia.org/w/index.php?title=List_of_people_from_Kansas&oldid=1361123532","https://en.wikipedia.org/wiki/List_of_people_from_Kansas#Notable_individuals","Discovery index; confirm identity and Kansas relationship in independent evidence. Any dates are biographical year labels as listed, not verified event dates.","people-dna-land; history-and-culture"
"wikipedia-people-463","wikipedia-kansas-people","person","Daniel Forbes","Aviators and astronauts","1920–1948","Carbondale","Listed by source as associated with Kansas; birthplace, residence and activity are not distinguished here.","https://en.wikipedia.org/w/index.php?title=List_of_people_from_Kansas&oldid=1361123532","https://en.wikipedia.org/wiki/List_of_people_from_Kansas#Aviators_and_astronauts","Discovery index; confirm identity and Kansas relationship in independent evidence. Any dates are biographical year labels as listed, not verified event dates.","people-dna-land; history-and-culture"
"wikipedia-people-778","wikipedia-kansas-people","person","Danni Boatwright","Notable individuals","born 1975","Tonganoxie","Listed by source as associated with Kansas; birthplace, residence and activity are not distinguished here.","https://en.wikipedia.org/w/index.php?title=List_of_people_from_Kansas&oldid=1361123532","https://en.wikipedia.org/wiki/List_of_people_from_Kansas#Notable_individuals","Discovery index; confirm identity and Kansas relationship in independent evidence. Any dates are biographical year labels as listed, not verified event dates.","people-dna-land; history-and-culture"
"wikipedia-people-219","wikipedia-kansas-people","person","Danny Carey","Musicians","born 1961","Lawrence","Listed by source as associated with Kansas; birthplace, residence and activity are not distinguished here.","https://en.wikipedia.org/w/index.php?title=List_of_people_from_Kansas&oldid=1361123532","https://en.wikipedia.org/wiki/List_of_people_from_Kansas#Musicians","Discovery index; confirm identity and Kansas relationship in independent evidence. Any dates are biographical year labels as listed, not verified event dates.","people-dna-land; history-and-culture"
"wikipedia-people-716","wikipedia-kansas-people","person","Danny J. Petersen","Military and national security","1949–1970","Netawaka","Listed by source as associated with Kansas; birthplace, residence and activity are not distinguished here.","https://en.wikipedia.org/w/index.php?title=List_of_people_from_Kansas&oldid=1361123532","https://en.wikipedia.org/wiki/List_of_people_from_Kansas#Military_and_national_security","Discovery index; confirm identity and Kansas relationship in independent evidence. Any dates are biographical year labels as listed, not verified event dates.","people-dna-land; history-and-culture"
"wikipedia-people-351","wikipedia-kansas-people","person","Danny Manning","Athletes","born 1966","Lawrence","Listed by source as associated with Kansas; birthplace, residence and activity are not distinguished here.","https://en.wikipedia.org/w/index.php?title=List_of_people_from_Kansas&oldid=1361123532","https://en.wikipedia.org/wiki/List_of_people_from_Kansas#Athletes","Discovery index; confirm identity and Kansas relationship in independent evidence. Any dates are biographical year labels as listed, not verified event dates.","people-dna-land; history-and-culture"
"wikipedia-people-800","wikipedia-kansas-people","person","Darrel Ray","Notable individuals","born 1950","Wichita","Listed by source as associated with Kansas; birthplace, residence and activity are not distinguished here.","https://en.wikipedia.org/w/index.php?title=List_of_people_from_Kansas&oldid=1361123532","https://en.wikipedia.org/wiki/List_of_people_from_Kansas#Notable_individuals","Discovery index; confirm identity and Kansas relationship in independent evidence. Any dates are biographical year labels as listed, not verified event dates.","people-dna-land; history-and-culture"
"wikipedia-people-395","wikipedia-kansas-people","person","Darrell Stuckey","Athletes","born 1987","Kansas City","Listed by source as associated with Kansas; birthplace, residence and activity are not distinguished here.","https://en.wikipedia.org/w/index.php?title=List_of_people_from_Kansas&oldid=1361123532","https://en.wikipedia.org/wiki/List_of_people_from_Kansas#Athletes","Discovery index; confirm identity and Kansas relationship in independent evidence. Any dates are biographical year labels as listed, not verified event dates.","people-dna-land; history-and-culture"
"wikipedia-people-305","wikipedia-kansas-people","person","Darren Daulton","Athletes","born 1962","Arkansas City","Listed by source as associated with Kansas; birthplace, residence and activity are not distinguished here.","https://en.wikipedia.org/w/index.php?title=List_of_people_from_Kansas&oldid=1361123532","https://en.wikipedia.org/wiki/List_of_people_from_Kansas#Athletes","Discovery index; confirm identity and Kansas relationship in independent evidence. Any dates are biographical year labels as listed, not verified event dates.","people-dna-land; history-and-culture"
"wikipedia-people-514","wikipedia-kansas-people","person","Darren E. Burrows","Actors and performers","born 1966","Winfield","Listed by source as associated with Kansas; birthplace, residence and activity are not distinguished here.","https://en.wikipedia.org/w/index.php?title=List_of_people_from_Kansas&oldid=1361123532","https://en.wikipedia.org/wiki/List_of_people_from_Kansas#Actors_and_performers","Discovery index; confirm identity and Kansas relationship in independent evidence. Any dates are biographical year labels as listed, not verified event dates.","people-dna-land; history-and-culture"
"wikipedia-people-596","wikipedia-kansas-people","person","Darren Lynn Bousman","Directors","born 1979","Overland Park","Listed by source as associated with Kansas; birthplace, residence and activity are not distinguished here.","https://en.wikipedia.org/w/index.php?title=List_of_people_from_Kansas&oldid=1361123532","https://en.wikipedia.org/wiki/List_of_people_from_Kansas#Directors","Discovery index; confirm identity and Kansas relationship in independent evidence. Any dates are biographical year labels as listed, not verified event dates.","people-dna-land; history-and-culture"
"wikipedia-people-390","wikipedia-kansas-people","person","Darren Sproles","Athletes","born 1983","Olathe","Listed by source as associated with Kansas; birthplace, residence and activity are not distinguished here.","https://en.wikipedia.org/w/index.php?title=List_of_people_from_Kansas&oldid=1361123532","https://en.wikipedia.org/wiki/List_of_people_from_Kansas#Athletes","Discovery index; confirm identity and Kansas relationship in independent evidence. Any dates are biographical year labels as listed, not verified event dates.","people-dna-land; history-and-culture"
"wikipedia-people-231","wikipedia-kansas-people","person","Dave Hope","Musicians","born 1949","Topeka","Listed by source as associated with Kansas; birthplace, residence and activity are not distinguished here.","https://en.wikipedia.org/w/index.php?title=List_of_people_from_Kansas&oldid=1361123532","https://en.wikipedia.org/wiki/List_of_people_from_Kansas#Musicians","Discovery index; confirm identity and Kansas relationship in independent evidence. Any dates are biographical year labels as listed, not verified event dates.","people-dna-land; history-and-culture"
"wikipedia-people-273","wikipedia-kansas-people","person","David Arkin","Athletes","born 1987","Wichita","Listed by source as associated with Kansas; birthplace, residence and activity are not distinguished here.","https://en.wikipedia.org/w/index.php?title=List_of_people_from_Kansas&oldid=1361123532","https://en.wikipedia.org/wiki/List_of_people_from_Kansas#Athletes","Discovery index; confirm identity and Kansas relationship in independent evidence. Any dates are biographical year labels as listed, not verified event dates.","people-dna-land; history-and-culture"
"wikipedia-people-480","wikipedia-kansas-people","person","David Dillon","Businesspeople and inventors","born 1951","Hutchinson","Listed by source as associated with Kansas; birthplace, residence and activity are not distinguished here.","https://en.wikipedia.org/w/index.php?title=List_of_people_from_Kansas&oldid=1361123532","https://en.wikipedia.org/wiki/List_of_people_from_Kansas#Businesspeople_and_inventors","Discovery index; confirm identity and Kansas relationship in independent evidence. Any dates are biographical year labels as listed, not verified event dates.","people-dna-land; history-and-culture"
"wikipedia-people-755","wikipedia-kansas-people","person","David Fairchild","Scientists and programmers","1869–1954","Manhattan","Listed by source as associated with Kansas; birthplace, residence and activity are not distinguished here.","https://en.wikipedia.org/w/index.php?title=List_of_people_from_Kansas&oldid=1361123532","https://en.wikipedia.org/wiki/List_of_people_from_Kansas#Scientists_and_programmers","Discovery index; confirm identity and Kansas relationship in independent evidence. Any dates are biographical year labels as listed, not verified event dates.","people-dna-land; history-and-culture"
"wikipedia-people-476","wikipedia-kansas-people","person","David G. Booth","Businesspeople and inventors","born 1946","Lawrence, Kansas","Listed by source as associated with Kansas; birthplace, residence and activity are not distinguished here.","https://en.wikipedia.org/w/index.php?title=List_of_people_from_Kansas&oldid=1361123532","https://en.wikipedia.org/wiki/List_of_people_from_Kansas#Businesspeople_and_inventors","Discovery index; confirm identity and Kansas relationship in independent evidence. Any dates are biographical year labels as listed, not verified event dates.","people-dna-land; history-and-culture"
"wikipedia-people-482","wikipedia-kansas-people","person","David Green","Businesspeople and inventors","born 1941","Emporia","Listed by source as associated with Kansas; birthplace, residence and activity are not distinguished here.","https://en.wikipedia.org/w/index.php?title=List_of_people_from_Kansas&oldid=1361123532","https://en.wikipedia.org/wiki/List_of_people_from_Kansas#Businesspeople_and_inventors","Discovery index; confirm identity and Kansas relationship in independent evidence. Any dates are biographical year labels as listed, not verified event dates.","people-dna-land; history-and-culture"
"wikipedia-people-489","wikipedia-kansas-people","person","David H. Koch","Businesspeople and inventors","1940–2019","Wichita","Listed by source as associated with Kansas; birthplace, residence and activity are not distinguished here.","https://en.wikipedia.org/w/index.php?title=List_of_people_from_Kansas&oldid=1361123532","https://en.wikipedia.org/wiki/List_of_people_from_Kansas#Businesspeople_and_inventors","Discovery index; confirm identity and Kansas relationship in independent evidence. Any dates are biographical year labels as listed, not verified event dates.","people-dna-land; history-and-culture"
"wikipedia-people-738","wikipedia-kansas-people","person","David Laurin Ricken","Religious","born 1954","Dodge City","Listed by source as associated with Kansas; birthplace, residence and activity are not distinguished here.","https://en.wikipedia.org/w/index.php?title=List_of_people_from_Kansas&oldid=1361123532","https://en.wikipedia.org/wiki/List_of_people_from_Kansas#Religious","Discovery index; confirm identity and Kansas relationship in independent evidence. Any dates are biographical year labels as listed, not verified event dates.","people-dna-land; history-and-culture"
"wikipedia-people-572","wikipedia-kansas-people","person","David Rees Snell","Actors and performers","born 1966","Wichita","Listed by source as associated with Kansas; birthplace, residence and activity are not distinguished here.","https://en.wikipedia.org/w/index.php?title=List_of_people_from_Kansas&oldid=1361123532","https://en.wikipedia.org/wiki/List_of_people_from_Kansas#Actors_and_performers","Discovery index; confirm identity and Kansas relationship in independent evidence. Any dates are biographical year labels as listed, not verified event dates.","people-dna-land; history-and-culture"
"wikipedia-people-255","wikipedia-kansas-people","person","David Wetzel","Musicians","born 1983","Westwood","Listed by source as associated with Kansas; birthplace, residence and activity are not distinguished here.","https://en.wikipedia.org/w/index.php?title=List_of_people_from_Kansas&oldid=1361123532","https://en.wikipedia.org/wiki/List_of_people_from_Kansas#Musicians","Discovery index; confirm identity and Kansas relationship in independent evidence. Any dates are biographical year labels as listed, not verified event dates.","people-dna-land; history-and-culture"
"wikipedia-people-216","wikipedia-kansas-people","person","Dawayne Bailey","Musicians","","Manhattan","Listed by source as associated with Kansas; birthplace, residence and activity are not distinguished here.","https://en.wikipedia.org/w/index.php?title=List_of_people_from_Kansas&oldid=1361123532","https://en.wikipedia.org/wiki/List_of_people_from_Kansas#Musicians","Discovery index; confirm identity and Kansas relationship in independent evidence. Any dates are biographical year labels as listed, not verified event dates.","people-dna-land; history-and-culture"
"wikipedia-people-448","wikipedia-kansas-people","person","Dean Smith","Coaches","1931–2015","Emporia","Listed by source as associated with Kansas; birthplace, residence and activity are not distinguished here.","https://en.wikipedia.org/w/index.php?title=List_of_people_from_Kansas&oldid=1361123532","https://en.wikipedia.org/wiki/List_of_people_from_Kansas#Coaches","Discovery index; confirm identity and Kansas relationship in independent evidence. Any dates are biographical year labels as listed, not verified event dates.","people-dna-land; history-and-culture"
"wikipedia-people-866","wikipedia-kansas-people","fictional","Dean Winchester","Fictional persons","","","Fictional character listed by source.","https://en.wikipedia.org/w/index.php?title=List_of_people_from_Kansas&oldid=1361123532","https://en.wikipedia.org/wiki/List_of_people_from_Kansas#Fictional_persons","Discovery index; confirm identity and Kansas relationship in independent evidence. Any dates are biographical year labels as listed, not verified event dates.","people-dna-land; history-and-culture"
"wikipedia-people-144","wikipedia-kansas-people","person","Deane Waldo Malott","Academics and Nobel Prize laureates","1898–1996","Abilene","Listed by source as associated with Kansas; birthplace, residence and activity are not distinguished here.","https://en.wikipedia.org/w/index.php?title=List_of_people_from_Kansas&oldid=1361123532","https://en.wikipedia.org/wiki/List_of_people_from_Kansas#Academics_and_Nobel_Prize_laureates","Discovery index; confirm identity and Kansas relationship in independent evidence. Any dates are biographical year labels as listed, not verified event dates.","people-dna-land; history-and-culture"
"wikipedia-people-832","wikipedia-kansas-people","person","Debora Green","Crime","born 1951","Prairie Village","Listed by source as associated with Kansas; birthplace, residence and activity are not distinguished here.","https://en.wikipedia.org/w/index.php?title=List_of_people_from_Kansas&oldid=1361123532","https://en.wikipedia.org/wiki/List_of_people_from_Kansas#Crime","Discovery index; confirm identity and Kansas relationship in independent evidence. Source section is a sensitive historical/criminal index; no allegation or conviction is asserted by this entry.","people-dna-land; history-and-culture"
"wikipedia-people-780","wikipedia-kansas-people","person","Deborah Bryant","Notable individuals","born 1946","Overland Park","Listed by source as associated with Kansas; birthplace, residence and activity are not distinguished here.","https://en.wikipedia.org/w/index.php?title=List_of_people_from_Kansas&oldid=1361123532","https://en.wikipedia.org/wiki/List_of_people_from_Kansas#Notable_individuals","Discovery index; confirm identity and Kansas relationship in independent evidence. Any dates are biographical year labels as listed, not verified event dates.","people-dna-land; history-and-culture"
"wikipedia-people-586","wikipedia-kansas-people","person","Dee Wallace","Actors and performers","born 1948","Kansas City","Listed by source as associated with Kansas; birthplace, residence and activity are not distinguished here.","https://en.wikipedia.org/w/index.php?title=List_of_people_from_Kansas&oldid=1361123532","https://en.wikipedia.org/wiki/List_of_people_from_Kansas#Actors_and_performers","Discovery index; confirm identity and Kansas relationship in independent evidence. Any dates are biographical year labels as listed, not verified event dates.","people-dna-land; history-and-culture"
"wikipedia-people-516","wikipedia-kansas-people","person","Del Close","Actors and performers","1934–1999","Manhattan","Listed by source as associated with Kansas; birthplace, residence and activity are not distinguished here.","https://en.wikipedia.org/w/index.php?title=List_of_people_from_Kansas&oldid=1361123532","https://en.wikipedia.org/wiki/List_of_people_from_Kansas#Actors_and_performers","Discovery index; confirm identity and Kansas relationship in independent evidence. Any dates are biographical year labels as listed, not verified event dates.","people-dna-land; history-and-culture"
"wikipedia-people-427","wikipedia-kansas-people","person","Dennis Franchione","Coaches","born 1951","Girard","Listed by source as associated with Kansas; birthplace, residence and activity are not distinguished here.","https://en.wikipedia.org/w/index.php?title=List_of_people_from_Kansas&oldid=1361123532","https://en.wikipedia.org/wiki/List_of_people_from_Kansas#Coaches","Discovery index; confirm identity and Kansas relationship in independent evidence. Any dates are biographical year labels as listed, not verified event dates.","people-dna-land; history-and-culture"
"wikipedia-people-535","wikipedia-kansas-people","person","Dennis Hayden","Actors and performers","born 1952","Girard","Listed by source as associated with Kansas; birthplace, residence and activity are not distinguished here.","https://en.wikipedia.org/w/index.php?title=List_of_people_from_Kansas&oldid=1361123532","https://en.wikipedia.org/wiki/List_of_people_from_Kansas#Actors_and_performers","Discovery index; confirm identity and Kansas relationship in independent evidence. Any dates are biographical year labels as listed, not verified event dates.","people-dna-land; history-and-culture"
"wikipedia-people-538","wikipedia-kansas-people","person","Dennis Hopper","Actors and performers","1936–2010","Dodge City","Listed by source as associated with Kansas; birthplace, residence and activity are not distinguished here.","https://en.wikipedia.org/w/index.php?title=List_of_people_from_Kansas&oldid=1361123532","https://en.wikipedia.org/wiki/List_of_people_from_Kansas#Actors_and_performers","Discovery index; confirm identity and Kansas relationship in independent evidence. Any dates are biographical year labels as listed, not verified event dates.","people-dna-land; history-and-culture"
"wikipedia-people-839","wikipedia-kansas-people","person","Dennis Rader","Crime","born 1945","Wichita","Listed by source as associated with Kansas; birthplace, residence and activity are not distinguished here.","https://en.wikipedia.org/w/index.php?title=List_of_people_from_Kansas&oldid=1361123532","https://en.wikipedia.org/wiki/List_of_people_from_Kansas#Crime","Discovery index; confirm identity and Kansas relationship in independent evidence. Source section is a sensitive historical/criminal index; no allegation or conviction is asserted by this entry.","people-dna-land; history-and-culture"
"wikipedia-people-847","wikipedia-kansas-people","fictional","Dennis the Menace","Fictional persons","","","Fictional character listed by source.","https://en.wikipedia.org/w/index.php?title=List_of_people_from_Kansas&oldid=1361123532","https://en.wikipedia.org/wiki/List_of_people_from_Kansas#Fictional_persons","Discovery index; confirm identity and Kansas relationship in independent evidence. Any dates are biographical year labels as listed, not verified event dates.","people-dna-land; history-and-culture"
"wikipedia-people-184","wikipedia-kansas-people","person","Don Coldsmith","Authors","1926–2009","Iola","Listed by source as associated with Kansas; birthplace, residence and activity are not distinguished here.","https://en.wikipedia.org/w/index.php?title=List_of_people_from_Kansas&oldid=1361123532","https://en.wikipedia.org/wiki/List_of_people_from_Kansas#Authors","Discovery index; confirm identity and Kansas relationship in independent evidence. Any dates are biographical year labels as listed, not verified event dates.","people-dna-land; history-and-culture"
"wikipedia-people-429","wikipedia-kansas-people","person","Don Gambril","Coaches","born 1934","Altamont","Listed by source as associated with Kansas; birthplace, residence and activity are not distinguished here.","https://en.wikipedia.org/w/index.php?title=List_of_people_from_Kansas&oldid=1361123532","https://en.wikipedia.org/wiki/List_of_people_from_Kansas#Coaches","Discovery index; confirm identity and Kansas relationship in independent evidence. Any dates are biographical year labels as listed, not verified event dates.","people-dna-land; history-and-culture"
"wikipedia-people-329","wikipedia-kansas-people","person","Don Gutteridge","Athletes","1912–2008","Pittsburg","Listed by source as associated with Kansas; birthplace, residence and activity are not distinguished here.","https://en.wikipedia.org/w/index.php?title=List_of_people_from_Kansas&oldid=1361123532","https://en.wikipedia.org/wiki/List_of_people_from_Kansas#Athletes","Discovery index; confirm identity and Kansas relationship in independent evidence. Any dates are biographical year labels as listed, not verified event dates.","people-dna-land; history-and-culture"
"wikipedia-people-335","wikipedia-kansas-people","person","Don Hill","Athletes","1904–1967","Hiawatha","Listed by source as associated with Kansas; birthplace, residence and activity are not distinguished here.","https://en.wikipedia.org/w/index.php?title=List_of_people_from_Kansas&oldid=1361123532","https://en.wikipedia.org/wiki/List_of_people_from_Kansas#Athletes","Discovery index; confirm identity and Kansas relationship in independent evidence. Any dates are biographical year labels as listed, not verified event dates.","people-dna-land; history-and-culture"
"wikipedia-people-541","wikipedia-kansas-people","person","Don Johnson","Actors and performers","born 1949","Wichita","Listed by source as associated with Kansas; birthplace, residence and activity are not distinguished here.","https://en.wikipedia.org/w/index.php?title=List_of_people_from_Kansas&oldid=1361123532","https://en.wikipedia.org/wiki/List_of_people_from_Kansas#Actors_and_performers","Discovery index; confirm identity and Kansas relationship in independent evidence. Any dates are biographical year labels as listed, not verified event dates.","people-dna-land; history-and-culture"
"wikipedia-people-465","wikipedia-kansas-people","person","Donald Hudson","Aviators and astronauts","1895–1967","Topeka","Listed by source as associated with Kansas; birthplace, residence and activity are not distinguished here.","https://en.wikipedia.org/w/index.php?title=List_of_people_from_Kansas&oldid=1361123532","https://en.wikipedia.org/wiki/List_of_people_from_Kansas#Aviators_and_astronauts","Discovery index; confirm identity and Kansas relationship in independent evidence. Any dates are biographical year labels as listed, not verified event dates.","people-dna-land; history-and-culture"
"wikipedia-people-719","wikipedia-kansas-people","person","Donald K. Ross","Military and national security","1910–1992","Beverly","Listed by source as associated with Kansas; birthplace, residence and activity are not distinguished here.","https://en.wikipedia.org/w/index.php?title=List_of_people_from_Kansas&oldid=1361123532","https://en.wikipedia.org/wiki/List_of_people_from_Kansas#Military_and_national_security","Discovery index; confirm identity and Kansas relationship in independent evidence. Any dates are biographical year labels as listed, not verified event dates.","people-dna-land; history-and-culture"
"wikipedia-people-151","wikipedia-kansas-people","person","Donald Worster","Academics and Nobel Prize laureates","born 1941","Lawrence","Listed by source as associated with Kansas; birthplace, residence and activity are not distinguished here.","https://en.wikipedia.org/w/index.php?title=List_of_people_from_Kansas&oldid=1361123532","https://en.wikipedia.org/wiki/List_of_people_from_Kansas#Academics_and_Nobel_Prize_laureates","Discovery index; confirm identity and Kansas relationship in independent evidence. Any dates are biographical year labels as listed, not verified event dates.","people-dna-land; history-and-culture"
"wikipedia-people-815","wikipedia-kansas-people","person","Dora Hand","Notable historical figures not from Kansas but who participated in a significant event in Kansas","1844–1878","","Listed by source as associated with Kansas; birthplace, residence and activity are not distinguished here.","https://en.wikipedia.org/w/index.php?title=List_of_people_from_Kansas&oldid=1361123532","https://en.wikipedia.org/wiki/List_of_people_from_Kansas#Notable_historical_figures_not_from_Kansas_but_who_participated_in_a_significant_event_in_Kansas","Discovery index; confirm identity and Kansas relationship in independent evidence. Any dates are biographical year labels as listed, not verified event dates.","people-dna-land; history-and-culture"
"wikipedia-people-185","wikipedia-kansas-people","person","Dorothy Canfield Fisher","Authors","1879–1958","Lawrence","Listed by source as associated with Kansas; birthplace, residence and activity are not distinguished here.","https://en.wikipedia.org/w/index.php?title=List_of_people_from_Kansas&oldid=1361123532","https://en.wikipedia.org/wiki/List_of_people_from_Kansas#Authors","Discovery index; confirm identity and Kansas relationship in independent evidence. Any dates are biographical year labels as listed, not verified event dates.","people-dna-land; history-and-culture"
"wikipedia-people-223","wikipedia-kansas-people","person","Dorothy DeLay","Musicians","1917–2002","Medicine Lodge","Listed by source as associated with Kansas; birthplace, residence and activity are not distinguished here.","https://en.wikipedia.org/w/index.php?title=List_of_people_from_Kansas&oldid=1361123532","https://en.wikipedia.org/wiki/List_of_people_from_Kansas#Musicians","Discovery index; confirm identity and Kansas relationship in independent evidence. Any dates are biographical year labels as listed, not verified event dates.","people-dna-land; history-and-culture"
"wikipedia-people-850","wikipedia-kansas-people","fictional","Dorothy Gale","Fictional persons","","","Fictional character listed by source.","https://en.wikipedia.org/w/index.php?title=List_of_people_from_Kansas&oldid=1361123532","https://en.wikipedia.org/wiki/List_of_people_from_Kansas#Fictional_persons","Discovery index; confirm identity and Kansas relationship in independent evidence. Any dates are biographical year labels as listed, not verified event dates.","people-dna-land; history-and-culture"
"wikipedia-people-399","wikipedia-kansas-people","person","Doug Terry","Athletes","born 1968","Liberal","Listed by source as associated with Kansas; birthplace, residence and activity are not distinguished here.","https://en.wikipedia.org/w/index.php?title=List_of_people_from_Kansas&oldid=1361123532","https://en.wikipedia.org/wiki/List_of_people_from_Kansas#Athletes","Discovery index; confirm identity and Kansas relationship in independent evidence. Any dates are biographical year labels as listed, not verified event dates.","people-dna-land; history-and-culture"
"wikipedia-people-771","wikipedia-kansas-people","person","Douglas Youvan","Scientists and programmers","born 1955","Frontenac","Listed by source as associated with Kansas; birthplace, residence and activity are not distinguished here.","https://en.wikipedia.org/w/index.php?title=List_of_people_from_Kansas&oldid=1361123532","https://en.wikipedia.org/wiki/List_of_people_from_Kansas#Scientists_and_programmers","Discovery index; confirm identity and Kansas relationship in independent evidence. Any dates are biographical year labels as listed, not verified event dates.","people-dna-land; history-and-culture"
"wikipedia-people-721","wikipedia-kansas-people","person","Duane D. Thiessen","Military and national security","born 1951","Goessel","Listed by source as associated with Kansas; birthplace, residence and activity are not distinguished here.","https://en.wikipedia.org/w/index.php?title=List_of_people_from_Kansas&oldid=1361123532","https://en.wikipedia.org/wiki/List_of_people_from_Kansas#Military_and_national_security","Discovery index; confirm identity and Kansas relationship in independent evidence. Any dates are biographical year labels as listed, not verified event dates.","people-dna-land; history-and-culture"
"wikipedia-people-838","wikipedia-kansas-people","person","Duane Earl Pope","Crime","born 1943","Roxbury","Listed by source as associated with Kansas; birthplace, residence and activity are not distinguished here.","https://en.wikipedia.org/w/index.php?title=List_of_people_from_Kansas&oldid=1361123532","https://en.wikipedia.org/wiki/List_of_people_from_Kansas#Crime","Discovery index; confirm identity and Kansas relationship in independent evidence. Source section is a sensitive historical/criminal index; no allegation or conviction is asserted by this entry.","people-dna-land; history-and-culture"
"wikipedia-people-374","wikipedia-kansas-people","person","Dustin Richardson","Athletes","born 1984","Newton","Listed by source as associated with Kansas; birthplace, residence and activity are not distinguished here.","https://en.wikipedia.org/w/index.php?title=List_of_people_from_Kansas&oldid=1361123532","https://en.wikipedia.org/wiki/List_of_people_from_Kansas#Athletes","Discovery index; confirm identity and Kansas relationship in independent evidence. Any dates are biographical year labels as listed, not verified event dates.","people-dna-land; history-and-culture"
"wikipedia-people-649","wikipedia-kansas-people","person","Dwight Eisenhower","Politics and law","1890–1969","Abilene (born in Denison, Texas)","Listed by source as associated with Kansas; birthplace, residence and activity are not distinguished here.","https://en.wikipedia.org/w/index.php?title=List_of_people_from_Kansas&oldid=1361123532","https://en.wikipedia.org/wiki/List_of_people_from_Kansas#Politics_and_law","Discovery index; confirm identity and Kansas relationship in independent evidence. Any dates are biographical year labels as listed, not verified event dates.","people-dna-land; history-and-culture"
"wikipedia-people-703","wikipedia-kansas-people","person","Dwight Eisenhower","Military and national security","1890–1969","Abilene (born in Denison, Texas)","Listed by source as associated with Kansas; birthplace, residence and activity are not distinguished here.","https://en.wikipedia.org/w/index.php?title=List_of_people_from_Kansas&oldid=1361123532","https://en.wikipedia.org/wiki/List_of_people_from_Kansas#Military_and_national_security","Discovery index; confirm identity and Kansas relationship in independent evidence. Any dates are biographical year labels as listed, not verified event dates.","people-dna-land; history-and-culture"
"wikipedia-people-530","wikipedia-kansas-people","person","Dwight Frye","Actors and performers","1899–1943","Salina","Listed by source as associated with Kansas; birthplace, residence and activity are not distinguished here.","https://en.wikipedia.org/w/index.php?title=List_of_people_from_Kansas&oldid=1361123532","https://en.wikipedia.org/wiki/List_of_people_from_Kansas#Actors_and_performers","Discovery index; confirm identity and Kansas relationship in independent evidence. Any dates are biographical year labels as listed, not verified event dates.","people-dna-land; history-and-culture"
"wikipedia-people-619","wikipedia-kansas-people","person","E. W. Howe","Journalists","1853–1937","Atchison","Listed by source as associated with Kansas; birthplace, residence and activity are not distinguished here.","https://en.wikipedia.org/w/index.php?title=List_of_people_from_Kansas&oldid=1361123532","https://en.wikipedia.org/wiki/List_of_people_from_Kansas#Journalists","Discovery index; confirm identity and Kansas relationship in independent evidence. Any dates are biographical year labels as listed, not verified event dates.","people-dna-land; history-and-culture"
"wikipedia-people-638","wikipedia-kansas-people","person","Earl Browder","Politics and law","1891–1973","Wichita","Listed by source as associated with Kansas; birthplace, residence and activity are not distinguished here.","https://en.wikipedia.org/w/index.php?title=List_of_people_from_Kansas&oldid=1361123532","https://en.wikipedia.org/wiki/List_of_people_from_Kansas#Politics_and_law","Discovery index; confirm identity and Kansas relationship in independent evidence. Any dates are biographical year labels as listed, not verified event dates.","people-dna-land; history-and-culture"
"wikipedia-people-785","wikipedia-kansas-people","person","Earl Cole","Notable individuals","born 1971","Kansas City","Listed by source as associated with Kansas; birthplace, residence and activity are not distinguished here.","https://en.wikipedia.org/w/index.php?title=List_of_people_from_Kansas&oldid=1361123532","https://en.wikipedia.org/wiki/List_of_people_from_Kansas#Notable_individuals","Discovery index; confirm identity and Kansas relationship in independent evidence. Any dates are biographical year labels as listed, not verified event dates.","people-dna-land; history-and-culture"
"wikipedia-people-405","wikipedia-kansas-people","person","Earl Watson","Athletes","born 1979","Kansas City","Listed by source as associated with Kansas; birthplace, residence and activity are not distinguished here.","https://en.wikipedia.org/w/index.php?title=List_of_people_from_Kansas&oldid=1361123532","https://en.wikipedia.org/wiki/List_of_people_from_Kansas#Athletes","Discovery index; confirm identity and Kansas relationship in independent evidence. Any dates are biographical year labels as listed, not verified event dates.","people-dna-land; history-and-culture"
"wikipedia-people-150","wikipedia-kansas-people","person","Earl Wilbur Sutherland Jr.","Academics and Nobel Prize laureates","1915–1974","Burlingame","Listed by source as associated with Kansas; birthplace, residence and activity are not distinguished here.","https://en.wikipedia.org/w/index.php?title=List_of_people_from_Kansas&oldid=1361123532","https://en.wikipedia.org/wiki/List_of_people_from_Kansas#Academics_and_Nobel_Prize_laureates","Discovery index; confirm identity and Kansas relationship in independent evidence. Any dates are biographical year labels as listed, not verified event dates.","people-dna-land; history-and-culture"
"wikipedia-people-807","wikipedia-kansas-people","person","Earl Woods","Notable individuals","1932–2006","Manhattan","Listed by source as associated with Kansas; birthplace, residence and activity are not distinguished here.","https://en.wikipedia.org/w/index.php?title=List_of_people_from_Kansas&oldid=1361123532","https://en.wikipedia.org/wiki/List_of_people_from_Kansas#Notable_individuals","Discovery index; confirm identity and Kansas relationship in independent evidence. Any dates are biographical year labels as listed, not verified event dates.","people-dna-land; history-and-culture"
"wikipedia-people-758","wikipedia-kansas-people","person","Ebbe Hoff","Scientists and programmers","1906–1985","Rexford","Listed by source as associated with Kansas; birthplace, residence and activity are not distinguished here.","https://en.wikipedia.org/w/index.php?title=List_of_people_from_Kansas&oldid=1361123532","https://en.wikipedia.org/wiki/List_of_people_from_Kansas#Scientists_and_programmers","Discovery index; confirm identity and Kansas relationship in independent evidence. Any dates are biographical year labels as listed, not verified event dates.","people-dna-land; history-and-culture"
"wikipedia-people-450","wikipedia-kansas-people","person","Eddie Sutton","Coaches","1936–2020","Bucklin","Listed by source as associated with Kansas; birthplace, residence and activity are not distinguished here.","https://en.wikipedia.org/w/index.php?title=List_of_people_from_Kansas&oldid=1361123532","https://en.wikipedia.org/wiki/List_of_people_from_Kansas#Coaches","Discovery index; confirm identity and Kansas relationship in independent evidence. Any dates are biographical year labels as listed, not verified event dates.","people-dna-land; history-and-culture"
"wikipedia-people-167","wikipedia-kansas-people","person","Edgar Heap of Birds","Artists","born 1954","Wichita","Listed by source as associated with Kansas; birthplace, residence and activity are not distinguished here.","https://en.wikipedia.org/w/index.php?title=List_of_people_from_Kansas&oldid=1361123532","https://en.wikipedia.org/wiki/List_of_people_from_Kansas#Artists","Discovery index; confirm identity and Kansas relationship in independent evidence. Any dates are biographical year labels as listed, not verified event dates.","people-dna-land; history-and-culture"
"wikipedia-people-428","wikipedia-kansas-people","person","Edward C. Gallagher","Coaches","1887–1940","Perth","Listed by source as associated with Kansas; birthplace, residence and activity are not distinguished here.","https://en.wikipedia.org/w/index.php?title=List_of_people_from_Kansas&oldid=1361123532","https://en.wikipedia.org/wiki/List_of_people_from_Kansas#Coaches","Discovery index; confirm identity and Kansas relationship in independent evidence. Any dates are biographical year labels as listed, not verified event dates.","people-dna-land; history-and-culture"
"wikipedia-people-826","wikipedia-kansas-people","person","Edward J. Adams","Crime","1887–1921","Hutchinson","Listed by source as associated with Kansas; birthplace, residence and activity are not distinguished here.","https://en.wikipedia.org/w/index.php?title=List_of_people_from_Kansas&oldid=1361123532","https://en.wikipedia.org/wiki/List_of_people_from_Kansas#Crime","Discovery index; confirm identity and Kansas relationship in independent evidence. Source section is a sensitive historical/criminal index; no allegation or conviction is asserted by this entry.","people-dna-land; history-and-culture"
"wikipedia-people-274","wikipedia-kansas-people","person","Elden Auker","Athletes","1910–2006","Norcatur","Listed by source as associated with Kansas; birthplace, residence and activity are not distinguished here.","https://en.wikipedia.org/w/index.php?title=List_of_people_from_Kansas&oldid=1361123532","https://en.wikipedia.org/wiki/List_of_people_from_Kansas#Athletes","Discovery index; confirm identity and Kansas relationship in independent evidence. Any dates are biographical year labels as listed, not verified event dates.","people-dna-land; history-and-culture"
"wikipedia-people-304","wikipedia-kansas-people","person","Eldon Danenhauer","Athletes","1935–2021","Clay Center","Listed by source as associated with Kansas; birthplace, residence and activity are not distinguished here.","https://en.wikipedia.org/w/index.php?title=List_of_people_from_Kansas&oldid=1361123532","https://en.wikipedia.org/wiki/List_of_people_from_Kansas#Athletes","Discovery index; confirm identity and Kansas relationship in independent evidence. Any dates are biographical year labels as listed, not verified event dates.","people-dna-land; history-and-culture"
"wikipedia-people-181","wikipedia-kansas-people","person","Elizabeth Barr Arthur","Authors","1884–1971","Lincoln County","Listed by source as associated with Kansas; birthplace, residence and activity are not distinguished here.","https://en.wikipedia.org/w/index.php?title=List_of_people_from_Kansas&oldid=1361123532","https://en.wikipedia.org/wiki/List_of_people_from_Kansas#Authors","Discovery index; confirm identity and Kansas relationship in independent evidence. Any dates are biographical year labels as listed, not verified event dates.","people-dna-land; history-and-culture"
"wikipedia-people-616","wikipedia-kansas-people","person","Elizabeth Farnsworth","Journalists","born 1943","Topeka","Listed by source as associated with Kansas; birthplace, residence and activity are not distinguished here.","https://en.wikipedia.org/w/index.php?title=List_of_people_from_Kansas&oldid=1361123532","https://en.wikipedia.org/wiki/List_of_people_from_Kansas#Journalists","Discovery index; confirm identity and Kansas relationship in independent evidence. Any dates are biographical year labels as listed, not verified event dates.","people-dna-land; history-and-culture"
"wikipedia-people-169","wikipedia-kansas-people","person","Elizabeth Layton","Artists","1909–1993","Wellsville","Listed by source as associated with Kansas; birthplace, residence and activity are not distinguished here.","https://en.wikipedia.org/w/index.php?title=List_of_people_from_Kansas&oldid=1361123532","https://en.wikipedia.org/wiki/List_of_people_from_Kansas#Artists","Discovery index; confirm identity and Kansas relationship in independent evidence. Any dates are biographical year labels as listed, not verified event dates.","people-dna-land; history-and-culture"
"wikipedia-people-711","wikipedia-kansas-people","person","Elizabeth P. Hoisington","Military and national security","1918–2007","Newton","Listed by source as associated with Kansas; birthplace, residence and activity are not distinguished here.","https://en.wikipedia.org/w/index.php?title=List_of_people_from_Kansas&oldid=1361123532","https://en.wikipedia.org/wiki/List_of_people_from_Kansas#Military_and_national_security","Discovery index; confirm identity and Kansas relationship in independent evidence. Any dates are biographical year labels as listed, not verified event dates.","people-dna-land; history-and-culture"
"wikipedia-people-787","wikipedia-kansas-people","person","Elmer Dresslar Jr.","Notable individuals","1925–2005","St. Francis","Listed by source as associated with Kansas; birthplace, residence and activity are not distinguished here.","https://en.wikipedia.org/w/index.php?title=List_of_people_from_Kansas&oldid=1361123532","https://en.wikipedia.org/wiki/List_of_people_from_Kansas#Notable_individuals","Discovery index; confirm identity and Kansas relationship in independent evidence. Any dates are biographical year labels as listed, not verified event dates.","people-dna-land; history-and-culture"
"wikipedia-people-851","wikipedia-kansas-people","fictional","Elmer Gantry","Fictional persons","","","Fictional character listed by source.","https://en.wikipedia.org/w/index.php?title=List_of_people_from_Kansas&oldid=1361123532","https://en.wikipedia.org/wiki/List_of_people_from_Kansas#Fictional_persons","Discovery index; confirm identity and Kansas relationship in independent evidence. Any dates are biographical year labels as listed, not verified event dates.","people-dna-land; history-and-culture"
"wikipedia-people-337","wikipedia-kansas-people","person","Elon Hogsett","Athletes","1903–2001","Brownell","Listed by source as associated with Kansas; birthplace, residence and activity are not distinguished here.","https://en.wikipedia.org/w/index.php?title=List_of_people_from_Kansas&oldid=1361123532","https://en.wikipedia.org/wiki/List_of_people_from_Kansas#Athletes","Discovery index; confirm identity and Kansas relationship in independent evidence. Any dates are biographical year labels as listed, not verified event dates.","people-dna-land; history-and-culture"
"wikipedia-people-733","wikipedia-kansas-people","person","Emil Kapaun","Religious","1916–1951","Pilsen","Listed by source as associated with Kansas; birthplace, residence and activity are not distinguished here.","https://en.wikipedia.org/w/index.php?title=List_of_people_from_Kansas&oldid=1361123532","https://en.wikipedia.org/wiki/List_of_people_from_Kansas#Religious","Discovery index; confirm identity and Kansas relationship in independent evidence. Any dates are biographical year labels as listed, not verified event dates.","people-dna-land; history-and-culture"
"wikipedia-people-779","wikipedia-kansas-people","person","Emily Gibson Braerton","Notable individuals","1884–1966","Lawrence","Listed by source as associated with Kansas; birthplace, residence and activity are not distinguished here.","https://en.wikipedia.org/w/index.php?title=List_of_people_from_Kansas&oldid=1361123532","https://en.wikipedia.org/wiki/List_of_people_from_Kansas#Notable_individuals","Discovery index; confirm identity and Kansas relationship in independent evidence. Any dates are biographical year labels as listed, not verified event dates.","people-dna-land; history-and-culture"
"wikipedia-people-546","wikipedia-kansas-people","person","Emmett Kelly","Actors and performers","1898–1979","Sedan","Listed by source as associated with Kansas; birthplace, residence and activity are not distinguished here.","https://en.wikipedia.org/w/index.php?title=List_of_people_from_Kansas&oldid=1361123532","https://en.wikipedia.org/wiki/List_of_people_from_Kansas#Actors_and_performers","Discovery index; confirm identity and Kansas relationship in independent evidence. Any dates are biographical year labels as listed, not verified event dates.","people-dna-land; history-and-culture"
"wikipedia-people-291","wikipedia-kansas-people","person","Enos Cabell","Athletes","born 1949","Fort Riley","Listed by source as associated with Kansas; birthplace, residence and activity are not distinguished here.","https://en.wikipedia.org/w/index.php?title=List_of_people_from_Kansas&oldid=1361123532","https://en.wikipedia.org/wiki/List_of_people_from_Kansas#Athletes","Discovery index; confirm identity and Kansas relationship in independent evidence. Any dates are biographical year labels as listed, not verified event dates.","people-dna-land; history-and-culture"
"wikipedia-people-598","wikipedia-kansas-people","person","Eric Darnell","Directors","born 1960","Prairie Village","Listed by source as associated with Kansas; birthplace, residence and activity are not distinguished here.","https://en.wikipedia.org/w/index.php?title=List_of_people_from_Kansas&oldid=1361123532","https://en.wikipedia.org/wiki/List_of_people_from_Kansas#Directors","Discovery index; confirm identity and Kansas relationship in independent evidence. Any dates are biographical year labels as listed, not verified event dates.","people-dna-land; history-and-culture"
"wikipedia-people-833","wikipedia-kansas-people","person","Eric Harris","Crime","1981–1999","Wichita","Listed by source as associated with Kansas; birthplace, residence and activity are not distinguished here.","https://en.wikipedia.org/w/index.php?title=List_of_people_from_Kansas&oldid=1361123532","https://en.wikipedia.org/wiki/List_of_people_from_Kansas#Crime","Discovery index; confirm identity and Kansas relationship in independent evidence. Source section is a sensitive historical/criminal index; no allegation or conviction is asserted by this entry.","people-dna-land; history-and-culture"
"wikipedia-people-146","wikipedia-kansas-people","person","Eric K. Meyer","Academics and Nobel Prize laureates","born 1953","Marion","Listed by source as associated with Kansas; birthplace, residence and activity are not distinguished here.","https://en.wikipedia.org/w/index.php?title=List_of_people_from_Kansas&oldid=1361123532","https://en.wikipedia.org/wiki/List_of_people_from_Kansas#Academics_and_Nobel_Prize_laureates","Discovery index; confirm identity and Kansas relationship in independent evidence. Any dates are biographical year labels as listed, not verified event dates.","people-dna-land; history-and-culture"
"wikipedia-people-578","wikipedia-kansas-people","person","Eric Stonestreet","Actors and performers","born 1971","Kansas City","Listed by source as associated with Kansas; birthplace, residence and activity are not distinguished here.","https://en.wikipedia.org/w/index.php?title=List_of_people_from_Kansas&oldid=1361123532","https://en.wikipedia.org/wiki/List_of_people_from_Kansas#Actors_and_performers","Discovery index; confirm identity and Kansas relationship in independent evidence. Any dates are biographical year labels as listed, not verified event dates.","people-dna-land; history-and-culture"
"wikipedia-people-781","wikipedia-kansas-people","person","Erin Brockovich","Notable individuals","born 1960","Lawrence","Listed by source as associated with Kansas; birthplace, residence and activity are not distinguished here.","https://en.wikipedia.org/w/index.php?title=List_of_people_from_Kansas&oldid=1361123532","https://en.wikipedia.org/wiki/List_of_people_from_Kansas#Notable_individuals","Discovery index; confirm identity and Kansas relationship in independent evidence. Any dates are biographical year labels as listed, not verified event dates.","people-dna-land; history-and-culture"
"wikipedia-people-765","wikipedia-kansas-people","person","Ernest Fox Nichols","Scientists and programmers","1869–1924","Leavenworth County","Listed by source as associated with Kansas; birthplace, residence and activity are not distinguished here.","https://en.wikipedia.org/w/index.php?title=List_of_people_from_Kansas&oldid=1361123532","https://en.wikipedia.org/wiki/List_of_people_from_Kansas#Scientists_and_programmers","Discovery index; confirm identity and Kansas relationship in independent evidence. Any dates are biographical year labels as listed, not verified event dates.","people-dna-land; history-and-culture"
"wikipedia-people-624","wikipedia-kansas-people","person","Eugene C. Pulliam","Journalists","1889–1975","Ulysses","Listed by source as associated with Kansas; birthplace, residence and activity are not distinguished here.","https://en.wikipedia.org/w/index.php?title=List_of_people_from_Kansas&oldid=1361123532","https://en.wikipedia.org/wiki/List_of_people_from_Kansas#Journalists","Discovery index; confirm identity and Kansas relationship in independent evidence. Any dates are biographical year labels as listed, not verified event dates.","people-dna-land; history-and-culture"
"wikipedia-people-232","wikipedia-kansas-people","person","Eva Jessye","Musicians","1895–1992","Coffeyville","Listed by source as associated with Kansas; birthplace, residence and activity are not distinguished here.","https://en.wikipedia.org/w/index.php?title=List_of_people_from_Kansas&oldid=1361123532","https://en.wikipedia.org/wiki/List_of_people_from_Kansas#Musicians","Discovery index; confirm identity and Kansas relationship in independent evidence. Any dates are biographical year labels as listed, not verified event dates.","people-dna-land; history-and-culture"
"wikipedia-people-170","wikipedia-kansas-people","person","Evan Lindquist","Artists","born 1936","Salina","Listed by source as associated with Kansas; birthplace, residence and activity are not distinguished here.","https://en.wikipedia.org/w/index.php?title=List_of_people_from_Kansas&oldid=1361123532","https://en.wikipedia.org/wiki/List_of_people_from_Kansas#Artists","Discovery index; confirm identity and Kansas relationship in independent evidence. Any dates are biographical year labels as listed, not verified event dates.","people-dna-land; history-and-culture"
"wikipedia-people-552","wikipedia-kansas-people","person","Everett McGill","Actors and performers","born 1945","Kansas City","Listed by source as associated with Kansas; birthplace, residence and activity are not distinguished here.","https://en.wikipedia.org/w/index.php?title=List_of_people_from_Kansas&oldid=1361123532","https://en.wikipedia.org/wiki/List_of_people_from_Kansas#Actors_and_performers","Discovery index; confirm identity and Kansas relationship in independent evidence. Any dates are biographical year labels as listed, not verified event dates.","people-dna-land; history-and-culture"
"wikipedia-people-503","wikipedia-kansas-people","person","Fatty Arbuckle","Actors and performers","1887–1933","Smith Center","Listed by source as associated with Kansas; birthplace, residence and activity are not distinguished here.","https://en.wikipedia.org/w/index.php?title=List_of_people_from_Kansas&oldid=1361123532","https://en.wikipedia.org/wiki/List_of_people_from_Kansas#Actors_and_performers","Discovery index; confirm identity and Kansas relationship in independent evidence. Any dates are biographical year labels as listed, not verified event dates.","people-dna-land; history-and-culture"
"wikipedia-people-581","wikipedia-kansas-people","person","Fay Tincher","Actors and performers","1884–1983","Topeka","Listed by source as associated with Kansas; birthplace, residence and activity are not distinguished here.","https://en.wikipedia.org/w/index.php?title=List_of_people_from_Kansas&oldid=1361123532","https://en.wikipedia.org/wiki/List_of_people_from_Kansas#Actors_and_performers","Discovery index; confirm identity and Kansas relationship in independent evidence. Any dates are biographical year labels as listed, not verified event dates.","people-dna-land; history-and-culture"
"wikipedia-people-686","wikipedia-kansas-people","person","Forest Tennant","Politics and law","","Dodge City","Listed by source as associated with Kansas; birthplace, residence and activity are not distinguished here.","https://en.wikipedia.org/w/index.php?title=List_of_people_from_Kansas&oldid=1361123532","https://en.wikipedia.org/wiki/List_of_people_from_Kansas#Politics_and_law","Discovery index; confirm identity and Kansas relationship in independent evidence. Any dates are biographical year labels as listed, not verified event dates.","people-dna-land; history-and-culture"
"wikipedia-people-446","wikipedia-kansas-people","person","Francis Schmidt","Coaches","1885–1944","Downs","Listed by source as associated with Kansas; birthplace, residence and activity are not distinguished here.","https://en.wikipedia.org/w/index.php?title=List_of_people_from_Kansas&oldid=1361123532","https://en.wikipedia.org/wiki/List_of_people_from_Kansas#Coaches","Discovery index; confirm identity and Kansas relationship in independent evidence. Any dates are biographical year labels as listed, not verified event dates.","people-dna-land; history-and-culture"
"wikipedia-people-641","wikipedia-kansas-people","person","Frank Carlson","Politics and law","1893–1987","Concordia","Listed by source as associated with Kansas; birthplace, residence and activity are not distinguished here.","https://en.wikipedia.org/w/index.php?title=List_of_people_from_Kansas&oldid=1361123532","https://en.wikipedia.org/wiki/List_of_people_from_Kansas#Politics_and_law","Discovery index; confirm identity and Kansas relationship in independent evidence. Any dates are biographical year labels as listed, not verified event dates.","people-dna-land; history-and-culture"
"wikipedia-people-668","wikipedia-kansas-people","person","Frank H. Lee","Politics and law","1873–1952","De Soto","Listed by source as associated with Kansas; birthplace, residence and activity are not distinguished here.","https://en.wikipedia.org/w/index.php?title=List_of_people_from_Kansas&oldid=1361123532","https://en.wikipedia.org/wiki/List_of_people_from_Kansas#Politics_and_law","Discovery index; confirm identity and Kansas relationship in independent evidence. Any dates are biographical year labels as listed, not verified event dates.","people-dna-land; history-and-culture"
"wikipedia-people-237","wikipedia-kansas-people","person","Frank Luther","Musicians","1905–1980","Lakin","Listed by source as associated with Kansas; birthplace, residence and activity are not distinguished here.","https://en.wikipedia.org/w/index.php?title=List_of_people_from_Kansas&oldid=1361123532","https://en.wikipedia.org/wiki/List_of_people_from_Kansas#Musicians","Discovery index; confirm identity and Kansas relationship in independent evidence. Any dates are biographical year labels as listed, not verified event dates.","people-dna-land; history-and-culture"
"wikipedia-people-614","wikipedia-kansas-people","person","Frank Marshall Davis","Journalists","1905–1987","Arkansas City","Listed by source as associated with Kansas; birthplace, residence and activity are not distinguished here.","https://en.wikipedia.org/w/index.php?title=List_of_people_from_Kansas&oldid=1361123532","https://en.wikipedia.org/wiki/List_of_people_from_Kansas#Journalists","Discovery index; confirm identity and Kansas relationship in independent evidence. Any dates are biographical year labels as listed, not verified event dates.","people-dna-land; history-and-culture"
"wikipedia-people-829","wikipedia-kansas-people","person","Fred ""Killer"" Burke","Crime","1893–1940","Mapleton","Listed by source as associated with Kansas; birthplace, residence and activity are not distinguished here.","https://en.wikipedia.org/w/index.php?title=List_of_people_from_Kansas&oldid=1361123532","https://en.wikipedia.org/wiki/List_of_people_from_Kansas#Crime","Discovery index; confirm identity and Kansas relationship in independent evidence. Source section is a sensitive historical/criminal index; no allegation or conviction is asserted by this entry.","people-dna-land; history-and-culture"
"wikipedia-people-343","wikipedia-kansas-people","person","Fred Kipp","Athletes","born 1931","Piqua","Listed by source as associated with Kansas; birthplace, residence and activity are not distinguished here.","https://en.wikipedia.org/w/index.php?title=List_of_people_from_Kansas&oldid=1361123532","https://en.wikipedia.org/wiki/List_of_people_from_Kansas#Athletes","Discovery index; confirm identity and Kansas relationship in independent evidence. Any dates are biographical year labels as listed, not verified event dates.","people-dna-land; history-and-culture"
"wikipedia-people-194","wikipedia-kansas-people","person","Fred Myton","Authors","1885–1955","Garden City","Listed by source as associated with Kansas; birthplace, residence and activity are not distinguished here.","https://en.wikipedia.org/w/index.php?title=List_of_people_from_Kansas&oldid=1361123532","https://en.wikipedia.org/wiki/List_of_people_from_Kansas#Authors","Discovery index; confirm identity and Kansas relationship in independent evidence. Any dates are biographical year labels as listed, not verified event dates.","people-dna-land; history-and-culture"
"wikipedia-people-736","wikipedia-kansas-people","person","Fred Phelps","Religious","1929–2014","Topeka","Listed by source as associated with Kansas; birthplace, residence and activity are not distinguished here.","https://en.wikipedia.org/w/index.php?title=List_of_people_from_Kansas&oldid=1361123532","https://en.wikipedia.org/wiki/List_of_people_from_Kansas#Religious","Discovery index; confirm identity and Kansas relationship in independent evidence. Any dates are biographical year labels as listed, not verified event dates.","people-dna-land; history-and-culture"
"wikipedia-people-707","wikipedia-kansas-people","person","Frederick N. Funston","Military and national security","1865–1917","Iola","Listed by source as associated with Kansas; birthplace, residence and activity are not distinguished here.","https://en.wikipedia.org/w/index.php?title=List_of_people_from_Kansas&oldid=1361123532","https://en.wikipedia.org/wiki/List_of_people_from_Kansas#Military_and_national_security","Discovery index; confirm identity and Kansas relationship in independent evidence. Any dates are biographical year labels as listed, not verified event dates.","people-dna-land; history-and-culture"
"wikipedia-people-673","wikipedia-kansas-people","person","Gale Norton","Politics and law","born 1954","Wichita","Listed by source as associated with Kansas; birthplace, residence and activity are not distinguished here.","https://en.wikipedia.org/w/index.php?title=List_of_people_from_Kansas&oldid=1361123532","https://en.wikipedia.org/wiki/List_of_people_from_Kansas#Politics_and_law","Discovery index; confirm identity and Kansas relationship in independent evidence. Any dates are biographical year labels as listed, not verified event dates.","people-dna-land; history-and-culture"
"wikipedia-people-383","wikipedia-kansas-people","person","Gale Sayers","Athletes","1943–2020","Wichita","Listed by source as associated with Kansas; birthplace, residence and activity are not distinguished here.","https://en.wikipedia.org/w/index.php?title=List_of_people_from_Kansas&oldid=1361123532","https://en.wikipedia.org/wiki/List_of_people_from_Kansas#Athletes","Discovery index; confirm identity and Kansas relationship in independent evidence. Any dates are biographical year labels as listed, not verified event dates.","people-dna-land; history-and-culture"
"wikipedia-people-317","wikipedia-kansas-people","person","Galen Fiss","Athletes","1931–2006","Johnson City","Listed by source as associated with Kansas; birthplace, residence and activity are not distinguished here.","https://en.wikipedia.org/w/index.php?title=List_of_people_from_Kansas&oldid=1361123532","https://en.wikipedia.org/wiki/List_of_people_from_Kansas#Athletes","Discovery index; confirm identity and Kansas relationship in independent evidence. Any dates are biographical year labels as listed, not verified event dates.","people-dna-land; history-and-culture"
"wikipedia-people-657","wikipedia-kansas-people","person","Gary Hart","Politics and law","born 1936","Ottawa","Listed by source as associated with Kansas; birthplace, residence and activity are not distinguished here.","https://en.wikipedia.org/w/index.php?title=List_of_people_from_Kansas&oldid=1361123532","https://en.wikipedia.org/wiki/List_of_people_from_Kansas#Politics_and_law","Discovery index; confirm identity and Kansas relationship in independent evidence. Any dates are biographical year labels as listed, not verified event dates.","people-dna-land; history-and-culture"
"wikipedia-people-174","wikipedia-kansas-people","person","Gary Mark Smith","Artists","born 1956","Wichita","Listed by source as associated with Kansas; birthplace, residence and activity are not distinguished here.","https://en.wikipedia.org/w/index.php?title=List_of_people_from_Kansas&oldid=1361123532","https://en.wikipedia.org/wiki/List_of_people_from_Kansas#Artists","Discovery index; confirm identity and Kansas relationship in independent evidence. Any dates are biographical year labels as listed, not verified event dates.","people-dna-land; history-and-culture"
"wikipedia-people-436","wikipedia-kansas-people","person","Gary Patterson","Coaches","born 1960","Rozel","Listed by source as associated with Kansas; birthplace, residence and activity are not distinguished here.","https://en.wikipedia.org/w/index.php?title=List_of_people_from_Kansas&oldid=1361123532","https://en.wikipedia.org/wiki/List_of_people_from_Kansas#Coaches","Discovery index; confirm identity and Kansas relationship in independent evidence. Any dates are biographical year labels as listed, not verified event dates.","people-dna-land; history-and-culture"
"wikipedia-people-221","wikipedia-kansas-people","person","Gene Clark","Musicians","1944–1991","Bonner Springs","Listed by source as associated with Kansas; birthplace, residence and activity are not distinguished here.","https://en.wikipedia.org/w/index.php?title=List_of_people_from_Kansas&oldid=1361123532","https://en.wikipedia.org/wiki/List_of_people_from_Kansas#Musicians","Discovery index; confirm identity and Kansas relationship in independent evidence. Any dates are biographical year labels as listed, not verified event dates.","people-dna-land; history-and-culture"
"wikipedia-people-435","wikipedia-kansas-people","person","Gene Keady","Coaches","born 1936","Larned","Listed by source as associated with Kansas; birthplace, residence and activity are not distinguished here.","https://en.wikipedia.org/w/index.php?title=List_of_people_from_Kansas&oldid=1361123532","https://en.wikipedia.org/wiki/List_of_people_from_Kansas#Coaches","Discovery index; confirm identity and Kansas relationship in independent evidence. Any dates are biographical year labels as listed, not verified event dates.","people-dna-land; history-and-culture"
"wikipedia-people-346","wikipedia-kansas-people","person","Gene Krug","Athletes","born 1955","Garden City","Listed by source as associated with Kansas; birthplace, residence and activity are not distinguished here.","https://en.wikipedia.org/w/index.php?title=List_of_people_from_Kansas&oldid=1361123532","https://en.wikipedia.org/wiki/List_of_people_from_Kansas#Athletes","Discovery index; confirm identity and Kansas relationship in independent evidence. Any dates are biographical year labels as listed, not verified event dates.","people-dna-land; history-and-culture"
"wikipedia-people-630","wikipedia-kansas-people","person","Gene Wojciechowski","Journalists","","Salina","Listed by source as associated with Kansas; birthplace, residence and activity are not distinguished here.","https://en.wikipedia.org/w/index.php?title=List_of_people_from_Kansas&oldid=1361123532","https://en.wikipedia.org/wiki/List_of_people_from_Kansas#Journalists","Discovery index; confirm identity and Kansas relationship in independent evidence. Any dates are biographical year labels as listed, not verified event dates.","people-dna-land; history-and-culture"
"wikipedia-people-327","wikipedia-kansas-people","person","Geneo Grissom","Athletes","born 1992","Hutchinson","Listed by source as associated with Kansas; birthplace, residence and activity are not distinguished here.","https://en.wikipedia.org/w/index.php?title=List_of_people_from_Kansas&oldid=1361123532","https://en.wikipedia.org/wiki/List_of_people_from_Kansas#Athletes","Discovery index; confirm identity and Kansas relationship in independent evidence. Any dates are biographical year labels as listed, not verified event dates.","people-dna-land; history-and-culture"
"wikipedia-people-287","wikipedia-kansas-people","person","George Brett","Athletes","born 1953","Mission Hills","Listed by source as associated with Kansas; birthplace, residence and activity are not distinguished here.","https://en.wikipedia.org/w/index.php?title=List_of_people_from_Kansas&oldid=1361123532","https://en.wikipedia.org/wiki/List_of_people_from_Kansas#Athletes","Discovery index; confirm identity and Kansas relationship in independent evidence. Any dates are biographical year labels as listed, not verified event dates.","people-dna-land; history-and-culture"
"wikipedia-people-647","wikipedia-kansas-people","person","George Docking","Politics and law","1904–1964","Clay Center","Listed by source as associated with Kansas; birthplace, residence and activity are not distinguished here.","https://en.wikipedia.org/w/index.php?title=List_of_people_from_Kansas&oldid=1361123532","https://en.wikipedia.org/wiki/List_of_people_from_Kansas#Politics_and_law","Discovery index; confirm identity and Kansas relationship in independent evidence. Any dates are biographical year labels as listed, not verified event dates.","people-dna-land; history-and-culture"
"wikipedia-people-670","wikipedia-kansas-people","person","George McGill","Politics and law","1879–1963","Wichita","Listed by source as associated with Kansas; birthplace, residence and activity are not distinguished here.","https://en.wikipedia.org/w/index.php?title=List_of_people_from_Kansas&oldid=1361123532","https://en.wikipedia.org/wiki/List_of_people_from_Kansas#Politics_and_law","Discovery index; confirm identity and Kansas relationship in independent evidence. Any dates are biographical year labels as listed, not verified event dates.","people-dna-land; history-and-culture"
"wikipedia-people-555","wikipedia-kansas-people","person","George Murdock","Actors and performers","1930–2012","Salina","Listed by source as associated with Kansas; birthplace, residence and activity are not distinguished here.","https://en.wikipedia.org/w/index.php?title=List_of_people_from_Kansas&oldid=1361123532","https://en.wikipedia.org/wiki/List_of_people_from_Kansas#Actors_and_performers","Discovery index; confirm identity and Kansas relationship in independent evidence. Any dates are biographical year labels as listed, not verified event dates.","people-dna-land; history-and-culture"
"wikipedia-people-837","wikipedia-kansas-people","person","George Newcomb","Crime","1866–1895","Fort Scott","Listed by source as associated with Kansas; birthplace, residence and activity are not distinguished here.","https://en.wikipedia.org/w/index.php?title=List_of_people_from_Kansas&oldid=1361123532","https://en.wikipedia.org/wiki/List_of_people_from_Kansas#Crime","Discovery index; confirm identity and Kansas relationship in independent evidence. Source section is a sensitive historical/criminal index; no allegation or conviction is asserted by this entry.","people-dna-land; history-and-culture"
"wikipedia-people-717","wikipedia-kansas-people","person","George S. Robb","Military and national security","1887–1972","Assaria","Listed by source as associated with Kansas; birthplace, residence and activity are not distinguished here.","https://en.wikipedia.org/w/index.php?title=List_of_people_from_Kansas&oldid=1361123532","https://en.wikipedia.org/wiki/List_of_people_from_Kansas#Military_and_national_security","Discovery index; confirm identity and Kansas relationship in independent evidence. Any dates are biographical year labels as listed, not verified event dates.","people-dna-land; history-and-culture"
"wikipedia-people-768","wikipedia-kansas-people","person","George Tiller","Scientists and programmers","1941–2009","Wichita","Listed by source as associated with Kansas; birthplace, residence and activity are not distinguished here.","https://en.wikipedia.org/w/index.php?title=List_of_people_from_Kansas&oldid=1361123532","https://en.wikipedia.org/wiki/List_of_people_from_Kansas#Scientists_and_programmers","Discovery index; confirm identity and Kansas relationship in independent evidence. Any dates are biographical year labels as listed, not verified event dates.","people-dna-land; history-and-culture"
"wikipedia-people-752","wikipedia-kansas-people","person","George Washington Carver","Scientists and programmers","1864–1943","Minneapolis, Kansas","Listed by source as associated with Kansas; birthplace, residence and activity are not distinguished here.","https://en.wikipedia.org/w/index.php?title=List_of_people_from_Kansas&oldid=1361123532","https://en.wikipedia.org/wiki/List_of_people_from_Kansas#Scientists_and_programmers","Discovery index; confirm identity and Kansas relationship in independent evidence. Any dates are biographical year labels as listed, not verified event dates.","people-dna-land; history-and-culture"
"wikipedia-people-642","wikipedia-kansas-people","person","Georgia Neese Clark Gray","Politics and law","1900–1995","Richland","Listed by source as associated with Kansas; birthplace, residence and activity are not distinguished here.","https://en.wikipedia.org/w/index.php?title=List_of_people_from_Kansas&oldid=1361123532","https://en.wikipedia.org/wiki/List_of_people_from_Kansas#Politics_and_law","Discovery index; confirm identity and Kansas relationship in independent evidence. Any dates are biographical year labels as listed, not verified event dates.","people-dna-land; history-and-culture"
"wikipedia-people-743","wikipedia-kansas-people","person","Gerald B. Winrod","Religious","1900–1957","Wichita","Listed by source as associated with Kansas; birthplace, residence and activity are not distinguished here.","https://en.wikipedia.org/w/index.php?title=List_of_people_from_Kansas&oldid=1361123532","https://en.wikipedia.org/wiki/List_of_people_from_Kansas#Religious","Discovery index; confirm identity and Kansas relationship in independent evidence. Any dates are biographical year labels as listed, not verified event dates.","people-dna-land; history-and-culture"
"wikipedia-people-505","wikipedia-kansas-people","person","Gerry Bamman","Actors and performers","born 1941","Independence","Listed by source as associated with Kansas; birthplace, residence and activity are not distinguished here.","https://en.wikipedia.org/w/index.php?title=List_of_people_from_Kansas&oldid=1361123532","https://en.wikipedia.org/wiki/List_of_people_from_Kansas#Actors_and_performers","Discovery index; confirm identity and Kansas relationship in independent evidence. Any dates are biographical year labels as listed, not verified event dates.","people-dna-land; history-and-culture"
"wikipedia-people-852","wikipedia-kansas-people","fictional","Gil Hamilton","Fictional persons","","","Fictional character listed by source.","https://en.wikipedia.org/w/index.php?title=List_of_people_from_Kansas&oldid=1361123532","https://en.wikipedia.org/wiki/List_of_people_from_Kansas#Fictional_persons","Discovery index; confirm identity and Kansas relationship in independent evidence. Any dates are biographical year labels as listed, not verified event dates.","people-dna-land; history-and-culture"
"wikipedia-people-302","wikipedia-kansas-people","person","Glenn Cunningham","Athletes","1909–1988","Elkhart","Listed by source as associated with Kansas; birthplace, residence and activity are not distinguished here.","https://en.wikipedia.org/w/index.php?title=List_of_people_from_Kansas&oldid=1361123532","https://en.wikipedia.org/wiki/List_of_people_from_Kansas#Athletes","Discovery index; confirm identity and Kansas relationship in independent evidence. Any dates are biographical year labels as listed, not verified event dates.","people-dna-land; history-and-culture"
"wikipedia-people-466","wikipedia-kansas-people","person","Glenn L. Martin","Aviators and astronauts","1886–1955","Salina","Listed by source as associated with Kansas; birthplace, residence and activity are not distinguished here.","https://en.wikipedia.org/w/index.php?title=List_of_people_from_Kansas&oldid=1361123532","https://en.wikipedia.org/wiki/List_of_people_from_Kansas#Aviators_and_astronauts","Discovery index; confirm identity and Kansas relationship in independent evidence. Any dates are biographical year labels as listed, not verified event dates.","people-dna-land; history-and-culture"
"wikipedia-people-543","wikipedia-kansas-people","person","Gordon Jump","Actors and performers","1932–2003","Manhattan","Listed by source as associated with Kansas; birthplace, residence and activity are not distinguished here.","https://en.wikipedia.org/w/index.php?title=List_of_people_from_Kansas&oldid=1361123532","https://en.wikipedia.org/wiki/List_of_people_from_Kansas#Actors_and_performers","Discovery index; confirm identity and Kansas relationship in independent evidence. Any dates are biographical year labels as listed, not verified event dates.","people-dna-land; history-and-culture"
"wikipedia-people-172","wikipedia-kansas-people","person","Gordon Parks","Artists","1912–2006","Fort Scott","Listed by source as associated with Kansas; birthplace, residence and activity are not distinguished here.","https://en.wikipedia.org/w/index.php?title=List_of_people_from_Kansas&oldid=1361123532","https://en.wikipedia.org/wiki/List_of_people_from_Kansas#Artists","Discovery index; confirm identity and Kansas relationship in independent evidence. Any dates are biographical year labels as listed, not verified event dates.","people-dna-land; history-and-culture"
"wikipedia-people-605","wikipedia-kansas-people","person","Gordon Parks","Directors","1912–2006","Fort Scott","Listed by source as associated with Kansas; birthplace, residence and activity are not distinguished here.","https://en.wikipedia.org/w/index.php?title=List_of_people_from_Kansas&oldid=1361123532","https://en.wikipedia.org/wiki/List_of_people_from_Kansas#Directors","Discovery index; confirm identity and Kansas relationship in independent evidence. Any dates are biographical year labels as listed, not verified event dates.","people-dna-land; history-and-culture"
"wikipedia-people-744","wikipedia-kansas-people","person","Gordon Winrod","Religious","1926–2018","Hesston","Listed by source as associated with Kansas; birthplace, residence and activity are not distinguished here.","https://en.wikipedia.org/w/index.php?title=List_of_people_from_Kansas&oldid=1361123532","https://en.wikipedia.org/wiki/List_of_people_from_Kansas#Religious","Discovery index; confirm identity and Kansas relationship in independent evidence. Any dates are biographical year labels as listed, not verified event dates.","people-dna-land; history-and-culture"
"wikipedia-people-260","wikipedia-kansas-people","person","Gordon Young","Musicians","1919–1998","McPherson","Listed by source as associated with Kansas; birthplace, residence and activity are not distinguished here.","https://en.wikipedia.org/w/index.php?title=List_of_people_from_Kansas&oldid=1361123532","https://en.wikipedia.org/wiki/List_of_people_from_Kansas#Musicians","Discovery index; confirm identity and Kansas relationship in independent evidence. Any dates are biographical year labels as listed, not verified event dates.","people-dna-land; history-and-culture"
"wikipedia-people-159","wikipedia-kansas-people","person","Grace Bilger","Artists","1907–2000","Olathe","Listed by source as associated with Kansas; birthplace, residence and activity are not distinguished here.","https://en.wikipedia.org/w/index.php?title=List_of_people_from_Kansas&oldid=1361123532","https://en.wikipedia.org/wiki/List_of_people_from_Kansas#Artists","Discovery index; confirm identity and Kansas relationship in independent evidence. Any dates are biographical year labels as listed, not verified event dates.","people-dna-land; history-and-culture"
"wikipedia-people-251","wikipedia-kansas-people","person","Grace VanderWaal","Musicians","born 2004","","Listed by source as associated with Kansas; birthplace, residence and activity are not distinguished here.","https://en.wikipedia.org/w/index.php?title=List_of_people_from_Kansas&oldid=1361123532","https://en.wikipedia.org/wiki/List_of_people_from_Kansas#Musicians","Discovery index; confirm identity and Kansas relationship in independent evidence. Any dates are biographical year labels as listed, not verified event dates.","people-dna-land; history-and-culture"
"wikipedia-people-160","wikipedia-kansas-people","person","Grant Bond","Artists","born 1974","Kansas City","Listed by source as associated with Kansas; birthplace, residence and activity are not distinguished here.","https://en.wikipedia.org/w/index.php?title=List_of_people_from_Kansas&oldid=1361123532","https://en.wikipedia.org/wiki/List_of_people_from_Kansas#Artists","Discovery index; confirm identity and Kansas relationship in independent evidence. Any dates are biographical year labels as listed, not verified event dates.","people-dna-land; history-and-culture"
"wikipedia-people-722","wikipedia-kansas-people","person","Grant F. Timmerman","Military and national security","1919–1944","Americus","Listed by source as associated with Kansas; birthplace, residence and activity are not distinguished here.","https://en.wikipedia.org/w/index.php?title=List_of_people_from_Kansas&oldid=1361123532","https://en.wikipedia.org/wiki/List_of_people_from_Kansas#Military_and_national_security","Discovery index; confirm identity and Kansas relationship in independent evidence. Any dates are biographical year labels as listed, not verified event dates.","people-dna-land; history-and-culture"
"wikipedia-people-386","wikipedia-kansas-people","person","Grant Sherfield","Athletes","born 1999","","Listed by source as associated with Kansas; birthplace, residence and activity are not distinguished here.","https://en.wikipedia.org/w/index.php?title=List_of_people_from_Kansas&oldid=1361123532","https://en.wikipedia.org/wiki/List_of_people_from_Kansas#Athletes","Discovery index; confirm identity and Kansas relationship in independent evidence. Any dates are biographical year labels as listed, not verified event dates.","people-dna-land; history-and-culture"
"wikipedia-people-508","wikipedia-kansas-people","person","Gregg Binkley","Actors and performers","born 1963","Topeka","Listed by source as associated with Kansas; birthplace, residence and activity are not distinguished here.","https://en.wikipedia.org/w/index.php?title=List_of_people_from_Kansas&oldid=1361123532","https://en.wikipedia.org/wiki/List_of_people_from_Kansas#Actors_and_performers","Discovery index; confirm identity and Kansas relationship in independent evidence. Any dates are biographical year labels as listed, not verified event dates.","people-dna-land; history-and-culture"
"wikipedia-people-195","wikipedia-kansas-people","person","Gwendolen Overton","Authors","1874/76–1958","short story writer","Listed by source as associated with Kansas; birthplace, residence and activity are not distinguished here.","https://en.wikipedia.org/w/index.php?title=List_of_people_from_Kansas&oldid=1361123532","https://en.wikipedia.org/wiki/List_of_people_from_Kansas#Authors","Discovery index; confirm identity and Kansas relationship in independent evidence. Any dates are biographical year labels as listed, not verified event dates.","people-dna-land; history-and-culture"
"wikipedia-people-182","wikipedia-kansas-people","person","Gwendolyn Brooks","Authors","1917–2000","Topeka","Listed by source as associated with Kansas; birthplace, residence and activity are not distinguished here.","https://en.wikipedia.org/w/index.php?title=List_of_people_from_Kansas&oldid=1361123532","https://en.wikipedia.org/wiki/List_of_people_from_Kansas#Authors","Discovery index; confirm identity and Kansas relationship in independent evidence. Any dates are biographical year labels as listed, not verified event dates.","people-dna-land; history-and-culture"
"wikipedia-people-162","wikipedia-kansas-people","person","Gwendolyn Elizabeth Brooks","Artists","1917–2000","Topeka","Listed by source as associated with Kansas; birthplace, residence and activity are not distinguished here.","https://en.wikipedia.org/w/index.php?title=List_of_people_from_Kansas&oldid=1361123532","https://en.wikipedia.org/wiki/List_of_people_from_Kansas#Artists","Discovery index; confirm identity and Kansas relationship in independent evidence. Any dates are biographical year labels as listed, not verified event dates.","people-dna-land; history-and-culture"
"wikipedia-people-370","wikipedia-kansas-people","person","Hal Patterson","Athletes","1932–2011","Larned","Listed by source as associated with Kansas; birthplace, residence and activity are not distinguished here.","https://en.wikipedia.org/w/index.php?title=List_of_people_from_Kansas&oldid=1361123532","https://en.wikipedia.org/wiki/List_of_people_from_Kansas#Athletes","Discovery index; confirm identity and Kansas relationship in independent evidence. Any dates are biographical year labels as listed, not verified event dates.","people-dna-land; history-and-culture"
"wikipedia-people-806","wikipedia-kansas-people","person","Harold F. Williamson","Notable individuals","1901–1989","Piper","Listed by source as associated with Kansas; birthplace, residence and activity are not distinguished here.","https://en.wikipedia.org/w/index.php?title=List_of_people_from_Kansas&oldid=1361123532","https://en.wikipedia.org/wiki/List_of_people_from_Kansas#Notable_individuals","Discovery index; confirm identity and Kansas relationship in independent evidence. Any dates are biographical year labels as listed, not verified event dates.","people-dna-land; history-and-culture"
"wikipedia-people-352","wikipedia-kansas-people","person","Harold Manning","Athletes","1909–2003","Sedgwick","Listed by source as associated with Kansas; birthplace, residence and activity are not distinguished here.","https://en.wikipedia.org/w/index.php?title=List_of_people_from_Kansas&oldid=1361123532","https://en.wikipedia.org/wiki/List_of_people_from_Kansas#Athletes","Discovery index; confirm identity and Kansas relationship in independent evidence. Any dates are biographical year labels as listed, not verified event dates.","people-dna-land; history-and-culture"
"wikipedia-people-683","wikipedia-kansas-people","person","Harold Sebring","Politics and law","1898–1968","Olathe","Listed by source as associated with Kansas; birthplace, residence and activity are not distinguished here.","https://en.wikipedia.org/w/index.php?title=List_of_people_from_Kansas&oldid=1361123532","https://en.wikipedia.org/wiki/List_of_people_from_Kansas#Politics_and_law","Discovery index; confirm identity and Kansas relationship in independent evidence. Any dates are biographical year labels as listed, not verified event dates.","people-dna-land; history-and-culture"
"wikipedia-people-705","wikipedia-kansas-people","person","Harry D. Felt","Military and national security","1902–1992","Topeka","Listed by source as associated with Kansas; birthplace, residence and activity are not distinguished here.","https://en.wikipedia.org/w/index.php?title=List_of_people_from_Kansas&oldid=1361123532","https://en.wikipedia.org/wiki/List_of_people_from_Kansas#Military_and_national_security","Discovery index; confirm identity and Kansas relationship in independent evidence. Any dates are biographical year labels as listed, not verified event dates.","people-dna-land; history-and-culture"
"wikipedia-people-646","wikipedia-kansas-people","person","Harry Darby","Politics and law","1895–1987","Kansas City","Listed by source as associated with Kansas; birthplace, residence and activity are not distinguished here.","https://en.wikipedia.org/w/index.php?title=List_of_people_from_Kansas&oldid=1361123532","https://en.wikipedia.org/wiki/List_of_people_from_Kansas#Politics_and_law","Discovery index; confirm identity and Kansas relationship in independent evidence. Any dates are biographical year labels as listed, not verified event dates.","people-dna-land; history-and-culture"
"wikipedia-people-492","wikipedia-kansas-people","person","Harry F. Sinclair","Businesspeople and inventors","1876–1956","Independence","Listed by source as associated with Kansas; birthplace, residence and activity are not distinguished here.","https://en.wikipedia.org/w/index.php?title=List_of_people_from_Kansas&oldid=1361123532","https://en.wikipedia.org/wiki/List_of_people_from_Kansas#Businesspeople_and_inventors","Discovery index; confirm identity and Kansas relationship in independent evidence. Any dates are biographical year labels as listed, not verified event dates.","people-dna-land; history-and-culture"
"wikipedia-people-691","wikipedia-kansas-people","person","Harry Hines Woodring","Politics and law","1890–1967","Elk City","Listed by source as associated with Kansas; birthplace, residence and activity are not distinguished here.","https://en.wikipedia.org/w/index.php?title=List_of_people_from_Kansas&oldid=1361123532","https://en.wikipedia.org/wiki/List_of_people_from_Kansas#Politics_and_law","Discovery index; confirm identity and Kansas relationship in independent evidence. Any dates are biographical year labels as listed, not verified event dates.","people-dna-land; history-and-culture"
"wikipedia-people-551","wikipedia-kansas-people","person","Hattie McDaniel","Actors and performers","1895–1952","Wichita","Listed by source as associated with Kansas; birthplace, residence and activity are not distinguished here.","https://en.wikipedia.org/w/index.php?title=List_of_people_from_Kansas&oldid=1361123532","https://en.wikipedia.org/wiki/List_of_people_from_Kansas#Actors_and_performers","Discovery index; confirm identity and Kansas relationship in independent evidence. Any dates are biographical year labels as listed, not verified event dates.","people-dna-land; history-and-culture"
"wikipedia-people-846","wikipedia-kansas-people","fictional","Helen Crump","Fictional persons","","","Fictional character listed by source.","https://en.wikipedia.org/w/index.php?title=List_of_people_from_Kansas&oldid=1361123532","https://en.wikipedia.org/wiki/List_of_people_from_Kansas#Fictional_persons","Discovery index; confirm identity and Kansas relationship in independent evidence. Any dates are biographical year labels as listed, not verified event dates.","people-dna-land; history-and-culture"
"wikipedia-people-712","wikipedia-kansas-people","person","Herbert Loper","Military and national security","1896–1989","Norcatur","Listed by source as associated with Kansas; birthplace, residence and activity are not distinguished here.","https://en.wikipedia.org/w/index.php?title=List_of_people_from_Kansas&oldid=1361123532","https://en.wikipedia.org/wiki/List_of_people_from_Kansas#Military_and_national_security","Discovery index; confirm identity and Kansas relationship in independent evidence. Any dates are biographical year labels as listed, not verified event dates.","people-dna-land; history-and-culture"
"wikipedia-people-784","wikipedia-kansas-people","person","Hilda Clark","Notable individuals","1872–1932","Leavenworth","Listed by source as associated with Kansas; birthplace, residence and activity are not distinguished here.","https://en.wikipedia.org/w/index.php?title=List_of_people_from_Kansas&oldid=1361123532","https://en.wikipedia.org/wiki/List_of_people_from_Kansas#Notable_individuals","Discovery index; confirm identity and Kansas relationship in independent evidence. Any dates are biographical year labels as listed, not verified event dates.","people-dna-land; history-and-culture"
"wikipedia-people-484","wikipedia-kansas-people","person","Hollis Dow Hedberg","Businesspeople and inventors","1903–1988","Falun","Listed by source as associated with Kansas; birthplace, residence and activity are not distinguished here.","https://en.wikipedia.org/w/index.php?title=List_of_people_from_Kansas&oldid=1361123532","https://en.wikipedia.org/wiki/List_of_people_from_Kansas#Businesspeople_and_inventors","Discovery index; confirm identity and Kansas relationship in independent evidence. Any dates are biographical year labels as listed, not verified event dates.","people-dna-land; history-and-culture"
"wikipedia-people-713","wikipedia-kansas-people","person","Homer A. McCrerey","Military and national security","1919–1999","Hiawatha","Listed by source as associated with Kansas; birthplace, residence and activity are not distinguished here.","https://en.wikipedia.org/w/index.php?title=List_of_people_from_Kansas&oldid=1361123532","https://en.wikipedia.org/wiki/List_of_people_from_Kansas#Military_and_national_security","Discovery index; confirm identity and Kansas relationship in independent evidence. Any dates are biographical year labels as listed, not verified event dates.","people-dna-land; history-and-culture"
"wikipedia-people-760","wikipedia-kansas-people","person","Homer A. McCrerey","Scientists and programmers","1919–1999","Hiawatha","Listed by source as associated with Kansas; birthplace, residence and activity are not distinguished here.","https://en.wikipedia.org/w/index.php?title=List_of_people_from_Kansas&oldid=1361123532","https://en.wikipedia.org/wiki/List_of_people_from_Kansas#Scientists_and_programmers","Discovery index; confirm identity and Kansas relationship in independent evidence. Any dates are biographical year labels as listed, not verified event dates.","people-dna-land; history-and-culture"
"wikipedia-people-757","wikipedia-kansas-people","person","Howard K. Gloyd","Scientists and programmers","1902–1978","De Soto","Listed by source as associated with Kansas; birthplace, residence and activity are not distinguished here.","https://en.wikipedia.org/w/index.php?title=List_of_people_from_Kansas&oldid=1361123532","https://en.wikipedia.org/wiki/List_of_people_from_Kansas#Scientists_and_programmers","Discovery index; confirm identity and Kansas relationship in independent evidence. Any dates are biographical year labels as listed, not verified event dates.","people-dna-land; history-and-culture"
"wikipedia-people-506","wikipedia-kansas-people","person","Hugh Beaumont","Actors and performers","1909–1982","Lawrence","Listed by source as associated with Kansas; birthplace, residence and activity are not distinguished here.","https://en.wikipedia.org/w/index.php?title=List_of_people_from_Kansas&oldid=1361123532","https://en.wikipedia.org/wiki/List_of_people_from_Kansas#Actors_and_performers","Discovery index; confirm identity and Kansas relationship in independent evidence. Any dates are biographical year labels as listed, not verified event dates.","people-dna-land; history-and-culture"
"wikipedia-people-256","wikipedia-kansas-people","person","J. White Did It","Musicians","born 1984","Kansas City and Leavenworth","Listed by source as associated with Kansas; birthplace, residence and activity are not distinguished here.","https://en.wikipedia.org/w/index.php?title=List_of_people_from_Kansas&oldid=1361123532","https://en.wikipedia.org/wiki/List_of_people_from_Kansas#Musicians","Discovery index; confirm identity and Kansas relationship in independent evidence. Any dates are biographical year labels as listed, not verified event dates.","people-dna-land; history-and-culture"
"wikipedia-people-861","wikipedia-kansas-people","fictional","Jack B. Quick","Fictional persons","","","Fictional character listed by source.","https://en.wikipedia.org/w/index.php?title=List_of_people_from_Kansas&oldid=1361123532","https://en.wikipedia.org/wiki/List_of_people_from_Kansas#Fictional_persons","Discovery index; confirm identity and Kansas relationship in independent evidence. Any dates are biographical year labels as listed, not verified event dates.","people-dna-land; history-and-culture"
"wikipedia-people-296","wikipedia-kansas-people","person","Jack Christiansen","Athletes","1928–1986","Sublette","Listed by source as associated with Kansas; birthplace, residence and activity are not distinguished here.","https://en.wikipedia.org/w/index.php?title=List_of_people_from_Kansas&oldid=1361123532","https://en.wikipedia.org/wiki/List_of_people_from_Kansas#Athletes","Discovery index; confirm identity and Kansas relationship in independent evidence. Any dates are biographical year labels as listed, not verified event dates.","people-dna-land; history-and-culture"
"wikipedia-people-422","wikipedia-kansas-people","person","Jack Christiansen","Coaches","1928–1986","Sublette","Listed by source as associated with Kansas; birthplace, residence and activity are not distinguished here.","https://en.wikipedia.org/w/index.php?title=List_of_people_from_Kansas&oldid=1361123532","https://en.wikipedia.org/wiki/List_of_people_from_Kansas#Coaches","Discovery index; confirm identity and Kansas relationship in independent evidence. Any dates are biographical year labels as listed, not verified event dates.","people-dna-land; history-and-culture"
"wikipedia-people-518","wikipedia-kansas-people","person","Jack Colvin","Actors and performers","1934–2005","Lyndon","Listed by source as associated with Kansas; birthplace, residence and activity are not distinguished here.","https://en.wikipedia.org/w/index.php?title=List_of_people_from_Kansas&oldid=1361123532","https://en.wikipedia.org/wiki/List_of_people_from_Kansas#Actors_and_performers","Discovery index; confirm identity and Kansas relationship in independent evidence. Any dates are biographical year labels as listed, not verified event dates.","people-dna-land; history-and-culture"
"wikipedia-people-759","wikipedia-kansas-people","person","Jack Kilby","Scientists and programmers","1923–2005","Great Bend","Listed by source as associated with Kansas; birthplace, residence and activity are not distinguished here.","https://en.wikipedia.org/w/index.php?title=List_of_people_from_Kansas&oldid=1361123532","https://en.wikipedia.org/wiki/List_of_people_from_Kansas#Scientists_and_programmers","Discovery index; confirm identity and Kansas relationship in independent evidence. Any dates are biographical year labels as listed, not verified event dates.","people-dna-land; history-and-culture"
"wikipedia-people-140","wikipedia-kansas-people","person","Jack S. Kilby","Academics and Nobel Prize laureates","1923–2005","Great Bend","Listed by source as associated with Kansas; birthplace, residence and activity are not distinguished here.","https://en.wikipedia.org/w/index.php?title=List_of_people_from_Kansas&oldid=1361123532","https://en.wikipedia.org/wiki/List_of_people_from_Kansas#Academics_and_Nobel_Prize_laureates","Discovery index; confirm identity and Kansas relationship in independent evidence. Any dates are biographical year labels as listed, not verified event dates.","people-dna-land; history-and-culture"
"wikipedia-people-393","wikipedia-kansas-people","person","Jackie Stiles","Athletes","born 1978","Claflin","Listed by source as associated with Kansas; birthplace, residence and activity are not distinguished here.","https://en.wikipedia.org/w/index.php?title=List_of_people_from_Kansas&oldid=1361123532","https://en.wikipedia.org/wiki/List_of_people_from_Kansas#Athletes","Discovery index; confirm identity and Kansas relationship in independent evidence. Any dates are biographical year labels as listed, not verified event dates.","people-dna-land; history-and-culture"
"wikipedia-people-831","wikipedia-kansas-people","person","Jake and Ralph Fleagle","Crime","","Marienthal","Listed by source as associated with Kansas; birthplace, residence and activity are not distinguished here.","https://en.wikipedia.org/w/index.php?title=List_of_people_from_Kansas&oldid=1361123532","https://en.wikipedia.org/wiki/List_of_people_from_Kansas#Crime","Discovery index; confirm identity and Kansas relationship in independent evidence. Source section is a sensitive historical/criminal index; no allegation or conviction is asserted by this entry.","people-dna-land; history-and-culture"
"wikipedia-people-281","wikipedia-kansas-people","person","James Bausch","Athletes","1906–1974","Garden Plain","Listed by source as associated with Kansas; birthplace, residence and activity are not distinguished here.","https://en.wikipedia.org/w/index.php?title=List_of_people_from_Kansas&oldid=1361123532","https://en.wikipedia.org/wiki/List_of_people_from_Kansas#Athletes","Discovery index; confirm identity and Kansas relationship in independent evidence. Any dates are biographical year labels as listed, not verified event dates.","people-dna-land; history-and-culture"
"wikipedia-people-753","wikipedia-kansas-people","person","James F. Crow","Scientists and programmers","1916–2012","Wichita","Listed by source as associated with Kansas; birthplace, residence and activity are not distinguished here.","https://en.wikipedia.org/w/index.php?title=List_of_people_from_Kansas&oldid=1361123532","https://en.wikipedia.org/wiki/List_of_people_from_Kansas#Scientists_and_programmers","Discovery index; confirm identity and Kansas relationship in independent evidence. Any dates are biographical year labels as listed, not verified event dates.","people-dna-land; history-and-culture"
"wikipedia-people-665","wikipedia-kansas-people","person","James H. ""Dog"" Kelley","Politics and law","1833–1912","","Listed by source as associated with Kansas; birthplace, residence and activity are not distinguished here.","https://en.wikipedia.org/w/index.php?title=List_of_people_from_Kansas&oldid=1361123532","https://en.wikipedia.org/wiki/List_of_people_from_Kansas#Politics_and_law","Discovery index; confirm identity and Kansas relationship in independent evidence. Any dates are biographical year labels as listed, not verified event dates.","people-dna-land; history-and-culture"
"wikipedia-people-819","wikipedia-kansas-people","person","James H. Lane","Notable historical figures not from Kansas but who participated in a significant event in Kansas","1814–1866","Lawrence","Listed by source as associated with Kansas; birthplace, residence and activity are not distinguished here.","https://en.wikipedia.org/w/index.php?title=List_of_people_from_Kansas&oldid=1361123532","https://en.wikipedia.org/wiki/List_of_people_from_Kansas#Notable_historical_figures_not_from_Kansas_but_who_participated_in_a_significant_event_in_Kansas","Discovery index; confirm identity and Kansas relationship in independent evidence. Any dates are biographical year labels as listed, not verified event dates.","people-dna-land; history-and-culture"
"wikipedia-people-483","wikipedia-kansas-people","person","James Harbord","Businesspeople and inventors","1866–1947","Manhattan","Listed by source as associated with Kansas; birthplace, residence and activity are not distinguished here.","https://en.wikipedia.org/w/index.php?title=List_of_people_from_Kansas&oldid=1361123532","https://en.wikipedia.org/wiki/List_of_people_from_Kansas#Businesspeople_and_inventors","Discovery index; confirm identity and Kansas relationship in independent evidence. Any dates are biographical year labels as listed, not verified event dates.","people-dna-land; history-and-culture"
"wikipedia-people-709","wikipedia-kansas-people","person","James Harbord","Military and national security","1866–1947","Bushong","Listed by source as associated with Kansas; birthplace, residence and activity are not distinguished here.","https://en.wikipedia.org/w/index.php?title=List_of_people_from_Kansas&oldid=1361123532","https://en.wikipedia.org/wiki/List_of_people_from_Kansas#Military_and_national_security","Discovery index; confirm identity and Kansas relationship in independent evidence. Any dates are biographical year labels as listed, not verified event dates.","people-dna-land; history-and-culture"
"wikipedia-people-442","wikipedia-kansas-people","person","James Naismith","Coaches","1861–1939","","Listed by source as associated with Kansas; birthplace, residence and activity are not distinguished here.","https://en.wikipedia.org/w/index.php?title=List_of_people_from_Kansas&oldid=1361123532","https://en.wikipedia.org/wiki/List_of_people_from_Kansas#Coaches","Discovery index; confirm identity and Kansas relationship in independent evidence. Any dates are biographical year labels as listed, not verified event dates.","people-dna-land; history-and-culture"
"wikipedia-people-737","wikipedia-kansas-people","person","James Reeb","Religious","1927–1965","Wichita","Listed by source as associated with Kansas; birthplace, residence and activity are not distinguished here.","https://en.wikipedia.org/w/index.php?title=List_of_people_from_Kansas&oldid=1361123532","https://en.wikipedia.org/wiki/List_of_people_from_Kansas#Religious","Discovery index; confirm identity and Kansas relationship in independent evidence. Any dates are biographical year labels as listed, not verified event dates.","people-dna-land; history-and-culture"
"wikipedia-people-560","wikipedia-kansas-people","person","James Reynolds","Actors and performers","","Oskaloosa","Listed by source as associated with Kansas; birthplace, residence and activity are not distinguished here.","https://en.wikipedia.org/w/index.php?title=List_of_people_from_Kansas&oldid=1361123532","https://en.wikipedia.org/wiki/List_of_people_from_Kansas#Actors_and_performers","Discovery index; confirm identity and Kansas relationship in independent evidence. Any dates are biographical year labels as listed, not verified event dates.","people-dna-land; history-and-culture"
"wikipedia-people-254","wikipedia-kansas-people","person","James Wesley","Musicians","","Mound Valley","Listed by source as associated with Kansas; birthplace, residence and activity are not distinguished here.","https://en.wikipedia.org/w/index.php?title=List_of_people_from_Kansas&oldid=1361123532","https://en.wikipedia.org/wiki/List_of_people_from_Kansas#Musicians","Discovery index; confirm identity and Kansas relationship in independent evidence. Any dates are biographical year labels as listed, not verified event dates.","people-dna-land; history-and-culture"
"wikipedia-people-618","wikipedia-kansas-people","person","Jane Grant","Journalists","1892–1972","Girard","Listed by source as associated with Kansas; birthplace, residence and activity are not distinguished here.","https://en.wikipedia.org/w/index.php?title=List_of_people_from_Kansas&oldid=1361123532","https://en.wikipedia.org/wiki/List_of_people_from_Kansas#Journalists","Discovery index; confirm identity and Kansas relationship in independent evidence. Any dates are biographical year labels as listed, not verified event dates.","people-dna-land; history-and-culture"
"wikipedia-people-188","wikipedia-kansas-people","person","Jane Heap","Authors","1883–1964","Topeka","Listed by source as associated with Kansas; birthplace, residence and activity are not distinguished here.","https://en.wikipedia.org/w/index.php?title=List_of_people_from_Kansas&oldid=1361123532","https://en.wikipedia.org/wiki/List_of_people_from_Kansas#Authors","Discovery index; confirm identity and Kansas relationship in independent evidence. Any dates are biographical year labels as listed, not verified event dates.","people-dna-land; history-and-culture"
"wikipedia-people-241","wikipedia-kansas-people","person","Janelle Monáe","Musicians","born 1985","Kansas City","Listed by source as associated with Kansas; birthplace, residence and activity are not distinguished here.","https://en.wikipedia.org/w/index.php?title=List_of_people_from_Kansas&oldid=1361123532","https://en.wikipedia.org/wiki/List_of_people_from_Kansas#Musicians","Discovery index; confirm identity and Kansas relationship in independent evidence. Any dates are biographical year labels as listed, not verified event dates.","people-dna-land; history-and-culture"
"wikipedia-people-797","wikipedia-kansas-people","person","Janet Murguía","Notable individuals","born 1954","Kansas City","Listed by source as associated with Kansas; birthplace, residence and activity are not distinguished here.","https://en.wikipedia.org/w/index.php?title=List_of_people_from_Kansas&oldid=1361123532","https://en.wikipedia.org/wiki/List_of_people_from_Kansas#Notable_individuals","Discovery index; confirm identity and Kansas relationship in independent evidence. Any dates are biographical year labels as listed, not verified event dates.","people-dna-land; history-and-culture"
"wikipedia-people-579","wikipedia-kansas-people","person","Jason Sudeikis","Actors and performers","born 1975","Overland Park","Listed by source as associated with Kansas; birthplace, residence and activity are not distinguished here.","https://en.wikipedia.org/w/index.php?title=List_of_people_from_Kansas&oldid=1361123532","https://en.wikipedia.org/wiki/List_of_people_from_Kansas#Actors_and_performers","Discovery index; confirm identity and Kansas relationship in independent evidence. Any dates are biographical year labels as listed, not verified event dates.","people-dna-land; history-and-culture"
"wikipedia-people-587","wikipedia-kansas-people","person","Jason Wiles","Actors and performers","born 1970","Lenexa","Listed by source as associated with Kansas; birthplace, residence and activity are not distinguished here.","https://en.wikipedia.org/w/index.php?title=List_of_people_from_Kansas&oldid=1361123532","https://en.wikipedia.org/wiki/List_of_people_from_Kansas#Actors_and_performers","Discovery index; confirm identity and Kansas relationship in independent evidence. Any dates are biographical year labels as listed, not verified event dates.","people-dna-land; history-and-culture"
"wikipedia-people-539","wikipedia-kansas-people","person","Jayne Houdyshell","Actors and performers","born 1953","Topeka","Listed by source as associated with Kansas; birthplace, residence and activity are not distinguished here.","https://en.wikipedia.org/w/index.php?title=List_of_people_from_Kansas&oldid=1361123532","https://en.wikipedia.org/wiki/List_of_people_from_Kansas#Actors_and_performers","Discovery index; confirm identity and Kansas relationship in independent evidence. Any dates are biographical year labels as listed, not verified event dates.","people-dna-land; history-and-culture"
"wikipedia-people-799","wikipedia-kansas-people","person","Jeff Probst","Notable individuals","born 1962","Wichita","Listed by source as associated with Kansas; birthplace, residence and activity are not distinguished here.","https://en.wikipedia.org/w/index.php?title=List_of_people_from_Kansas&oldid=1361123532","https://en.wikipedia.org/wiki/List_of_people_from_Kansas#Notable_individuals","Discovery index; confirm identity and Kansas relationship in independent evidence. Any dates are biographical year labels as listed, not verified event dates.","people-dna-land; history-and-culture"
"wikipedia-people-590","wikipedia-kansas-people","person","Jeff Yagher","Actors and performers","born 1961","Lawrence","Listed by source as associated with Kansas; birthplace, residence and activity are not distinguished here.","https://en.wikipedia.org/w/index.php?title=List_of_people_from_Kansas&oldid=1361123532","https://en.wikipedia.org/wiki/List_of_people_from_Kansas#Actors_and_performers","Discovery index; confirm identity and Kansas relationship in independent evidence. Any dates are biographical year labels as listed, not verified event dates.","people-dna-land; history-and-culture"
"wikipedia-people-233","wikipedia-kansas-people","person","Jennifer Knapp","Musicians","born 1974","Chanute","Listed by source as associated with Kansas; birthplace, residence and activity are not distinguished here.","https://en.wikipedia.org/w/index.php?title=List_of_people_from_Kansas&oldid=1361123532","https://en.wikipedia.org/wiki/List_of_people_from_Kansas#Musicians","Discovery index; confirm identity and Kansas relationship in independent evidence. Any dates are biographical year labels as listed, not verified event dates.","people-dna-land; history-and-culture"
"wikipedia-people-403","wikipedia-kansas-people","person","Jerame Tuman","Athletes","born 1976","Liberal","Listed by source as associated with Kansas; birthplace, residence and activity are not distinguished here.","https://en.wikipedia.org/w/index.php?title=List_of_people_from_Kansas&oldid=1361123532","https://en.wikipedia.org/wiki/List_of_people_from_Kansas#Athletes","Discovery index; confirm identity and Kansas relationship in independent evidence. Any dates are biographical year labels as listed, not verified event dates.","people-dna-land; history-and-culture"
"wikipedia-people-421","wikipedia-kansas-people","person","Jeremy Bates","Coaches","born 1976","Manhattan","Listed by source as associated with Kansas; birthplace, residence and activity are not distinguished here.","https://en.wikipedia.org/w/index.php?title=List_of_people_from_Kansas&oldid=1361123532","https://en.wikipedia.org/wiki/List_of_people_from_Kansas#Coaches","Discovery index; confirm identity and Kansas relationship in independent evidence. Any dates are biographical year labels as listed, not verified event dates.","people-dna-land; history-and-culture"
"wikipedia-people-250","wikipedia-kansas-people","person","Jeremy Turner","Musicians","","","Listed by source as associated with Kansas; birthplace, residence and activity are not distinguished here.","https://en.wikipedia.org/w/index.php?title=List_of_people_from_Kansas&oldid=1361123532","https://en.wikipedia.org/wiki/List_of_people_from_Kansas#Musicians","Discovery index; confirm identity and Kansas relationship in independent evidence. Any dates are biographical year labels as listed, not verified event dates.","people-dna-land; history-and-culture"
"wikipedia-people-243","wikipedia-kansas-people","person","Jerrod Niemann","Musicians","born 1979","Liberal","Listed by source as associated with Kansas; birthplace, residence and activity are not distinguished here.","https://en.wikipedia.org/w/index.php?title=List_of_people_from_Kansas&oldid=1361123532","https://en.wikipedia.org/wiki/List_of_people_from_Kansas#Musicians","Discovery index; confirm identity and Kansas relationship in independent evidence. Any dates are biographical year labels as listed, not verified event dates.","people-dna-land; history-and-culture"
"wikipedia-people-732","wikipedia-kansas-people","person","Jerry Johnston","Religious","born 1959","Overland Park","Listed by source as associated with Kansas; birthplace, residence and activity are not distinguished here.","https://en.wikipedia.org/w/index.php?title=List_of_people_from_Kansas&oldid=1361123532","https://en.wikipedia.org/wiki/List_of_people_from_Kansas#Religious","Discovery index; confirm identity and Kansas relationship in independent evidence. Any dates are biographical year labels as listed, not verified event dates.","people-dna-land; history-and-culture"
"wikipedia-people-437","wikipedia-kansas-people","person","Jerry Kill","Coaches","born 1961","Cheney","Listed by source as associated with Kansas; birthplace, residence and activity are not distinguished here.","https://en.wikipedia.org/w/index.php?title=List_of_people_from_Kansas&oldid=1361123532","https://en.wikipedia.org/wiki/List_of_people_from_Kansas#Coaches","Discovery index; confirm identity and Kansas relationship in independent evidence. Any dates are biographical year labels as listed, not verified event dates.","people-dna-land; history-and-culture"
"wikipedia-people-671","wikipedia-kansas-people","person","Jerry Moran","Politics and law","born 1954","Plainville","Listed by source as associated with Kansas; birthplace, residence and activity are not distinguished here.","https://en.wikipedia.org/w/index.php?title=List_of_people_from_Kansas&oldid=1361123532","https://en.wikipedia.org/wiki/List_of_people_from_Kansas#Politics_and_law","Discovery index; confirm identity and Kansas relationship in independent evidence. Any dates are biographical year labels as listed, not verified event dates.","people-dna-land; history-and-culture"
"wikipedia-people-410","wikipedia-kansas-people","person","Jess Willard","Athletes","1881–1968","Pottawatomie County","Listed by source as associated with Kansas; birthplace, residence and activity are not distinguished here.","https://en.wikipedia.org/w/index.php?title=List_of_people_from_Kansas&oldid=1361123532","https://en.wikipedia.org/wiki/List_of_people_from_Kansas#Athletes","Discovery index; confirm identity and Kansas relationship in independent evidence. Any dates are biographical year labels as listed, not verified event dates.","people-dna-land; history-and-culture"
"wikipedia-people-621","wikipedia-kansas-people","person","Jim Lehrer","Journalists","1934–2020","Wichita","Listed by source as associated with Kansas; birthplace, residence and activity are not distinguished here.","https://en.wikipedia.org/w/index.php?title=List_of_people_from_Kansas&oldid=1361123532","https://en.wikipedia.org/wiki/List_of_people_from_Kansas#Journalists","Discovery index; confirm identity and Kansas relationship in independent evidence. Any dates are biographical year labels as listed, not verified event dates.","people-dna-land; history-and-culture"
"wikipedia-people-379","wikipedia-kansas-people","person","Jim Ryun","Athletes","born 1947","Wichita","Listed by source as associated with Kansas; birthplace, residence and activity are not distinguished here.","https://en.wikipedia.org/w/index.php?title=List_of_people_from_Kansas&oldid=1361123532","https://en.wikipedia.org/wiki/List_of_people_from_Kansas#Athletes","Discovery index; confirm identity and Kansas relationship in independent evidence. Any dates are biographical year labels as listed, not verified event dates.","people-dna-land; history-and-culture"
"wikipedia-people-524","wikipedia-kansas-people","person","Jimmy Donaldson","Actors and performers","born 1998","Wichita","Listed by source as associated with Kansas; birthplace, residence and activity are not distinguished here.","https://en.wikipedia.org/w/index.php?title=List_of_people_from_Kansas&oldid=1361123532","https://en.wikipedia.org/wiki/List_of_people_from_Kansas#Actors_and_performers","Discovery index; confirm identity and Kansas relationship in independent evidence. Any dates are biographical year labels as listed, not verified event dates.","people-dna-land; history-and-culture"
"wikipedia-people-650","wikipedia-kansas-people","person","Joan Finney","Politics and law","1925–2001","Topeka","Listed by source as associated with Kansas; birthplace, residence and activity are not distinguished here.","https://en.wikipedia.org/w/index.php?title=List_of_people_from_Kansas&oldid=1361123532","https://en.wikipedia.org/wiki/List_of_people_from_Kansas#Politics_and_law","Discovery index; confirm identity and Kansas relationship in independent evidence. Any dates are biographical year labels as listed, not verified event dates.","people-dna-land; history-and-culture"
"wikipedia-people-246","wikipedia-kansas-people","person","Joe Don Rooney","Musicians","born 1975","Baxter Springs","Listed by source as associated with Kansas; birthplace, residence and activity are not distinguished here.","https://en.wikipedia.org/w/index.php?title=List_of_people_from_Kansas&oldid=1361123532","https://en.wikipedia.org/wiki/List_of_people_from_Kansas#Musicians","Discovery index; confirm identity and Kansas relationship in independent evidence. Any dates are biographical year labels as listed, not verified event dates.","people-dna-land; history-and-culture"
"wikipedia-people-461","wikipedia-kansas-people","person","Joe Engle","Aviators and astronauts","1932–2024","Chapman","Listed by source as associated with Kansas; birthplace, residence and activity are not distinguished here.","https://en.wikipedia.org/w/index.php?title=List_of_people_from_Kansas&oldid=1361123532","https://en.wikipedia.org/wiki/List_of_people_from_Kansas#Aviators_and_astronauts","Discovery index; confirm identity and Kansas relationship in independent evidence. Any dates are biographical year labels as listed, not verified event dates.","people-dna-land; history-and-culture"
"wikipedia-people-330","wikipedia-kansas-people","person","Joe Hastings","Athletes","born 1987","Wichita","Listed by source as associated with Kansas; birthplace, residence and activity are not distinguished here.","https://en.wikipedia.org/w/index.php?title=List_of_people_from_Kansas&oldid=1361123532","https://en.wikipedia.org/wiki/List_of_people_from_Kansas#Athletes","Discovery index; confirm identity and Kansas relationship in independent evidence. Any dates are biographical year labels as listed, not verified event dates.","people-dna-land; history-and-culture"
"wikipedia-people-401","wikipedia-kansas-people","person","Joe Tinker","Athletes","1880–1948","Muscotah","Listed by source as associated with Kansas; birthplace, residence and activity are not distinguished here.","https://en.wikipedia.org/w/index.php?title=List_of_people_from_Kansas&oldid=1361123532","https://en.wikipedia.org/wiki/List_of_people_from_Kansas#Athletes","Discovery index; confirm identity and Kansas relationship in independent evidence. Any dates are biographical year labels as listed, not verified event dates.","people-dna-land; history-and-culture"
"wikipedia-people-252","wikipedia-kansas-people","person","Joe Walsh","Musicians","born 1947","Wichita","Listed by source as associated with Kansas; birthplace, residence and activity are not distinguished here.","https://en.wikipedia.org/w/index.php?title=List_of_people_from_Kansas&oldid=1361123532","https://en.wikipedia.org/wiki/List_of_people_from_Kansas#Musicians","Discovery index; confirm identity and Kansas relationship in independent evidence. Any dates are biographical year labels as listed, not verified event dates.","people-dna-land; history-and-culture"
"wikipedia-people-307","wikipedia-kansas-people","person","Joey Devine","Athletes","born 1983","Junction City","Listed by source as associated with Kansas; birthplace, residence and activity are not distinguished here.","https://en.wikipedia.org/w/index.php?title=List_of_people_from_Kansas&oldid=1361123532","https://en.wikipedia.org/wiki/List_of_people_from_Kansas#Athletes","Discovery index; confirm identity and Kansas relationship in independent evidence. Any dates are biographical year labels as listed, not verified event dates.","people-dna-land; history-and-culture"
"wikipedia-people-828","wikipedia-kansas-people","person","John and Kate Bender","Crime","1872–1873","Labette County","Listed by source as associated with Kansas; birthplace, residence and activity are not distinguished here.","https://en.wikipedia.org/w/index.php?title=List_of_people_from_Kansas&oldid=1361123532","https://en.wikipedia.org/wiki/List_of_people_from_Kansas#Crime","Discovery index; confirm identity and Kansas relationship in independent evidence. Source section is a sensitive historical/criminal index; no allegation or conviction is asserted by this entry.","people-dna-land; history-and-culture"
"wikipedia-people-636","wikipedia-kansas-people","person","John Anderson Jr.","Politics and law","1917–2014","De Soto","Listed by source as associated with Kansas; birthplace, residence and activity are not distinguished here.","https://en.wikipedia.org/w/index.php?title=List_of_people_from_Kansas&oldid=1361123532","https://en.wikipedia.org/wiki/List_of_people_from_Kansas#Politics_and_law","Discovery index; confirm identity and Kansas relationship in independent evidence. Any dates are biographical year labels as listed, not verified event dates.","people-dna-land; history-and-culture"
"wikipedia-people-148","wikipedia-kansas-people","person","John Brooks Slaughter","Academics and Nobel Prize laureates","1934–2023","Topeka","Listed by source as associated with Kansas; birthplace, residence and activity are not distinguished here.","https://en.wikipedia.org/w/index.php?title=List_of_people_from_Kansas&oldid=1361123532","https://en.wikipedia.org/wiki/List_of_people_from_Kansas#Academics_and_Nobel_Prize_laureates","Discovery index; confirm identity and Kansas relationship in independent evidence. Any dates are biographical year labels as listed, not verified event dates.","people-dna-land; history-and-culture"
"wikipedia-people-811","wikipedia-kansas-people","person","John Brown","Notable historical figures not from Kansas but who participated in a significant event in Kansas","1800–1859","Osawatomie","Listed by source as associated with Kansas; birthplace, residence and activity are not distinguished here.","https://en.wikipedia.org/w/index.php?title=List_of_people_from_Kansas&oldid=1361123532","https://en.wikipedia.org/wiki/List_of_people_from_Kansas#Notable_historical_figures_not_from_Kansas_but_who_participated_in_a_significant_event_in_Kansas","Discovery index; confirm identity and Kansas relationship in independent evidence. Any dates are biographical year labels as listed, not verified event dates.","people-dna-land; history-and-culture"
"wikipedia-people-627","wikipedia-kansas-people","person","John Cameron Swayze","Journalists","1906–1995","Wichita","Listed by source as associated with Kansas; birthplace, residence and activity are not distinguished here.","https://en.wikipedia.org/w/index.php?title=List_of_people_from_Kansas&oldid=1361123532","https://en.wikipedia.org/wiki/List_of_people_from_Kansas#Journalists","Discovery index; confirm identity and Kansas relationship in independent evidence. Any dates are biographical year labels as listed, not verified event dates.","people-dna-land; history-and-culture"
"wikipedia-people-751","wikipedia-kansas-people","person","John D. Carmack","Scientists and programmers","born 1970","Shawnee Mission","Listed by source as associated with Kansas; birthplace, residence and activity are not distinguished here.","https://en.wikipedia.org/w/index.php?title=List_of_people_from_Kansas&oldid=1361123532","https://en.wikipedia.org/wiki/List_of_people_from_Kansas#Scientists_and_programmers","Discovery index; confirm identity and Kansas relationship in independent evidence. Any dates are biographical year labels as listed, not verified event dates.","people-dna-land; history-and-culture"
"wikipedia-people-708","wikipedia-kansas-people","person","John E. Gingrich","Military and national security","1897–1960","Dodge City","Listed by source as associated with Kansas; birthplace, residence and activity are not distinguished here.","https://en.wikipedia.org/w/index.php?title=List_of_people_from_Kansas&oldid=1361123532","https://en.wikipedia.org/wiki/List_of_people_from_Kansas#Military_and_national_security","Discovery index; confirm identity and Kansas relationship in independent evidence. Any dates are biographical year labels as listed, not verified event dates.","people-dna-land; history-and-culture"
"wikipedia-people-271","wikipedia-kansas-people","person","John H. Adams","Athletes","1914–1995","Iola","Listed by source as associated with Kansas; birthplace, residence and activity are not distinguished here.","https://en.wikipedia.org/w/index.php?title=List_of_people_from_Kansas&oldid=1361123532","https://en.wikipedia.org/wiki/List_of_people_from_Kansas#Athletes","Discovery index; confirm identity and Kansas relationship in independent evidence. Any dates are biographical year labels as listed, not verified event dates.","people-dna-land; history-and-culture"
"wikipedia-people-444","wikipedia-kansas-people","person","John H. Outland","Coaches","1871–1947","Douglas County","Listed by source as associated with Kansas; birthplace, residence and activity are not distinguished here.","https://en.wikipedia.org/w/index.php?title=List_of_people_from_Kansas&oldid=1361123532","https://en.wikipedia.org/wiki/List_of_people_from_Kansas#Coaches","Discovery index; confirm identity and Kansas relationship in independent evidence. Any dates are biographical year labels as listed, not verified event dates.","people-dna-land; history-and-culture"
"wikipedia-people-817","wikipedia-kansas-people","person","John James Ingalls","Notable historical figures not from Kansas but who participated in a significant event in Kansas","1833–1900","","Listed by source as associated with Kansas; birthplace, residence and activity are not distinguished here.","https://en.wikipedia.org/w/index.php?title=List_of_people_from_Kansas&oldid=1361123532","https://en.wikipedia.org/wiki/List_of_people_from_Kansas#Notable_historical_figures_not_from_Kansas_but_who_participated_in_a_significant_event_in_Kansas","Discovery index; confirm identity and Kansas relationship in independent evidence. Any dates are biographical year labels as listed, not verified event dates.","people-dna-land; history-and-culture"
"wikipedia-people-742","wikipedia-kansas-people","person","John Joseph Sullivan","Religious","1920–2001","Horton","Listed by source as associated with Kansas; birthplace, residence and activity are not distinguished here.","https://en.wikipedia.org/w/index.php?title=List_of_people_from_Kansas&oldid=1361123532","https://en.wikipedia.org/wiki/List_of_people_from_Kansas#Religious","Discovery index; confirm identity and Kansas relationship in independent evidence. Any dates are biographical year labels as listed, not verified event dates.","people-dna-land; history-and-culture"
"wikipedia-people-669","wikipedia-kansas-people","person","John Martin","Politics and law","1839–1889","Atchison","Listed by source as associated with Kansas; birthplace, residence and activity are not distinguished here.","https://en.wikipedia.org/w/index.php?title=List_of_people_from_Kansas&oldid=1361123532","https://en.wikipedia.org/wiki/List_of_people_from_Kansas#Politics_and_law","Discovery index; confirm identity and Kansas relationship in independent evidence. Any dates are biographical year labels as listed, not verified event dates.","people-dna-land; history-and-culture"
"wikipedia-people-439","wikipedia-kansas-people","person","John McLendon","Coaches","1915–1999","Hiawatha","Listed by source as associated with Kansas; birthplace, residence and activity are not distinguished here.","https://en.wikipedia.org/w/index.php?title=List_of_people_from_Kansas&oldid=1361123532","https://en.wikipedia.org/wiki/List_of_people_from_Kansas#Coaches","Discovery index; confirm identity and Kansas relationship in independent evidence. Any dates are biographical year labels as listed, not verified event dates.","people-dna-land; history-and-culture"
"wikipedia-people-369","wikipedia-kansas-people","person","John Parrella","Athletes","born 1969","Topeka","Listed by source as associated with Kansas; birthplace, residence and activity are not distinguished here.","https://en.wikipedia.org/w/index.php?title=List_of_people_from_Kansas&oldid=1361123532","https://en.wikipedia.org/wiki/List_of_people_from_Kansas#Athletes","Discovery index; confirm identity and Kansas relationship in independent evidence. Any dates are biographical year labels as listed, not verified event dates.","people-dna-land; history-and-culture"
"wikipedia-people-559","wikipedia-kansas-people","person","John Quade","Actors and performers","1938–2009","Kansas City","Listed by source as associated with Kansas; birthplace, residence and activity are not distinguished here.","https://en.wikipedia.org/w/index.php?title=List_of_people_from_Kansas&oldid=1361123532","https://en.wikipedia.org/wiki/List_of_people_from_Kansas#Actors_and_performers","Discovery index; confirm identity and Kansas relationship in independent evidence. Any dates are biographical year labels as listed, not verified event dates.","people-dna-land; history-and-culture"
"wikipedia-people-375","wikipedia-kansas-people","person","John Riggins","Athletes","born 1949","Centralia","Listed by source as associated with Kansas; birthplace, residence and activity are not distinguished here.","https://en.wikipedia.org/w/index.php?title=List_of_people_from_Kansas&oldid=1361123532","https://en.wikipedia.org/wiki/List_of_people_from_Kansas#Athletes","Discovery index; confirm identity and Kansas relationship in independent evidence. Any dates are biographical year labels as listed, not verified event dates.","people-dna-land; history-and-culture"
"wikipedia-people-164","wikipedia-kansas-people","person","John Steuart Curry","Artists","1897–1946","Winchester","Listed by source as associated with Kansas; birthplace, residence and activity are not distinguished here.","https://en.wikipedia.org/w/index.php?title=List_of_people_from_Kansas&oldid=1361123532","https://en.wikipedia.org/wiki/List_of_people_from_Kansas#Artists","Discovery index; confirm identity and Kansas relationship in independent evidence. Any dates are biographical year labels as listed, not verified event dates.","people-dna-land; history-and-culture"
"wikipedia-people-414","wikipedia-kansas-people","person","John Zook","Athletes","1947–2020","Garden City","Listed by source as associated with Kansas; birthplace, residence and activity are not distinguished here.","https://en.wikipedia.org/w/index.php?title=List_of_people_from_Kansas&oldid=1361123532","https://en.wikipedia.org/wiki/List_of_people_from_Kansas#Athletes","Discovery index; confirm identity and Kansas relationship in independent evidence. Any dates are biographical year labels as listed, not verified event dates.","people-dna-land; history-and-culture"
"wikipedia-people-303","wikipedia-kansas-people","person","Johnny Damon","Athletes","born 1973","Fort Riley","Listed by source as associated with Kansas; birthplace, residence and activity are not distinguished here.","https://en.wikipedia.org/w/index.php?title=List_of_people_from_Kansas&oldid=1361123532","https://en.wikipedia.org/wiki/List_of_people_from_Kansas#Athletes","Discovery index; confirm identity and Kansas relationship in independent evidence. Any dates are biographical year labels as listed, not verified event dates.","people-dna-land; history-and-culture"
"wikipedia-people-854","wikipedia-kansas-people","fictional","Johnny Kaw","Fictional persons","","","Fictional character listed by source.","https://en.wikipedia.org/w/index.php?title=List_of_people_from_Kansas&oldid=1361123532","https://en.wikipedia.org/wiki/List_of_people_from_Kansas#Fictional_persons","Discovery index; confirm identity and Kansas relationship in independent evidence. Any dates are biographical year labels as listed, not verified event dates.","people-dna-land; history-and-culture"
"wikipedia-people-443","wikipedia-kansas-people","person","Johnny Orr","Coaches","1927–2013","Yale","Listed by source as associated with Kansas; birthplace, residence and activity are not distinguished here.","https://en.wikipedia.org/w/index.php?title=List_of_people_from_Kansas&oldid=1361123532","https://en.wikipedia.org/wiki/List_of_people_from_Kansas#Coaches","Discovery index; confirm identity and Kansas relationship in independent evidence. Any dates are biographical year labels as listed, not verified event dates.","people-dna-land; history-and-culture"
"wikipedia-people-378","wikipedia-kansas-people","person","Johnny Rutherford","Athletes","born 1938","Coffeyville","Listed by source as associated with Kansas; birthplace, residence and activity are not distinguished here.","https://en.wikipedia.org/w/index.php?title=List_of_people_from_Kansas&oldid=1361123532","https://en.wikipedia.org/wiki/List_of_people_from_Kansas#Athletes","Discovery index; confirm identity and Kansas relationship in independent evidence. Any dates are biographical year labels as listed, not verified event dates.","people-dna-land; history-and-culture"
"wikipedia-people-354","wikipedia-kansas-people","person","Jon McGraw","Athletes","","Riley","Listed by source as associated with Kansas; birthplace, residence and activity are not distinguished here.","https://en.wikipedia.org/w/index.php?title=List_of_people_from_Kansas&oldid=1361123532","https://en.wikipedia.org/wiki/List_of_people_from_Kansas#Athletes","Discovery index; confirm identity and Kansas relationship in independent evidence. Any dates are biographical year labels as listed, not verified event dates.","people-dna-land; history-and-culture"
"wikipedia-people-371","wikipedia-kansas-people","person","Jordan Phillips","Athletes","born 1992","Towanda","Listed by source as associated with Kansas; birthplace, residence and activity are not distinguished here.","https://en.wikipedia.org/w/index.php?title=List_of_people_from_Kansas&oldid=1361123532","https://en.wikipedia.org/wiki/List_of_people_from_Kansas#Athletes","Discovery index; confirm identity and Kansas relationship in independent evidence. Any dates are biographical year labels as listed, not verified event dates.","people-dna-land; history-and-culture"
"wikipedia-people-362","wikipedia-kansas-people","person","Jordy Nelson","Athletes","born 1985","Leonardville","Listed by source as associated with Kansas; birthplace, residence and activity are not distinguished here.","https://en.wikipedia.org/w/index.php?title=List_of_people_from_Kansas&oldid=1361123532","https://en.wikipedia.org/wiki/List_of_people_from_Kansas#Athletes","Discovery index; confirm identity and Kansas relationship in independent evidence. Any dates are biographical year labels as listed, not verified event dates.","people-dna-land; history-and-culture"
"wikipedia-people-424","wikipedia-kansas-people","person","Jory Collins","Coaches","born 1978","Holton","Listed by source as associated with Kansas; birthplace, residence and activity are not distinguished here.","https://en.wikipedia.org/w/index.php?title=List_of_people_from_Kansas&oldid=1361123532","https://en.wikipedia.org/wiki/List_of_people_from_Kansas#Coaches","Discovery index; confirm identity and Kansas relationship in independent evidence. Any dates are biographical year labels as listed, not verified event dates.","people-dna-land; history-and-culture"
"wikipedia-people-710","wikipedia-kansas-people","person","Joseph Henderson","Military and national security","1869–1938","Fort Leavenworth","Listed by source as associated with Kansas; birthplace, residence and activity are not distinguished here.","https://en.wikipedia.org/w/index.php?title=List_of_people_from_Kansas&oldid=1361123532","https://en.wikipedia.org/wiki/List_of_people_from_Kansas#Military_and_national_security","Discovery index; confirm identity and Kansas relationship in independent evidence. Any dates are biographical year labels as listed, not verified event dates.","people-dna-land; history-and-culture"
"wikipedia-people-372","wikipedia-kansas-people","person","Joseph Randle","Athletes","born 1991","Wichita","Listed by source as associated with Kansas; birthplace, residence and activity are not distinguished here.","https://en.wikipedia.org/w/index.php?title=List_of_people_from_Kansas&oldid=1361123532","https://en.wikipedia.org/wiki/List_of_people_from_Kansas#Athletes","Discovery index; confirm identity and Kansas relationship in independent evidence. Any dates are biographical year labels as listed, not verified event dates.","people-dna-land; history-and-culture"
"wikipedia-people-224","wikipedia-kansas-people","person","Joyce DiDonato","Musicians","born 1969","Prairie Village","Listed by source as associated with Kansas; birthplace, residence and activity are not distinguished here.","https://en.wikipedia.org/w/index.php?title=List_of_people_from_Kansas&oldid=1361123532","https://en.wikipedia.org/wiki/List_of_people_from_Kansas#Musicians","Discovery index; confirm identity and Kansas relationship in independent evidence. Any dates are biographical year labels as listed, not verified event dates.","people-dna-land; history-and-culture"
"wikipedia-people-283","wikipedia-kansas-people","person","Judy Bell","Athletes","born 1936","Wichita","Listed by source as associated with Kansas; birthplace, residence and activity are not distinguished here.","https://en.wikipedia.org/w/index.php?title=List_of_people_from_Kansas&oldid=1361123532","https://en.wikipedia.org/wiki/List_of_people_from_Kansas#Athletes","Discovery index; confirm identity and Kansas relationship in independent evidence. Any dates are biographical year labels as listed, not verified event dates.","people-dna-land; history-and-culture"
"wikipedia-people-628","wikipedia-kansas-people","person","Julius Wayland","Journalists","1854–1912","Girard","Listed by source as associated with Kansas; birthplace, residence and activity are not distinguished here.","https://en.wikipedia.org/w/index.php?title=List_of_people_from_Kansas&oldid=1361123532","https://en.wikipedia.org/wiki/List_of_people_from_Kansas#Journalists","Discovery index; confirm identity and Kansas relationship in independent evidence. Any dates are biographical year labels as listed, not verified event dates.","people-dna-land; history-and-culture"
"wikipedia-people-682","wikipedia-kansas-people","person","K. Gary Sebelius","Politics and law","born 1949","Norton","Listed by source as associated with Kansas; birthplace, residence and activity are not distinguished here.","https://en.wikipedia.org/w/index.php?title=List_of_people_from_Kansas&oldid=1361123532","https://en.wikipedia.org/wiki/List_of_people_from_Kansas#Politics_and_law","Discovery index; confirm identity and Kansas relationship in independent evidence. Any dates are biographical year labels as listed, not verified event dates.","people-dna-land; history-and-culture"
"wikipedia-people-411","wikipedia-kansas-people","person","Kamerion Wimbley","Athletes","born 1983","Wichita","Listed by source as associated with Kansas; birthplace, residence and activity are not distinguished here.","https://en.wikipedia.org/w/index.php?title=List_of_people_from_Kansas&oldid=1361123532","https://en.wikipedia.org/wiki/List_of_people_from_Kansas#Athletes","Discovery index; confirm identity and Kansas relationship in independent evidence. Any dates are biographical year labels as listed, not verified event dates.","people-dna-land; history-and-culture"
"wikipedia-people-585","wikipedia-kansas-people","person","Kari Wahlgren","Actors and performers","born 1977","Hoisington","Listed by source as associated with Kansas; birthplace, residence and activity are not distinguished here.","https://en.wikipedia.org/w/index.php?title=List_of_people_from_Kansas&oldid=1361123532","https://en.wikipedia.org/wiki/List_of_people_from_Kansas#Actors_and_performers","Discovery index; confirm identity and Kansas relationship in independent evidence. Any dates are biographical year labels as listed, not verified event dates.","people-dna-land; history-and-culture"
"wikipedia-people-762","wikipedia-kansas-people","person","Karl Menninger","Scientists and programmers","1893–1990","Topeka","Listed by source as associated with Kansas; birthplace, residence and activity are not distinguished here.","https://en.wikipedia.org/w/index.php?title=List_of_people_from_Kansas&oldid=1361123532","https://en.wikipedia.org/wiki/List_of_people_from_Kansas#Scientists_and_programmers","Discovery index; confirm identity and Kansas relationship in independent evidence. Any dates are biographical year labels as listed, not verified event dates.","people-dna-land; history-and-culture"
"wikipedia-people-218","wikipedia-kansas-people","person","Karla Burns","Musicians","1955–2021","Wichita","Listed by source as associated with Kansas; birthplace, residence and activity are not distinguished here.","https://en.wikipedia.org/w/index.php?title=List_of_people_from_Kansas&oldid=1361123532","https://en.wikipedia.org/wiki/List_of_people_from_Kansas#Musicians","Discovery index; confirm identity and Kansas relationship in independent evidence. Any dates are biographical year labels as listed, not verified event dates.","people-dna-land; history-and-culture"
"wikipedia-people-215","wikipedia-kansas-people","person","Karrin Allyson","Musicians","","Great Bend","Listed by source as associated with Kansas; birthplace, residence and activity are not distinguished here.","https://en.wikipedia.org/w/index.php?title=List_of_people_from_Kansas&oldid=1361123532","https://en.wikipedia.org/wiki/List_of_people_from_Kansas#Musicians","Discovery index; confirm identity and Kansas relationship in independent evidence. Any dates are biographical year labels as listed, not verified event dates.","people-dna-land; history-and-culture"
"wikipedia-people-675","wikipedia-kansas-people","person","Kate Richards O'Hare","Politics and law","1877–1948","Ottawa County","Listed by source as associated with Kansas; birthplace, residence and activity are not distinguished here.","https://en.wikipedia.org/w/index.php?title=List_of_people_from_Kansas&oldid=1361123532","https://en.wikipedia.org/wiki/List_of_people_from_Kansas#Politics_and_law","Discovery index; confirm identity and Kansas relationship in independent evidence. Any dates are biographical year labels as listed, not verified event dates.","people-dna-land; history-and-culture"
"wikipedia-people-196","wikipedia-kansas-people","person","Kathy Patrick","Authors","","Eureka","Listed by source as associated with Kansas; birthplace, residence and activity are not distinguished here.","https://en.wikipedia.org/w/index.php?title=List_of_people_from_Kansas&oldid=1361123532","https://en.wikipedia.org/wiki/List_of_people_from_Kansas#Authors","Discovery index; confirm identity and Kansas relationship in independent evidence. Any dates are biographical year labels as listed, not verified event dates.","people-dna-land; history-and-culture"
"wikipedia-people-235","wikipedia-kansas-people","person","Katrina Leskanich","Musicians","born 1960","Topeka","Listed by source as associated with Kansas; birthplace, residence and activity are not distinguished here.","https://en.wikipedia.org/w/index.php?title=List_of_people_from_Kansas&oldid=1361123532","https://en.wikipedia.org/wiki/List_of_people_from_Kansas#Musicians","Discovery index; confirm identity and Kansas relationship in independent evidence. Any dates are biographical year labels as listed, not verified event dates.","people-dna-land; history-and-culture"
"wikipedia-people-796","wikipedia-kansas-people","person","Kelli McCarty","Notable individuals","born 1969","Liberal","Listed by source as associated with Kansas; birthplace, residence and activity are not distinguished here.","https://en.wikipedia.org/w/index.php?title=List_of_people_from_Kansas&oldid=1361123532","https://en.wikipedia.org/wiki/List_of_people_from_Kansas#Notable_individuals","Discovery index; confirm identity and Kansas relationship in independent evidence. Any dates are biographical year labels as listed, not verified event dates.","people-dna-land; history-and-culture"
"wikipedia-people-701","wikipedia-kansas-people","person","Kendall Carl Campbell","Military and national security","1917–1942","Garden City","Listed by source as associated with Kansas; birthplace, residence and activity are not distinguished here.","https://en.wikipedia.org/w/index.php?title=List_of_people_from_Kansas&oldid=1361123532","https://en.wikipedia.org/wiki/List_of_people_from_Kansas#Military_and_national_security","Discovery index; confirm identity and Kansas relationship in independent evidence. Any dates are biographical year labels as listed, not verified event dates.","people-dna-land; history-and-culture"
"wikipedia-people-323","wikipedia-kansas-people","person","Kendall Gammon","Athletes","born 1968","Rose Hill","Listed by source as associated with Kansas; birthplace, residence and activity are not distinguished here.","https://en.wikipedia.org/w/index.php?title=List_of_people_from_Kansas&oldid=1361123532","https://en.wikipedia.org/wiki/List_of_people_from_Kansas#Athletes","Discovery index; confirm identity and Kansas relationship in independent evidence. Any dates are biographical year labels as listed, not verified event dates.","people-dna-land; history-and-culture"
"wikipedia-people-565","wikipedia-kansas-people","person","Kendall Schmidt","Actors and performers","born 1990","Wichita","Listed by source as associated with Kansas; birthplace, residence and activity are not distinguished here.","https://en.wikipedia.org/w/index.php?title=List_of_people_from_Kansas&oldid=1361123532","https://en.wikipedia.org/wiki/List_of_people_from_Kansas#Actors_and_performers","Discovery index; confirm identity and Kansas relationship in independent evidence. Any dates are biographical year labels as listed, not verified event dates.","people-dna-land; history-and-culture"
"wikipedia-people-408","wikipedia-kansas-people","person","Kendra Wecker","Athletes","born 1982","Marysville","Listed by source as associated with Kansas; birthplace, residence and activity are not distinguished here.","https://en.wikipedia.org/w/index.php?title=List_of_people_from_Kansas&oldid=1361123532","https://en.wikipedia.org/wiki/List_of_people_from_Kansas#Athletes","Discovery index; confirm identity and Kansas relationship in independent evidence. Any dates are biographical year labels as listed, not verified event dates.","people-dna-land; history-and-culture"
"wikipedia-people-236","wikipedia-kansas-people","person","Kerry Livgren","Musicians","born 1949","Topeka","Listed by source as associated with Kansas; birthplace, residence and activity are not distinguished here.","https://en.wikipedia.org/w/index.php?title=List_of_people_from_Kansas&oldid=1361123532","https://en.wikipedia.org/wiki/List_of_people_from_Kansas#Musicians","Discovery index; confirm identity and Kansas relationship in independent evidence. Any dates are biographical year labels as listed, not verified event dates.","people-dna-land; history-and-culture"
"wikipedia-people-566","wikipedia-kansas-people","person","Kevin Schmidt","Actors and performers","born 1988","Andover","Listed by source as associated with Kansas; birthplace, residence and activity are not distinguished here.","https://en.wikipedia.org/w/index.php?title=List_of_people_from_Kansas&oldid=1361123532","https://en.wikipedia.org/wiki/List_of_people_from_Kansas#Actors_and_performers","Discovery index; confirm identity and Kansas relationship in independent evidence. Any dates are biographical year labels as listed, not verified event dates.","people-dna-land; history-and-culture"
"wikipedia-people-607","wikipedia-kansas-people","person","Kevin Willmott","Directors","born, 1959","Junction City","Listed by source as associated with Kansas; birthplace, residence and activity are not distinguished here.","https://en.wikipedia.org/w/index.php?title=List_of_people_from_Kansas&oldid=1361123532","https://en.wikipedia.org/wiki/List_of_people_from_Kansas#Directors","Discovery index; confirm identity and Kansas relationship in independent evidence. Any dates are biographical year labels as listed, not verified event dates.","people-dna-land; history-and-culture"
"wikipedia-people-502","wikipedia-kansas-people","person","Kirstie Alley","Actors and performers","1951–2022","Wichita","Listed by source as associated with Kansas; birthplace, residence and activity are not distinguished here.","https://en.wikipedia.org/w/index.php?title=List_of_people_from_Kansas&oldid=1361123532","https://en.wikipedia.org/wiki/List_of_people_from_Kansas#Actors_and_performers","Discovery index; confirm identity and Kansas relationship in independent evidence. Any dates are biographical year labels as listed, not verified event dates.","people-dna-land; history-and-culture"
"wikipedia-people-818","wikipedia-kansas-people","person","Kris Kobach","Notable historical figures not from Kansas but who participated in a significant event in Kansas","born 1966","","Listed by source as associated with Kansas; birthplace, residence and activity are not distinguished here.","https://en.wikipedia.org/w/index.php?title=List_of_people_from_Kansas&oldid=1361123532","https://en.wikipedia.org/wiki/List_of_people_from_Kansas#Notable_historical_figures_not_from_Kansas_but_who_participated_in_a_significant_event_in_Kansas","Discovery index; confirm identity and Kansas relationship in independent evidence. Any dates are biographical year labels as listed, not verified event dates.","people-dna-land; history-and-culture"
"wikipedia-people-316","wikipedia-kansas-people","person","Kyle Farnsworth","Athletes","born 1976","Wichita","Listed by source as associated with Kansas; birthplace, residence and activity are not distinguished here.","https://en.wikipedia.org/w/index.php?title=List_of_people_from_Kansas&oldid=1361123532","https://en.wikipedia.org/wiki/List_of_people_from_Kansas#Athletes","Discovery index; confirm identity and Kansas relationship in independent evidence. Any dates are biographical year labels as listed, not verified event dates.","people-dna-land; history-and-culture"
"wikipedia-people-377","wikipedia-kansas-people","person","Lafayette Russell","Athletes","1905–1978","Osawatomie","Listed by source as associated with Kansas; birthplace, residence and activity are not distinguished here.","https://en.wikipedia.org/w/index.php?title=List_of_people_from_Kansas&oldid=1361123532","https://en.wikipedia.org/wiki/List_of_people_from_Kansas#Athletes","Discovery index; confirm identity and Kansas relationship in independent evidence. Any dates are biographical year labels as listed, not verified event dates.","people-dna-land; history-and-culture"
"wikipedia-people-856","wikipedia-kansas-people","fictional","Lana Lang","Fictional persons","","","Fictional character listed by source.","https://en.wikipedia.org/w/index.php?title=List_of_people_from_Kansas&oldid=1361123532","https://en.wikipedia.org/wiki/List_of_people_from_Kansas#Fictional_persons","Discovery index; confirm identity and Kansas relationship in independent evidence. Any dates are biographical year labels as listed, not verified event dates.","people-dna-land; history-and-culture"
"wikipedia-people-190","wikipedia-kansas-people","person","Langston Hughes","Authors","1902–1967","Lawrence","Listed by source as associated with Kansas; birthplace, residence and activity are not distinguished here.","https://en.wikipedia.org/w/index.php?title=List_of_people_from_Kansas&oldid=1361123532","https://en.wikipedia.org/wiki/List_of_people_from_Kansas#Authors","Discovery index; confirm identity and Kansas relationship in independent evidence. Any dates are biographical year labels as listed, not verified event dates.","people-dna-land; history-and-culture"
"wikipedia-people-295","wikipedia-kansas-people","person","Larry Cheney","Athletes","1886–1969","Belleville","Listed by source as associated with Kansas; birthplace, residence and activity are not distinguished here.","https://en.wikipedia.org/w/index.php?title=List_of_people_from_Kansas&oldid=1361123532","https://en.wikipedia.org/wiki/List_of_people_from_Kansas#Athletes","Discovery index; confirm identity and Kansas relationship in independent evidence. Any dates are biographical year labels as listed, not verified event dates.","people-dna-land; history-and-culture"
"wikipedia-people-310","wikipedia-kansas-people","person","Larry Drew","Athletes","born 1958","Kansas City","Listed by source as associated with Kansas; birthplace, residence and activity are not distinguished here.","https://en.wikipedia.org/w/index.php?title=List_of_people_from_Kansas&oldid=1361123532","https://en.wikipedia.org/wiki/List_of_people_from_Kansas#Athletes","Discovery index; confirm identity and Kansas relationship in independent evidence. Any dates are biographical year labels as listed, not verified event dates.","people-dna-land; history-and-culture"
"wikipedia-people-425","wikipedia-kansas-people","person","Larry Drew","Coaches","born 1958","Kansas City","Listed by source as associated with Kansas; birthplace, residence and activity are not distinguished here.","https://en.wikipedia.org/w/index.php?title=List_of_people_from_Kansas&oldid=1361123532","https://en.wikipedia.org/wiki/List_of_people_from_Kansas#Coaches","Discovery index; confirm identity and Kansas relationship in independent evidence. Any dates are biographical year labels as listed, not verified event dates.","people-dna-land; history-and-culture"
"wikipedia-people-180","wikipedia-kansas-people","person","Laura Abbot","Authors","","Kansas City","Listed by source as associated with Kansas; birthplace, residence and activity are not distinguished here.","https://en.wikipedia.org/w/index.php?title=List_of_people_from_Kansas&oldid=1361123532","https://en.wikipedia.org/wiki/List_of_people_from_Kansas#Authors","Discovery index; confirm identity and Kansas relationship in independent evidence. Any dates are biographical year labels as listed, not verified event dates.","people-dna-land; history-and-culture"
"wikipedia-people-547","wikipedia-kansas-people","person","Laura Kirk","Actors and performers","born 1966","Lecompton","Listed by source as associated with Kansas; birthplace, residence and activity are not distinguished here.","https://en.wikipedia.org/w/index.php?title=List_of_people_from_Kansas&oldid=1361123532","https://en.wikipedia.org/wiki/List_of_people_from_Kansas#Actors_and_performers","Discovery index; confirm identity and Kansas relationship in independent evidence. Any dates are biographical year labels as listed, not verified event dates.","people-dna-land; history-and-culture"
"wikipedia-people-661","wikipedia-kansas-people","person","Laura M. Johns","Politics and law","1849–1935","","Listed by source as associated with Kansas; birthplace, residence and activity are not distinguished here.","https://en.wikipedia.org/w/index.php?title=List_of_people_from_Kansas&oldid=1361123532","https://en.wikipedia.org/wiki/List_of_people_from_Kansas#Politics_and_law","Discovery index; confirm identity and Kansas relationship in independent evidence. Any dates are biographical year labels as listed, not verified event dates.","people-dna-land; history-and-culture"
"wikipedia-people-532","wikipedia-kansas-people","person","Laurel Goodwin","Actors and performers","born 1942","Wichita","Listed by source as associated with Kansas; birthplace, residence and activity are not distinguished here.","https://en.wikipedia.org/w/index.php?title=List_of_people_from_Kansas&oldid=1361123532","https://en.wikipedia.org/wiki/List_of_people_from_Kansas#Actors_and_performers","Discovery index; confirm identity and Kansas relationship in independent evidence. Any dates are biographical year labels as listed, not verified event dates.","people-dna-land; history-and-culture"
"wikipedia-people-345","wikipedia-kansas-people","person","Laurie Koehn","Athletes","born 1982","Moundridge","Listed by source as associated with Kansas; birthplace, residence and activity are not distinguished here.","https://en.wikipedia.org/w/index.php?title=List_of_people_from_Kansas&oldid=1361123532","https://en.wikipedia.org/wiki/List_of_people_from_Kansas#Athletes","Discovery index; confirm identity and Kansas relationship in independent evidence. Any dates are biographical year labels as listed, not verified event dates.","people-dna-land; history-and-culture"
"wikipedia-people-674","wikipedia-kansas-people","person","Lawton Nuss","Politics and law","born 1952","Salina","Listed by source as associated with Kansas; birthplace, residence and activity are not distinguished here.","https://en.wikipedia.org/w/index.php?title=List_of_people_from_Kansas&oldid=1361123532","https://en.wikipedia.org/wiki/List_of_people_from_Kansas#Politics_and_law","Discovery index; confirm identity and Kansas relationship in independent evidence. Any dates are biographical year labels as listed, not verified event dates.","people-dna-land; history-and-culture"
"wikipedia-people-392","wikipedia-kansas-people","person","Lee Stevens","Athletes","born 1967","Lawrence","Listed by source as associated with Kansas; birthplace, residence and activity are not distinguished here.","https://en.wikipedia.org/w/index.php?title=List_of_people_from_Kansas&oldid=1361123532","https://en.wikipedia.org/wiki/List_of_people_from_Kansas#Athletes","Discovery index; confirm identity and Kansas relationship in independent evidence. Any dates are biographical year labels as listed, not verified event dates.","people-dna-land; history-and-culture"
"wikipedia-people-676","wikipedia-kansas-people","person","Leslie Osterman","Politics and law","born 1947","Wichita","Listed by source as associated with Kansas; birthplace, residence and activity are not distinguished here.","https://en.wikipedia.org/w/index.php?title=List_of_people_from_Kansas&oldid=1361123532","https://en.wikipedia.org/wiki/List_of_people_from_Kansas#Politics_and_law","Discovery index; confirm identity and Kansas relationship in independent evidence. Any dates are biographical year labels as listed, not verified event dates.","people-dna-land; history-and-culture"
"wikipedia-people-724","wikipedia-kansas-people","person","Lewis William Walt","Military and national security","1913–1989","Wabaunsee County","Listed by source as associated with Kansas; birthplace, residence and activity are not distinguished here.","https://en.wikipedia.org/w/index.php?title=List_of_people_from_Kansas&oldid=1361123532","https://en.wikipedia.org/wiki/List_of_people_from_Kansas#Military_and_national_security","Discovery index; confirm identity and Kansas relationship in independent evidence. Any dates are biographical year labels as listed, not verified event dates.","people-dna-land; history-and-culture"
"wikipedia-people-550","wikipedia-kansas-people","person","Lila Leeds","Actors and performers","1928–1999","Dodge City","Listed by source as associated with Kansas; birthplace, residence and activity are not distinguished here.","https://en.wikipedia.org/w/index.php?title=List_of_people_from_Kansas&oldid=1361123532","https://en.wikipedia.org/wiki/List_of_people_from_Kansas#Actors_and_performers","Discovery index; confirm identity and Kansas relationship in independent evidence. Any dates are biographical year labels as listed, not verified event dates.","people-dna-land; history-and-culture"
"wikipedia-people-735","wikipedia-kansas-people","person","Lillian M. Mitchner","Religious","1862/64–1954","Topeka","Listed by source as associated with Kansas; birthplace, residence and activity are not distinguished here.","https://en.wikipedia.org/w/index.php?title=List_of_people_from_Kansas&oldid=1361123532","https://en.wikipedia.org/wiki/List_of_people_from_Kansas#Religious","Discovery index; confirm identity and Kansas relationship in independent evidence. Any dates are biographical year labels as listed, not verified event dates.","people-dna-land; history-and-culture"
"wikipedia-people-338","wikipedia-kansas-people","person","Lionel Hollins","Athletes","born 1953","Arkansas City","Listed by source as associated with Kansas; birthplace, residence and activity are not distinguished here.","https://en.wikipedia.org/w/index.php?title=List_of_people_from_Kansas&oldid=1361123532","https://en.wikipedia.org/wiki/List_of_people_from_Kansas#Athletes","Discovery index; confirm identity and Kansas relationship in independent evidence. Any dates are biographical year labels as listed, not verified event dates.","people-dna-land; history-and-culture"
"wikipedia-people-432","wikipedia-kansas-people","person","Lionel Hollins","Coaches","born 1953","Arkansas City","Listed by source as associated with Kansas; birthplace, residence and activity are not distinguished here.","https://en.wikipedia.org/w/index.php?title=List_of_people_from_Kansas&oldid=1361123532","https://en.wikipedia.org/wiki/List_of_people_from_Kansas#Coaches","Discovery index; confirm identity and Kansas relationship in independent evidence. Any dates are biographical year labels as listed, not verified event dates.","people-dna-land; history-and-culture"
"wikipedia-people-467","wikipedia-kansas-people","person","Lloyd Carlton Stearman","Aviators and astronauts","1898–1975","Wellsford","Listed by source as associated with Kansas; birthplace, residence and activity are not distinguished here.","https://en.wikipedia.org/w/index.php?title=List_of_people_from_Kansas&oldid=1361123532","https://en.wikipedia.org/wiki/List_of_people_from_Kansas#Aviators_and_astronauts","Discovery index; confirm identity and Kansas relationship in independent evidence. Any dates are biographical year labels as listed, not verified event dates.","people-dna-land; history-and-culture"
"wikipedia-people-201","wikipedia-kansas-people","person","Lois Ruby","Authors","","Lawrence","Listed by source as associated with Kansas; birthplace, residence and activity are not distinguished here.","https://en.wikipedia.org/w/index.php?title=List_of_people_from_Kansas&oldid=1361123532","https://en.wikipedia.org/wiki/List_of_people_from_Kansas#Authors","Discovery index; confirm identity and Kansas relationship in independent evidence. Any dates are biographical year labels as listed, not verified event dates.","people-dna-land; history-and-culture"
"wikipedia-people-571","wikipedia-kansas-people","person","Lois Smith","Actors and performers","born 1930","Topeka","Listed by source as associated with Kansas; birthplace, residence and activity are not distinguished here.","https://en.wikipedia.org/w/index.php?title=List_of_people_from_Kansas&oldid=1361123532","https://en.wikipedia.org/wiki/List_of_people_from_Kansas#Actors_and_performers","Discovery index; confirm identity and Kansas relationship in independent evidence. Any dates are biographical year labels as listed, not verified event dates.","people-dna-land; history-and-culture"
"wikipedia-people-438","wikipedia-kansas-people","person","Lon Kruger","Coaches","born 1952","Silver Lake","Listed by source as associated with Kansas; birthplace, residence and activity are not distinguished here.","https://en.wikipedia.org/w/index.php?title=List_of_people_from_Kansas&oldid=1361123532","https://en.wikipedia.org/wiki/List_of_people_from_Kansas#Coaches","Discovery index; confirm identity and Kansas relationship in independent evidence. Any dates are biographical year labels as listed, not verified event dates.","people-dna-land; history-and-culture"
"wikipedia-people-764","wikipedia-kansas-people","person","Lou Montulli","Scientists and programmers","","","Listed by source as associated with Kansas; birthplace, residence and activity are not distinguished here.","https://en.wikipedia.org/w/index.php?title=List_of_people_from_Kansas&oldid=1361123532","https://en.wikipedia.org/wiki/List_of_people_from_Kansas#Scientists_and_programmers","Discovery index; confirm identity and Kansas relationship in independent evidence. Any dates are biographical year labels as listed, not verified event dates.","people-dna-land; history-and-culture"
"wikipedia-people-512","wikipedia-kansas-people","person","Louise Brooks","Actors and performers","1906–1985","Cherryvale","Listed by source as associated with Kansas; birthplace, residence and activity are not distinguished here.","https://en.wikipedia.org/w/index.php?title=List_of_people_from_Kansas&oldid=1361123532","https://en.wikipedia.org/wiki/List_of_people_from_Kansas#Actors_and_performers","Discovery index; confirm identity and Kansas relationship in independent evidence. Any dates are biographical year labels as listed, not verified event dates.","people-dna-land; history-and-culture"
"wikipedia-people-827","wikipedia-kansas-people","person","Lowell Lee Andrews","Crime","1939–1962","Wolcott","Listed by source as associated with Kansas; birthplace, residence and activity are not distinguished here.","https://en.wikipedia.org/w/index.php?title=List_of_people_from_Kansas&oldid=1361123532","https://en.wikipedia.org/wiki/List_of_people_from_Kansas#Crime","Discovery index; confirm identity and Kansas relationship in independent evidence. Source section is a sensitive historical/criminal index; no allegation or conviction is asserted by this entry.","people-dna-land; history-and-culture"
"wikipedia-people-521","wikipedia-kansas-people","person","Lucinda Dickey","Actors and performers","born 1960","Hutchinson","Listed by source as associated with Kansas; birthplace, residence and activity are not distinguished here.","https://en.wikipedia.org/w/index.php?title=List_of_people_from_Kansas&oldid=1361123532","https://en.wikipedia.org/wiki/List_of_people_from_Kansas#Actors_and_performers","Discovery index; confirm identity and Kansas relationship in independent evidence. Any dates are biographical year labels as listed, not verified event dates.","people-dna-land; history-and-culture"
"wikipedia-people-398","wikipedia-kansas-people","person","Luther Haden ""Dummy"" Taylor","Athletes","1875–1958","Oskaloosa","Listed by source as associated with Kansas; birthplace, residence and activity are not distinguished here.","https://en.wikipedia.org/w/index.php?title=List_of_people_from_Kansas&oldid=1361123532","https://en.wikipedia.org/wiki/List_of_people_from_Kansas#Athletes","Discovery index; confirm identity and Kansas relationship in independent evidence. Any dates are biographical year labels as listed, not verified event dates.","people-dna-land; history-and-culture"
"wikipedia-people-584","wikipedia-kansas-people","person","Lyle Waggoner","Actors and performers","1935–2020","Kansas City","Listed by source as associated with Kansas; birthplace, residence and activity are not distinguished here.","https://en.wikipedia.org/w/index.php?title=List_of_people_from_Kansas&oldid=1361123532","https://en.wikipedia.org/wiki/List_of_people_from_Kansas#Actors_and_performers","Discovery index; confirm identity and Kansas relationship in independent evidence. Any dates are biographical year labels as listed, not verified event dates.","people-dna-land; history-and-culture"
"wikipedia-people-412","wikipedia-kansas-people","person","Lynette Woodard","Athletes","born 1959","Wichita","Listed by source as associated with Kansas; birthplace, residence and activity are not distinguished here.","https://en.wikipedia.org/w/index.php?title=List_of_people_from_Kansas&oldid=1361123532","https://en.wikipedia.org/wiki/List_of_people_from_Kansas#Athletes","Discovery index; confirm identity and Kansas relationship in independent evidence. Any dates are biographical year labels as listed, not verified event dates.","people-dna-land; history-and-culture"
"wikipedia-people-308","wikipedia-kansas-people","person","Lynn Dickey","Athletes","born 1949","Osawatomie","Listed by source as associated with Kansas; birthplace, residence and activity are not distinguished here.","https://en.wikipedia.org/w/index.php?title=List_of_people_from_Kansas&oldid=1361123532","https://en.wikipedia.org/wiki/List_of_people_from_Kansas#Athletes","Discovery index; confirm identity and Kansas relationship in independent evidence. Any dates are biographical year labels as listed, not verified event dates.","people-dna-land; history-and-culture"
"wikipedia-people-147","wikipedia-kansas-people","person","M. Lee Pelton","Academics and Nobel Prize laureates","born 1950","Wichita","Listed by source as associated with Kansas; birthplace, residence and activity are not distinguished here.","https://en.wikipedia.org/w/index.php?title=List_of_people_from_Kansas&oldid=1361123532","https://en.wikipedia.org/wiki/List_of_people_from_Kansas#Academics_and_Nobel_Prize_laureates","Discovery index; confirm identity and Kansas relationship in independent evidence. Any dates are biographical year labels as listed, not verified event dates.","people-dna-land; history-and-culture"
"wikipedia-people-741","wikipedia-kansas-people","person","M. Madeline Southard","Religious","1877–1967","","Listed by source as associated with Kansas; birthplace, residence and activity are not distinguished here.","https://en.wikipedia.org/w/index.php?title=List_of_people_from_Kansas&oldid=1361123532","https://en.wikipedia.org/wiki/List_of_people_from_Kansas#Religious","Discovery index; confirm identity and Kansas relationship in independent evidence. Any dates are biographical year labels as listed, not verified event dates.","people-dna-land; history-and-culture"
"wikipedia-people-690","wikipedia-kansas-people","person","Mabel Walker Willebrandt","Politics and law","1889–1963","Woodsdale","Listed by source as associated with Kansas; birthplace, residence and activity are not distinguished here.","https://en.wikipedia.org/w/index.php?title=List_of_people_from_Kansas&oldid=1361123532","https://en.wikipedia.org/wiki/List_of_people_from_Kansas#Politics_and_law","Discovery index; confirm identity and Kansas relationship in independent evidence. Any dates are biographical year labels as listed, not verified event dates.","people-dna-land; history-and-culture"
"wikipedia-people-790","wikipedia-kansas-people","person","Madelyn and Stanley Dunham","Notable individuals","1922–2008 and 1918–1992","Peru","Listed by source as associated with Kansas; birthplace, residence and activity are not distinguished here.","https://en.wikipedia.org/w/index.php?title=List_of_people_from_Kansas&oldid=1361123532","https://en.wikipedia.org/wiki/List_of_people_from_Kansas#Notable_individuals","Discovery index; confirm identity and Kansas relationship in independent evidence. Any dates are biographical year labels as listed, not verified event dates.","people-dna-land; history-and-culture"
"wikipedia-people-509","wikipedia-kansas-people","person","Madge Blake","Actors and performers","1899–1969","Kinsley","Listed by source as associated with Kansas; birthplace, residence and activity are not distinguished here.","https://en.wikipedia.org/w/index.php?title=List_of_people_from_Kansas&oldid=1361123532","https://en.wikipedia.org/wiki/List_of_people_from_Kansas#Actors_and_performers","Discovery index; confirm identity and Kansas relationship in independent evidence. Any dates are biographical year labels as listed, not verified event dates.","people-dna-land; history-and-culture"
"wikipedia-people-858","wikipedia-kansas-people","fictional","Major Astro","Fictional persons","","","Fictional character listed by source.","https://en.wikipedia.org/w/index.php?title=List_of_people_from_Kansas&oldid=1361123532","https://en.wikipedia.org/wiki/List_of_people_from_Kansas#Fictional_persons","Discovery index; confirm identity and Kansas relationship in independent evidence. Any dates are biographical year labels as listed, not verified event dates.","people-dna-land; history-and-culture"
"wikipedia-people-298","wikipedia-kansas-people","person","Maliek Collins","Athletes","born 1995","Kansas City","Listed by source as associated with Kansas; birthplace, residence and activity are not distinguished here.","https://en.wikipedia.org/w/index.php?title=List_of_people_from_Kansas&oldid=1361123532","https://en.wikipedia.org/wiki/List_of_people_from_Kansas#Athletes","Discovery index; confirm identity and Kansas relationship in independent evidence. Any dates are biographical year labels as listed, not verified event dates.","people-dna-land; history-and-culture"
"wikipedia-people-841","wikipedia-kansas-people","person","Marc Sappington","Crime","born 1978","Kansas City","Listed by source as associated with Kansas; birthplace, residence and activity are not distinguished here.","https://en.wikipedia.org/w/index.php?title=List_of_people_from_Kansas&oldid=1361123532","https://en.wikipedia.org/wiki/List_of_people_from_Kansas#Crime","Discovery index; confirm identity and Kansas relationship in independent evidence. Source section is a sensitive historical/criminal index; no allegation or conviction is asserted by this entry.","people-dna-land; history-and-culture"
"wikipedia-people-361","wikipedia-kansas-people","person","Marcio Navarro","Athletes","born 1978","Wichita","Listed by source as associated with Kansas; birthplace, residence and activity are not distinguished here.","https://en.wikipedia.org/w/index.php?title=List_of_people_from_Kansas&oldid=1361123532","https://en.wikipedia.org/wiki/List_of_people_from_Kansas#Athletes","Discovery index; confirm identity and Kansas relationship in independent evidence. Any dates are biographical year labels as listed, not verified event dates.","people-dna-land; history-and-culture"
"wikipedia-people-389","wikipedia-kansas-people","person","Marilynn Smith","Athletes","1929–2019","Topeka","Listed by source as associated with Kansas; birthplace, residence and activity are not distinguished here.","https://en.wikipedia.org/w/index.php?title=List_of_people_from_Kansas&oldid=1361123532","https://en.wikipedia.org/wiki/List_of_people_from_Kansas#Athletes","Discovery index; confirm identity and Kansas relationship in independent evidence. Any dates are biographical year labels as listed, not verified event dates.","people-dna-land; history-and-culture"
"wikipedia-people-523","wikipedia-kansas-people","person","Marj Dusay","Actors and performers","1936–2020","Hays","Listed by source as associated with Kansas; birthplace, residence and activity are not distinguished here.","https://en.wikipedia.org/w/index.php?title=List_of_people_from_Kansas&oldid=1361123532","https://en.wikipedia.org/wiki/List_of_people_from_Kansas#Actors_and_performers","Discovery index; confirm identity and Kansas relationship in independent evidence. Any dates are biographical year labels as listed, not verified event dates.","people-dna-land; history-and-culture"
"wikipedia-people-311","wikipedia-kansas-people","person","Mark Duckens","Athletes","born 1965","Wichita","Listed by source as associated with Kansas; birthplace, residence and activity are not distinguished here.","https://en.wikipedia.org/w/index.php?title=List_of_people_from_Kansas&oldid=1361123532","https://en.wikipedia.org/wiki/List_of_people_from_Kansas#Athletes","Discovery index; confirm identity and Kansas relationship in independent evidence. Any dates are biographical year labels as listed, not verified event dates.","people-dna-land; history-and-culture"
"wikipedia-people-830","wikipedia-kansas-people","person","Mark Essex","Crime","1949–1973","Emporia","Listed by source as associated with Kansas; birthplace, residence and activity are not distinguished here.","https://en.wikipedia.org/w/index.php?title=List_of_people_from_Kansas&oldid=1361123532","https://en.wikipedia.org/wiki/List_of_people_from_Kansas#Crime","Discovery index; confirm identity and Kansas relationship in independent evidence. Source section is a sensitive historical/criminal index; no allegation or conviction is asserted by this entry.","people-dna-land; history-and-culture"
"wikipedia-people-426","wikipedia-kansas-people","person","Mark Fox","Coaches","born 1969","Garden City","Listed by source as associated with Kansas; birthplace, residence and activity are not distinguished here.","https://en.wikipedia.org/w/index.php?title=List_of_people_from_Kansas&oldid=1361123532","https://en.wikipedia.org/wiki/List_of_people_from_Kansas#Coaches","Discovery index; confirm identity and Kansas relationship in independent evidence. Any dates are biographical year labels as listed, not verified event dates.","people-dna-land; history-and-culture"
"wikipedia-people-229","wikipedia-kansas-people","person","Mark Hart","Musicians","born 1953","Fort Scott","Listed by source as associated with Kansas; birthplace, residence and activity are not distinguished here.","https://en.wikipedia.org/w/index.php?title=List_of_people_from_Kansas&oldid=1361123532","https://en.wikipedia.org/wiki/List_of_people_from_Kansas#Musicians","Discovery index; confirm identity and Kansas relationship in independent evidence. Any dates are biographical year labels as listed, not verified event dates.","people-dna-land; history-and-culture"
"wikipedia-people-332","wikipedia-kansas-people","person","Mark Haynes","Athletes","born 1958","Kansas City","Listed by source as associated with Kansas; birthplace, residence and activity are not distinguished here.","https://en.wikipedia.org/w/index.php?title=List_of_people_from_Kansas&oldid=1361123532","https://en.wikipedia.org/wiki/List_of_people_from_Kansas#Athletes","Discovery index; confirm identity and Kansas relationship in independent evidence. Any dates are biographical year labels as listed, not verified event dates.","people-dna-land; history-and-culture"
"wikipedia-people-247","wikipedia-kansas-people","person","Mark Schultz","Musicians","born 1970","Colby","Listed by source as associated with Kansas; birthplace, residence and activity are not distinguished here.","https://en.wikipedia.org/w/index.php?title=List_of_people_from_Kansas&oldid=1361123532","https://en.wikipedia.org/wiki/List_of_people_from_Kansas#Musicians","Discovery index; confirm identity and Kansas relationship in independent evidence. Any dates are biographical year labels as listed, not verified event dates.","people-dna-land; history-and-culture"
"wikipedia-people-388","wikipedia-kansas-people","person","Mark Simoneau","Athletes","born 1977","Smith Center","Listed by source as associated with Kansas; birthplace, residence and activity are not distinguished here.","https://en.wikipedia.org/w/index.php?title=List_of_people_from_Kansas&oldid=1361123532","https://en.wikipedia.org/wiki/List_of_people_from_Kansas#Athletes","Discovery index; confirm identity and Kansas relationship in independent evidence. Any dates are biographical year labels as listed, not verified event dates.","people-dna-land; history-and-culture"
"wikipedia-people-451","wikipedia-kansas-people","person","Mark Turgeon","Coaches","born 1965","Topeka","Listed by source as associated with Kansas; birthplace, residence and activity are not distinguished here.","https://en.wikipedia.org/w/index.php?title=List_of_people_from_Kansas&oldid=1361123532","https://en.wikipedia.org/wiki/List_of_people_from_Kansas#Coaches","Discovery index; confirm identity and Kansas relationship in independent evidence. Any dates are biographical year labels as listed, not verified event dates.","people-dna-land; history-and-culture"
"wikipedia-people-651","wikipedia-kansas-people","person","Marlin Fitzwater","Politics and law","born 1942","Abilene","Listed by source as associated with Kansas; birthplace, residence and activity are not distinguished here.","https://en.wikipedia.org/w/index.php?title=List_of_people_from_Kansas&oldid=1361123532","https://en.wikipedia.org/wiki/List_of_people_from_Kansas#Politics_and_law","Discovery index; confirm identity and Kansas relationship in independent evidence. Any dates are biographical year labels as listed, not verified event dates.","people-dna-land; history-and-culture"
"wikipedia-people-602","wikipedia-kansas-people","person","Martin and Osa Johnson","Directors","1884–1937 and 1894–1953","Chanute","Listed by source as associated with Kansas; birthplace, residence and activity are not distinguished here.","https://en.wikipedia.org/w/index.php?title=List_of_people_from_Kansas&oldid=1361123532","https://en.wikipedia.org/wiki/List_of_people_from_Kansas#Directors","Discovery index; confirm identity and Kansas relationship in independent evidence. Any dates are biographical year labels as listed, not verified event dates.","people-dna-land; history-and-culture"
"wikipedia-people-687","wikipedia-kansas-people","person","Martin E. Trapp","Politics and law","1877–1951","Robinson","Listed by source as associated with Kansas; birthplace, residence and activity are not distinguished here.","https://en.wikipedia.org/w/index.php?title=List_of_people_from_Kansas&oldid=1361123532","https://en.wikipedia.org/wiki/List_of_people_from_Kansas#Politics_and_law","Discovery index; confirm identity and Kansas relationship in independent evidence. Any dates are biographical year labels as listed, not verified event dates.","people-dna-land; history-and-culture"
"wikipedia-people-350","wikipedia-kansas-people","person","Martin Lewis","Athletes","born 1975","Liberal","Listed by source as associated with Kansas; birthplace, residence and activity are not distinguished here.","https://en.wikipedia.org/w/index.php?title=List_of_people_from_Kansas&oldid=1361123532","https://en.wikipedia.org/wiki/List_of_people_from_Kansas#Athletes","Discovery index; confirm identity and Kansas relationship in independent evidence. Any dates are biographical year labels as listed, not verified event dates.","people-dna-land; history-and-culture"
"wikipedia-people-239","wikipedia-kansas-people","person","Martina McBride","Musicians","born 1966","Sharon","Listed by source as associated with Kansas; birthplace, residence and activity are not distinguished here.","https://en.wikipedia.org/w/index.php?title=List_of_people_from_Kansas&oldid=1361123532","https://en.wikipedia.org/wiki/List_of_people_from_Kansas#Musicians","Discovery index; confirm identity and Kansas relationship in independent evidence. Any dates are biographical year labels as listed, not verified event dates.","people-dna-land; history-and-culture"
"wikipedia-people-864","wikipedia-kansas-people","fictional","Mary Ann Summers","Fictional persons","","","Fictional character listed by source.","https://en.wikipedia.org/w/index.php?title=List_of_people_from_Kansas&oldid=1361123532","https://en.wikipedia.org/wiki/List_of_people_from_Kansas#Fictional_persons","Discovery index; confirm identity and Kansas relationship in independent evidence. Any dates are biographical year labels as listed, not verified event dates.","people-dna-land; history-and-culture"
"wikipedia-people-822","wikipedia-kansas-people","person","Mary Bell Smith","Notable historical figures not from Kansas but who participated in a significant event in Kansas","1818-1894","","Listed by source as associated with Kansas; birthplace, residence and activity are not distinguished here.","https://en.wikipedia.org/w/index.php?title=List_of_people_from_Kansas&oldid=1361123532","https://en.wikipedia.org/wiki/List_of_people_from_Kansas#Notable_historical_figures_not_from_Kansas_but_who_participated_in_a_significant_event_in_Kansas","Discovery index; confirm identity and Kansas relationship in independent evidence. Any dates are biographical year labels as listed, not verified event dates.","people-dna-land; history-and-culture"
"wikipedia-people-203","wikipedia-kansas-people","person","Mary Francis Shura","Authors","1923–1990","Pratt","Listed by source as associated with Kansas; birthplace, residence and activity are not distinguished here.","https://en.wikipedia.org/w/index.php?title=List_of_people_from_Kansas&oldid=1361123532","https://en.wikipedia.org/wiki/List_of_people_from_Kansas#Authors","Discovery index; confirm identity and Kansas relationship in independent evidence. Any dates are biographical year labels as listed, not verified event dates.","people-dna-land; history-and-culture"
"wikipedia-people-540","wikipedia-kansas-people","person","Mary Howard","Actors and performers","1913–2009","Independence","Listed by source as associated with Kansas; birthplace, residence and activity are not distinguished here.","https://en.wikipedia.org/w/index.php?title=List_of_people_from_Kansas&oldid=1361123532","https://en.wikipedia.org/wiki/List_of_people_from_Kansas#Actors_and_performers","Discovery index; confirm identity and Kansas relationship in independent evidence. Any dates are biographical year labels as listed, not verified event dates.","people-dna-land; history-and-culture"
"wikipedia-people-814","wikipedia-kansas-people","person","Mary Tenney Gray","Notable historical figures not from Kansas but who participated in a significant event in Kansas","1833–1904","Kansas City","Listed by source as associated with Kansas; birthplace, residence and activity are not distinguished here.","https://en.wikipedia.org/w/index.php?title=List_of_people_from_Kansas&oldid=1361123532","https://en.wikipedia.org/wiki/List_of_people_from_Kansas#Notable_historical_figures_not_from_Kansas_but_who_participated_in_a_significant_event_in_Kansas","Discovery index; confirm identity and Kansas relationship in independent evidence. Any dates are biographical year labels as listed, not verified event dates.","people-dna-land; history-and-culture"
"wikipedia-people-284","wikipedia-kansas-people","person","Matt Besler","Athletes","born 1987","Overland Park","Listed by source as associated with Kansas; birthplace, residence and activity are not distinguished here.","https://en.wikipedia.org/w/index.php?title=List_of_people_from_Kansas&oldid=1361123532","https://en.wikipedia.org/wiki/List_of_people_from_Kansas#Athletes","Discovery index; confirm identity and Kansas relationship in independent evidence. Any dates are biographical year labels as listed, not verified event dates.","people-dna-land; history-and-culture"
"wikipedia-people-848","wikipedia-kansas-people","fictional","Matt Dillon","Fictional persons","","","Fictional character listed by source.","https://en.wikipedia.org/w/index.php?title=List_of_people_from_Kansas&oldid=1361123532","https://en.wikipedia.org/wiki/List_of_people_from_Kansas#Fictional_persons","Discovery index; confirm identity and Kansas relationship in independent evidence. Any dates are biographical year labels as listed, not verified event dates.","people-dna-land; history-and-culture"
"wikipedia-people-803","wikipedia-kansas-people","person","Matt Schlapp","Notable individuals","","Wichita","Listed by source as associated with Kansas; birthplace, residence and activity are not distinguished here.","https://en.wikipedia.org/w/index.php?title=List_of_people_from_Kansas&oldid=1361123532","https://en.wikipedia.org/wiki/List_of_people_from_Kansas#Notable_individuals","Discovery index; confirm identity and Kansas relationship in independent evidence. Any dates are biographical year labels as listed, not verified event dates.","people-dna-land; history-and-culture"
"wikipedia-people-583","wikipedia-kansas-people","person","Matt Vogel","Actors and performers","born 1970","Kansas City","Listed by source as associated with Kansas; birthplace, residence and activity are not distinguished here.","https://en.wikipedia.org/w/index.php?title=List_of_people_from_Kansas&oldid=1361123532","https://en.wikipedia.org/wiki/List_of_people_from_Kansas#Actors_and_performers","Discovery index; confirm identity and Kansas relationship in independent evidence. Any dates are biographical year labels as listed, not verified event dates.","people-dna-land; history-and-culture"
"wikipedia-people-491","wikipedia-kansas-people","person","Matthew K. Rose","Businesspeople and inventors","born 1959","Salina","Listed by source as associated with Kansas; birthplace, residence and activity are not distinguished here.","https://en.wikipedia.org/w/index.php?title=List_of_people_from_Kansas&oldid=1361123532","https://en.wikipedia.org/wiki/List_of_people_from_Kansas#Businesspeople_and_inventors","Discovery index; confirm identity and Kansas relationship in independent evidence. Any dates are biographical year labels as listed, not verified event dates.","people-dna-land; history-and-culture"
"wikipedia-people-315","wikipedia-kansas-people","person","Maurice Evans","Athletes","born 1978","Wichita","Listed by source as associated with Kansas; birthplace, residence and activity are not distinguished here.","https://en.wikipedia.org/w/index.php?title=List_of_people_from_Kansas&oldid=1361123532","https://en.wikipedia.org/wiki/List_of_people_from_Kansas#Athletes","Discovery index; confirm identity and Kansas relationship in independent evidence. Any dates are biographical year labels as listed, not verified event dates.","people-dna-land; history-and-culture"
"wikipedia-people-325","wikipedia-kansas-people","person","Maurice Greene","Athletes","born 1974","Kansas City","Listed by source as associated with Kansas; birthplace, residence and activity are not distinguished here.","https://en.wikipedia.org/w/index.php?title=List_of_people_from_Kansas&oldid=1361123532","https://en.wikipedia.org/wiki/List_of_people_from_Kansas#Athletes","Discovery index; confirm identity and Kansas relationship in independent evidence. Any dates are biographical year labels as listed, not verified event dates.","people-dna-land; history-and-culture"
"wikipedia-people-569","wikipedia-kansas-people","person","Max Showalter","Actors and performers","1917–2000","Caldwell","Listed by source as associated with Kansas; birthplace, residence and activity are not distinguished here.","https://en.wikipedia.org/w/index.php?title=List_of_people_from_Kansas&oldid=1361123532","https://en.wikipedia.org/wiki/List_of_people_from_Kansas#Actors_and_performers","Discovery index; confirm identity and Kansas relationship in independent evidence. Any dates are biographical year labels as listed, not verified event dates.","people-dna-land; history-and-culture"
"wikipedia-people-205","wikipedia-kansas-people","person","Max Yoho","Authors","1934–2017","Colony","Listed by source as associated with Kansas; birthplace, residence and activity are not distinguished here.","https://en.wikipedia.org/w/index.php?title=List_of_people_from_Kansas&oldid=1361123532","https://en.wikipedia.org/wiki/List_of_people_from_Kansas#Authors","Discovery index; confirm identity and Kansas relationship in independent evidence. Any dates are biographical year labels as listed, not verified event dates.","people-dna-land; history-and-culture"
"wikipedia-people-226","wikipedia-kansas-people","person","Melissa Etheridge","Musicians","born 1961","Leavenworth","Listed by source as associated with Kansas; birthplace, residence and activity are not distinguished here.","https://en.wikipedia.org/w/index.php?title=List_of_people_from_Kansas&oldid=1361123532","https://en.wikipedia.org/wiki/List_of_people_from_Kansas#Musicians","Discovery index; confirm identity and Kansas relationship in independent evidence. Any dates are biographical year labels as listed, not verified event dates.","people-dna-land; history-and-culture"
"wikipedia-people-622","wikipedia-kansas-people","person","Melissa McDermott","Journalists","born 1960s","Wichita","Listed by source as associated with Kansas; birthplace, residence and activity are not distinguished here.","https://en.wikipedia.org/w/index.php?title=List_of_people_from_Kansas&oldid=1361123532","https://en.wikipedia.org/wiki/List_of_people_from_Kansas#Journalists","Discovery index; confirm identity and Kansas relationship in independent evidence. Any dates are biographical year labels as listed, not verified event dates.","people-dna-land; history-and-culture"
"wikipedia-people-381","wikipedia-kansas-people","person","Melvin Sanders","Athletes","born 1981","Liberal","Listed by source as associated with Kansas; birthplace, residence and activity are not distinguished here.","https://en.wikipedia.org/w/index.php?title=List_of_people_from_Kansas&oldid=1361123532","https://en.wikipedia.org/wiki/List_of_people_from_Kansas#Athletes","Discovery index; confirm identity and Kansas relationship in independent evidence. Any dates are biographical year labels as listed, not verified event dates.","people-dna-land; history-and-culture"
"wikipedia-people-594","wikipedia-kansas-people","person","Michael Almereyda","Directors","born 1960","Overland Park","Listed by source as associated with Kansas; birthplace, residence and activity are not distinguished here.","https://en.wikipedia.org/w/index.php?title=List_of_people_from_Kansas&oldid=1361123532","https://en.wikipedia.org/wiki/List_of_people_from_Kansas#Directors","Discovery index; confirm identity and Kansas relationship in independent evidence. Any dates are biographical year labels as listed, not verified event dates.","people-dna-land; history-and-culture"
"wikipedia-people-740","wikipedia-kansas-people","person","Michael Jarboe Sheehan","Religious","born 1939","Wichita","Listed by source as associated with Kansas; birthplace, residence and activity are not distinguished here.","https://en.wikipedia.org/w/index.php?title=List_of_people_from_Kansas&oldid=1361123532","https://en.wikipedia.org/wiki/List_of_people_from_Kansas#Religious","Discovery index; confirm identity and Kansas relationship in independent evidence. Any dates are biographical year labels as listed, not verified event dates.","people-dna-land; history-and-culture"
"wikipedia-people-553","wikipedia-kansas-people","person","Michael McMillian","Actors and performers","born 1978","Olathe","Listed by source as associated with Kansas; birthplace, residence and activity are not distinguished here.","https://en.wikipedia.org/w/index.php?title=List_of_people_from_Kansas&oldid=1361123532","https://en.wikipedia.org/wiki/List_of_people_from_Kansas#Actors_and_performers","Discovery index; confirm identity and Kansas relationship in independent evidence. Any dates are biographical year labels as listed, not verified event dates.","people-dna-land; history-and-culture"
"wikipedia-people-576","wikipedia-kansas-people","person","Michael Stevens","Actors and performers","born 1986","Stilwell","Listed by source as associated with Kansas; birthplace, residence and activity are not distinguished here.","https://en.wikipedia.org/w/index.php?title=List_of_people_from_Kansas&oldid=1361123532","https://en.wikipedia.org/wiki/List_of_people_from_Kansas#Actors_and_performers","Discovery index; confirm identity and Kansas relationship in independent evidence. Any dates are biographical year labels as listed, not verified event dates.","people-dna-land; history-and-culture"
"wikipedia-people-409","wikipedia-kansas-people","person","Michael Wilhoite","Athletes","born 1986","Manhattan","Listed by source as associated with Kansas; birthplace, residence and activity are not distinguished here.","https://en.wikipedia.org/w/index.php?title=List_of_people_from_Kansas&oldid=1361123532","https://en.wikipedia.org/wiki/List_of_people_from_Kansas#Athletes","Discovery index; confirm identity and Kansas relationship in independent evidence. Any dates are biographical year labels as listed, not verified event dates.","people-dna-land; history-and-culture"
"wikipedia-people-659","wikipedia-kansas-people","person","Mike Hayden","Politics and law","born 1944","Colby","Listed by source as associated with Kansas; birthplace, residence and activity are not distinguished here.","https://en.wikipedia.org/w/index.php?title=List_of_people_from_Kansas&oldid=1361123532","https://en.wikipedia.org/wiki/List_of_people_from_Kansas#Politics_and_law","Discovery index; confirm identity and Kansas relationship in independent evidence. Any dates are biographical year labels as listed, not verified event dates.","people-dna-land; history-and-culture"
"wikipedia-people-358","wikipedia-kansas-people","person","Mike Morin","Athletes","born 1991","Leawood","Listed by source as associated with Kansas; birthplace, residence and activity are not distinguished here.","https://en.wikipedia.org/w/index.php?title=List_of_people_from_Kansas&oldid=1361123532","https://en.wikipedia.org/wiki/List_of_people_from_Kansas#Athletes","Discovery index; confirm identity and Kansas relationship in independent evidence. Any dates are biographical year labels as listed, not verified event dates.","people-dna-land; history-and-culture"
"wikipedia-people-577","wikipedia-kansas-people","person","Milburn Stone","Actors and performers","1904–1980","Burrton","Listed by source as associated with Kansas; birthplace, residence and activity are not distinguished here.","https://en.wikipedia.org/w/index.php?title=List_of_people_from_Kansas&oldid=1361123532","https://en.wikipedia.org/wiki/List_of_people_from_Kansas#Actors_and_performers","Discovery index; confirm identity and Kansas relationship in independent evidence. Any dates are biographical year labels as listed, not verified event dates.","people-dna-land; history-and-culture"
"wikipedia-people-290","wikipedia-kansas-people","person","Mildred Bliss Burke","Athletes","1915–1989","Coffeyville","Listed by source as associated with Kansas; birthplace, residence and activity are not distinguished here.","https://en.wikipedia.org/w/index.php?title=List_of_people_from_Kansas&oldid=1361123532","https://en.wikipedia.org/wiki/List_of_people_from_Kansas#Athletes","Discovery index; confirm identity and Kansas relationship in independent evidence. Any dates are biographical year labels as listed, not verified event dates.","people-dna-land; history-and-culture"
"wikipedia-people-138","wikipedia-kansas-people","person","Milton S. Eisenhower","Academics and Nobel Prize laureates","1899–1985","Abilene","Listed by source as associated with Kansas; birthplace, residence and activity are not distinguished here.","https://en.wikipedia.org/w/index.php?title=List_of_people_from_Kansas&oldid=1361123532","https://en.wikipedia.org/wiki/List_of_people_from_Kansas#Academics_and_Nobel_Prize_laureates","Discovery index; confirm identity and Kansas relationship in independent evidence. Any dates are biographical year labels as listed, not verified event dates.","people-dna-land; history-and-culture"
"wikipedia-people-238","wikipedia-kansas-people","person","Mitch Markovich","Musicians","born 1944","Great Bend","Listed by source as associated with Kansas; birthplace, residence and activity are not distinguished here.","https://en.wikipedia.org/w/index.php?title=List_of_people_from_Kansas&oldid=1361123532","https://en.wikipedia.org/wiki/List_of_people_from_Kansas#Musicians","Discovery index; confirm identity and Kansas relationship in independent evidence. Any dates are biographical year labels as listed, not verified event dates.","people-dna-land; history-and-culture"
"wikipedia-people-407","wikipedia-kansas-people","person","Mitch Webster","Athletes","born 1959","Larned","Listed by source as associated with Kansas; birthplace, residence and activity are not distinguished here.","https://en.wikipedia.org/w/index.php?title=List_of_people_from_Kansas&oldid=1361123532","https://en.wikipedia.org/wiki/List_of_people_from_Kansas#Athletes","Discovery index; confirm identity and Kansas relationship in independent evidence. Any dates are biographical year labels as listed, not verified event dates.","people-dna-land; history-and-culture"
"wikipedia-people-242","wikipedia-kansas-people","person","Moondog","Musicians","1916–1999","Marysville","Listed by source as associated with Kansas; birthplace, residence and activity are not distinguished here.","https://en.wikipedia.org/w/index.php?title=List_of_people_from_Kansas&oldid=1361123532","https://en.wikipedia.org/wiki/List_of_people_from_Kansas#Musicians","Discovery index; confirm identity and Kansas relationship in independent evidence. Any dates are biographical year labels as listed, not verified event dates.","people-dna-land; history-and-culture"
"wikipedia-people-176","wikipedia-kansas-people","person","Mort Walker","Artists","1923–2018","El Dorado","Listed by source as associated with Kansas; birthplace, residence and activity are not distinguished here.","https://en.wikipedia.org/w/index.php?title=List_of_people_from_Kansas&oldid=1361123532","https://en.wikipedia.org/wiki/List_of_people_from_Kansas#Artists","Discovery index; confirm identity and Kansas relationship in independent evidence. Any dates are biographical year labels as listed, not verified event dates.","people-dna-land; history-and-culture"
"wikipedia-people-664","wikipedia-kansas-people","person","Nancy Kassebaum Baker","Politics and law","born 1932","Topeka","Listed by source as associated with Kansas; birthplace, residence and activity are not distinguished here.","https://en.wikipedia.org/w/index.php?title=List_of_people_from_Kansas&oldid=1361123532","https://en.wikipedia.org/wiki/List_of_people_from_Kansas#Politics_and_law","Discovery index; confirm identity and Kansas relationship in independent evidence. Any dates are biographical year labels as listed, not verified event dates.","people-dna-land; history-and-culture"
"wikipedia-people-520","wikipedia-kansas-people","person","Nathan Darrow","Actors and performers","born 1976","Overland Park","Listed by source as associated with Kansas; birthplace, residence and activity are not distinguished here.","https://en.wikipedia.org/w/index.php?title=List_of_people_from_Kansas&oldid=1361123532","https://en.wikipedia.org/wiki/List_of_people_from_Kansas#Actors_and_performers","Discovery index; confirm identity and Kansas relationship in independent evidence. Any dates are biographical year labels as listed, not verified event dates.","people-dna-land; history-and-culture"
"wikipedia-people-542","wikipedia-kansas-people","person","Neal Jones","Actors and performers","born 1960","Wichita","Listed by source as associated with Kansas; birthplace, residence and activity are not distinguished here.","https://en.wikipedia.org/w/index.php?title=List_of_people_from_Kansas&oldid=1361123532","https://en.wikipedia.org/wiki/List_of_people_from_Kansas#Actors_and_performers","Discovery index; confirm identity and Kansas relationship in independent evidence. Any dates are biographical year labels as listed, not verified event dates.","people-dna-land; history-and-culture"
"wikipedia-people-272","wikipedia-kansas-people","person","Neil Allen","Athletes","born 1958","Kansas City","Listed by source as associated with Kansas; birthplace, residence and activity are not distinguished here.","https://en.wikipedia.org/w/index.php?title=List_of_people_from_Kansas&oldid=1361123532","https://en.wikipedia.org/wiki/List_of_people_from_Kansas#Athletes","Discovery index; confirm identity and Kansas relationship in independent evidence. Any dates are biographical year labels as listed, not verified event dates.","people-dna-land; history-and-culture"
"wikipedia-people-364","wikipedia-kansas-people","person","Nicole Ohlde","Athletes","born 1982","Clay Center","Listed by source as associated with Kansas; birthplace, residence and activity are not distinguished here.","https://en.wikipedia.org/w/index.php?title=List_of_people_from_Kansas&oldid=1361123532","https://en.wikipedia.org/wiki/List_of_people_from_Kansas#Athletes","Discovery index; confirm identity and Kansas relationship in independent evidence. Any dates are biographical year labels as listed, not verified event dates.","people-dna-land; history-and-culture"
"wikipedia-people-158","wikipedia-kansas-people","person","Nina E. Allender","Artists","1873–1957","Auburn","Listed by source as associated with Kansas; birthplace, residence and activity are not distinguished here.","https://en.wikipedia.org/w/index.php?title=List_of_people_from_Kansas&oldid=1361123532","https://en.wikipedia.org/wiki/List_of_people_from_Kansas#Artists","Discovery index; confirm identity and Kansas relationship in independent evidence. Any dates are biographical year labels as listed, not verified event dates.","people-dna-land; history-and-culture"
"wikipedia-people-300","wikipedia-kansas-people","person","Nolan Cromwell","Athletes","born 1955","Smith Center","Listed by source as associated with Kansas; birthplace, residence and activity are not distinguished here.","https://en.wikipedia.org/w/index.php?title=List_of_people_from_Kansas&oldid=1361123532","https://en.wikipedia.org/wiki/List_of_people_from_Kansas#Athletes","Discovery index; confirm identity and Kansas relationship in independent evidence. Any dates are biographical year labels as listed, not verified event dates.","people-dna-land; history-and-culture"
"wikipedia-people-230","wikipedia-kansas-people","person","Nora Holt","Musicians","1885 or 1890–1975","Kansas City","Listed by source as associated with Kansas; birthplace, residence and activity are not distinguished here.","https://en.wikipedia.org/w/index.php?title=List_of_people_from_Kansas&oldid=1361123532","https://en.wikipedia.org/wiki/List_of_people_from_Kansas#Musicians","Discovery index; confirm identity and Kansas relationship in independent evidence. Any dates are biographical year labels as listed, not verified event dates.","people-dna-land; history-and-culture"
"wikipedia-people-580","wikipedia-kansas-people","person","Norma Terris","Actors and performers","1904–1989","Columbus","Listed by source as associated with Kansas; birthplace, residence and activity are not distinguished here.","https://en.wikipedia.org/w/index.php?title=List_of_people_from_Kansas&oldid=1361123532","https://en.wikipedia.org/wiki/List_of_people_from_Kansas#Actors_and_performers","Discovery index; confirm identity and Kansas relationship in independent evidence. Any dates are biographical year labels as listed, not verified event dates.","people-dna-land; history-and-culture"
"wikipedia-people-143","wikipedia-kansas-people","person","Norman Malcolm","Academics and Nobel Prize laureates","1911–1990","Selden","Listed by source as associated with Kansas; birthplace, residence and activity are not distinguished here.","https://en.wikipedia.org/w/index.php?title=List_of_people_from_Kansas&oldid=1361123532","https://en.wikipedia.org/wiki/List_of_people_from_Kansas#Academics_and_Nobel_Prize_laureates","Discovery index; confirm identity and Kansas relationship in independent evidence. Any dates are biographical year labels as listed, not verified event dates.","people-dna-land; history-and-culture"
"wikipedia-people-475","wikipedia-kansas-people","person","Olive Ann Beech","Businesspeople and inventors","","Wichita (born in Waverly )","Listed by source as associated with Kansas; birthplace, residence and activity are not distinguished here.","https://en.wikipedia.org/w/index.php?title=List_of_people_from_Kansas&oldid=1361123532","https://en.wikipedia.org/wiki/List_of_people_from_Kansas#Businesspeople_and_inventors","Discovery index; confirm identity and Kansas relationship in independent evidence. Any dates are biographical year labels as listed, not verified event dates.","people-dna-land; history-and-culture"
"wikipedia-people-282","wikipedia-kansas-people","person","Oliver Bradwell","Athletes","born 1992","Wichita","Listed by source as associated with Kansas; birthplace, residence and activity are not distinguished here.","https://en.wikipedia.org/w/index.php?title=List_of_people_from_Kansas&oldid=1361123532","https://en.wikipedia.org/wiki/List_of_people_from_Kansas#Athletes","Discovery index; confirm identity and Kansas relationship in independent evidence. Any dates are biographical year labels as listed, not verified event dates.","people-dna-land; history-and-culture"
"wikipedia-people-782","wikipedia-kansas-people","person","Oliver Brown","Notable individuals","1918–1961","Topeka","Listed by source as associated with Kansas; birthplace, residence and activity are not distinguished here.","https://en.wikipedia.org/w/index.php?title=List_of_people_from_Kansas&oldid=1361123532","https://en.wikipedia.org/wiki/List_of_people_from_Kansas#Notable_individuals","Discovery index; confirm identity and Kansas relationship in independent evidence. Any dates are biographical year labels as listed, not verified event dates.","people-dna-land; history-and-culture"
"wikipedia-people-487","wikipedia-kansas-people","person","Omar Knedlik","Businesspeople and inventors","1915–1989","Barnes","Listed by source as associated with Kansas; birthplace, residence and activity are not distinguished here.","https://en.wikipedia.org/w/index.php?title=List_of_people_from_Kansas&oldid=1361123532","https://en.wikipedia.org/wiki/List_of_people_from_Kansas#Businesspeople_and_inventors","Discovery index; confirm identity and Kansas relationship in independent evidence. Any dates are biographical year labels as listed, not verified event dates.","people-dna-land; history-and-culture"
"wikipedia-people-289","wikipedia-kansas-people","person","Orville Brown","Athletes","1908–1981","Sharon","Listed by source as associated with Kansas; birthplace, residence and activity are not distinguished here.","https://en.wikipedia.org/w/index.php?title=List_of_people_from_Kansas&oldid=1361123532","https://en.wikipedia.org/wiki/List_of_people_from_Kansas#Athletes","Discovery index; confirm identity and Kansas relationship in independent evidence. Any dates are biographical year labels as listed, not verified event dates.","people-dna-land; history-and-culture"
"wikipedia-people-604","wikipedia-kansas-people","person","Oscar Micheaux","Directors","1893–1951","Great Bend","Listed by source as associated with Kansas; birthplace, residence and activity are not distinguished here.","https://en.wikipedia.org/w/index.php?title=List_of_people_from_Kansas&oldid=1361123532","https://en.wikipedia.org/wiki/List_of_people_from_Kansas#Directors","Discovery index; confirm identity and Kansas relationship in independent evidence. Any dates are biographical year labels as listed, not verified event dates.","people-dna-land; history-and-culture"
"wikipedia-people-384","wikipedia-kansas-people","person","Otto Schnellbacher","Athletes","1923–2008","Sublette","Listed by source as associated with Kansas; birthplace, residence and activity are not distinguished here.","https://en.wikipedia.org/w/index.php?title=List_of_people_from_Kansas&oldid=1361123532","https://en.wikipedia.org/wiki/List_of_people_from_Kansas#Athletes","Discovery index; confirm identity and Kansas relationship in independent evidence. Any dates are biographical year labels as listed, not verified event dates.","people-dna-land; history-and-culture"
"wikipedia-people-589","wikipedia-kansas-people","person","Patrice Wymore","Actors and performers","1926–2014","Miltonvale","Listed by source as associated with Kansas; birthplace, residence and activity are not distinguished here.","https://en.wikipedia.org/w/index.php?title=List_of_people_from_Kansas&oldid=1361123532","https://en.wikipedia.org/wiki/List_of_people_from_Kansas#Actors_and_performers","Discovery index; confirm identity and Kansas relationship in independent evidence. Any dates are biographical year labels as listed, not verified event dates.","people-dna-land; history-and-culture"
"wikipedia-people-217","wikipedia-kansas-people","person","Pattie Brooks","Musicians","","","Listed by source as associated with Kansas; birthplace, residence and activity are not distinguished here.","https://en.wikipedia.org/w/index.php?title=List_of_people_from_Kansas&oldid=1361123532","https://en.wikipedia.org/wiki/List_of_people_from_Kansas#Musicians","Discovery index; confirm identity and Kansas relationship in independent evidence. Any dates are biographical year labels as listed, not verified event dates.","people-dna-land; history-and-culture"
"wikipedia-people-656","wikipedia-kansas-people","person","Paul Ranous Greever","Politics and law","1891–1943","Lansing","Listed by source as associated with Kansas; birthplace, residence and activity are not distinguished here.","https://en.wikipedia.org/w/index.php?title=List_of_people_from_Kansas&oldid=1361123532","https://en.wikipedia.org/wiki/List_of_people_from_Kansas#Politics_and_law","Discovery index; confirm identity and Kansas relationship in independent evidence. Any dates are biographical year labels as listed, not verified event dates.","people-dna-land; history-and-culture"
"wikipedia-people-563","wikipedia-kansas-people","person","Paul Rudd","Actors and performers","born 1969","Overland Park","Listed by source as associated with Kansas; birthplace, residence and activity are not distinguished here.","https://en.wikipedia.org/w/index.php?title=List_of_people_from_Kansas&oldid=1361123532","https://en.wikipedia.org/wiki/List_of_people_from_Kansas#Actors_and_performers","Discovery index; confirm identity and Kansas relationship in independent evidence. Any dates are biographical year labels as listed, not verified event dates.","people-dna-land; history-and-culture"
"wikipedia-people-342","wikipedia-kansas-people","person","Pete Kilduff","Athletes","1893–1930","Weir","Listed by source as associated with Kansas; birthplace, residence and activity are not distinguished here.","https://en.wikipedia.org/w/index.php?title=List_of_people_from_Kansas&oldid=1361123532","https://en.wikipedia.org/wiki/List_of_people_from_Kansas#Athletes","Discovery index; confirm identity and Kansas relationship in independent evidence. Any dates are biographical year labels as listed, not verified event dates.","people-dna-land; history-and-culture"
"wikipedia-people-863","wikipedia-kansas-people","fictional","Pete Ross","Fictional persons","","","Fictional character listed by source.","https://en.wikipedia.org/w/index.php?title=List_of_people_from_Kansas&oldid=1361123532","https://en.wikipedia.org/wiki/List_of_people_from_Kansas#Fictional_persons","Discovery index; confirm identity and Kansas relationship in independent evidence. Any dates are biographical year labels as listed, not verified event dates.","people-dna-land; history-and-culture"
"wikipedia-people-356","wikipedia-kansas-people","person","Peter Mehringer","Athletes","1910–1987","Kinsley","Listed by source as associated with Kansas; birthplace, residence and activity are not distinguished here.","https://en.wikipedia.org/w/index.php?title=List_of_people_from_Kansas&oldid=1361123532","https://en.wikipedia.org/wiki/List_of_people_from_Kansas#Athletes","Discovery index; confirm identity and Kansas relationship in independent evidence. Any dates are biographical year labels as listed, not verified event dates.","people-dna-land; history-and-culture"
"wikipedia-people-513","wikipedia-kansas-people","person","Petrea Burchard","Actors and performers","born 1955","Lawrence","Listed by source as associated with Kansas; birthplace, residence and activity are not distinguished here.","https://en.wikipedia.org/w/index.php?title=List_of_people_from_Kansas&oldid=1361123532","https://en.wikipedia.org/wiki/List_of_people_from_Kansas#Actors_and_performers","Discovery index; confirm identity and Kansas relationship in independent evidence. Any dates are biographical year labels as listed, not verified event dates.","people-dna-land; history-and-culture"
"wikipedia-people-225","wikipedia-kansas-people","person","Phil Ehart","Musicians","born 1951","Coffeyville","Listed by source as associated with Kansas; birthplace, residence and activity are not distinguished here.","https://en.wikipedia.org/w/index.php?title=List_of_people_from_Kansas&oldid=1361123532","https://en.wikipedia.org/wiki/List_of_people_from_Kansas#Musicians","Discovery index; confirm identity and Kansas relationship in independent evidence. Any dates are biographical year labels as listed, not verified event dates.","people-dna-land; history-and-culture"
"wikipedia-people-473","wikipedia-kansas-people","person","Philip Anschutz","Businesspeople and inventors","born 1939","Russell","Listed by source as associated with Kansas; birthplace, residence and activity are not distinguished here.","https://en.wikipedia.org/w/index.php?title=List_of_people_from_Kansas&oldid=1361123532","https://en.wikipedia.org/wiki/List_of_people_from_Kansas#Businesspeople_and_inventors","Discovery index; confirm identity and Kansas relationship in independent evidence. Any dates are biographical year labels as listed, not verified event dates.","people-dna-land; history-and-culture"
"wikipedia-people-756","wikipedia-kansas-people","person","Philip Fox","Scientists and programmers","1878–1944","Manhattan","Listed by source as associated with Kansas; birthplace, residence and activity are not distinguished here.","https://en.wikipedia.org/w/index.php?title=List_of_people_from_Kansas&oldid=1361123532","https://en.wikipedia.org/wiki/List_of_people_from_Kansas#Scientists_and_programmers","Discovery index; confirm identity and Kansas relationship in independent evidence. Any dates are biographical year labels as listed, not verified event dates.","people-dna-land; history-and-culture"
"wikipedia-people-420","wikipedia-kansas-people","person","Phog Allen","Coaches","1885–1974","Lawrence","Listed by source as associated with Kansas; birthplace, residence and activity are not distinguished here.","https://en.wikipedia.org/w/index.php?title=List_of_people_from_Kansas&oldid=1361123532","https://en.wikipedia.org/wiki/List_of_people_from_Kansas#Coaches","Discovery index; confirm identity and Kansas relationship in independent evidence. Any dates are biographical year labels as listed, not verified event dates.","people-dna-land; history-and-culture"
"wikipedia-people-525","wikipedia-kansas-people","person","R. Lee Ermey","Actors and performers","1944–2018","Emporia","Listed by source as associated with Kansas; birthplace, residence and activity are not distinguished here.","https://en.wikipedia.org/w/index.php?title=List_of_people_from_Kansas&oldid=1361123532","https://en.wikipedia.org/wiki/List_of_people_from_Kansas#Actors_and_performers","Discovery index; confirm identity and Kansas relationship in independent evidence. Any dates are biographical year labels as listed, not verified event dates.","people-dna-land; history-and-culture"
"wikipedia-people-786","wikipedia-kansas-people","person","Racquel Darrian","Notable individuals","born 1968","Hutchinson","Listed by source as associated with Kansas; birthplace, residence and activity are not distinguished here.","https://en.wikipedia.org/w/index.php?title=List_of_people_from_Kansas&oldid=1361123532","https://en.wikipedia.org/wiki/List_of_people_from_Kansas#Notable_individuals","Discovery index; confirm identity and Kansas relationship in independent evidence. Any dates are biographical year labels as listed, not verified event dates.","people-dna-land; history-and-culture"
"wikipedia-people-433","wikipedia-kansas-people","person","Ralph Houk","Coaches","1919–2010","Lawrence","Listed by source as associated with Kansas; birthplace, residence and activity are not distinguished here.","https://en.wikipedia.org/w/index.php?title=List_of_people_from_Kansas&oldid=1361123532","https://en.wikipedia.org/wiki/List_of_people_from_Kansas#Coaches","Discovery index; confirm identity and Kansas relationship in independent evidence. Any dates are biographical year labels as listed, not verified event dates.","people-dna-land; history-and-culture"
"wikipedia-people-440","wikipedia-kansas-people","person","Ralph Miller","Coaches","1919–2001","Chanute","Listed by source as associated with Kansas; birthplace, residence and activity are not distinguished here.","https://en.wikipedia.org/w/index.php?title=List_of_people_from_Kansas&oldid=1361123532","https://en.wikipedia.org/wiki/List_of_people_from_Kansas#Coaches","Discovery index; confirm identity and Kansas relationship in independent evidence. Any dates are biographical year labels as listed, not verified event dates.","people-dna-land; history-and-culture"
"wikipedia-people-166","wikipedia-kansas-people","person","Randall Duell","Artists","1903–1992","Russell County","Listed by source as associated with Kansas; birthplace, residence and activity are not distinguished here.","https://en.wikipedia.org/w/index.php?title=List_of_people_from_Kansas&oldid=1361123532","https://en.wikipedia.org/wiki/List_of_people_from_Kansas#Artists","Discovery index; confirm identity and Kansas relationship in independent evidence. Any dates are biographical year labels as listed, not verified event dates.","people-dna-land; history-and-culture"
"wikipedia-people-599","wikipedia-kansas-people","person","Randall Duell","Directors","1903–1992","Russell County","Listed by source as associated with Kansas; birthplace, residence and activity are not distinguished here.","https://en.wikipedia.org/w/index.php?title=List_of_people_from_Kansas&oldid=1361123532","https://en.wikipedia.org/wiki/List_of_people_from_Kansas#Directors","Discovery index; confirm identity and Kansas relationship in independent evidence. Any dates are biographical year labels as listed, not verified event dates.","people-dna-land; history-and-culture"
"wikipedia-people-761","wikipedia-kansas-people","person","Ray McIntire","Scientists and programmers","1918–1996","Gardner","Listed by source as associated with Kansas; birthplace, residence and activity are not distinguished here.","https://en.wikipedia.org/w/index.php?title=List_of_people_from_Kansas&oldid=1361123532","https://en.wikipedia.org/wiki/List_of_people_from_Kansas#Scientists_and_programmers","Discovery index; confirm identity and Kansas relationship in independent evidence. Any dates are biographical year labels as listed, not verified event dates.","people-dna-land; history-and-culture"
"wikipedia-people-704","wikipedia-kansas-people","person","Rebecca L. Ediger","Military and national security","born 1952","Peabody (born in Newton )","Listed by source as associated with Kansas; birthplace, residence and activity are not distinguished here.","https://en.wikipedia.org/w/index.php?title=List_of_people_from_Kansas&oldid=1361123532","https://en.wikipedia.org/wiki/List_of_people_from_Kansas#Military_and_national_security","Discovery index; confirm identity and Kansas relationship in independent evidence. Any dates are biographical year labels as listed, not verified event dates.","people-dna-land; history-and-culture"
"wikipedia-people-575","wikipedia-kansas-people","person","Rebecca Staab","Actors and performers","born 1961","Hays","Listed by source as associated with Kansas; birthplace, residence and activity are not distinguished here.","https://en.wikipedia.org/w/index.php?title=List_of_people_from_Kansas&oldid=1361123532","https://en.wikipedia.org/wiki/List_of_people_from_Kansas#Actors_and_performers","Discovery index; confirm identity and Kansas relationship in independent evidence. Any dates are biographical year labels as listed, not verified event dates.","people-dna-land; history-and-culture"
"wikipedia-people-199","wikipedia-kansas-people","person","Red Reeder","Authors","1902–1998","Fort Leavenworth","Listed by source as associated with Kansas; birthplace, residence and activity are not distinguished here.","https://en.wikipedia.org/w/index.php?title=List_of_people_from_Kansas&oldid=1361123532","https://en.wikipedia.org/wiki/List_of_people_from_Kansas#Authors","Discovery index; confirm identity and Kansas relationship in independent evidence. Any dates are biographical year labels as listed, not verified event dates.","people-dna-land; history-and-culture"
"wikipedia-people-257","wikipedia-kansas-people","person","Rich Williams","Musicians","born 1950","Topeka","Listed by source as associated with Kansas; birthplace, residence and activity are not distinguished here.","https://en.wikipedia.org/w/index.php?title=List_of_people_from_Kansas&oldid=1361123532","https://en.wikipedia.org/wiki/List_of_people_from_Kansas#Musicians","Discovery index; confirm identity and Kansas relationship in independent evidence. Any dates are biographical year labels as listed, not verified event dates.","people-dna-land; history-and-culture"
"wikipedia-people-220","wikipedia-kansas-people","person","Richard Christy","Musicians","","Fort Scott","Listed by source as associated with Kansas; birthplace, residence and activity are not distinguished here.","https://en.wikipedia.org/w/index.php?title=List_of_people_from_Kansas&oldid=1361123532","https://en.wikipedia.org/wiki/List_of_people_from_Kansas#Musicians","Discovery index; confirm identity and Kansas relationship in independent evidence. Any dates are biographical year labels as listed, not verified event dates.","people-dna-land; history-and-culture"
"wikipedia-people-783","wikipedia-kansas-people","person","Richard Christy","Notable individuals","born 1974","Fort Scott","Listed by source as associated with Kansas; birthplace, residence and activity are not distinguished here.","https://en.wikipedia.org/w/index.php?title=List_of_people_from_Kansas&oldid=1361123532","https://en.wikipedia.org/wiki/List_of_people_from_Kansas#Notable_individuals","Discovery index; confirm identity and Kansas relationship in independent evidence. Any dates are biographical year labels as listed, not verified event dates.","people-dna-land; history-and-culture"
"wikipedia-people-702","wikipedia-kansas-people","person","Richard Cowan","Military and national security","1922–1944","Wichita","Listed by source as associated with Kansas; birthplace, residence and activity are not distinguished here.","https://en.wikipedia.org/w/index.php?title=List_of_people_from_Kansas&oldid=1361123532","https://en.wikipedia.org/wiki/List_of_people_from_Kansas#Military_and_national_security","Discovery index; confirm identity and Kansas relationship in independent evidence. Any dates are biographical year labels as listed, not verified event dates.","people-dna-land; history-and-culture"
"wikipedia-people-834","wikipedia-kansas-people","person","Richard Hickock","Crime","1931–1965","Kansas City","Listed by source as associated with Kansas; birthplace, residence and activity are not distinguished here.","https://en.wikipedia.org/w/index.php?title=List_of_people_from_Kansas&oldid=1361123532","https://en.wikipedia.org/wiki/List_of_people_from_Kansas#Crime","Discovery index; confirm identity and Kansas relationship in independent evidence. Source section is a sensitive historical/criminal index; no allegation or conviction is asserted by this entry.","people-dna-land; history-and-culture"
"wikipedia-people-714","wikipedia-kansas-people","person","Richard Myers","Military and national security","born 1942","Olathe","Listed by source as associated with Kansas; birthplace, residence and activity are not distinguished here.","https://en.wikipedia.org/w/index.php?title=List_of_people_from_Kansas&oldid=1361123532","https://en.wikipedia.org/wiki/List_of_people_from_Kansas#Military_and_national_security","Discovery index; confirm identity and Kansas relationship in independent evidence. Any dates are biographical year labels as listed, not verified event dates.","people-dna-land; history-and-culture"
"wikipedia-people-200","wikipedia-kansas-people","person","Richard Rhodes","Authors","born 1937","Kansas City","Listed by source as associated with Kansas; birthplace, residence and activity are not distinguished here.","https://en.wikipedia.org/w/index.php?title=List_of_people_from_Kansas&oldid=1361123532","https://en.wikipedia.org/wiki/List_of_people_from_Kansas#Authors","Discovery index; confirm identity and Kansas relationship in independent evidence. Any dates are biographical year labels as listed, not verified event dates.","people-dna-land; history-and-culture"
"wikipedia-people-739","wikipedia-kansas-people","person","Richard Rohr","Religious","born 1943","Topeka","Listed by source as associated with Kansas; birthplace, residence and activity are not distinguished here.","https://en.wikipedia.org/w/index.php?title=List_of_people_from_Kansas&oldid=1361123532","https://en.wikipedia.org/wiki/List_of_people_from_Kansas#Religious","Discovery index; confirm identity and Kansas relationship in independent evidence. Any dates are biographical year labels as listed, not verified event dates.","people-dna-land; history-and-culture"
"wikipedia-people-606","wikipedia-kansas-people","person","Richard Thorpe","Directors","1896–1991","Hutchinson","Listed by source as associated with Kansas; birthplace, residence and activity are not distinguished here.","https://en.wikipedia.org/w/index.php?title=List_of_people_from_Kansas&oldid=1361123532","https://en.wikipedia.org/wiki/List_of_people_from_Kansas#Directors","Discovery index; confirm identity and Kansas relationship in independent evidence. Any dates are biographical year labels as listed, not verified event dates.","people-dna-land; history-and-culture"
"wikipedia-people-561","wikipedia-kansas-people","person","Rob Riggle","Actors and performers","born 1970","Overland Park","Listed by source as associated with Kansas; birthplace, residence and activity are not distinguished here.","https://en.wikipedia.org/w/index.php?title=List_of_people_from_Kansas&oldid=1361123532","https://en.wikipedia.org/wiki/List_of_people_from_Kansas#Actors_and_performers","Discovery index; confirm identity and Kansas relationship in independent evidence. Any dates are biographical year labels as listed, not verified event dates.","people-dna-land; history-and-culture"
"wikipedia-people-248","wikipedia-kansas-people","person","Robby Steinhardt","Musicians","1950–2021","Lawrence","Listed by source as associated with Kansas; birthplace, residence and activity are not distinguished here.","https://en.wikipedia.org/w/index.php?title=List_of_people_from_Kansas&oldid=1361123532","https://en.wikipedia.org/wiki/List_of_people_from_Kansas#Musicians","Discovery index; confirm identity and Kansas relationship in independent evidence. Any dates are biographical year labels as listed, not verified event dates.","people-dna-land; history-and-culture"
"wikipedia-people-652","wikipedia-kansas-people","person","Robert Gates","Politics and law","born 1943","Wichita","Listed by source as associated with Kansas; birthplace, residence and activity are not distinguished here.","https://en.wikipedia.org/w/index.php?title=List_of_people_from_Kansas&oldid=1361123532","https://en.wikipedia.org/wiki/List_of_people_from_Kansas#Politics_and_law","Discovery index; confirm identity and Kansas relationship in independent evidence. Any dates are biographical year labels as listed, not verified event dates.","people-dna-land; history-and-culture"
"wikipedia-people-653","wikipedia-kansas-people","person","Robert L. Gernon","Politics and law","1943–2005","Sabetha","Listed by source as associated with Kansas; birthplace, residence and activity are not distinguished here.","https://en.wikipedia.org/w/index.php?title=List_of_people_from_Kansas&oldid=1361123532","https://en.wikipedia.org/wiki/List_of_people_from_Kansas#Politics_and_law","Discovery index; confirm identity and Kansas relationship in independent evidence. Any dates are biographical year labels as listed, not verified event dates.","people-dna-land; history-and-culture"
"wikipedia-people-692","wikipedia-kansas-people","person","Robert M. Wright","Politics and law","1840–1915","Dodge City","Listed by source as associated with Kansas; birthplace, residence and activity are not distinguished here.","https://en.wikipedia.org/w/index.php?title=List_of_people_from_Kansas&oldid=1361123532","https://en.wikipedia.org/wiki/List_of_people_from_Kansas#Politics_and_law","Discovery index; confirm identity and Kansas relationship in independent evidence. Any dates are biographical year labels as listed, not verified event dates.","people-dna-land; history-and-culture"
"wikipedia-people-672","wikipedia-kansas-people","person","Roger Noriega","Politics and law","born 1959","Wichita","Listed by source as associated with Kansas; birthplace, residence and activity are not distinguished here.","https://en.wikipedia.org/w/index.php?title=List_of_people_from_Kansas&oldid=1361123532","https://en.wikipedia.org/wiki/List_of_people_from_Kansas#Politics_and_law","Discovery index; confirm identity and Kansas relationship in independent evidence. Any dates are biographical year labels as listed, not verified event dates.","people-dna-land; history-and-culture"
"wikipedia-people-277","wikipedia-kansas-people","person","Ron Baker","Athletes","born 1993","Utica and Scott City (born in Hays )","Listed by source as associated with Kansas; birthplace, residence and activity are not distinguished here.","https://en.wikipedia.org/w/index.php?title=List_of_people_from_Kansas&oldid=1361123532","https://en.wikipedia.org/wiki/List_of_people_from_Kansas#Athletes","Discovery index; confirm identity and Kansas relationship in independent evidence. Any dates are biographical year labels as listed, not verified event dates.","people-dna-land; history-and-culture"
"wikipedia-people-734","wikipedia-kansas-people","person","Ron Kenoly","Religious","born 1944","Coffeyville","Listed by source as associated with Kansas; birthplace, residence and activity are not distinguished here.","https://en.wikipedia.org/w/index.php?title=List_of_people_from_Kansas&oldid=1361123532","https://en.wikipedia.org/wiki/List_of_people_from_Kansas#Religious","Discovery index; confirm identity and Kansas relationship in independent evidence. Any dates are biographical year labels as listed, not verified event dates.","people-dna-land; history-and-culture"
"wikipedia-people-404","wikipedia-kansas-people","person","Ron Warner","Athletes","born 1975","Independence","Listed by source as associated with Kansas; birthplace, residence and activity are not distinguished here.","https://en.wikipedia.org/w/index.php?title=List_of_people_from_Kansas&oldid=1361123532","https://en.wikipedia.org/wiki/List_of_people_from_Kansas#Athletes","Discovery index; confirm identity and Kansas relationship in independent evidence. Any dates are biographical year labels as listed, not verified event dates.","people-dna-land; history-and-culture"
"wikipedia-people-693","wikipedia-kansas-people","person","Ron Wyden","Politics and law","born 1949","Wichita","Listed by source as associated with Kansas; birthplace, residence and activity are not distinguished here.","https://en.wikipedia.org/w/index.php?title=List_of_people_from_Kansas&oldid=1361123532","https://en.wikipedia.org/wiki/List_of_people_from_Kansas#Politics_and_law","Discovery index; confirm identity and Kansas relationship in independent evidence. Any dates are biographical year labels as listed, not verified event dates.","people-dna-land; history-and-culture"
"wikipedia-people-462","wikipedia-kansas-people","person","Ronald Evans","Aviators and astronauts","1933–1990","St. Francis","Listed by source as associated with Kansas; birthplace, residence and activity are not distinguished here.","https://en.wikipedia.org/w/index.php?title=List_of_people_from_Kansas&oldid=1361123532","https://en.wikipedia.org/wiki/List_of_people_from_Kansas#Aviators_and_astronauts","Discovery index; confirm identity and Kansas relationship in independent evidence. Any dates are biographical year labels as listed, not verified event dates.","people-dna-land; history-and-culture"
"wikipedia-people-373","wikipedia-kansas-people","person","Ronn Reynolds","Athletes","born 1958","Wichita","Listed by source as associated with Kansas; birthplace, residence and activity are not distinguished here.","https://en.wikipedia.org/w/index.php?title=List_of_people_from_Kansas&oldid=1361123532","https://en.wikipedia.org/wiki/List_of_people_from_Kansas#Athletes","Discovery index; confirm identity and Kansas relationship in independent evidence. Any dates are biographical year labels as listed, not verified event dates.","people-dna-land; history-and-culture"
"wikipedia-people-227","wikipedia-kansas-people","person","Rory Lee Feek","Musicians","born ca. 1966","Atchison","Listed by source as associated with Kansas; birthplace, residence and activity are not distinguished here.","https://en.wikipedia.org/w/index.php?title=List_of_people_from_Kansas&oldid=1361123532","https://en.wikipedia.org/wiki/List_of_people_from_Kansas#Musicians","Discovery index; confirm identity and Kansas relationship in independent evidence. Any dates are biographical year labels as listed, not verified event dates.","people-dna-land; history-and-culture"
"wikipedia-people-688","wikipedia-kansas-people","person","Rosalie E. Wahl","Politics and law","1924–2014","Caney","Listed by source as associated with Kansas; birthplace, residence and activity are not distinguished here.","https://en.wikipedia.org/w/index.php?title=List_of_people_from_Kansas&oldid=1361123532","https://en.wikipedia.org/wiki/List_of_people_from_Kansas#Politics_and_law","Discovery index; confirm identity and Kansas relationship in independent evidence. Any dates are biographical year labels as listed, not verified event dates.","people-dna-land; history-and-culture"
"wikipedia-people-510","wikipedia-kansas-people","person","Roscoe Born","Actors and performers","1950–2020","Topeka","Listed by source as associated with Kansas; birthplace, residence and activity are not distinguished here.","https://en.wikipedia.org/w/index.php?title=List_of_people_from_Kansas&oldid=1361123532","https://en.wikipedia.org/wiki/List_of_people_from_Kansas#Actors_and_performers","Discovery index; confirm identity and Kansas relationship in independent evidence. Any dates are biographical year labels as listed, not verified event dates.","people-dna-land; history-and-culture"
"wikipedia-people-715","wikipedia-kansas-people","person","Ross Myers","Military and national security","born 1959","Garden City","Listed by source as associated with Kansas; birthplace, residence and activity are not distinguished here.","https://en.wikipedia.org/w/index.php?title=List_of_people_from_Kansas&oldid=1361123532","https://en.wikipedia.org/wiki/List_of_people_from_Kansas#Military_and_national_security","Discovery index; confirm identity and Kansas relationship in independent evidence. Any dates are biographical year labels as listed, not verified event dates.","people-dna-land; history-and-culture"
"wikipedia-people-625","wikipedia-kansas-people","person","Roy A. Roberts","Journalists","1887–1967","Muscotah","Listed by source as associated with Kansas; birthplace, residence and activity are not distinguished here.","https://en.wikipedia.org/w/index.php?title=List_of_people_from_Kansas&oldid=1361123532","https://en.wikipedia.org/wiki/List_of_people_from_Kansas#Journalists","Discovery index; confirm identity and Kansas relationship in independent evidence. Any dates are biographical year labels as listed, not verified event dates.","people-dna-land; history-and-culture"
"wikipedia-people-679","wikipedia-kansas-people","person","Roy Romer","Politics and law","born 1928","Garden City","Listed by source as associated with Kansas; birthplace, residence and activity are not distinguished here.","https://en.wikipedia.org/w/index.php?title=List_of_people_from_Kansas&oldid=1361123532","https://en.wikipedia.org/wiki/List_of_people_from_Kansas#Politics_and_law","Discovery index; confirm identity and Kansas relationship in independent evidence. Any dates are biographical year labels as listed, not verified event dates.","people-dna-land; history-and-culture"
"wikipedia-people-353","wikipedia-kansas-people","person","Rudy May","Athletes","born 1944","Coffeyville","Listed by source as associated with Kansas; birthplace, residence and activity are not distinguished here.","https://en.wikipedia.org/w/index.php?title=List_of_people_from_Kansas&oldid=1361123532","https://en.wikipedia.org/wiki/List_of_people_from_Kansas#Athletes","Discovery index; confirm identity and Kansas relationship in independent evidence. Any dates are biographical year labels as listed, not verified event dates.","people-dna-land; history-and-culture"
"wikipedia-people-493","wikipedia-kansas-people","person","Russell Stover","Businesspeople and inventors","1888–1954","Alton","Listed by source as associated with Kansas; birthplace, residence and activity are not distinguished here.","https://en.wikipedia.org/w/index.php?title=List_of_people_from_Kansas&oldid=1361123532","https://en.wikipedia.org/wiki/List_of_people_from_Kansas#Businesspeople_and_inventors","Discovery index; confirm identity and Kansas relationship in independent evidence. Any dates are biographical year labels as listed, not verified event dates.","people-dna-land; history-and-culture"
"wikipedia-people-385","wikipedia-kansas-people","person","Ryan Schraeder","Athletes","born 1988","Wichita","Listed by source as associated with Kansas; birthplace, residence and activity are not distinguished here.","https://en.wikipedia.org/w/index.php?title=List_of_people_from_Kansas&oldid=1361123532","https://en.wikipedia.org/wiki/List_of_people_from_Kansas#Athletes","Discovery index; confirm identity and Kansas relationship in independent evidence. Any dates are biographical year labels as listed, not verified event dates.","people-dna-land; history-and-culture"
"wikipedia-people-849","wikipedia-kansas-people","fictional","Sam ""Squid"" Dullard","Fictional persons","","","Fictional character listed by source.","https://en.wikipedia.org/w/index.php?title=List_of_people_from_Kansas&oldid=1361123532","https://en.wikipedia.org/wiki/List_of_people_from_Kansas#Fictional_persons","Discovery index; confirm identity and Kansas relationship in independent evidence. Any dates are biographical year labels as listed, not verified event dates.","people-dna-land; history-and-culture"
"wikipedia-people-639","wikipedia-kansas-people","person","Sam Brownback","Politics and law","born 1956","Garnett","Listed by source as associated with Kansas; birthplace, residence and activity are not distinguished here.","https://en.wikipedia.org/w/index.php?title=List_of_people_from_Kansas&oldid=1361123532","https://en.wikipedia.org/wiki/List_of_people_from_Kansas#Politics_and_law","Discovery index; confirm identity and Kansas relationship in independent evidence. Any dates are biographical year labels as listed, not verified event dates.","people-dna-land; history-and-culture"
"wikipedia-people-867","wikipedia-kansas-people","fictional","Sam Winchester","Fictional persons","","","Fictional character listed by source.","https://en.wikipedia.org/w/index.php?title=List_of_people_from_Kansas&oldid=1361123532","https://en.wikipedia.org/wiki/List_of_people_from_Kansas#Fictional_persons","Discovery index; confirm identity and Kansas relationship in independent evidence. Any dates are biographical year labels as listed, not verified event dates.","people-dna-land; history-and-culture"
"wikipedia-people-644","wikipedia-kansas-people","person","Samuel J. Crawford","Politics and law","1835–1913","Garnett","Listed by source as associated with Kansas; birthplace, residence and activity are not distinguished here.","https://en.wikipedia.org/w/index.php?title=List_of_people_from_Kansas&oldid=1361123532","https://en.wikipedia.org/wiki/List_of_people_from_Kansas#Politics_and_law","Discovery index; confirm identity and Kansas relationship in independent evidence. Any dates are biographical year labels as listed, not verified event dates.","people-dna-land; history-and-culture"
"wikipedia-people-245","wikipedia-kansas-people","person","Samuel Ramey","Musicians","born 1942","Colby","Listed by source as associated with Kansas; birthplace, residence and activity are not distinguished here.","https://en.wikipedia.org/w/index.php?title=List_of_people_from_Kansas&oldid=1361123532","https://en.wikipedia.org/wiki/List_of_people_from_Kansas#Musicians","Discovery index; confirm identity and Kansas relationship in independent evidence. Any dates are biographical year labels as listed, not verified event dates.","people-dna-land; history-and-culture"
"wikipedia-people-770","wikipedia-kansas-people","person","Samuel Wendell Williston","Scientists and programmers","1852–1918","Manhattan","Listed by source as associated with Kansas; birthplace, residence and activity are not distinguished here.","https://en.wikipedia.org/w/index.php?title=List_of_people_from_Kansas&oldid=1361123532","https://en.wikipedia.org/wiki/List_of_people_from_Kansas#Scientists_and_programmers","Discovery index; confirm identity and Kansas relationship in independent evidence. Any dates are biographical year labels as listed, not verified event dates.","people-dna-land; history-and-culture"
"wikipedia-people-573","wikipedia-kansas-people","person","Sara Sothern","Actors and performers","1895–1994","Arkansas City","Listed by source as associated with Kansas; birthplace, residence and activity are not distinguished here.","https://en.wikipedia.org/w/index.php?title=List_of_people_from_Kansas&oldid=1361123532","https://en.wikipedia.org/wiki/List_of_people_from_Kansas#Actors_and_performers","Discovery index; confirm identity and Kansas relationship in independent evidence. Any dates are biographical year labels as listed, not verified event dates.","people-dna-land; history-and-culture"
"wikipedia-people-549","wikipedia-kansas-people","person","Sarah Lancaster","Actors and performers","born 1980","Overland Park","Listed by source as associated with Kansas; birthplace, residence and activity are not distinguished here.","https://en.wikipedia.org/w/index.php?title=List_of_people_from_Kansas&oldid=1361123532","https://en.wikipedia.org/wiki/List_of_people_from_Kansas#Actors_and_performers","Discovery index; confirm identity and Kansas relationship in independent evidence. Any dates are biographical year labels as listed, not verified event dates.","people-dna-land; history-and-culture"
"wikipedia-people-802","wikipedia-kansas-people","person","Satanta","Notable individuals","1830–1878","western Kansas","Listed by source as associated with Kansas; birthplace, residence and activity are not distinguished here.","https://en.wikipedia.org/w/index.php?title=List_of_people_from_Kansas&oldid=1361123532","https://en.wikipedia.org/wiki/List_of_people_from_Kansas#Notable_individuals","Discovery index; confirm identity and Kansas relationship in independent evidence. Any dates are biographical year labels as listed, not verified event dates.","people-dna-land; history-and-culture"
"wikipedia-people-529","wikipedia-kansas-people","person","Scott Foley","Actors and performers","born 1972","Kansas City","Listed by source as associated with Kansas; birthplace, residence and activity are not distinguished here.","https://en.wikipedia.org/w/index.php?title=List_of_people_from_Kansas&oldid=1361123532","https://en.wikipedia.org/wiki/List_of_people_from_Kansas#Actors_and_performers","Discovery index; confirm identity and Kansas relationship in independent evidence. Any dates are biographical year labels as listed, not verified event dates.","people-dna-land; history-and-culture"
"wikipedia-people-319","wikipedia-kansas-people","person","Scott Fulhage","Athletes","born 1961","Beloit","Listed by source as associated with Kansas; birthplace, residence and activity are not distinguished here.","https://en.wikipedia.org/w/index.php?title=List_of_people_from_Kansas&oldid=1361123532","https://en.wikipedia.org/wiki/List_of_people_from_Kansas#Athletes","Discovery index; confirm identity and Kansas relationship in independent evidence. Any dates are biographical year labels as listed, not verified event dates.","people-dna-land; history-and-culture"
"wikipedia-people-189","wikipedia-kansas-people","person","Scott Heim","Authors","born 1966","Hutchinson","Listed by source as associated with Kansas; birthplace, residence and activity are not distinguished here.","https://en.wikipedia.org/w/index.php?title=List_of_people_from_Kansas&oldid=1361123532","https://en.wikipedia.org/wiki/List_of_people_from_Kansas#Authors","Discovery index; confirm identity and Kansas relationship in independent evidence. Any dates are biographical year labels as listed, not verified event dates.","people-dna-land; history-and-culture"
"wikipedia-people-339","wikipedia-kansas-people","person","Scott Huffman","Athletes","born 1964","Quinter","Listed by source as associated with Kansas; birthplace, residence and activity are not distinguished here.","https://en.wikipedia.org/w/index.php?title=List_of_people_from_Kansas&oldid=1361123532","https://en.wikipedia.org/wiki/List_of_people_from_Kansas#Athletes","Discovery index; confirm identity and Kansas relationship in independent evidence. Any dates are biographical year labels as listed, not verified event dates.","people-dna-land; history-and-culture"
"wikipedia-people-840","wikipedia-kansas-people","person","Scott Philip Roeder","Crime","born 1958","Merriam","Listed by source as associated with Kansas; birthplace, residence and activity are not distinguished here.","https://en.wikipedia.org/w/index.php?title=List_of_people_from_Kansas&oldid=1361123532","https://en.wikipedia.org/wiki/List_of_people_from_Kansas#Crime","Discovery index; confirm identity and Kansas relationship in independent evidence. Source section is a sensitive historical/criminal index; no allegation or conviction is asserted by this entry.","people-dna-land; history-and-culture"
"wikipedia-people-197","wikipedia-kansas-people","person","Scott Phillips","Authors","born 1961","Wichita","Listed by source as associated with Kansas; birthplace, residence and activity are not distinguished here.","https://en.wikipedia.org/w/index.php?title=List_of_people_from_Kansas&oldid=1361123532","https://en.wikipedia.org/wiki/List_of_people_from_Kansas#Authors","Discovery index; confirm identity and Kansas relationship in independent evidence. Any dates are biographical year labels as listed, not verified event dates.","people-dna-land; history-and-culture"
"wikipedia-people-349","wikipedia-kansas-people","person","Shalee Lehning","Athletes","born 1987","Sublette","Listed by source as associated with Kansas; birthplace, residence and activity are not distinguished here.","https://en.wikipedia.org/w/index.php?title=List_of_people_from_Kansas&oldid=1361123532","https://en.wikipedia.org/wiki/List_of_people_from_Kansas#Athletes","Discovery index; confirm identity and Kansas relationship in independent evidence. Any dates are biographical year labels as listed, not verified event dates.","people-dna-land; history-and-culture"
"wikipedia-people-336","wikipedia-kansas-people","person","Shaun Hill","Athletes","born 1980","Parsons","Listed by source as associated with Kansas; birthplace, residence and activity are not distinguished here.","https://en.wikipedia.org/w/index.php?title=List_of_people_from_Kansas&oldid=1361123532","https://en.wikipedia.org/wiki/List_of_people_from_Kansas#Athletes","Discovery index; confirm identity and Kansas relationship in independent evidence. Any dates are biographical year labels as listed, not verified event dates.","people-dna-land; history-and-culture"
"wikipedia-people-637","wikipedia-kansas-people","person","Sheila Bair","Politics and law","born 1954","Independence","Listed by source as associated with Kansas; birthplace, residence and activity are not distinguished here.","https://en.wikipedia.org/w/index.php?title=List_of_people_from_Kansas&oldid=1361123532","https://en.wikipedia.org/wiki/List_of_people_from_Kansas#Politics_and_law","Discovery index; confirm identity and Kansas relationship in independent evidence. Any dates are biographical year labels as listed, not verified event dates.","people-dna-land; history-and-culture"
"wikipedia-people-564","wikipedia-kansas-people","person","Sheila Ryan","Actors and performers","1921–1975","Topeka","Listed by source as associated with Kansas; birthplace, residence and activity are not distinguished here.","https://en.wikipedia.org/w/index.php?title=List_of_people_from_Kansas&oldid=1361123532","https://en.wikipedia.org/wiki/List_of_people_from_Kansas#Actors_and_performers","Discovery index; confirm identity and Kansas relationship in independent evidence. Any dates are biographical year labels as listed, not verified event dates.","people-dna-land; history-and-culture"
"wikipedia-people-730","wikipedia-kansas-people","person","Sheri L. Dew","Religious","born 1953","Ulysses","Listed by source as associated with Kansas; birthplace, residence and activity are not distinguished here.","https://en.wikipedia.org/w/index.php?title=List_of_people_from_Kansas&oldid=1361123532","https://en.wikipedia.org/wiki/List_of_people_from_Kansas#Religious","Discovery index; confirm identity and Kansas relationship in independent evidence. Any dates are biographical year labels as listed, not verified event dates.","people-dna-land; history-and-culture"
"wikipedia-people-601","wikipedia-kansas-people","person","Sherman Halsey","Directors","","Independence","Listed by source as associated with Kansas; birthplace, residence and activity are not distinguished here.","https://en.wikipedia.org/w/index.php?title=List_of_people_from_Kansas&oldid=1361123532","https://en.wikipedia.org/wiki/List_of_people_from_Kansas#Directors","Discovery index; confirm identity and Kansas relationship in independent evidence. Any dates are biographical year labels as listed, not verified event dates.","people-dna-land; history-and-culture"
"wikipedia-people-548","wikipedia-kansas-people","person","Shirley Knight","Actors and performers","1936–2020","Goessel","Listed by source as associated with Kansas; birthplace, residence and activity are not distinguished here.","https://en.wikipedia.org/w/index.php?title=List_of_people_from_Kansas&oldid=1361123532","https://en.wikipedia.org/wiki/List_of_people_from_Kansas#Actors_and_performers","Discovery index; confirm identity and Kansas relationship in independent evidence. Any dates are biographical year labels as listed, not verified event dates.","people-dna-land; history-and-culture"
"wikipedia-people-677","wikipedia-kansas-people","person","Shirley Phelps-Roper","Politics and law","born 1957","Topeka","Listed by source as associated with Kansas; birthplace, residence and activity are not distinguished here.","https://en.wikipedia.org/w/index.php?title=List_of_people_from_Kansas&oldid=1361123532","https://en.wikipedia.org/wiki/List_of_people_from_Kansas#Politics_and_law","Discovery index; confirm identity and Kansas relationship in independent evidence. Any dates are biographical year labels as listed, not verified event dates.","people-dna-land; history-and-culture"
"wikipedia-people-141","wikipedia-kansas-people","person","Solon Toothaker Kimball","Academics and Nobel Prize laureates","1909–1982","Manhattan","Listed by source as associated with Kansas; birthplace, residence and activity are not distinguished here.","https://en.wikipedia.org/w/index.php?title=List_of_people_from_Kansas&oldid=1361123532","https://en.wikipedia.org/wiki/List_of_people_from_Kansas#Academics_and_Nobel_Prize_laureates","Discovery index; confirm identity and Kansas relationship in independent evidence. Any dates are biographical year labels as listed, not verified event dates.","people-dna-land; history-and-culture"
"wikipedia-people-142","wikipedia-kansas-people","person","Stanford Lehmberg","Academics and Nobel Prize laureates","1931–2012","McPherson","Listed by source as associated with Kansas; birthplace, residence and activity are not distinguished here.","https://en.wikipedia.org/w/index.php?title=List_of_people_from_Kansas&oldid=1361123532","https://en.wikipedia.org/wiki/List_of_people_from_Kansas#Academics_and_Nobel_Prize_laureates","Discovery index; confirm identity and Kansas relationship in independent evidence. Any dates are biographical year labels as listed, not verified event dates.","people-dna-land; history-and-culture"
"wikipedia-people-699","wikipedia-kansas-people","person","Stanley T. Adams","Military and national security","1922–1999","De Soto","Listed by source as associated with Kansas; birthplace, residence and activity are not distinguished here.","https://en.wikipedia.org/w/index.php?title=List_of_people_from_Kansas&oldid=1361123532","https://en.wikipedia.org/wiki/List_of_people_from_Kansas#Military_and_national_security","Discovery index; confirm identity and Kansas relationship in independent evidence. Any dates are biographical year labels as listed, not verified event dates.","people-dna-land; history-and-culture"
"wikipedia-people-603","wikipedia-kansas-people","person","Stephen R. Johnson","Directors","1952 - 2015","Paola","Listed by source as associated with Kansas; birthplace, residence and activity are not distinguished here.","https://en.wikipedia.org/w/index.php?title=List_of_people_from_Kansas&oldid=1361123532","https://en.wikipedia.org/wiki/List_of_people_from_Kansas#Directors","Discovery index; confirm identity and Kansas relationship in independent evidence. Any dates are biographical year labels as listed, not verified event dates.","people-dna-land; history-and-culture"
"wikipedia-people-595","wikipedia-kansas-people","person","Steve Balderson","Directors","born 1975","Wamego","Listed by source as associated with Kansas; birthplace, residence and activity are not distinguished here.","https://en.wikipedia.org/w/index.php?title=List_of_people_from_Kansas&oldid=1361123532","https://en.wikipedia.org/wiki/List_of_people_from_Kansas#Directors","Discovery index; confirm identity and Kansas relationship in independent evidence. Any dates are biographical year labels as listed, not verified event dates.","people-dna-land; history-and-culture"
"wikipedia-people-511","wikipedia-kansas-people","person","Steve Brodie","Actors and performers","1919–1992","El Dorado","Listed by source as associated with Kansas; birthplace, residence and activity are not distinguished here.","https://en.wikipedia.org/w/index.php?title=List_of_people_from_Kansas&oldid=1361123532","https://en.wikipedia.org/wiki/List_of_people_from_Kansas#Actors_and_performers","Discovery index; confirm identity and Kansas relationship in independent evidence. Any dates are biographical year labels as listed, not verified event dates.","people-dna-land; history-and-culture"
"wikipedia-people-615","wikipedia-kansas-people","person","Steve Doocy","Journalists","born 1956","Abilene","Listed by source as associated with Kansas; birthplace, residence and activity are not distinguished here.","https://en.wikipedia.org/w/index.php?title=List_of_people_from_Kansas&oldid=1361123532","https://en.wikipedia.org/wiki/List_of_people_from_Kansas#Journalists","Discovery index; confirm identity and Kansas relationship in independent evidence. Any dates are biographical year labels as listed, not verified event dates.","people-dna-land; history-and-culture"
"wikipedia-people-464","wikipedia-kansas-people","person","Steve Hawley","Aviators and astronauts","born 1951","Salina","Listed by source as associated with Kansas; birthplace, residence and activity are not distinguished here.","https://en.wikipedia.org/w/index.php?title=List_of_people_from_Kansas&oldid=1361123532","https://en.wikipedia.org/wiki/List_of_people_from_Kansas#Aviators_and_astronauts","Discovery index; confirm identity and Kansas relationship in independent evidence. Any dates are biographical year labels as listed, not verified event dates.","people-dna-land; history-and-culture"
"wikipedia-people-397","wikipedia-kansas-people","person","Steve Tasker","Athletes","born 1962","Leoti; Smith Center","Listed by source as associated with Kansas; birthplace, residence and activity are not distinguished here.","https://en.wikipedia.org/w/index.php?title=List_of_people_from_Kansas&oldid=1361123532","https://en.wikipedia.org/wiki/List_of_people_from_Kansas#Athletes","Discovery index; confirm identity and Kansas relationship in independent evidence. Any dates are biographical year labels as listed, not verified event dates. Place labels normalize an incomplete source fragment: Leoti (born in Smith Center. The fragment does not establish either relationship independently.","people-dna-land; history-and-culture"
"wikipedia-people-249","wikipedia-kansas-people","person","Steven Stucky","Musicians","1949–2016","Hutchinson","Listed by source as associated with Kansas; birthplace, residence and activity are not distinguished here.","https://en.wikipedia.org/w/index.php?title=List_of_people_from_Kansas&oldid=1361123532","https://en.wikipedia.org/wiki/List_of_people_from_Kansas#Musicians","Discovery index; confirm identity and Kansas relationship in independent evidence. Any dates are biographical year labels as listed, not verified event dates.","people-dna-land; history-and-culture"
"wikipedia-people-394","wikipedia-kansas-people","person","Stewart ""Smokey"" Stover","Athletes","born 1938","McPherson","Listed by source as associated with Kansas; birthplace, residence and activity are not distinguished here.","https://en.wikipedia.org/w/index.php?title=List_of_people_from_Kansas&oldid=1361123532","https://en.wikipedia.org/wiki/List_of_people_from_Kansas#Athletes","Discovery index; confirm identity and Kansas relationship in independent evidence. Any dates are biographical year labels as listed, not verified event dates.","people-dna-land; history-and-culture"
"wikipedia-people-680","wikipedia-kansas-people","person","Susanna M. Salter","Politics and law","1860–1961","","Listed by source as associated with Kansas; birthplace, residence and activity are not distinguished here.","https://en.wikipedia.org/w/index.php?title=List_of_people_from_Kansas&oldid=1361123532","https://en.wikipedia.org/wiki/List_of_people_from_Kansas#Politics_and_law","Discovery index; confirm identity and Kansas relationship in independent evidence. Any dates are biographical year labels as listed, not verified event dates.","people-dna-land; history-and-culture"
"wikipedia-people-528","wikipedia-kansas-people","person","Tamara Feldman","Actors and performers","born 1980","Wichita","Listed by source as associated with Kansas; birthplace, residence and activity are not distinguished here.","https://en.wikipedia.org/w/index.php?title=List_of_people_from_Kansas&oldid=1361123532","https://en.wikipedia.org/wiki/List_of_people_from_Kansas#Actors_and_performers","Discovery index; confirm identity and Kansas relationship in independent evidence. Any dates are biographical year labels as listed, not verified event dates.","people-dna-land; history-and-culture"
"wikipedia-people-331","wikipedia-kansas-people","person","Tanner Hawkinson","Athletes","born 1990","McPherson","Listed by source as associated with Kansas; birthplace, residence and activity are not distinguished here.","https://en.wikipedia.org/w/index.php?title=List_of_people_from_Kansas&oldid=1361123532","https://en.wikipedia.org/wiki/List_of_people_from_Kansas#Athletes","Discovery index; confirm identity and Kansas relationship in independent evidence. Any dates are biographical year labels as listed, not verified event dates.","people-dna-land; history-and-culture"
"wikipedia-people-791","wikipedia-kansas-people","person","Tara Dawn Holland","Notable individuals","born 1972","Overland Park","Listed by source as associated with Kansas; birthplace, residence and activity are not distinguished here.","https://en.wikipedia.org/w/index.php?title=List_of_people_from_Kansas&oldid=1361123532","https://en.wikipedia.org/wiki/List_of_people_from_Kansas#Notable_individuals","Discovery index; confirm identity and Kansas relationship in independent evidence. Any dates are biographical year labels as listed, not verified event dates.","people-dna-land; history-and-culture"
"wikipedia-people-574","wikipedia-kansas-people","person","Taryn Southern","Actors and performers","born 1986","Wichita","Listed by source as associated with Kansas; birthplace, residence and activity are not distinguished here.","https://en.wikipedia.org/w/index.php?title=List_of_people_from_Kansas&oldid=1361123532","https://en.wikipedia.org/wiki/List_of_people_from_Kansas#Actors_and_performers","Discovery index; confirm identity and Kansas relationship in independent evidence. Any dates are biographical year labels as listed, not verified event dates.","people-dna-land; history-and-culture"
"wikipedia-people-430","wikipedia-kansas-people","person","Ted Gilmore","Coaches","born 1967","Wichita","Listed by source as associated with Kansas; birthplace, residence and activity are not distinguished here.","https://en.wikipedia.org/w/index.php?title=List_of_people_from_Kansas&oldid=1361123532","https://en.wikipedia.org/wiki/List_of_people_from_Kansas#Coaches","Discovery index; confirm identity and Kansas relationship in independent evidence. Any dates are biographical year labels as listed, not verified event dates.","people-dna-land; history-and-culture"
"wikipedia-people-857","wikipedia-kansas-people","fictional","Ted Lasso","Fictional persons","","","Fictional character listed by source.","https://en.wikipedia.org/w/index.php?title=List_of_people_from_Kansas&oldid=1361123532","https://en.wikipedia.org/wiki/List_of_people_from_Kansas#Fictional_persons","Discovery index; confirm identity and Kansas relationship in independent evidence. Any dates are biographical year labels as listed, not verified event dates.","people-dna-land; history-and-culture"
"wikipedia-people-363","wikipedia-kansas-people","person","Terence Newman","Athletes","born 1978","Salina","Listed by source as associated with Kansas; birthplace, residence and activity are not distinguished here.","https://en.wikipedia.org/w/index.php?title=List_of_people_from_Kansas&oldid=1361123532","https://en.wikipedia.org/wiki/List_of_people_from_Kansas#Athletes","Discovery index; confirm identity and Kansas relationship in independent evidence. Any dates are biographical year labels as listed, not verified event dates.","people-dna-land; history-and-culture"
"wikipedia-people-278","wikipedia-kansas-people","person","Thane Baker","Athletes","born 1931","Elkhart","Listed by source as associated with Kansas; birthplace, residence and activity are not distinguished here.","https://en.wikipedia.org/w/index.php?title=List_of_people_from_Kansas&oldid=1361123532","https://en.wikipedia.org/wiki/List_of_people_from_Kansas#Athletes","Discovery index; confirm identity and Kansas relationship in independent evidence. Any dates are biographical year labels as listed, not verified event dates.","people-dna-land; history-and-culture"
"wikipedia-people-537","wikipedia-kansas-people","person","Thelma Hill","Actors and performers","1906–1938","Emporia","Listed by source as associated with Kansas; birthplace, residence and activity are not distinguished here.","https://en.wikipedia.org/w/index.php?title=List_of_people_from_Kansas&oldid=1361123532","https://en.wikipedia.org/wiki/List_of_people_from_Kansas#Actors_and_performers","Discovery index; confirm identity and Kansas relationship in independent evidence. Any dates are biographical year labels as listed, not verified event dates.","people-dna-land; history-and-culture"
"wikipedia-people-804","wikipedia-kansas-people","person","Theresa Vail","Notable individuals","born 1990","Manhattan","Listed by source as associated with Kansas; birthplace, residence and activity are not distinguished here.","https://en.wikipedia.org/w/index.php?title=List_of_people_from_Kansas&oldid=1361123532","https://en.wikipedia.org/wiki/List_of_people_from_Kansas#Notable_individuals","Discovery index; confirm identity and Kansas relationship in independent evidence. Any dates are biographical year labels as listed, not verified event dates.","people-dna-land; history-and-culture"
"wikipedia-people-186","wikipedia-kansas-people","person","Thomas Frank","Authors","born 1965","Mission Hills","Listed by source as associated with Kansas; birthplace, residence and activity are not distinguished here.","https://en.wikipedia.org/w/index.php?title=List_of_people_from_Kansas&oldid=1361123532","https://en.wikipedia.org/wiki/List_of_people_from_Kansas#Authors","Discovery index; confirm identity and Kansas relationship in independent evidence. Any dates are biographical year labels as listed, not verified event dates.","people-dna-land; history-and-culture"
"wikipedia-people-314","wikipedia-kansas-people","person","Tim Elliott","Athletes","born 1986","Wichita","Listed by source as associated with Kansas; birthplace, residence and activity are not distinguished here.","https://en.wikipedia.org/w/index.php?title=List_of_people_from_Kansas&oldid=1361123532","https://en.wikipedia.org/wiki/List_of_people_from_Kansas#Athletes","Discovery index; confirm identity and Kansas relationship in independent evidence. Any dates are biographical year labels as listed, not verified event dates.","people-dna-land; history-and-culture"
"wikipedia-people-434","wikipedia-kansas-people","person","Tim Jankovich","Coaches","born 1959","Manhattan","Listed by source as associated with Kansas; birthplace, residence and activity are not distinguished here.","https://en.wikipedia.org/w/index.php?title=List_of_people_from_Kansas&oldid=1361123532","https://en.wikipedia.org/wiki/List_of_people_from_Kansas#Coaches","Discovery index; confirm identity and Kansas relationship in independent evidence. Any dates are biographical year labels as listed, not verified event dates.","people-dna-land; history-and-culture"
"wikipedia-people-663","wikipedia-kansas-people","person","Tim Kaine","Politics and law","born 1958","Overland Park","Listed by source as associated with Kansas; birthplace, residence and activity are not distinguished here.","https://en.wikipedia.org/w/index.php?title=List_of_people_from_Kansas&oldid=1361123532","https://en.wikipedia.org/wiki/List_of_people_from_Kansas#Politics_and_law","Discovery index; confirm identity and Kansas relationship in independent evidence. Any dates are biographical year labels as listed, not verified event dates.","people-dna-land; history-and-culture"
"wikipedia-people-544","wikipedia-kansas-people","person","Tom Kane","Actors and performers","born 1962","Overland Park","Listed by source as associated with Kansas; birthplace, residence and activity are not distinguished here.","https://en.wikipedia.org/w/index.php?title=List_of_people_from_Kansas&oldid=1361123532","https://en.wikipedia.org/wiki/List_of_people_from_Kansas#Actors_and_performers","Discovery index; confirm identity and Kansas relationship in independent evidence. Any dates are biographical year labels as listed, not verified event dates.","people-dna-land; history-and-culture"
"wikipedia-people-396","wikipedia-kansas-people","person","Tom Sturdivant","Athletes","1930–2009","Gordon","Listed by source as associated with Kansas; birthplace, residence and activity are not distinguished here.","https://en.wikipedia.org/w/index.php?title=List_of_people_from_Kansas&oldid=1361123532","https://en.wikipedia.org/wiki/List_of_people_from_Kansas#Athletes","Discovery index; confirm identity and Kansas relationship in independent evidence. Any dates are biographical year labels as listed, not verified event dates.","people-dna-land; history-and-culture"
"wikipedia-people-406","wikipedia-kansas-people","person","Tom Watson","Athletes","born 1949","Stilwell","Listed by source as associated with Kansas; birthplace, residence and activity are not distinguished here.","https://en.wikipedia.org/w/index.php?title=List_of_people_from_Kansas&oldid=1361123532","https://en.wikipedia.org/wiki/List_of_people_from_Kansas#Athletes","Discovery index; confirm identity and Kansas relationship in independent evidence. Any dates are biographical year labels as listed, not verified event dates.","people-dna-land; history-and-culture"
"wikipedia-people-400","wikipedia-kansas-people","person","Tommy Thompson","Athletes","1916–1989","Hutchinson","Listed by source as associated with Kansas; birthplace, residence and activity are not distinguished here.","https://en.wikipedia.org/w/index.php?title=List_of_people_from_Kansas&oldid=1361123532","https://en.wikipedia.org/wiki/List_of_people_from_Kansas#Athletes","Discovery index; confirm identity and Kansas relationship in independent evidence. Any dates are biographical year labels as listed, not verified event dates.","people-dna-land; history-and-culture"
"wikipedia-people-279","wikipedia-kansas-people","person","Tony Barker","Athletes","born 1968","Wichita","Listed by source as associated with Kansas; birthplace, residence and activity are not distinguished here.","https://en.wikipedia.org/w/index.php?title=List_of_people_from_Kansas&oldid=1361123532","https://en.wikipedia.org/wiki/List_of_people_from_Kansas#Athletes","Discovery index; confirm identity and Kansas relationship in independent evidence. Any dates are biographical year labels as listed, not verified event dates.","people-dna-land; history-and-culture"
"wikipedia-people-297","wikipedia-kansas-people","person","Tony Clark","Athletes","born 1972","Newton","Listed by source as associated with Kansas; birthplace, residence and activity are not distinguished here.","https://en.wikipedia.org/w/index.php?title=List_of_people_from_Kansas&oldid=1361123532","https://en.wikipedia.org/wiki/List_of_people_from_Kansas#Athletes","Discovery index; confirm identity and Kansas relationship in independent evidence. Any dates are biographical year labels as listed, not verified event dates.","people-dna-land; history-and-culture"
"wikipedia-people-344","wikipedia-kansas-people","person","Tonya Knight","Athletes","born 1966","Overland Park","Listed by source as associated with Kansas; birthplace, residence and activity are not distinguished here.","https://en.wikipedia.org/w/index.php?title=List_of_people_from_Kansas&oldid=1361123532","https://en.wikipedia.org/wiki/List_of_people_from_Kansas#Athletes","Discovery index; confirm identity and Kansas relationship in independent evidence. Any dates are biographical year labels as listed, not verified event dates.","people-dna-land; history-and-culture"
"wikipedia-people-515","wikipedia-kansas-people","person","Trai Byers","Actors and performers","born 1983","Kansas City","Listed by source as associated with Kansas; birthplace, residence and activity are not distinguished here.","https://en.wikipedia.org/w/index.php?title=List_of_people_from_Kansas&oldid=1361123532","https://en.wikipedia.org/wiki/List_of_people_from_Kansas#Actors_and_performers","Discovery index; confirm identity and Kansas relationship in independent evidence. Any dates are biographical year labels as listed, not verified event dates.","people-dna-land; history-and-culture"
"wikipedia-people-567","wikipedia-kansas-people","person","Travis Schuldt","Actors and performers","born 1974","Topeka","Listed by source as associated with Kansas; birthplace, residence and activity are not distinguished here.","https://en.wikipedia.org/w/index.php?title=List_of_people_from_Kansas&oldid=1361123532","https://en.wikipedia.org/wiki/List_of_people_from_Kansas#Actors_and_performers","Discovery index; confirm identity and Kansas relationship in independent evidence. Any dates are biographical year labels as listed, not verified event dates.","people-dna-land; history-and-culture"
"wikipedia-people-643","wikipedia-kansas-people","person","Ty Cobb","Politics and law","born 1950","Great Bend","Listed by source as associated with Kansas; birthplace, residence and activity are not distinguished here.","https://en.wikipedia.org/w/index.php?title=List_of_people_from_Kansas&oldid=1361123532","https://en.wikipedia.org/wiki/List_of_people_from_Kansas#Politics_and_law","Discovery index; confirm identity and Kansas relationship in independent evidence. Any dates are biographical year labels as listed, not verified event dates.","people-dna-land; history-and-culture"
"wikipedia-people-501","wikipedia-kansas-people","person","Tyrees Allen","Actors and performers","born 1954","Salina","Listed by source as associated with Kansas; birthplace, residence and activity are not distinguished here.","https://en.wikipedia.org/w/index.php?title=List_of_people_from_Kansas&oldid=1361123532","https://en.wikipedia.org/wiki/List_of_people_from_Kansas#Actors_and_performers","Discovery index; confirm identity and Kansas relationship in independent evidence. Any dates are biographical year labels as listed, not verified event dates.","people-dna-land; history-and-culture"
"wikipedia-people-324","wikipedia-kansas-people","person","Tyson Gay","Athletes","born 1982","Great Bend","Listed by source as associated with Kansas; birthplace, residence and activity are not distinguished here.","https://en.wikipedia.org/w/index.php?title=List_of_people_from_Kansas&oldid=1361123532","https://en.wikipedia.org/wiki/List_of_people_from_Kansas#Athletes","Discovery index; confirm identity and Kansas relationship in independent evidence. Any dates are biographical year labels as listed, not verified event dates.","people-dna-land; history-and-culture"
"wikipedia-people-662","wikipedia-kansas-people","person","Ural Alexis Johnson","Politics and law","1908–1997","Falun","Listed by source as associated with Kansas; birthplace, residence and activity are not distinguished here.","https://en.wikipedia.org/w/index.php?title=List_of_people_from_Kansas&oldid=1361123532","https://en.wikipedia.org/wiki/List_of_people_from_Kansas#Politics_and_law","Discovery index; confirm identity and Kansas relationship in independent evidence. Any dates are biographical year labels as listed, not verified event dates.","people-dna-land; history-and-culture"
"wikipedia-people-198","wikipedia-kansas-people","person","Vance Randolph","Authors","1892–1980","Pittsburg","Listed by source as associated with Kansas; birthplace, residence and activity are not distinguished here.","https://en.wikipedia.org/w/index.php?title=List_of_people_from_Kansas&oldid=1361123532","https://en.wikipedia.org/wiki/List_of_people_from_Kansas#Authors","Discovery index; confirm identity and Kansas relationship in independent evidence. Any dates are biographical year labels as listed, not verified event dates.","people-dna-land; history-and-culture"
"wikipedia-people-554","wikipedia-kansas-people","person","Vera Miles","Actors and performers","born 1930","Pratt and Wichita","Listed by source as associated with Kansas; birthplace, residence and activity are not distinguished here.","https://en.wikipedia.org/w/index.php?title=List_of_people_from_Kansas&oldid=1361123532","https://en.wikipedia.org/wiki/List_of_people_from_Kansas#Actors_and_performers","Discovery index; confirm identity and Kansas relationship in independent evidence. Any dates are biographical year labels as listed, not verified event dates.","people-dna-land; history-and-culture"
"wikipedia-people-149","wikipedia-kansas-people","person","Vernon L. Smith","Academics and Nobel Prize laureates","born 1927","Wichita","Listed by source as associated with Kansas; birthplace, residence and activity are not distinguished here.","https://en.wikipedia.org/w/index.php?title=List_of_people_from_Kansas&oldid=1361123532","https://en.wikipedia.org/wiki/List_of_people_from_Kansas#Academics_and_Nobel_Prize_laureates","Discovery index; confirm identity and Kansas relationship in independent evidence. Any dates are biographical year labels as listed, not verified event dates.","people-dna-land; history-and-culture"
"wikipedia-people-292","wikipedia-kansas-people","person","Veronica Campbell-Brown","Athletes","born 1982","Great Bend","Listed by source as associated with Kansas; birthplace, residence and activity are not distinguished here.","https://en.wikipedia.org/w/index.php?title=List_of_people_from_Kansas&oldid=1361123532","https://en.wikipedia.org/wiki/List_of_people_from_Kansas#Athletes","Discovery index; confirm identity and Kansas relationship in independent evidence. Any dates are biographical year labels as listed, not verified event dates.","people-dna-land; history-and-culture"
"wikipedia-people-481","wikipedia-kansas-people","person","Vic Edelbrock","Businesspeople and inventors","1913–1962","Eudora","Listed by source as associated with Kansas; birthplace, residence and activity are not distinguished here.","https://en.wikipedia.org/w/index.php?title=List_of_people_from_Kansas&oldid=1361123532","https://en.wikipedia.org/wiki/List_of_people_from_Kansas#Businesspeople_and_inventors","Discovery index; confirm identity and Kansas relationship in independent evidence. Any dates are biographical year labels as listed, not verified event dates.","people-dna-land; history-and-culture"
"wikipedia-people-793","wikipedia-kansas-people","person","Vicki Lynn Lasseter","Notable individuals","born 1960","Iola","Listed by source as associated with Kansas; birthplace, residence and activity are not distinguished here.","https://en.wikipedia.org/w/index.php?title=List_of_people_from_Kansas&oldid=1361123532","https://en.wikipedia.org/wiki/List_of_people_from_Kansas#Notable_individuals","Discovery index; confirm identity and Kansas relationship in independent evidence. Any dates are biographical year labels as listed, not verified event dates.","people-dna-land; history-and-culture"
"wikipedia-people-366","wikipedia-kansas-people","person","Victor Ortiz","Athletes","born 1987","Garden City","Listed by source as associated with Kansas; birthplace, residence and activity are not distinguished here.","https://en.wikipedia.org/w/index.php?title=List_of_people_from_Kansas&oldid=1361123532","https://en.wikipedia.org/wiki/List_of_people_from_Kansas#Athletes","Discovery index; confirm identity and Kansas relationship in independent evidence. Any dates are biographical year labels as listed, not verified event dates.","people-dna-land; history-and-culture"
"wikipedia-people-801","wikipedia-kansas-people","person","Victor Rojas","Notable individuals","","Overland Park (born in Miami )","Listed by source as associated with Kansas; birthplace, residence and activity are not distinguished here.","https://en.wikipedia.org/w/index.php?title=List_of_people_from_Kansas&oldid=1361123532","https://en.wikipedia.org/wiki/List_of_people_from_Kansas#Notable_individuals","Discovery index; confirm identity and Kansas relationship in independent evidence. Any dates are biographical year labels as listed, not verified event dates.","people-dna-land; history-and-culture"
"wikipedia-people-582","wikipedia-kansas-people","person","Vivian Vance","Actors and performers","1909–1979","Cherryvale","Listed by source as associated with Kansas; birthplace, residence and activity are not distinguished here.","https://en.wikipedia.org/w/index.php?title=List_of_people_from_Kansas&oldid=1361123532","https://en.wikipedia.org/wiki/List_of_people_from_Kansas#Actors_and_performers","Discovery index; confirm identity and Kansas relationship in independent evidence. Any dates are biographical year labels as listed, not verified event dates.","people-dna-land; history-and-culture"
"wikipedia-people-175","wikipedia-kansas-people","person","W. Eugene Smith","Artists","1918–1978","Wichita","Listed by source as associated with Kansas; birthplace, residence and activity are not distinguished here.","https://en.wikipedia.org/w/index.php?title=List_of_people_from_Kansas&oldid=1361123532","https://en.wikipedia.org/wiki/List_of_people_from_Kansas#Artists","Discovery index; confirm identity and Kansas relationship in independent evidence. Any dates are biographical year labels as listed, not verified event dates.","people-dna-land; history-and-culture"
"wikipedia-people-626","wikipedia-kansas-people","person","W. Eugene Smith","Journalists","1918–1978","Wichita","Listed by source as associated with Kansas; birthplace, residence and activity are not distinguished here.","https://en.wikipedia.org/w/index.php?title=List_of_people_from_Kansas&oldid=1361123532","https://en.wikipedia.org/wiki/List_of_people_from_Kansas#Journalists","Discovery index; confirm identity and Kansas relationship in independent evidence. Any dates are biographical year labels as listed, not verified event dates.","people-dna-land; history-and-culture"
"wikipedia-people-795","wikipedia-kansas-people","person","Waldo McBurney","Notable individuals","1902–2009","Quinter","Listed by source as associated with Kansas; birthplace, residence and activity are not distinguished here.","https://en.wikipedia.org/w/index.php?title=List_of_people_from_Kansas&oldid=1361123532","https://en.wikipedia.org/wiki/List_of_people_from_Kansas#Notable_individuals","Discovery index; confirm identity and Kansas relationship in independent evidence. Any dates are biographical year labels as listed, not verified event dates.","people-dna-land; history-and-culture"
"wikipedia-people-766","wikipedia-kansas-people","person","Wallace Pratt","Scientists and programmers","1885–1981","Phillipsburg","Listed by source as associated with Kansas; birthplace, residence and activity are not distinguished here.","https://en.wikipedia.org/w/index.php?title=List_of_people_from_Kansas&oldid=1361123532","https://en.wikipedia.org/wiki/List_of_people_from_Kansas#Scientists_and_programmers","Discovery index; confirm identity and Kansas relationship in independent evidence. Any dates are biographical year labels as listed, not verified event dates.","people-dna-land; history-and-culture"
"wikipedia-people-660","wikipedia-kansas-people","person","Wally Hickel","Politics and law","1919–2010","Claflin","Listed by source as associated with Kansas; birthplace, residence and activity are not distinguished here.","https://en.wikipedia.org/w/index.php?title=List_of_people_from_Kansas&oldid=1361123532","https://en.wikipedia.org/wiki/List_of_people_from_Kansas#Politics_and_law","Discovery index; confirm identity and Kansas relationship in independent evidence. Any dates are biographical year labels as listed, not verified event dates.","people-dna-land; history-and-culture"
"wikipedia-people-478","wikipedia-kansas-people","person","Walter Chrysler","Businesspeople and inventors","1875–1940","Wamego","Listed by source as associated with Kansas; birthplace, residence and activity are not distinguished here.","https://en.wikipedia.org/w/index.php?title=List_of_people_from_Kansas&oldid=1361123532","https://en.wikipedia.org/wiki/List_of_people_from_Kansas#Businesspeople_and_inventors","Discovery index; confirm identity and Kansas relationship in independent evidence. Any dates are biographical year labels as listed, not verified event dates.","people-dna-land; history-and-culture"
"wikipedia-people-458","wikipedia-kansas-people","person","Walter Herschel Beech","Aviators and astronauts","1891–1950","Wichita","Listed by source as associated with Kansas; birthplace, residence and activity are not distinguished here.","https://en.wikipedia.org/w/index.php?title=List_of_people_from_Kansas&oldid=1361123532","https://en.wikipedia.org/wiki/List_of_people_from_Kansas#Aviators_and_astronauts","Discovery index; confirm identity and Kansas relationship in independent evidence. Any dates are biographical year labels as listed, not verified event dates.","people-dna-land; history-and-culture"
"wikipedia-people-341","wikipedia-kansas-people","person","Walter Johnson","Athletes","1887–1946","Humboldt","Listed by source as associated with Kansas; birthplace, residence and activity are not distinguished here.","https://en.wikipedia.org/w/index.php?title=List_of_people_from_Kansas&oldid=1361123532","https://en.wikipedia.org/wiki/List_of_people_from_Kansas#Athletes","Discovery index; confirm identity and Kansas relationship in independent evidence. Any dates are biographical year labels as listed, not verified event dates.","people-dna-land; history-and-culture"
"wikipedia-people-767","wikipedia-kansas-people","person","Walter Sutton","Scientists and programmers","1877–1916","Russell","Listed by source as associated with Kansas; birthplace, residence and activity are not distinguished here.","https://en.wikipedia.org/w/index.php?title=List_of_people_from_Kansas&oldid=1361123532","https://en.wikipedia.org/wiki/List_of_people_from_Kansas#Scientists_and_programmers","Discovery index; confirm identity and Kansas relationship in independent evidence. Any dates are biographical year labels as listed, not verified event dates.","people-dna-land; history-and-culture"
"wikipedia-people-306","wikipedia-kansas-people","person","Wantha Davis","Athletes","1917–2012","Liberal","Listed by source as associated with Kansas; birthplace, residence and activity are not distinguished here.","https://en.wikipedia.org/w/index.php?title=List_of_people_from_Kansas&oldid=1361123532","https://en.wikipedia.org/wiki/List_of_people_from_Kansas#Athletes","Discovery index; confirm identity and Kansas relationship in independent evidence. Any dates are biographical year labels as listed, not verified event dates.","people-dna-land; history-and-culture"
"wikipedia-people-387","wikipedia-kansas-people","person","Wayne Simien","Athletes","born 1983","Leavenworth","Listed by source as associated with Kansas; birthplace, residence and activity are not distinguished here.","https://en.wikipedia.org/w/index.php?title=List_of_people_from_Kansas&oldid=1361123532","https://en.wikipedia.org/wiki/List_of_people_from_Kansas#Athletes","Discovery index; confirm identity and Kansas relationship in independent evidence. Any dates are biographical year labels as listed, not verified event dates.","people-dna-land; history-and-culture"
"wikipedia-people-228","wikipedia-kansas-people","person","Wendell Hall","Musicians","1886–1969","St. George","Listed by source as associated with Kansas; birthplace, residence and activity are not distinguished here.","https://en.wikipedia.org/w/index.php?title=List_of_people_from_Kansas&oldid=1361123532","https://en.wikipedia.org/wiki/List_of_people_from_Kansas#Musicians","Discovery index; confirm identity and Kansas relationship in independent evidence. Any dates are biographical year labels as listed, not verified event dates.","people-dna-land; history-and-culture"
"wikipedia-people-139","wikipedia-kansas-people","person","Wendell Johnson","Academics and Nobel Prize laureates","1906–1965","Roxbury","Listed by source as associated with Kansas; birthplace, residence and activity are not distinguished here.","https://en.wikipedia.org/w/index.php?title=List_of_people_from_Kansas&oldid=1361123532","https://en.wikipedia.org/wiki/List_of_people_from_Kansas#Academics_and_Nobel_Prize_laureates","Discovery index; confirm identity and Kansas relationship in independent evidence. Any dates are biographical year labels as listed, not verified event dates.","people-dna-land; history-and-culture"
"wikipedia-people-382","wikipedia-kansas-people","person","Wes Santee","Athletes","1932–2010","Ashland","Listed by source as associated with Kansas; birthplace, residence and activity are not distinguished here.","https://en.wikipedia.org/w/index.php?title=List_of_people_from_Kansas&oldid=1361123532","https://en.wikipedia.org/wiki/List_of_people_from_Kansas#Athletes","Discovery index; confirm identity and Kansas relationship in independent evidence. Any dates are biographical year labels as listed, not verified event dates.","people-dna-land; history-and-culture"
"wikipedia-people-700","wikipedia-kansas-people","person","Wilbur Bestwick","Military and national security","1911–1972","Sabetha","Listed by source as associated with Kansas; birthplace, residence and activity are not distinguished here.","https://en.wikipedia.org/w/index.php?title=List_of_people_from_Kansas&oldid=1361123532","https://en.wikipedia.org/wiki/List_of_people_from_Kansas#Military_and_national_security","Discovery index; confirm identity and Kansas relationship in independent evidence. Any dates are biographical year labels as listed, not verified event dates.","people-dna-land; history-and-culture"
"wikipedia-people-816","wikipedia-kansas-people","person","Wild Bill Hickok","Notable historical figures not from Kansas but who participated in a significant event in Kansas","1837–1876","Hays and Abilene","Listed by source as associated with Kansas; birthplace, residence and activity are not distinguished here.","https://en.wikipedia.org/w/index.php?title=List_of_people_from_Kansas&oldid=1361123532","https://en.wikipedia.org/wiki/List_of_people_from_Kansas#Notable_historical_figures_not_from_Kansas_but_who_participated_in_a_significant_event_in_Kansas","Discovery index; confirm identity and Kansas relationship in independent evidence. Any dates are biographical year labels as listed, not verified event dates.","people-dna-land; history-and-culture"
"wikipedia-people-853","wikipedia-kansas-people","fictional","Will Kane","Fictional persons","","","Fictional character listed by source.","https://en.wikipedia.org/w/index.php?title=List_of_people_from_Kansas&oldid=1361123532","https://en.wikipedia.org/wiki/List_of_people_from_Kansas#Fictional_persons","Discovery index; confirm identity and Kansas relationship in independent evidence. Any dates are biographical year labels as listed, not verified event dates.","people-dna-land; history-and-culture"
"wikipedia-people-629","wikipedia-kansas-people","person","William Allen White","Journalists","1868–1944","Emporia","Listed by source as associated with Kansas; birthplace, residence and activity are not distinguished here.","https://en.wikipedia.org/w/index.php?title=List_of_people_from_Kansas&oldid=1361123532","https://en.wikipedia.org/wiki/List_of_people_from_Kansas#Journalists","Discovery index; confirm identity and Kansas relationship in independent evidence. Any dates are biographical year labels as listed, not verified event dates.","people-dna-land; history-and-culture"
"wikipedia-people-723","wikipedia-kansas-people","person","William B. Trembley","Military and national security","1877–1952","Johnson","Listed by source as associated with Kansas; birthplace, residence and activity are not distinguished here.","https://en.wikipedia.org/w/index.php?title=List_of_people_from_Kansas&oldid=1361123532","https://en.wikipedia.org/wiki/List_of_people_from_Kansas#Military_and_national_security","Discovery index; confirm identity and Kansas relationship in independent evidence. Any dates are biographical year labels as listed, not verified event dates.","people-dna-land; history-and-culture"
"wikipedia-people-728","wikipedia-kansas-people","person","William Bickerton","Religious","1815–1905","St. John","Listed by source as associated with Kansas; birthplace, residence and activity are not distinguished here.","https://en.wikipedia.org/w/index.php?title=List_of_people_from_Kansas&oldid=1361123532","https://en.wikipedia.org/wiki/List_of_people_from_Kansas#Religious","Discovery index; confirm identity and Kansas relationship in independent evidence. Any dates are biographical year labels as listed, not verified event dates.","people-dna-land; history-and-culture"
"wikipedia-people-183","wikipedia-kansas-people","person","William Burroughs","Authors","1914–1997","Lawrence","Listed by source as associated with Kansas; birthplace, residence and activity are not distinguished here.","https://en.wikipedia.org/w/index.php?title=List_of_people_from_Kansas&oldid=1361123532","https://en.wikipedia.org/wiki/List_of_people_from_Kansas#Authors","Discovery index; confirm identity and Kansas relationship in independent evidence. Any dates are biographical year labels as listed, not verified event dates.","people-dna-land; history-and-culture"
"wikipedia-people-479","wikipedia-kansas-people","person","William Coffin Coleman","Businesspeople and inventors","1870–1957","Wichita","Listed by source as associated with Kansas; birthplace, residence and activity are not distinguished here.","https://en.wikipedia.org/w/index.php?title=List_of_people_from_Kansas&oldid=1361123532","https://en.wikipedia.org/wiki/List_of_people_from_Kansas#Businesspeople_and_inventors","Discovery index; confirm identity and Kansas relationship in independent evidence. Any dates are biographical year labels as listed, not verified event dates.","people-dna-land; history-and-culture"
"wikipedia-people-191","wikipedia-kansas-people","person","William Inge","Authors","1913–1973","Independence","Listed by source as associated with Kansas; birthplace, residence and activity are not distinguished here.","https://en.wikipedia.org/w/index.php?title=List_of_people_from_Kansas&oldid=1361123532","https://en.wikipedia.org/wiki/List_of_people_from_Kansas#Authors","Discovery index; confirm identity and Kansas relationship in independent evidence. Any dates are biographical year labels as listed, not verified event dates.","people-dna-land; history-and-culture"
"wikipedia-people-617","wikipedia-kansas-people","person","William M. Gallagher","Journalists","1923–1975","Hiawatha","Listed by source as associated with Kansas; birthplace, residence and activity are not distinguished here.","https://en.wikipedia.org/w/index.php?title=List_of_people_from_Kansas&oldid=1361123532","https://en.wikipedia.org/wiki/List_of_people_from_Kansas#Journalists","Discovery index; confirm identity and Kansas relationship in independent evidence. Any dates are biographical year labels as listed, not verified event dates.","people-dna-land; history-and-culture"
"wikipedia-people-666","wikipedia-kansas-people","person","William P. Lambertson","Politics and law","1880–1957","Fairview","Listed by source as associated with Kansas; birthplace, residence and activity are not distinguished here.","https://en.wikipedia.org/w/index.php?title=List_of_people_from_Kansas&oldid=1361123532","https://en.wikipedia.org/wiki/List_of_people_from_Kansas#Politics_and_law","Discovery index; confirm identity and Kansas relationship in independent evidence. Any dates are biographical year labels as listed, not verified event dates.","people-dna-land; history-and-culture"
"wikipedia-people-204","wikipedia-kansas-people","person","William Stafford","Authors","1914–1993","Hutchinson","Listed by source as associated with Kansas; birthplace, residence and activity are not distinguished here.","https://en.wikipedia.org/w/index.php?title=List_of_people_from_Kansas&oldid=1361123532","https://en.wikipedia.org/wiki/List_of_people_from_Kansas#Authors","Discovery index; confirm identity and Kansas relationship in independent evidence. Any dates are biographical year labels as listed, not verified event dates.","people-dna-land; history-and-culture"
"wikipedia-people-485","wikipedia-kansas-people","person","William Wadsworth Hodkinson","Businesspeople and inventors","1881–1971","Independence","Listed by source as associated with Kansas; birthplace, residence and activity are not distinguished here.","https://en.wikipedia.org/w/index.php?title=List_of_people_from_Kansas&oldid=1361123532","https://en.wikipedia.org/wiki/List_of_people_from_Kansas#Businesspeople_and_inventors","Discovery index; confirm identity and Kansas relationship in independent evidence. Any dates are biographical year labels as listed, not verified event dates.","people-dna-land; history-and-culture"
"wikipedia-people-689","wikipedia-kansas-people","person","William Walker","Politics and law","1800–1874","","Listed by source as associated with Kansas; birthplace, residence and activity are not distinguished here.","https://en.wikipedia.org/w/index.php?title=List_of_people_from_Kansas&oldid=1361123532","https://en.wikipedia.org/wiki/List_of_people_from_Kansas#Politics_and_law","Discovery index; confirm identity and Kansas relationship in independent evidence. Any dates are biographical year labels as listed, not verified event dates.","people-dna-land; history-and-culture"
"wikipedia-people-294","wikipedia-kansas-people","person","Willie Cauley-Stein","Athletes","born 1993","","Listed by source as associated with Kansas; birthplace, residence and activity are not distinguished here.","https://en.wikipedia.org/w/index.php?title=List_of_people_from_Kansas&oldid=1361123532","https://en.wikipedia.org/wiki/List_of_people_from_Kansas#Athletes","Discovery index; confirm identity and Kansas relationship in independent evidence. Any dates are biographical year labels as listed, not verified event dates.","people-dna-land; history-and-culture"
"wikipedia-people-868","wikipedia-kansas-people","fictional","Wizard of Oz","Fictional persons","","","Fictional character listed by source.","https://en.wikipedia.org/w/index.php?title=List_of_people_from_Kansas&oldid=1361123532","https://en.wikipedia.org/wiki/List_of_people_from_Kansas#Fictional_persons","Discovery index; confirm identity and Kansas relationship in independent evidence. Any dates are biographical year labels as listed, not verified event dates.","people-dna-land; history-and-culture"
"wikipedia-people-813","wikipedia-kansas-people","person","Wyatt Earp","Notable historical figures not from Kansas but who participated in a significant event in Kansas","1848–1929","Wichita and Dodge City","Listed by source as associated with Kansas; birthplace, residence and activity are not distinguished here.","https://en.wikipedia.org/w/index.php?title=List_of_people_from_Kansas&oldid=1361123532","https://en.wikipedia.org/wiki/List_of_people_from_Kansas#Notable_historical_figures_not_from_Kansas_but_who_participated_in_a_significant_event_in_Kansas","Discovery index; confirm identity and Kansas relationship in independent evidence. Any dates are biographical year labels as listed, not verified event dates.","people-dna-land; history-and-culture"
"wikipedia-people-259","wikipedia-kansas-people","person","XV","Musicians","","Wichita","Listed by source as associated with Kansas; birthplace, residence and activity are not distinguished here.","https://en.wikipedia.org/w/index.php?title=List_of_people_from_Kansas&oldid=1361123532","https://en.wikipedia.org/wiki/List_of_people_from_Kansas#Musicians","Discovery index; confirm identity and Kansas relationship in independent evidence. Any dates are biographical year labels as listed, not verified event dates.","people-dna-land; history-and-culture"
"wikipedia-people-534","wikipedia-kansas-people","person","Zach Hadel","Actors and performers","born 1990","Overland Park","Listed by source as associated with Kansas; birthplace, residence and activity are not distinguished here.","https://en.wikipedia.org/w/index.php?title=List_of_people_from_Kansas&oldid=1361123532","https://en.wikipedia.org/wiki/List_of_people_from_Kansas#Actors_and_performers","Discovery index; confirm identity and Kansas relationship in independent evidence. Any dates are biographical year labels as listed, not verified event dates.","people-dna-land; history-and-culture"
"wikipedia-people-557","wikipedia-kansas-people","person","ZaSu Pitts","Actors and performers","1894–1963","Parsons","Listed by source as associated with Kansas; birthplace, residence and activity are not distinguished here.","https://en.wikipedia.org/w/index.php?title=List_of_people_from_Kansas&oldid=1361123532","https://en.wikipedia.org/wiki/List_of_people_from_Kansas#Actors_and_performers","Discovery index; confirm identity and Kansas relationship in independent evidence. Any dates are biographical year labels as listed, not verified event dates.","people-dna-land; history-and-culture"
"ebsco-016","ebsco","topic","""Driven Out on the Old Charge of Being a Rebel"".","related article","2024","","kansas context.","https://www.ebsco.com/research-starters/history/history-kansas/","https://www.ebsco.com/articles/history/33745de0-c9eb-548f-a360-9cb1c9a819c8/driven-out-on-the-old-charge-of-being-a-rebel/","Source assertion; pending independent review.","history; Kansas chronology"
"ebsco-055","ebsco","topic","Abilene","place mention","","Abilene","kansas context.","https://www.ebsco.com/research-starters/history/history-kansas/","https://www.ebsco.com/research-starters/history/history-kansas/","Source assertion; pending independent review.","history; Kansas chronology"
"ebsco-009","ebsco","topic","Abolitionism","topic index","","","kansas context.","https://www.ebsco.com/research-starters/history/history-kansas/","https://www.ebsco.com/research-starters/history/abolitionism/","Source assertion; pending independent review.","history; Kansas chronology"
"ebsco-043","ebsco","event","Agricultural land","event","2020s","Kansas","kansas context. Source value: 90 percent_approximate.","https://www.ebsco.com/research-starters/history/history-kansas/","https://www.ebsco.com/research-starters/history/history-kansas/","Source assertion; pending independent review. source says nearly; period 2020s","history; Kansas chronology"
"ebsco-036","ebsco","event","Atchison and Topeka charter","event","1859","Kansas","kansas context.","https://www.ebsco.com/research-starters/history/history-kansas/","https://www.ebsco.com/research-starters/history/history-kansas/","Source assertion; pending independent review.","history; Kansas chronology"
"ebsco-073","ebsco","topic","Bleeding Kansas","reference link","","","kansas context.","https://www.ebsco.com/research-starters/history/history-kansas/","https://www.history.com/news/bleeding-kansas-civil-war","Source assertion; pending independent review.","history; Kansas chronology"
"ebsco-017","ebsco","topic","Building a House Divided: Slavery, Westward Expansion, and the Roots of the Civil War by Stephen G. Hyslop (review).","related article","2025","","kansas context.","https://www.ebsco.com/research-starters/history/history-kansas/","https://www.ebsco.com/articles/politics-and-government/7444a18e-f887-52a1-ac17-9b1d14b86513/building-a-house-divided-slavery-westward-expansion-and-the-roots-of-the-civil-war-by-stephen-g-hyslop-review/","Source assertion; pending independent review.","history; Kansas chronology"
"ebsco-010","ebsco","topic","Carry Nation","topic index","","","kansas context.","https://www.ebsco.com/research-starters/history/history-kansas/","https://www.ebsco.com/research-starters/history/carry-nation/","Source assertion; pending independent review.","history; Kansas chronology"
"ebsco-040","ebsco","event","Carry Nation","event","1899","Kansas","kansas context.","https://www.ebsco.com/research-starters/history/history-kansas/","https://www.ebsco.com/research-starters/history/history-kansas/","Source assertion; pending independent review.","history; Kansas chronology"
"ebsco-053","ebsco","person","Carry Nation","person mention","","","kansas context.","https://www.ebsco.com/research-starters/history/history-kansas/","https://www.ebsco.com/research-starters/history/history-kansas/","Source assertion; pending independent review.","history; Kansas chronology"
"ebsco-021","ebsco","event","Coronado","event","1541","Kansas","kansas context.","https://www.ebsco.com/research-starters/history/history-kansas/","https://www.ebsco.com/research-starters/history/history-kansas/","Source assertion; pending independent review.","history; Kansas chronology"
"ebsco-056","ebsco","topic","Dodge City","place mention","","Dodge City","kansas context.","https://www.ebsco.com/research-starters/history/history-kansas/","https://www.ebsco.com/research-starters/history/history-kansas/","Source assertion; pending independent review.","history; Kansas chronology"
"ebsco-037","ebsco","event","Dust Bowl","event","1930s","Kansas","kansas context.","https://www.ebsco.com/research-starters/history/history-kansas/","https://www.ebsco.com/research-starters/history/history-kansas/","Source assertion; pending independent review.","history; Kansas chronology"
"ebsco-022","ebsco","event","Early occupation claim","event","14000 BCE","Kansas","kansas context.","https://www.ebsco.com/research-starters/history/history-kansas/","https://www.ebsco.com/research-starters/history/history-kansas/","Source assertion; pending independent review. source says possibly; not precise archaeological dating","history; Kansas chronology"
"ebsco-044","ebsco","topic","Economic growth","statistic index","2023-Q3","Kansas","kansas context. Source value: 9.7 percent_as_reported.","https://www.ebsco.com/research-starters/history/history-kansas/","https://www.ebsco.com/research-starters/history/history-kansas/","Source assertion; pending independent review. growth measure method not supplied","history; Kansas chronology"
"ebsco-045","ebsco","topic","Economic growth","statistic index","2023-Q2","Kansas","kansas context. Source value: 7.4 percent_as_reported.","https://www.ebsco.com/research-starters/history/history-kansas/","https://www.ebsco.com/research-starters/history/history-kansas/","Source assertion; pending independent review. growth measure method not supplied","history; Kansas chronology"
"ebsco-057","ebsco","topic","Ellsworth","place mention","","Ellsworth","kansas context.","https://www.ebsco.com/research-starters/history/history-kansas/","https://www.ebsco.com/research-starters/history/history-kansas/","Source assertion; pending independent review.","history; Kansas chronology"
"ebsco-027","ebsco","event","Forced relocation","event","1830","Kansas","kansas context.","https://www.ebsco.com/research-starters/history/history-kansas/","https://www.ebsco.com/research-starters/history/history-kansas/","Source assertion; pending independent review.","history; Kansas chronology"
"ebsco-024","ebsco","event","Fort Cavagnial","event","1700s","Leavenworth","kansas context.","https://www.ebsco.com/research-starters/history/history-kansas/","https://www.ebsco.com/research-starters/history/history-kansas/","Source assertion; pending independent review. date requires primary verification","history; Kansas chronology"
"ebsco-062","ebsco","topic","Fort Riley","place mention","","Fort Riley","kansas context.","https://www.ebsco.com/research-starters/history/history-kansas/","https://www.ebsco.com/research-starters/history/history-kansas/","Source assertion; pending independent review.","history; Kansas chronology"
"ebsco-061","ebsco","topic","Fort Scott","place mention","","Fort Scott","kansas context.","https://www.ebsco.com/research-starters/history/history-kansas/","https://www.ebsco.com/research-starters/history/history-kansas/","Source assertion; pending independent review.","history; Kansas chronology"
"ebsco-011","ebsco","topic","Francisco Vásquez de Coronado","topic index","","","kansas context.","https://www.ebsco.com/research-starters/history/history-kansas/","https://www.ebsco.com/research-starters/history/francisco-vasquez-de-coronado/","Source assertion; pending independent review.","history; Kansas chronology"
"ebsco-002","ebsco","topic","French and American Settlement","section index","","","kansas context.","https://www.ebsco.com/research-starters/history/history-kansas/","https://www.ebsco.com/research-starters/history/history-kansas/#french-and-american-settlement","Source assertion; pending independent review.","history; Kansas chronology"
"ebsco-059","ebsco","topic","Great Bend","place mention","","Great Bend","kansas context.","https://www.ebsco.com/research-starters/history/history-kansas/","https://www.ebsco.com/research-starters/history/history-kansas/","Source assertion; pending independent review. source near Colorado border phrase requires review","history; Kansas chronology"
"ebsco-074","ebsco","topic","Hidden History of Kansas","bibliographic reference","2017","","kansas context.","https://www.ebsco.com/research-starters/history/history-kansas/","https://www.ebsco.com/research-starters/history/history-kansas/","Source assertion; pending independent review.","history; Kansas chronology"
"ebsco-001","ebsco","topic","History of Kansas","section index","","","kansas context.","https://www.ebsco.com/research-starters/history/history-kansas/","https://www.ebsco.com/research-starters/history/history-kansas/#history-of-kansas","Source assertion; pending independent review.","history; Kansas chronology"
"ebsco-012","ebsco","topic","Homestead Act","topic index","","","kansas context.","https://www.ebsco.com/research-starters/history/history-kansas/","https://www.ebsco.com/research-starters/history/homestead-act/","Source assertion; pending independent review.","history; Kansas chronology"
"ebsco-034","ebsco","event","Homestead Act","event","1862","Kansas","kansas context.","https://www.ebsco.com/research-starters/history/history-kansas/","https://www.ebsco.com/research-starters/history/history-kansas/","Source assertion; pending independent review.","history; Kansas chronology"
"ebsco-018","ebsco","topic","Imagining a Northern Kansas.","related article","2024","","kansas context.","https://www.ebsco.com/research-starters/history/history-kansas/","https://www.ebsco.com/articles/history/463a85ea-9b85-5790-a522-9431f02e0abc/imagining-a-northern-kansas/","Source assertion; pending independent review.","history; Kansas chronology"
"ebsco-050","ebsco","person","John Brown","person mention","","","kansas context.","https://www.ebsco.com/research-starters/history/history-kansas/","https://www.ebsco.com/research-starters/history/history-kansas/","Source assertion; pending independent review.","history; Kansas chronology"
"ebsco-007","ebsco","topic","Kansas Conservatism","section index","","","kansas context.","https://www.ebsco.com/research-starters/history/history-kansas/","https://www.ebsco.com/research-starters/history/history-kansas/#kansas-conservatism","Source assertion; pending independent review.","history; Kansas chronology"
"ebsco-072","ebsco","topic","Kansas economic growth","reference link","","","kansas context.","https://www.ebsco.com/research-starters/history/history-kansas/","https://governor.kansas.gov/kansas-tops-nation-in-economic-growth-over-fall-2023/","Source assertion; pending independent review.","history; Kansas chronology"
"ebsco-008","ebsco","topic","Kansas Economy in the 1900s and the 2000s","section index","","","kansas context.","https://www.ebsco.com/research-starters/history/history-kansas/","https://www.ebsco.com/research-starters/history/history-kansas/#kansas-economy-in-the-1900s-and-the-2000s","Source assertion; pending independent review.","history; Kansas chronology"
"ebsco-067","ebsco","topic","Kansas population","historical statistic","1990","Kansas","kansas context. Source value: 2500000 people_approximate.","https://www.ebsco.com/research-starters/history/history-kansas/","https://www.ebsco.com/research-starters/history/history-kansas/","Source assertion; pending independent review. secondary source snapshot; not current official statistic","history; Kansas chronology"
"ebsco-033","ebsco","event","Kansas statehood","event","1861-01-29","Kansas","kansas context.","https://www.ebsco.com/research-starters/history/history-kansas/","https://www.ebsco.com/research-starters/history/history-kansas/","Source assertion; pending independent review.","history; Kansas chronology"
"ebsco-013","ebsco","topic","Kansas-Nebraska Act","topic index","","","kansas context.","https://www.ebsco.com/research-starters/history/history-kansas/","https://www.ebsco.com/research-starters/history/kansas-nebraska-act/","Source assertion; pending independent review.","history; Kansas chronology"
"ebsco-029","ebsco","event","Kansas-Nebraska Act","event","1854","Kansas","kansas context.","https://www.ebsco.com/research-starters/history/history-kansas/","https://www.ebsco.com/research-starters/history/history-kansas/","Source assertion; pending independent review.","history; Kansas chronology"
"ebsco-069","ebsco","topic","Large reservoirs","historical statistic","","Kansas","kansas context. Source value: 20 count_lower_bound.","https://www.ebsco.com/research-starters/history/history-kansas/","https://www.ebsco.com/research-starters/history/history-kansas/","Source assertion; pending independent review. secondary source snapshot; not current official statistic","history; Kansas chronology"
"ebsco-060","ebsco","topic","Leavenworth","place mention","","Leavenworth","kansas context.","https://www.ebsco.com/research-starters/history/history-kansas/","https://www.ebsco.com/research-starters/history/history-kansas/","Source assertion; pending independent review.","history; Kansas chronology"
"ebsco-063","ebsco","topic","Lebanon","place mention","","Lebanon","kansas context.","https://www.ebsco.com/research-starters/history/history-kansas/","https://www.ebsco.com/research-starters/history/history-kansas/","Source assertion; pending independent review.","history; Kansas chronology"
"ebsco-023","ebsco","event","Louisiana Purchase","event","1803","Kansas","kansas context.","https://www.ebsco.com/research-starters/history/history-kansas/","https://www.ebsco.com/research-starters/history/history-kansas/","Source assertion; pending independent review.","history; Kansas chronology"
"ebsco-047","ebsco","person","Meriwether Lewis","person mention","","","kansas context.","https://www.ebsco.com/research-starters/history/history-kansas/","https://www.ebsco.com/research-starters/history/history-kansas/","Source assertion; pending independent review.","history; Kansas chronology"
"ebsco-004","ebsco","topic","Moving Toward Statehood","section index","","","kansas context.","https://www.ebsco.com/research-starters/history/history-kansas/","https://www.ebsco.com/research-starters/history/history-kansas/#moving-toward-statehood","Source assertion; pending independent review.","history; Kansas chronology"
"ebsco-052","ebsco","person","Nancy Landon Kassebaum","person mention","","","kansas context.","https://www.ebsco.com/research-starters/history/history-kansas/","https://www.ebsco.com/research-starters/history/history-kansas/","Source assertion; pending independent review.","history; Kansas chronology"
"ebsco-065","ebsco","topic","Native American population","historical statistic","1827/1853","Kansas","kansas context. Source value: 34000 people_approximate.","https://www.ebsco.com/research-starters/history/history-kansas/","https://www.ebsco.com/research-starters/history/history-kansas/","Source assertion; pending independent review. secondary source snapshot; not current official statistic","history; Kansas chronology"
"ebsco-046","ebsco","event","Personal income ranking","event","2023","Kansas","kansas context. Source value: 3 US_rank_as_reported.","https://www.ebsco.com/research-starters/history/history-kansas/","https://www.ebsco.com/research-starters/history/history-kansas/","Source assertion; pending independent review. ranking measure method not supplied","history; Kansas chronology"
"ebsco-026","ebsco","topic","Population estimate","statistic index","1827/1853","Kansas","kansas context.","https://www.ebsco.com/research-starters/history/history-kansas/","https://www.ebsco.com/research-starters/history/history-kansas/","Source assertion; pending independent review.","history; Kansas chronology"
"ebsco-030","ebsco","event","Pottawatomie Massacre","event","1856-05","Pottawatomie Creek","kansas context.","https://www.ebsco.com/research-starters/history/history-kansas/","https://www.ebsco.com/research-starters/history/history-kansas/","Source assertion; pending independent review.","history; Kansas chronology"
"ebsco-071","ebsco","topic","Private airports","historical statistic","","Kansas","kansas context. Source value: 250 count.","https://www.ebsco.com/research-starters/history/history-kansas/","https://www.ebsco.com/research-starters/history/history-kansas/","Source assertion; pending independent review. secondary source snapshot; not current official statistic","history; Kansas chronology"
"ebsco-039","ebsco","event","Prohibition","event","1880","Kansas","kansas context.","https://www.ebsco.com/research-starters/history/history-kansas/","https://www.ebsco.com/research-starters/history/history-kansas/","Source assertion; pending independent review.","history; Kansas chronology"
"ebsco-070","ebsco","topic","Public airports","historical statistic","","Kansas","kansas context. Source value: 125 count.","https://www.ebsco.com/research-starters/history/history-kansas/","https://www.ebsco.com/research-starters/history/history-kansas/","Source assertion; pending independent review. secondary source snapshot; not current official statistic","history; Kansas chronology"
"ebsco-031","ebsco","event","Quantrill attack","event","1863","Lawrence","kansas context.","https://www.ebsco.com/research-starters/history/history-kansas/","https://www.ebsco.com/research-starters/history/history-kansas/","Source assertion; pending independent review.","history; Kansas chronology"
"ebsco-054","ebsco","person","R. Baird Shuman","person mention","","","kansas context.","https://www.ebsco.com/research-starters/history/history-kansas/","https://www.ebsco.com/research-starters/history/history-kansas/","Source assertion; pending independent review.","history; Kansas chronology"
"ebsco-068","ebsco","topic","Rail track","historical statistic","","Kansas","kansas context. Source value: 6000 miles_lower_bound.","https://www.ebsco.com/research-starters/history/history-kansas/","https://www.ebsco.com/research-starters/history/history-kansas/","Source assertion; pending independent review. secondary source snapshot; not current official statistic","history; Kansas chronology"
"ebsco-019","ebsco","topic","Stephen A. Douglas and a Nation of Law.","related article","2026","","kansas context.","https://www.ebsco.com/research-starters/history/history-kansas/","https://www.ebsco.com/articles/history/4ba14f80-09f9-5637-8308-034663c4478a/stephen-a-douglas-and-a-nation-of-law/","Source assertion; pending independent review.","history; Kansas chronology"
"ebsco-028","ebsco","event","Texas purchase","event","1850","southwestern Kansas","kansas context.","https://www.ebsco.com/research-starters/history/history-kansas/","https://www.ebsco.com/research-starters/history/history-kansas/","Source assertion; pending independent review.","history; Kansas chronology"
"ebsco-005","ebsco","topic","The Homestead Act of 1862","section index","","","kansas context.","https://www.ebsco.com/research-starters/history/history-kansas/","https://www.ebsco.com/research-starters/history/history-kansas/#the-homestead-act-of-1862","Source assertion; pending independent review.","history; Kansas chronology"
"ebsco-006","ebsco","topic","The Kansas Economy","section index","","","kansas context.","https://www.ebsco.com/research-starters/history/history-kansas/","https://www.ebsco.com/research-starters/history/history-kansas/#the-kansas-economy","Source assertion; pending independent review.","history; Kansas chronology"
"ebsco-003","ebsco","topic","The Kansas-Nebraska Act of 1854","section index","","","kansas context.","https://www.ebsco.com/research-starters/history/history-kansas/","https://www.ebsco.com/research-starters/history/history-kansas/#the-kansas-nebraska-act-of-1854","Source assertion; pending independent review.","history; Kansas chronology"
"ebsco-020","ebsco","topic","The Vegetarian and Octagon Settlement Companies.","related article","2024","","kansas context.","https://www.ebsco.com/research-starters/history/history-kansas/","https://www.ebsco.com/articles/history/4d237e69-f35e-5a44-97ed-a7f9cfe2d303/the-vegetarian-and-octagon-settlement-companies/","Source assertion; pending independent review.","history; Kansas chronology"
"ebsco-064","ebsco","topic","Topeka","place mention","","Topeka","kansas context.","https://www.ebsco.com/research-starters/history/history-kansas/","https://www.ebsco.com/research-starters/history/history-kansas/","Source assertion; pending independent review.","history; Kansas chronology"
"ebsco-014","ebsco","topic","Topeka, Kansas","topic index","","","kansas context.","https://www.ebsco.com/research-starters/history/history-kansas/","https://www.ebsco.com/research-starters/geography-and-cartography/topeka-kansas/","Source assertion; pending independent review.","history; Kansas chronology"
"ebsco-035","ebsco","event","Union Pacific claim","event","1857","Kansas","kansas context.","https://www.ebsco.com/research-starters/history/history-kansas/","https://www.ebsco.com/research-starters/history/history-kansas/","Source assertion; pending independent review. date requires primary verification","history; Kansas chronology"
"ebsco-038","ebsco","topic","Urban population","statistic index","1990","Kansas","kansas context.","https://www.ebsco.com/research-starters/history/history-kansas/","https://www.ebsco.com/research-starters/history/history-kansas/","Source assertion; pending independent review.","history; Kansas chronology"
"ebsco-042","ebsco","event","Wartime manufacturing","event","World War II","Kansas","kansas context. Date precision: historical_period_name_as_published.","https://www.ebsco.com/research-starters/history/history-kansas/","https://www.ebsco.com/research-starters/history/history-kansas/","Source assertion; pending independent review.","history; Kansas chronology"
"ebsco-041","ebsco","event","Wheat economy","event","World War I","Kansas","kansas context. Date precision: historical_period_name_as_published.","https://www.ebsco.com/research-starters/history/history-kansas/","https://www.ebsco.com/research-starters/history/history-kansas/","Source assertion; pending independent review.","history; Kansas chronology"
"ebsco-066","ebsco","topic","White population","historical statistic","1827/1853","Kansas","kansas context. Source value: 1500 people_approximate.","https://www.ebsco.com/research-starters/history/history-kansas/","https://www.ebsco.com/research-starters/history/history-kansas/","Source assertion; pending independent review. secondary source snapshot; not current official statistic","history; Kansas chronology"
"ebsco-058","ebsco","topic","Wichita","place mention","","Wichita","kansas context.","https://www.ebsco.com/research-starters/history/history-kansas/","https://www.ebsco.com/research-starters/history/history-kansas/","Source assertion; pending independent review.","history; Kansas chronology"
"ebsco-048","ebsco","person","William Clark","person mention","","","kansas context.","https://www.ebsco.com/research-starters/history/history-kansas/","https://www.ebsco.com/research-starters/history/history-kansas/","Source assertion; pending independent review.","history; Kansas chronology"
"ebsco-015","ebsco","topic","William Clarke Quantrill","topic index","","","kansas context.","https://www.ebsco.com/research-starters/history/history-kansas/","https://www.ebsco.com/research-starters/history/william-clarke-quantrill/","Source assertion; pending independent review.","history; Kansas chronology"
"ebsco-051","ebsco","person","William Clarke Quantrill","person mention","","","kansas context.","https://www.ebsco.com/research-starters/history/history-kansas/","https://www.ebsco.com/research-starters/history/history-kansas/","Source assertion; pending independent review.","history; Kansas chronology"
"ebsco-032","ebsco","event","Wyandotte Constitution","event","1859","Kansas","kansas context.","https://www.ebsco.com/research-starters/history/history-kansas/","https://www.ebsco.com/research-starters/history/history-kansas/","Source assertion; pending independent review.","history; Kansas chronology"
"ebsco-025","ebsco","event","Zebulon Pike","event","1806","Kansas","kansas context.","https://www.ebsco.com/research-starters/history/history-kansas/","https://www.ebsco.com/research-starters/history/history-kansas/","Source assertion; pending independent review.","history; Kansas chronology"
"ebsco-049","ebsco","person","Zebulon Pike","person mention","","","kansas context.","https://www.ebsco.com/research-starters/history/history-kansas/","https://www.ebsco.com/research-starters/history/history-kansas/","Source assertion; pending independent review.","history; Kansas chronology"
"indigenous-006","indigenous","topic","Archaelogical Sites","topic index","","","kansas context.","https://indiansinkansashistory.com/","https://indiansinkansashistory.com/archaelogical-sites-1","Source assertion; pending independent review.  Cultural affiliation, authority and consent are not inferred from mention.","history; Indigenous history"
"indigenous-028","indigenous","event","Archaic period","timeline index","6000-AD 1","","kansas context. Date precision: as_published.","https://indiansinkansashistory.com/","https://indiansinkansashistory.com/","Source assertion; pending independent review.","history; Indigenous history"
"indigenous-008","indigenous","topic","Art and Events","topic index","","","kansas context.","https://indiansinkansashistory.com/","https://indiansinkansashistory.com/art-and-events","Source assertion; pending independent review.","history; Indigenous history"
"indigenous-010","indigenous","topic","Attack and Battle Sites","topic index","","","kansas context.","https://indiansinkansashistory.com/","https://indiansinkansashistory.com/attack-and-battle-sites","Source assertion; pending independent review.  Cultural affiliation, authority and consent are not inferred from mention.","history; Indigenous history"
"indigenous-019","indigenous","topic","Beliefs and Customs","topic index","","","kansas context.","https://indiansinkansashistory.com/","https://indiansinkansashistory.com/beliefs-and-customs","Source assertion; pending independent review.","history; Indigenous history"
"indigenous-083","indigenous","person","Bill Bryson","person mention","","","kansas context.","https://indiansinkansashistory.com/","https://indiansinkansashistory.com/","Source assertion; pending independent review.","history; Indigenous history"
"indigenous-087","indigenous","person","Brad Hamilton","person mention","","","kansas context.","https://indiansinkansashistory.com/","https://indiansinkansashistory.com/","Source assertion; pending independent review.","history; Indigenous history"
"indigenous-007","indigenous","topic","Burials and Cemeteries","topic index","","","kansas context.","https://indiansinkansashistory.com/","https://indiansinkansashistory.com/burials-and-cemeteries","Source assertion; pending independent review.  Cultural affiliation, authority and consent are not inferred from mention.","history; Indigenous history"
"indigenous-067","indigenous","event","Chippewa","timeline index","1901","","kansas context. Date precision: as_published.","https://indiansinkansashistory.com/","https://indiansinkansashistory.com/","Source assertion; pending independent review.","history; Indigenous history"
"indigenous-043","indigenous","event","Chouteau family","timeline index","1790","","kansas context. Date precision: as_published.","https://indiansinkansashistory.com/","https://indiansinkansashistory.com/","Source assertion; pending independent review.","history; Indigenous history"
"indigenous-033","indigenous","event","Coronado","timeline index","1541","Great Bend of the Arkansas River","kansas context. Date precision: as_published.","https://indiansinkansashistory.com/","https://indiansinkansashistory.com/","Source assertion; pending independent review.","history; Indigenous history"
"indigenous-047","indigenous","event","Daniel Morgan Boone","timeline index","1827","Jefferson County","kansas context. Date precision: as_published.","https://indiansinkansashistory.com/","https://indiansinkansashistory.com/","Source assertion; pending independent review.","history; Indigenous history"
"indigenous-060","indigenous","event","Delaware","timeline index","1866","","kansas context. Date precision: as_published.","https://indiansinkansashistory.com/","https://indiansinkansashistory.com/","Source assertion; pending independent review.","history; Indigenous history"
"indigenous-077","indigenous","topic","Delaware","historical statistic","1836","","historical region not modern Kansas count. Source value: 856 people_as_reported.","https://indiansinkansashistory.com/","https://indiansinkansashistory.com/","Source assertion; pending independent review. historical estimate unverified; 1836 label 1837 register; not a current population; not modern Kansas extent","history; Indigenous history"
"indigenous-029","indigenous","event","Early Ceramic period","timeline index","AD 1-900","","kansas context. Date precision: as_published.","https://indiansinkansashistory.com/","https://indiansinkansashistory.com/","Source assertion; pending independent review.","history; Indigenous history"
"indigenous-037","indigenous","event","El Cuartelejo","timeline index","1702","Scott County","kansas context. Date precision: as_published.","https://indiansinkansashistory.com/","https://indiansinkansashistory.com/","Source assertion; pending independent review.  Cultural affiliation, authority and consent are not inferred from mention.","history; Indigenous history"
"indigenous-016","indigenous","topic","Emigrant Tribes","topic index","","","kansas context.","https://indiansinkansashistory.com/","https://indiansinkansashistory.com/emigrant-tribes-1","Source assertion; pending independent review.","history; Indigenous history"
"indigenous-040","indigenous","event","Etienne de Bourgmont","timeline index","1724","Kansas River; Doniphan County","kansas context. Date precision: as_published.","https://indiansinkansashistory.com/","https://indiansinkansashistory.com/","Source assertion; pending independent review.","history; Indigenous history"
"indigenous-032","indigenous","event","Etzanoa","timeline index","1450","Arkansas City","kansas context. Date precision: as_published.","https://indiansinkansashistory.com/","https://indiansinkansashistory.com/","Source assertion; pending independent review.","history; Indigenous history"
"indigenous-085","indigenous","person","George Catlin","person mention","","","kansas context.","https://indiansinkansashistory.com/","https://indiansinkansashistory.com/","Source assertion; pending independent review.","history; Indigenous history"
"indigenous-084","indigenous","person","Howard Zinn","person mention","","","kansas context.","https://indiansinkansashistory.com/","https://indiansinkansashistory.com/","Source assertion; pending independent review.","history; Indigenous history"
"indigenous-051","indigenous","event","Indian Country designation","timeline index","1834","","kansas context. Date precision: as_published.","https://indiansinkansashistory.com/","https://indiansinkansashistory.com/","Source assertion; pending independent review.","history; Indigenous history"
"indigenous-049","indigenous","event","Indian Removal Act","timeline index","1830","","kansas context. Date precision: as_published.","https://indiansinkansashistory.com/","https://indiansinkansashistory.com/","Source assertion; pending independent review.","history; Indigenous history"
"indigenous-018","indigenous","topic","Individuals of Note","topic index","","","kansas context.","https://indiansinkansashistory.com/","https://indiansinkansashistory.com/individuals-of-note","Source assertion; pending independent review.","history; Indigenous history"
"indigenous-088","indigenous","organization","Iowa Tribe of Kansas and Nebraska","organization mention","","","kansas context.","https://indiansinkansashistory.com/","https://indiansinkansashistory.com/","Source assertion; pending independent review.  Cultural affiliation, authority and consent are not inferred from mention.","history; Indigenous history"
"indigenous-054","indigenous","event","Iowa; Sac; Fox; Ottawa; Jotham Meeker","timeline index","1837","Ottawa","kansas context. Date precision: as_published.","https://indiansinkansashistory.com/","https://indiansinkansashistory.com/","Source assertion; pending independent review.","history; Indigenous history"
"indigenous-053","indigenous","event","Isaac McCoy register","timeline index","1836","","kansas context. Date precision: as_published.","https://indiansinkansashistory.com/","https://indiansinkansashistory.com/","Source assertion; pending independent review. entry label 1836 references 1837 register; geography historical Indian Territory not modern Kansas","history; Indigenous history"
"indigenous-042","indigenous","event","Kansa","timeline index","1780","Manhattan","kansas context. Date precision: as_published.","https://indiansinkansashistory.com/","https://indiansinkansashistory.com/","Source assertion; pending independent review.","history; Indigenous history"
"indigenous-057","indigenous","event","Kansa","timeline index","1847","Council Grove","kansas context. Date precision: as_published.","https://indiansinkansashistory.com/","https://indiansinkansashistory.com/","Source assertion; pending independent review.","history; Indigenous history"
"indigenous-064","indigenous","event","Kansa","timeline index","1872","","kansas context. Date precision: as_published.","https://indiansinkansashistory.com/","https://indiansinkansashistory.com/","Source assertion; pending independent review. departure year requires primary tribal verification","history; Indigenous history"
"indigenous-068","indigenous","topic","Kansa","historical statistic","1836","","historical region not modern Kansas count. Source value: 1684 people_as_reported.","https://indiansinkansashistory.com/","https://indiansinkansashistory.com/","Source assertion; pending independent review. historical estimate unverified; 1836 label 1837 register; not a current population; not modern Kansas extent","history; Indigenous history"
"indigenous-045","indigenous","event","Kansa treaty","timeline index","1815","","kansas context. Date precision: as_published.","https://indiansinkansashistory.com/","https://indiansinkansashistory.com/","Source assertion; pending independent review.","history; Indigenous history"
"indigenous-034","indigenous","event","Kansa; Osage","timeline index","1600s","","kansas context. Date precision: as_published.","https://indiansinkansashistory.com/","https://indiansinkansashistory.com/","Source assertion; pending independent review.","history; Indigenous history"
"indigenous-094","indigenous","event","Kansas statehood","event","1861","","kansas context.","https://indiansinkansashistory.com/","https://indiansinkansashistory.com/","Source assertion; pending independent review.","history; Indigenous history"
"indigenous-062","indigenous","event","Kickapoo","timeline index","1868","","kansas context. Date precision: as_published.","https://indiansinkansashistory.com/","https://indiansinkansashistory.com/","Source assertion; pending independent review.","history; Indigenous history"
"indigenous-076","indigenous","topic","Kickapoo","historical statistic","1836","","historical region not modern Kansas count. Source value: 603 people_as_reported.","https://indiansinkansashistory.com/","https://indiansinkansashistory.com/","Source assertion; pending independent review. historical estimate unverified; 1836 label 1837 register; not a current population; not modern Kansas extent","history; Indigenous history"
"indigenous-023","indigenous","topic","Kickapoo Tribe in Kansas","reference link","","","kansas context.","https://indiansinkansashistory.com/","https://www.ktik-nsn.gov/","Source assertion; pending independent review.","history; Indigenous history"
"indigenous-089","indigenous","organization","Kickapoo Tribe in Kansas","organization mention","","","kansas context.","https://indiansinkansashistory.com/","https://indiansinkansashistory.com/","Source assertion; pending independent review.  Cultural affiliation, authority and consent are not inferred from mention.","history; Indigenous history"
"indigenous-050","indigenous","event","Kickapoo; Chippewa; Wea; Peoria; Kaskaskia; Piankeshaw","timeline index","1832-1833","","kansas context. Date precision: as_published.","https://indiansinkansashistory.com/","https://indiansinkansashistory.com/","Source assertion; pending independent review.","history; Indigenous history"
"indigenous-031","indigenous","event","Late Ceramic period","timeline index","1500-1825","","kansas context. Date precision: as_published.","https://indiansinkansashistory.com/","https://indiansinkansashistory.com/","Source assertion; pending independent review.","history; Indigenous history"
"indigenous-021","indigenous","topic","Lessons","topic index","","","kansas context.","https://indiansinkansashistory.com/","https://indiansinkansashistory.com/lessons","Source assertion; pending independent review.","history; Indigenous history"
"indigenous-044","indigenous","event","Lewis and Clark","timeline index","1804","Missouri River","kansas context. Date precision: as_published.","https://indiansinkansashistory.com/","https://indiansinkansashistory.com/","Source assertion; pending independent review.","history; Indigenous history"
"indigenous-009","indigenous","topic","Maps","topic index","","","kansas context.","https://indiansinkansashistory.com/","https://indiansinkansashistory.com/maps","Source assertion; pending independent review.  Cultural affiliation, authority and consent are not inferred from mention.","history; Indigenous history"
"indigenous-061","indigenous","event","Medicine Lodge treaties","timeline index","1867","Medicine Lodge; Pawnee Fork","kansas context. Date precision: as_published.","https://indiansinkansashistory.com/","https://indiansinkansashistory.com/","Source assertion; pending independent review.","history; Indigenous history"
"indigenous-001","indigenous","topic","Memorials and Landmarks","topic index","","","kansas context.","https://indiansinkansashistory.com/","https://indiansinkansashistory.com/memorials-and-landmarks","Source assertion; pending independent review.","history; Indigenous history"
"indigenous-056","indigenous","event","Miami","timeline index","1846","","kansas context. Date precision: as_published.","https://indiansinkansashistory.com/","https://indiansinkansashistory.com/","Source assertion; pending independent review.","history; Indigenous history"
"indigenous-030","indigenous","event","Middle Ceramic period","timeline index","900-1500 AD","","kansas context. Date precision: as_published.","https://indiansinkansashistory.com/","https://indiansinkansashistory.com/","Source assertion; pending independent review.","history; Indigenous history"
"indigenous-058","indigenous","event","Munsee; Delaware","timeline index","1854","","kansas context. Date precision: as_published.","https://indiansinkansashistory.com/","https://indiansinkansashistory.com/","Source assertion; pending independent review.","history; Indigenous history"
"indigenous-004","indigenous","topic","Museums With Artifacts 1","topic index","","","kansas context.","https://indiansinkansashistory.com/","https://indiansinkansashistory.com/museums-with-artifacts-1-1","Source assertion; pending independent review.","history; Indigenous history"
"indigenous-005","indigenous","topic","Museums With Artifacts 2","topic index","","","kansas context.","https://indiansinkansashistory.com/","https://indiansinkansashistory.com/museums-with-artifacts-2","Source assertion; pending independent review.","history; Indigenous history"
"indigenous-093","indigenous","event","Ninth Kansas Cavalry","event","1863-1865","","kansas context.","https://indiansinkansashistory.com/","https://indiansinkansashistory.com/","Source assertion; pending independent review.","history; Indigenous history"
"indigenous-015","indigenous","topic","Nomadic Tribes","topic index","","","kansas context.","https://indiansinkansashistory.com/","https://indiansinkansashistory.com/nomadic-tribes","Source assertion; pending independent review.","history; Indigenous history"
"indigenous-039","indigenous","event","Northern Pawnee","timeline index","1719","","kansas context. Date precision: as_published.","https://indiansinkansashistory.com/","https://indiansinkansashistory.com/","Source assertion; pending independent review.","history; Indigenous history"
"indigenous-072","indigenous","topic","Omaha","historical statistic","1836","","historical region not modern Kansas count. Source value: 1400 people_as_reported.","https://indiansinkansashistory.com/","https://indiansinkansashistory.com/","Source assertion; pending independent review. historical estimate unverified; 1836 label 1837 register; not a current population; not modern Kansas extent","history; Indigenous history"
"indigenous-059","indigenous","event","Osage","timeline index","1865","","kansas context. Date precision: as_published.","https://indiansinkansashistory.com/","https://indiansinkansashistory.com/","Source assertion; pending independent review.","history; Indigenous history"
"indigenous-046","indigenous","event","Osage; Kansa; Shawnee","timeline index","1825","","kansas context. Date precision: as_published.","https://indiansinkansashistory.com/","https://indiansinkansashistory.com/","Source assertion; pending independent review.","history; Indigenous history"
"indigenous-069","indigenous","topic","Osages","historical statistic","1836","","historical region not modern Kansas count. Source value: 5510 people_as_reported.","https://indiansinkansashistory.com/","https://indiansinkansashistory.com/","Source assertion; pending independent review. historical estimate unverified; 1836 label 1837 register; not a current population; not modern Kansas extent","history; Indigenous history"
"indigenous-066","indigenous","event","Oto; Missouri","timeline index","1881","","kansas context. Date precision: as_published.","https://indiansinkansashistory.com/","https://indiansinkansashistory.com/","Source assertion; pending independent review.","history; Indigenous history"
"indigenous-071","indigenous","topic","Otoe/Missouria","historical statistic","1836","","historical region not modern Kansas count. Source value: 1600 people_as_reported.","https://indiansinkansashistory.com/","https://indiansinkansashistory.com/","Source assertion; pending independent review. historical estimate unverified; 1836 label 1837 register; not a current population; not modern Kansas extent","history; Indigenous history"
"indigenous-063","indigenous","event","Ottawa","timeline index","1870","","kansas context. Date precision: as_published.","https://indiansinkansashistory.com/","https://indiansinkansashistory.com/","Source assertion; pending independent review.","history; Indigenous history"
"indigenous-079","indigenous","topic","Ottawa","historical statistic","1836","","historical region not modern Kansas count. Source value: 81 people_as_reported.","https://indiansinkansashistory.com/","https://indiansinkansashistory.com/","Source assertion; pending independent review. historical estimate unverified; 1836 label 1837 register; not a current population; not modern Kansas extent","history; Indigenous history"
"indigenous-012","indigenous","topic","Overview","topic index","","","kansas context.","https://indiansinkansashistory.com/","https://indiansinkansashistory.com/overview","Source assertion; pending independent review.","history; Indigenous history"
"indigenous-027","indigenous","event","Paleo-Indians","timeline index","6000-10,000 BC","","kansas context. Date precision: as_published.","https://indiansinkansashistory.com/","https://indiansinkansashistory.com/","Source assertion; pending independent review. source date range is reverse order","history; Indigenous history"
"indigenous-070","indigenous","topic","Pawnee","historical statistic","1836","","historical region not modern Kansas count. Source value: 10000 people_as_reported.","https://indiansinkansashistory.com/","https://indiansinkansashistory.com/","Source assertion; pending independent review. historical estimate unverified; 1836 label 1837 register; not a current population; not modern Kansas extent","history; Indigenous history"
"indigenous-082","indigenous","topic","Peoria and Kaskaskias","historical statistic","1836","","historical region not modern Kansas count. Source value: 135 people_as_reported.","https://indiansinkansashistory.com/","https://indiansinkansashistory.com/","Source assertion; pending independent review. historical estimate unverified; 1836 label 1837 register; not a current population; not modern Kansas extent","history; Indigenous history"
"indigenous-081","indigenous","topic","Piankeshaw","historical statistic","1836","","historical region not modern Kansas count. Source value: 119 people_as_reported.","https://indiansinkansashistory.com/","https://indiansinkansashistory.com/","Source assertion; pending independent review. historical estimate unverified; 1836 label 1837 register; not a current population; not modern Kansas extent","history; Indigenous history"
"indigenous-038","indigenous","event","Pierre Le Moyne","timeline index","1702","Kansas River","kansas context. Date precision: as_published.","https://indiansinkansashistory.com/","https://indiansinkansashistory.com/","Source assertion; pending independent review.","history; Indigenous history"
"indigenous-035","indigenous","event","Plains Apache","timeline index","1650-1750","","kansas context. Date precision: as_published.","https://indiansinkansashistory.com/","https://indiansinkansashistory.com/","Source assertion; pending independent review.","history; Indigenous history"
"indigenous-014","indigenous","topic","Plains Tribes","topic index","","","kansas context.","https://indiansinkansashistory.com/","https://indiansinkansashistory.com/plains-tribes-1","Source assertion; pending independent review.","history; Indigenous history"
"indigenous-075","indigenous","topic","Potawatomie from Indiana","historical statistic","1836","","historical region not modern Kansas count. Source value: 444 people_as_reported.","https://indiansinkansashistory.com/","https://indiansinkansashistory.com/","Source assertion; pending independent review. historical estimate unverified; 1836 label 1837 register; not a current population; not modern Kansas extent","history; Indigenous history"
"indigenous-090","indigenous","organization","Prairie Band Potawatomi Nation","organization mention","","","kansas context.","https://indiansinkansashistory.com/","https://indiansinkansashistory.com/","Source assertion; pending independent review.  Cultural affiliation, authority and consent are not inferred from mention.","history; Indigenous history"
"indigenous-013","indigenous","topic","Prehistoric","topic index","","","kansas context.","https://indiansinkansashistory.com/","https://indiansinkansashistory.com/prehistoric","Source assertion; pending independent review.","history; Indigenous history"
"indigenous-017","indigenous","topic","Publications","topic index","","","kansas context.","https://indiansinkansashistory.com/","https://indiansinkansashistory.com/publications","Source assertion; pending independent review.","history; Indigenous history"
"indigenous-073","indigenous","topic","Puncah","historical statistic","1836","","historical region not modern Kansas count. Source value: 800 people_as_reported.","https://indiansinkansashistory.com/","https://indiansinkansashistory.com/","Source assertion; pending independent review. historical estimate unverified; 1836 label 1837 register; not a current population; not modern Kansas extent","history; Indigenous history"
"indigenous-074","indigenous","topic","Quapau","historical statistic","1836","","historical region not modern Kansas count. Source value: 450 people_as_reported.","https://indiansinkansashistory.com/","https://indiansinkansashistory.com/","Source assertion; pending independent review. historical estimate unverified; 1836 label 1837 register; not a current population; not modern Kansas extent","history; Indigenous history"
"indigenous-052","indigenous","event","Quapaw; Arkansas; Oto; Missouri; Cherokee","timeline index","1834","","kansas context. Date precision: as_published.","https://indiansinkansashistory.com/","https://indiansinkansashistory.com/","Source assertion; pending independent review.","history; Indigenous history"
"indigenous-003","indigenous","topic","Repositories","topic index","","","kansas context.","https://indiansinkansashistory.com/","https://indiansinkansashistory.com/repositories","Source assertion; pending independent review.","history; Indigenous history"
"indigenous-002","indigenous","topic","Residences","topic index","","","kansas context.","https://indiansinkansashistory.com/","https://indiansinkansashistory.com/residences","Source assertion; pending independent review.","history; Indigenous history"
"indigenous-024","indigenous","topic","Sac and Fox Nation of Missouri in Kansas and Nebraska","reference link","","","kansas context.","https://indiansinkansashistory.com/","https://www.sacandfoxks.com/","Source assertion; pending independent review.","history; Indigenous history"
"indigenous-091","indigenous","organization","Sac and Fox Nation of Missouri in Kansas and Nebraska","organization mention","","","kansas context.","https://indiansinkansashistory.com/","https://indiansinkansashistory.com/","Source assertion; pending independent review.  Cultural affiliation, authority and consent are not inferred from mention.","history; Indigenous history"
"indigenous-092","indigenous","event","School names recommendation","event","2022","","kansas context.","https://indiansinkansashistory.com/","https://indiansinkansashistory.com/","Source assertion; pending independent review.","history; Indigenous history"
"indigenous-065","indigenous","event","Shawnee","timeline index","1870s","","kansas context. Date precision: as_published.","https://indiansinkansashistory.com/","https://indiansinkansashistory.com/","Source assertion; pending independent review.","history; Indigenous history"
"indigenous-078","indigenous","topic","Shawnee","historical statistic","1836","","historical region not modern Kansas count. Source value: 764 people_as_reported.","https://indiansinkansashistory.com/","https://indiansinkansashistory.com/","Source assertion; pending independent review. historical estimate unverified; 1836 label 1837 register; not a current population; not modern Kansas extent","history; Indigenous history"
"indigenous-011","indigenous","topic","Site Name Origins","topic index","","","kansas context.","https://indiansinkansashistory.com/","https://indiansinkansashistory.com/site-name-origins","Source assertion; pending independent review.","history; Indigenous history"
"indigenous-020","indigenous","topic","Tales Told","topic index","","","kansas context.","https://indiansinkansashistory.com/","https://indiansinkansashistory.com/tales-told","Source assertion; pending independent review.","history; Indigenous history"
"indigenous-036","indigenous","event","Taos Pueblo","timeline index","1664","Scott County","kansas context. Date precision: as_published.","https://indiansinkansashistory.com/","https://indiansinkansashistory.com/","Source assertion; pending independent review.  Cultural affiliation, authority and consent are not inferred from mention.","history; Indigenous history"
"indigenous-022","indigenous","topic","the Iowa Tribe of Kansas and Nebraska","reference link","","","kansas context.","https://indiansinkansashistory.com/","https://iowatribeofkansasandnebraska.com/","Source assertion; pending independent review.","history; Indigenous history"
"indigenous-025","indigenous","topic","The Mythology of the Wichita","reference link","","","kansas context.","https://indiansinkansashistory.com/","https://tile.loc.gov/storage-services/public/gdcmassbookdig/mythologyofwichi01dors/mythologyofwichi01dors.pdf","Source assertion; pending independent review.","history; Indigenous history"
"indigenous-048","indigenous","event","Thomas Johnson; Delaware","timeline index","1829","Turner","kansas context. Date precision: as_published.","https://indiansinkansashistory.com/","https://indiansinkansashistory.com/","Source assertion; pending independent review.","history; Indigenous history"
"indigenous-086","indigenous","person","Wabaunsee","person mention","","","kansas context.","https://indiansinkansashistory.com/","https://indiansinkansashistory.com/","Source assertion; pending independent review.","history; Indigenous history"
"indigenous-080","indigenous","topic","Wea","historical statistic","1836","","historical region not modern Kansas count. Source value: 225 people_as_reported.","https://indiansinkansashistory.com/","https://indiansinkansashistory.com/","Source assertion; pending independent review. historical estimate unverified; 1836 label 1837 register; not a current population; not modern Kansas extent","history; Indigenous history"
"indigenous-041","indigenous","event","Wichita","timeline index","1740","","kansas context. Date precision: as_published.","https://indiansinkansashistory.com/","https://indiansinkansashistory.com/","Source assertion; pending independent review.","history; Indigenous history"
"indigenous-055","indigenous","event","Wyandot","timeline index","1843","","kansas context. Date precision: as_published.","https://indiansinkansashistory.com/","https://indiansinkansashistory.com/","Source assertion; pending independent review.","history; Indigenous history"
"indigenous-026","indigenous","topic","wyandot.org/emigrant.htm","reference link","","","kansas context.","https://indiansinkansashistory.com/","https://www.wyandot.org/emigrant.htm","Source assertion; pending independent review.","history; Indigenous history"
"ranker-0004","ranker","person","Amelia Earhart","Famous People From Kansas","","Atchison, Kansas","Publisher list membership only. Kansas connection is unverified; listed birthplace is a separate source assertion.","https://www.ranker.com/list/famous-people-from-kansas/reference","https://www.ranker.com/review/amelia-earhart/447453","Source assertion; no identity merge, place resolution or map activation.","people-dna-land; history-and-culture"
"ranker-0002","ranker","person","Danni Boatwright","Famous People From Kansas","","Tonganoxie, Kansas, USA","Publisher list membership only. Kansas connection is unverified; listed birthplace is a separate source assertion.","https://www.ranker.com/list/famous-people-from-kansas/reference","https://www.ranker.com/review/danni-boatwright/811805","Source assertion; no identity merge, place resolution or map activation.","people-dna-land; history-and-culture"
"ranker-0001","ranker","person","Earl Cole","Famous People From Kansas","","Kansas City, Kansas, USA","Publisher list membership only. Kansas connection is unverified; listed birthplace is a separate source assertion.","https://www.ranker.com/list/famous-people-from-kansas/reference","https://www.ranker.com/review/earl-cole/902897","Source assertion; no identity merge, place resolution or map activation.","people-dna-land; history-and-culture"
"ranker-0006","ranker","person","Hattie McDaniel","Famous People From Kansas","","Wichita, Kansas, USA","Publisher list membership only. Kansas connection is unverified; listed birthplace is a separate source assertion.","https://www.ranker.com/list/famous-people-from-kansas/reference","https://www.ranker.com/review/hattie-mcdaniel/1136829","Source assertion; no identity merge, place resolution or map activation.","people-dna-land; history-and-culture"
"ranker-0005","ranker","person","Martina McBride","Famous People From Kansas","","Sharon, Kansas, USA","Publisher list membership only. Kansas connection is unverified; listed birthplace is a separate source assertion.","https://www.ranker.com/list/famous-people-from-kansas/reference","https://www.ranker.com/review/martina-mcbride/1531137","Source assertion; no identity merge, place resolution or map activation.","people-dna-land; history-and-culture"
"ranker-0003","ranker","person","Mira Sorvino","Famous People From Kansas","","Manhattan, New York, USA","Publisher list membership only. Kansas connection is unverified; listed birthplace is a separate source assertion.","https://www.ranker.com/list/famous-people-from-kansas/reference","https://www.ranker.com/review/mira-sorvino/1595729","Source assertion; no identity merge, place resolution or map activation. Kansas connection not established by delivered birthplace","people-dna-land; history-and-culture"
"travelks-0058","travelks","person","Adrianna Franch","Sports","1990-present","Salina","Index membership; Kansas relationship needs independent verification.","https://www.travelks.com/things-to-do/history-and-culture/famous-kansans/","https://www.travelks.com/things-to-do/history-and-culture/famous-kansans/","Source assertion; no identity merge, place resolution or map activation.  Biographical years are source labels, not a current living/deceased determination.","people-dna-land; history-and-culture"
"travelks-0046","travelks","person","Amelia Earhart","Historical Figures","1897-1937","Atchison","Index membership; Kansas relationship needs independent verification.","https://www.travelks.com/things-to-do/history-and-culture/famous-kansans/","https://www.travelks.com/things-to-do/history-and-culture/famous-kansans/","Source assertion; no identity merge, place resolution or map activation.  Biographical years are source labels, not a current living/deceased determination.","people-dna-land; history-and-culture"
"travelks-0014","travelks","person","Andy McKee","Arts + Music + Entertainment","1979-present","Topeka","Index membership; Kansas relationship needs independent verification.","https://www.travelks.com/things-to-do/history-and-culture/famous-kansans/","https://www.travelks.com/things-to-do/history-and-culture/famous-kansans/","Source assertion; no identity merge, place resolution or map activation.  Biographical years are source labels, not a current living/deceased determination.","people-dna-land; history-and-culture"
"travelks-0003","travelks","person","Annette Bening","Arts + Music + Entertainment","1958-present","Topeka; Wichita","Index membership; Kansas relationship needs independent verification.","https://www.travelks.com/things-to-do/history-and-culture/famous-kansans/","https://www.travelks.com/things-to-do/history-and-culture/famous-kansans/","Source assertion; no identity merge, place resolution or map activation.  Biographical years are source labels, not a current living/deceased determination.","people-dna-land; history-and-culture"
"travelks-0064","travelks","person","Barry Sanders","Sports","1968-present","Wichita","Index membership; Kansas relationship needs independent verification.","https://www.travelks.com/things-to-do/history-and-culture/famous-kansans/","https://www.travelks.com/things-to-do/history-and-culture/famous-kansans/","Source assertion; no identity merge, place resolution or map activation.  Biographical years are source labels, not a current living/deceased determination.","people-dna-land; history-and-culture"
"travelks-0067","travelks","person","BILL SNYDER","Sports","1939-present","Salina; Manhattan","Index membership; Kansas relationship needs independent verification.","https://www.travelks.com/things-to-do/history-and-culture/famous-kansans/","https://www.travelks.com/things-to-do/history-and-culture/famous-kansans/","Source assertion; no identity merge, place resolution or map activation.  Biographical years are source labels, not a current living/deceased determination.","people-dna-land; history-and-culture"
"travelks-0075","travelks","person","Brent Venables","Sports","1970-present","Salina","Index membership; Kansas relationship needs independent verification.","https://www.travelks.com/things-to-do/history-and-culture/famous-kansans/","https://www.travelks.com/things-to-do/history-and-culture/famous-kansans/","Source assertion; no identity merge, place resolution or map activation.  Biographical years are source labels, not a current living/deceased determination.","people-dna-land; history-and-culture"
"travelks-0034","travelks","person","Brian McClendon","Businesspeople + Entrepreneurs + Scientists","1964-present","Lawrence","Index membership; Kansas relationship needs independent verification.","https://www.travelks.com/things-to-do/history-and-culture/famous-kansans/","https://www.travelks.com/things-to-do/history-and-culture/famous-kansans/","Source assertion; no identity merge, place resolution or map activation.  Biographical years are source labels, not a current living/deceased determination.","people-dna-land; history-and-culture"
"travelks-0005","travelks","person","Bridget Everett","Arts + Music + Entertainment","1972-present","Manhattan","Index membership; Kansas relationship needs independent verification.","https://www.travelks.com/things-to-do/history-and-culture/famous-kansans/","https://www.travelks.com/things-to-do/history-and-culture/famous-kansans/","Source assertion; no identity merge, place resolution or map activation.  Biographical years are source labels, not a current living/deceased determination.","people-dna-land; history-and-culture"
"travelks-0011","travelks","person","Buster Keaton","Arts + Music + Entertainment","1895-1966","Piqua","Index membership; Kansas relationship needs independent verification.","https://www.travelks.com/things-to-do/history-and-culture/famous-kansans/","https://www.travelks.com/things-to-do/history-and-culture/famous-kansans/","Source assertion; no identity merge, place resolution or map activation.  Biographical years are source labels, not a current living/deceased determination.","people-dna-land; history-and-culture"
"travelks-0049","travelks","person","Carry Nation","Historical Figures","1846-1911","Medicine Lodge; Kiowa; Kansas City, KS","Index membership; Kansas relationship needs independent verification.","https://www.travelks.com/things-to-do/history-and-culture/famous-kansans/","https://www.travelks.com/things-to-do/history-and-culture/famous-kansans/","Source assertion; no identity merge, place resolution or map activation.  Biographical years are source labels, not a current living/deceased determination.","people-dna-land; history-and-culture"
"travelks-0018","travelks","person","Cassandra Peterson","Arts + Music + Entertainment","1951-present","Manhattan","Index membership; Kansas relationship needs independent verification.","https://www.travelks.com/things-to-do/history-and-culture/famous-kansans/","https://www.travelks.com/things-to-do/history-and-culture/famous-kansans/","Source assertion; no identity merge, place resolution or map activation.  Biographical years are source labels, not a current living/deceased determination.","people-dna-land; history-and-culture"
"travelks-0077","travelks","topic","Celebrating Groundbreaking Kansas Women","Famous Kansas Women related index","","","Related source index; its linked holdings have not been acquired.","https://www.travelks.com/things-to-do/history-and-culture/famous-kansans/","https://www.travelks.com/blog/stories/post/celebrating-groundbreaking-kansas-women/","Source assertion; no identity merge, place resolution or map activation.","people-dna-land; history-and-culture"
"travelks-0037","travelks","person","Charles Curtis","Government & Politics","1860-1936","Topeka","Index membership; Kansas relationship needs independent verification.","https://www.travelks.com/things-to-do/history-and-culture/famous-kansans/","https://www.travelks.com/things-to-do/history-and-culture/famous-kansans/","Source assertion; no identity merge, place resolution or map activation.  Biographical years are source labels, not a current living/deceased determination.","people-dna-land; history-and-culture"
"travelks-0080","travelks","topic","Cheers to These Kansas Female Entrepreneurs","Famous Kansas Women related index","","","Related source index; its linked holdings have not been acquired.","https://www.travelks.com/things-to-do/history-and-culture/famous-kansans/","https://www.travelks.com/blog/stories/post/cheers-to-these-kansas-female-entrepreneurs/","Source assertion; no identity merge, place resolution or map activation.","people-dna-land; history-and-culture"
"travelks-0056","travelks","person","Christian Braun","Sports","2001-present","Burlington; Overland Park","Index membership; Kansas relationship needs independent verification.","https://www.travelks.com/things-to-do/history-and-culture/famous-kansans/","https://www.travelks.com/things-to-do/history-and-culture/famous-kansans/","Source assertion; no identity merge, place resolution or map activation.  Biographical years are source labels, not a current living/deceased determination.","people-dna-land; history-and-culture"
"travelks-0055","travelks","person","Clint Bowyer","Sports","1979-present","Emporia","Index membership; Kansas relationship needs independent verification.","https://www.travelks.com/things-to-do/history-and-culture/famous-kansans/","https://www.travelks.com/things-to-do/history-and-culture/famous-kansans/","Source assertion; no identity merge, place resolution or map activation.  Biographical years are source labels, not a current living/deceased determination.","people-dna-land; history-and-culture"
"travelks-0030","travelks","person","Clyde Cessna","Businesspeople + Entrepreneurs + Scientists","1879-1954","Rago; Wichita","Index membership; Kansas relationship needs independent verification.","https://www.travelks.com/things-to-do/history-and-culture/famous-kansans/","https://www.travelks.com/things-to-do/history-and-culture/famous-kansans/","Source assertion; no identity merge, place resolution or map activation.  Biographical years are source labels, not a current living/deceased determination.","people-dna-land; history-and-culture"
"travelks-0066","travelks","person","Darren Sproles","Sports","1983-present","Olathe","Index membership; Kansas relationship needs independent verification.","https://www.travelks.com/things-to-do/history-and-culture/famous-kansans/","https://www.travelks.com/things-to-do/history-and-culture/famous-kansans/","Source assertion; no identity merge, place resolution or map activation.  Biographical years are source labels, not a current living/deceased determination.","people-dna-land; history-and-culture"
"travelks-0072","travelks","person","Dean Wade","Sports","1996-present","Wichita; Inman; St. John","Index membership; Kansas relationship needs independent verification.","https://www.travelks.com/things-to-do/history-and-culture/famous-kansans/","https://www.travelks.com/things-to-do/history-and-culture/famous-kansans/","Source assertion; no identity merge, place resolution or map activation.  Biographical years are source labels, not a current living/deceased determination.","people-dna-land; history-and-culture"
"travelks-0079","travelks","topic","Discover the History of Women and the Orphan Train","Famous Kansas Women related index","","","Related source index; its linked holdings have not been acquired.","https://www.travelks.com/things-to-do/history-and-culture/famous-kansans/","https://www.travelks.com/blog/stories/post/discover-the-history-of-women-and-the-orphan-train/","Source assertion; no identity merge, place resolution or map activation.","people-dna-land; history-and-culture"
"travelks-0010","travelks","person","Donavan LaMond Johnson (XV)","Arts + Music + Entertainment","1985-present","Wichita","Index membership; Kansas relationship needs independent verification.","https://www.travelks.com/things-to-do/history-and-culture/famous-kansans/","https://www.travelks.com/things-to-do/history-and-culture/famous-kansans/","Source assertion; no identity merge, place resolution or map activation.  Biographical years are source labels, not a current living/deceased determination.","people-dna-land; history-and-culture"
"travelks-0039","travelks","person","Dwight D. Eisenhower","Government & Politics","1890-1969","Abilene","Index membership; Kansas relationship needs independent verification.","https://www.travelks.com/things-to-do/history-and-culture/famous-kansans/","https://www.travelks.com/things-to-do/history-and-culture/famous-kansans/","Source assertion; no identity merge, place resolution or map activation.  Biographical years are source labels, not a current living/deceased determination.","people-dna-land; history-and-culture"
"travelks-0002","travelks","person","Ed Asner","Arts + Music + Entertainment","1929-2021","Kansas City","Index membership; Kansas relationship needs independent verification.","https://www.travelks.com/things-to-do/history-and-culture/famous-kansans/","https://www.travelks.com/things-to-do/history-and-culture/famous-kansans/","Source assertion; no identity merge, place resolution or map activation.  Biographical years are source labels, not a current living/deceased determination. Kansas City state is unspecified.","people-dna-land; history-and-culture"
"travelks-0023","travelks","person","Eric Stonestreet","Arts + Music + Entertainment","1971-present","Kansas City","Index membership; Kansas relationship needs independent verification.","https://www.travelks.com/things-to-do/history-and-culture/famous-kansans/","https://www.travelks.com/things-to-do/history-and-culture/famous-kansans/","Source assertion; no identity merge, place resolution or map activation.  Biographical years are source labels, not a current living/deceased determination. Kansas City state is unspecified.","people-dna-land; history-and-culture"
"travelks-0052","travelks","person","Erin Brockovich","Social Advocacy","1960-present","Lawrence","Index membership; Kansas relationship needs independent verification.","https://www.travelks.com/things-to-do/history-and-culture/famous-kansans/","https://www.travelks.com/things-to-do/history-and-culture/famous-kansans/","Source assertion; no identity merge, place resolution or map activation.  Biographical years are source labels, not a current living/deceased determination.","people-dna-land; history-and-culture"
"travelks-0076","travelks","topic","Four Courageous Female Activists in Kansas History","Famous Kansas Women related index","","","Related source index; its linked holdings have not been acquired.","https://www.travelks.com/things-to-do/history-and-culture/famous-kansans/","https://www.travelks.com/blog/stories/post/the-courageous-female-activists-in-kansas-history/","Source assertion; no identity merge, place resolution or map activation.","people-dna-land; history-and-culture"
"travelks-0033","travelks","person","FRED HARVEY","Businesspeople + Entrepreneurs + Scientists","1835-1901","Leavenworth","Index membership; Kansas relationship needs independent verification.","https://www.travelks.com/things-to-do/history-and-culture/famous-kansans/","https://www.travelks.com/things-to-do/history-and-culture/famous-kansans/","Source assertion; no identity merge, place resolution or map activation.  Biographical years are source labels, not a current living/deceased determination.","people-dna-land; history-and-culture"
"travelks-0074","travelks","person","Gary Woodland","Sports","1984-present","Topeka; Tecumseh; Lawrence","Index membership; Kansas relationship needs independent verification.","https://www.travelks.com/things-to-do/history-and-culture/famous-kansans/","https://www.travelks.com/things-to-do/history-and-culture/famous-kansans/","Source assertion; no identity merge, place resolution or map activation.  Biographical years are source labels, not a current living/deceased determination.","people-dna-land; history-and-culture"
"travelks-0036","travelks","person","George F. Sternberg","Businesspeople + Entrepreneurs + Scientists","1883-1969","Lawrence; Gove County; Hays","Index membership; Kansas relationship needs independent verification.","https://www.travelks.com/things-to-do/history-and-culture/famous-kansans/","https://www.travelks.com/things-to-do/history-and-culture/famous-kansans/","Source assertion; no identity merge, place resolution or map activation.  Biographical years are source labels, not a current living/deceased determination.","people-dna-land; history-and-culture"
"travelks-0070","travelks","person","George Sweatt","Sports","1893-1983","Humboldt","Index membership; Kansas relationship needs independent verification.","https://www.travelks.com/things-to-do/history-and-culture/famous-kansans/","https://www.travelks.com/things-to-do/history-and-culture/famous-kansans/","Source assertion; no identity merge, place resolution or map activation.  Biographical years are source labels, not a current living/deceased determination.","people-dna-land; history-and-culture"
"travelks-0029","travelks","person","George Washington Carver","Businesspeople + Entrepreneurs + Scientists","1864-1943","Fort Scott; Olathe; Minneapolis","Index membership; Kansas relationship needs independent verification.","https://www.travelks.com/things-to-do/history-and-culture/famous-kansans/","https://www.travelks.com/things-to-do/history-and-culture/famous-kansans/","Source assertion; no identity merge, place resolution or map activation.  Biographical years are source labels, not a current living/deceased determination.","people-dna-land; history-and-culture"
"travelks-0051","travelks","person","Gilbert Baker","Social Advocacy","1951-2017","Chanute; Parsons","Index membership; Kansas relationship needs independent verification.","https://www.travelks.com/things-to-do/history-and-culture/famous-kansans/","https://www.travelks.com/things-to-do/history-and-culture/famous-kansans/","Source assertion; no identity merge, place resolution or map activation.  Biographical years are source labels, not a current living/deceased determination.","people-dna-land; history-and-culture"
"travelks-0017","travelks","person","Gordon Parks","Arts + Music + Entertainment","1912-2006","Fort Scott","Index membership; Kansas relationship needs independent verification.","https://www.travelks.com/things-to-do/history-and-culture/famous-kansans/","https://www.travelks.com/things-to-do/history-and-culture/famous-kansans/","Source assertion; no identity merge, place resolution or map activation.  Biographical years are source labels, not a current living/deceased determination.","people-dna-land; history-and-culture"
"travelks-0007","travelks","person","Greta Granstedt","Arts + Music + Entertainment","1907-1987","Scandia","Index membership; Kansas relationship needs independent verification.","https://www.travelks.com/things-to-do/history-and-culture/famous-kansans/","https://www.travelks.com/things-to-do/history-and-culture/famous-kansans/","Source assertion; no identity merge, place resolution or map activation.  Biographical years are source labels, not a current living/deceased determination.","people-dna-land; history-and-culture"
"travelks-0042","travelks","person","Harland E. Priddle","Government & Politics","1931-2023","Hutchinson","Index membership; Kansas relationship needs independent verification.","https://www.travelks.com/things-to-do/history-and-culture/famous-kansans/","https://www.travelks.com/things-to-do/history-and-culture/famous-kansans/","Source assertion; no identity merge, place resolution or map activation.  Biographical years are source labels, not a current living/deceased determination.","people-dna-land; history-and-culture"
"travelks-0013","travelks","person","Hattie McDaniel","Arts + Music + Entertainment","1893-1952","Wichita","Index membership; Kansas relationship needs independent verification.","https://www.travelks.com/things-to-do/history-and-culture/famous-kansans/","https://www.travelks.com/things-to-do/history-and-culture/famous-kansans/","Source assertion; no identity merge, place resolution or map activation.  Biographical years are source labels, not a current living/deceased determination.","people-dna-land; history-and-culture"
"travelks-0048","travelks","person","Isaac Goodnow","Historical Figures","1814-1894","Manhattan","Index membership; Kansas relationship needs independent verification.","https://www.travelks.com/things-to-do/history-and-culture/famous-kansans/","https://www.travelks.com/things-to-do/history-and-culture/famous-kansans/","Source assertion; no identity merge, place resolution or map activation.  Biographical years are source labels, not a current living/deceased determination.","people-dna-land; history-and-culture"
"travelks-0035","travelks","person","Jack Kilby","Businesspeople + Entrepreneurs + Scientists","1923-2005","Great Bend","Index membership; Kansas relationship needs independent verification.","https://www.travelks.com/things-to-do/history-and-culture/famous-kansans/","https://www.travelks.com/things-to-do/history-and-culture/famous-kansans/","Source assertion; no identity merge, place resolution or map activation.  Biographical years are source labels, not a current living/deceased determination.","people-dna-land; history-and-culture"
"travelks-0069","travelks","person","Jackie Stiles","Sports","1978-present","Kansas City, Kansas; Claflin","Index membership; Kansas relationship needs independent verification.","https://www.travelks.com/things-to-do/history-and-culture/famous-kansans/","https://www.travelks.com/things-to-do/history-and-culture/famous-kansans/","Source assertion; no identity merge, place resolution or map activation.  Biographical years are source labels, not a current living/deceased determination.","people-dna-land; history-and-culture"
"travelks-0047","travelks","person","James Naismith","Historical Figures","1861-1939","Lawrence","Index membership; Kansas relationship needs independent verification.","https://www.travelks.com/things-to-do/history-and-culture/famous-kansans/","https://www.travelks.com/things-to-do/history-and-culture/famous-kansans/","Source assertion; no identity merge, place resolution or map activation.  Biographical years are source labels, not a current living/deceased determination.","people-dna-land; history-and-culture"
"travelks-0016","travelks","person","Janelle Monáe","Arts + Music + Entertainment","1985-present","Kansas City","Index membership; Kansas relationship needs independent verification.","https://www.travelks.com/things-to-do/history-and-culture/famous-kansans/","https://www.travelks.com/things-to-do/history-and-culture/famous-kansans/","Source assertion; no identity merge, place resolution or map activation.  Biographical years are source labels, not a current living/deceased determination. Kansas City state is unspecified.","people-dna-land; history-and-culture"
"travelks-0024","travelks","person","Jason Sudeikis","Arts + Music + Entertainment","1975-present","Overland Park","Index membership; Kansas relationship needs independent verification.","https://www.travelks.com/things-to-do/history-and-culture/famous-kansans/","https://www.travelks.com/things-to-do/history-and-culture/famous-kansans/","Source assertion; no identity merge, place resolution or map activation.  Biographical years are source labels, not a current living/deceased determination.","people-dna-land; history-and-culture"
"travelks-0057","travelks","person","Jennifer Jo Cobb","Sports","1973-present","Kansas City","Index membership; Kansas relationship needs independent verification.","https://www.travelks.com/things-to-do/history-and-culture/famous-kansans/","https://www.travelks.com/things-to-do/history-and-culture/famous-kansans/","Source assertion; no identity merge, place resolution or map activation.  Biographical years are source labels, not a current living/deceased determination. Kansas City state is unspecified.","people-dna-land; history-and-culture"
"travelks-0032","travelks","person","Joe Engle","Businesspeople + Entrepreneurs + Scientists","1932-2024","Abilene; Chapman","Index membership; Kansas relationship needs independent verification.","https://www.travelks.com/things-to-do/history-and-culture/famous-kansans/","https://www.travelks.com/things-to-do/history-and-culture/famous-kansans/","Source assertion; no identity merge, place resolution or map activation.  Biographical years are source labels, not a current living/deceased determination.","people-dna-land; history-and-culture"
"travelks-0027","travelks","person","Joe Walsh","Arts + Music + Entertainment","1947-present","Wichita","Index membership; Kansas relationship needs independent verification.","https://www.travelks.com/things-to-do/history-and-culture/famous-kansans/","https://www.travelks.com/things-to-do/history-and-culture/famous-kansans/","Source assertion; no identity merge, place resolution or map activation.  Biographical years are source labels, not a current living/deceased determination.","people-dna-land; history-and-culture"
"travelks-0045","travelks","person","John Brown","Historical Figures","1800-1859","Osawatomie; Lawrence; Lecompton","Index membership; Kansas relationship needs independent verification.","https://www.travelks.com/things-to-do/history-and-culture/famous-kansans/","https://www.travelks.com/things-to-do/history-and-culture/famous-kansans/","Source assertion; no identity merge, place resolution or map activation.  Biographical years are source labels, not a current living/deceased determination.","people-dna-land; history-and-culture"
"travelks-0021","travelks","person","Jon Reed Sims","Arts + Music + Entertainment","1947-1984","Lebanon; Smith Center","Index membership; Kansas relationship needs independent verification.","https://www.travelks.com/things-to-do/history-and-culture/famous-kansans/","https://www.travelks.com/things-to-do/history-and-culture/famous-kansans/","Source assertion; no identity merge, place resolution or map activation.  Biographical years are source labels, not a current living/deceased determination.","people-dna-land; history-and-culture"
"travelks-0062","travelks","person","Jordy Nelson","Sports","1985-present","Manhattan; Riley","Index membership; Kansas relationship needs independent verification.","https://www.travelks.com/things-to-do/history-and-culture/famous-kansans/","https://www.travelks.com/things-to-do/history-and-culture/famous-kansans/","Source assertion; no identity merge, place resolution or map activation.  Biographical years are source labels, not a current living/deceased determination.","people-dna-land; history-and-culture"
"travelks-0044","travelks","person","Kathleen Sebelius","Government & Politics","1948-present","Kansas","Index membership; Kansas relationship needs independent verification.","https://www.travelks.com/things-to-do/history-and-culture/famous-kansans/","https://www.travelks.com/things-to-do/history-and-culture/famous-kansans/","Source assertion; no identity merge, place resolution or map activation.  Biographical years are source labels, not a current living/deceased determination.","people-dna-land; history-and-culture"
"travelks-0068","travelks","person","Katie Sowers","Sports","1986-present","Hesston","Index membership; Kansas relationship needs independent verification.","https://www.travelks.com/things-to-do/history-and-culture/famous-kansans/","https://www.travelks.com/things-to-do/history-and-culture/famous-kansans/","Source assertion; no identity merge, place resolution or map activation.  Biographical years are source labels, not a current living/deceased determination.","people-dna-land; history-and-culture"
"travelks-0026","travelks","person","Kevin Willmott","Arts + Music + Entertainment","1959-present","Junction City","Index membership; Kansas relationship needs independent verification.","https://www.travelks.com/things-to-do/history-and-culture/famous-kansans/","https://www.travelks.com/things-to-do/history-and-culture/famous-kansans/","Source assertion; no identity merge, place resolution or map activation.  Biographical years are source labels, not a current living/deceased determination.","people-dna-land; history-and-culture"
"travelks-0001","travelks","person","Kirstie Alley","Arts + Music + Entertainment","1951-2022","Wichita","Index membership; Kansas relationship needs independent verification.","https://www.travelks.com/things-to-do/history-and-culture/famous-kansans/","https://www.travelks.com/things-to-do/history-and-culture/famous-kansans/","Source assertion; no identity merge, place resolution or map activation.  Biographical years are source labels, not a current living/deceased determination.","people-dna-land; history-and-culture"
"travelks-0008","travelks","person","Langston Hughes","Arts + Music + Entertainment","1901-1967","Lawrence","Index membership; Kansas relationship needs independent verification.","https://www.travelks.com/things-to-do/history-and-culture/famous-kansans/","https://www.travelks.com/things-to-do/history-and-culture/famous-kansans/","Source assertion; no identity merge, place resolution or map activation.  Biographical years are source labels, not a current living/deceased determination.","people-dna-land; history-and-culture"
"travelks-0015","travelks","person","Logan Mize","Arts + Music + Entertainment","1985-present","Clearwater","Index membership; Kansas relationship needs independent verification.","https://www.travelks.com/things-to-do/history-and-culture/famous-kansans/","https://www.travelks.com/things-to-do/history-and-culture/famous-kansans/","Source assertion; no identity merge, place resolution or map activation.  Biographical years are source labels, not a current living/deceased determination.","people-dna-land; history-and-culture"
"travelks-0073","travelks","person","Lynette Woodard","Sports","1959-present","Wichita","Index membership; Kansas relationship needs independent verification.","https://www.travelks.com/things-to-do/history-and-culture/famous-kansans/","https://www.travelks.com/things-to-do/history-and-culture/famous-kansans/","Source assertion; no identity merge, place resolution or map activation.  Biographical years are source labels, not a current living/deceased determination.","people-dna-land; history-and-culture"
"travelks-0040","travelks","person","Marlin Fitzwater","Government & Politics","1942-present","Salina; Abilene","Index membership; Kansas relationship needs independent verification.","https://www.travelks.com/things-to-do/history-and-culture/famous-kansans/","https://www.travelks.com/things-to-do/history-and-culture/famous-kansans/","Source assertion; no identity merge, place resolution or map activation.  Biographical years are source labels, not a current living/deceased determination.","people-dna-land; history-and-culture"
"travelks-0012","travelks","person","Martina McBride","Arts + Music + Entertainment","1966-present","Sharon","Index membership; Kansas relationship needs independent verification.","https://www.travelks.com/things-to-do/history-and-culture/famous-kansans/","https://www.travelks.com/things-to-do/history-and-culture/famous-kansans/","Source assertion; no identity merge, place resolution or map activation.  Biographical years are source labels, not a current living/deceased determination.","people-dna-land; history-and-culture"
"travelks-0054","travelks","person","Matt Besler","Sports","1987-present","Overland Park","Index membership; Kansas relationship needs independent verification.","https://www.travelks.com/things-to-do/history-and-culture/famous-kansans/","https://www.travelks.com/things-to-do/history-and-culture/famous-kansans/","Source assertion; no identity merge, place resolution or map activation.  Biographical years are source labels, not a current living/deceased determination.","people-dna-land; history-and-culture"
"travelks-0059","travelks","person","Maurice Greene","Sports","1974-present","Kansas City","Index membership; Kansas relationship needs independent verification.","https://www.travelks.com/things-to-do/history-and-culture/famous-kansans/","https://www.travelks.com/things-to-do/history-and-culture/famous-kansans/","Source assertion; no identity merge, place resolution or map activation.  Biographical years are source labels, not a current living/deceased determination. Kansas City state is unspecified.","people-dna-land; history-and-culture"
"travelks-0078","travelks","topic","Meet Five Inspired Female Kansas Artists","Famous Kansas Women related index","","","Related source index; its linked holdings have not been acquired.","https://www.travelks.com/things-to-do/history-and-culture/famous-kansans/","https://www.travelks.com/blog/stories/post/meet-five-inspired-female-kansas-artists/","Source assertion; no identity merge, place resolution or map activation.","people-dna-land; history-and-culture"
"travelks-0004","travelks","person","Melissa Etheridge","Arts + Music + Entertainment","1961-present","Leavenworth","Index membership; Kansas relationship needs independent verification.","https://www.travelks.com/things-to-do/history-and-culture/famous-kansans/","https://www.travelks.com/things-to-do/history-and-culture/famous-kansans/","Source assertion; no identity merge, place resolution or map activation.  Biographical years are source labels, not a current living/deceased determination.","people-dna-land; history-and-culture"
"travelks-0022","travelks","person","Michael Stevens (Vsauce)","Arts + Music + Entertainment","1986-present","Stillwell","Index membership; Kansas relationship needs independent verification.","https://www.travelks.com/things-to-do/history-and-culture/famous-kansans/","https://www.travelks.com/things-to-do/history-and-culture/famous-kansans/","Source assertion; no identity merge, place resolution or map activation.  Biographical years are source labels, not a current living/deceased determination.","people-dna-land; history-and-culture"
"travelks-0071","travelks","person","Mike Torrez","Sports","1946-present","Topeka","Index membership; Kansas relationship needs independent verification.","https://www.travelks.com/things-to-do/history-and-culture/famous-kansans/","https://www.travelks.com/things-to-do/history-and-culture/famous-kansans/","Source assertion; no identity merge, place resolution or map activation.  Biographical years are source labels, not a current living/deceased determination.","people-dna-land; history-and-culture"
"travelks-0060","travelks","person","Mitch Holthus","Sports","1957-present","Smith Center","Index membership; Kansas relationship needs independent verification.","https://www.travelks.com/things-to-do/history-and-culture/famous-kansans/","https://www.travelks.com/things-to-do/history-and-culture/famous-kansans/","Source assertion; no identity merge, place resolution or map activation.  Biographical years are source labels, not a current living/deceased determination.","people-dna-land; history-and-culture"
"travelks-0041","travelks","person","Nancy Kassebaum","Government & Politics","1932-2026","Topeka","Index membership; Kansas relationship needs independent verification.","https://www.travelks.com/things-to-do/history-and-culture/famous-kansans/","https://www.travelks.com/things-to-do/history-and-culture/famous-kansans/","Source assertion; no identity merge, place resolution or map activation.  Biographical years are source labels, not a current living/deceased determination.","people-dna-land; history-and-culture"
"travelks-0020","travelks","person","Paul Rudd","Arts + Music + Entertainment","1969-present","Lenexa","Index membership; Kansas relationship needs independent verification.","https://www.travelks.com/things-to-do/history-and-culture/famous-kansans/","https://www.travelks.com/things-to-do/history-and-culture/famous-kansans/","Source assertion; no identity merge, place resolution or map activation.  Biographical years are source labels, not a current living/deceased determination.","people-dna-land; history-and-culture"
"travelks-0006","travelks","person","Pete Felten","Arts + Music + Entertainment","1933-2026","Ellis County; Topeka; Hays","Index membership; Kansas relationship needs independent verification.","https://www.travelks.com/things-to-do/history-and-culture/famous-kansans/","https://www.travelks.com/things-to-do/history-and-culture/famous-kansans/","Source assertion; no identity merge, place resolution or map activation.  Biographical years are source labels, not a current living/deceased determination.","people-dna-land; history-and-culture"
"travelks-0053","travelks","person","Phog Allen","Sports","1885-1974","Kansas","Index membership; Kansas relationship needs independent verification.","https://www.travelks.com/things-to-do/history-and-culture/famous-kansans/","https://www.travelks.com/things-to-do/history-and-culture/famous-kansans/","Source assertion; no identity merge, place resolution or map activation.  Biographical years are source labels, not a current living/deceased determination.","people-dna-land; history-and-culture"
"travelks-0019","travelks","person","Rob Riggle","Arts + Music + Entertainment","1970-present","Overland Park","Index membership; Kansas relationship needs independent verification.","https://www.travelks.com/things-to-do/history-and-culture/famous-kansans/","https://www.travelks.com/things-to-do/history-and-culture/famous-kansans/","Source assertion; no identity merge, place resolution or map activation.  Biographical years are source labels, not a current living/deceased determination.","people-dna-land; history-and-culture"
"travelks-0028","travelks","person","Robert Ballard","Businesspeople + Entrepreneurs + Scientists","1942-present","Wichita","Index membership; Kansas relationship needs independent verification.","https://www.travelks.com/things-to-do/history-and-culture/famous-kansans/","https://www.travelks.com/things-to-do/history-and-culture/famous-kansans/","Source assertion; no identity merge, place resolution or map activation.  Biographical years are source labels, not a current living/deceased determination.","people-dna-land; history-and-culture"
"travelks-0038","travelks","person","Robert J. Dole","Government & Politics","1923-2021","Russell","Index membership; Kansas relationship needs independent verification.","https://www.travelks.com/things-to-do/history-and-culture/famous-kansans/","https://www.travelks.com/things-to-do/history-and-culture/famous-kansans/","Source assertion; no identity merge, place resolution or map activation.  Biographical years are source labels, not a current living/deceased determination.","people-dna-land; history-and-culture"
"travelks-0043","travelks","person","Susanna Madora Salter","Government & Politics","1860-1961","Argonia","Index membership; Kansas relationship needs independent verification.","https://www.travelks.com/things-to-do/history-and-culture/famous-kansans/","https://www.travelks.com/things-to-do/history-and-culture/famous-kansans/","Source assertion; no identity merge, place resolution or map activation.  Biographical years are source labels, not a current living/deceased determination.","people-dna-land; history-and-culture"
"travelks-0063","travelks","person","Terence Newman","Sports","1978-present","Salina","Index membership; Kansas relationship needs independent verification.","https://www.travelks.com/things-to-do/history-and-culture/famous-kansans/","https://www.travelks.com/things-to-do/history-and-culture/famous-kansans/","Source assertion; no identity merge, place resolution or map activation.  Biographical years are source labels, not a current living/deceased determination.","people-dna-land; history-and-culture"
"travelks-0025","travelks","person","Vivian Vance","Arts + Music + Entertainment","1909-1979","Cherryvale; Independence","Index membership; Kansas relationship needs independent verification.","https://www.travelks.com/things-to-do/history-and-culture/famous-kansans/","https://www.travelks.com/things-to-do/history-and-culture/famous-kansans/","Source assertion; no identity merge, place resolution or map activation.  Biographical years are source labels, not a current living/deceased determination.","people-dna-land; history-and-culture"
"travelks-0061","travelks","person","Walter Johnson","Sports","1887-1946","Humboldt","Index membership; Kansas relationship needs independent verification.","https://www.travelks.com/things-to-do/history-and-culture/famous-kansans/","https://www.travelks.com/things-to-do/history-and-culture/famous-kansans/","Source assertion; no identity merge, place resolution or map activation.  Biographical years are source labels, not a current living/deceased determination.","people-dna-land; history-and-culture"
"travelks-0031","travelks","person","Walter P. Chrysler","Businesspeople + Entrepreneurs + Scientists","1875-1940","Wamego; Ellis","Index membership; Kansas relationship needs independent verification.","https://www.travelks.com/things-to-do/history-and-culture/famous-kansans/","https://www.travelks.com/things-to-do/history-and-culture/famous-kansans/","Source assertion; no identity merge, place resolution or map activation.  Biographical years are source labels, not a current living/deceased determination.","people-dna-land; history-and-culture"
"travelks-0065","travelks","person","Wayne Simien","Sports","1983-present","Leavenworth; Lawrence","Index membership; Kansas relationship needs independent verification.","https://www.travelks.com/things-to-do/history-and-culture/famous-kansans/","https://www.travelks.com/things-to-do/history-and-culture/famous-kansans/","Source assertion; no identity merge, place resolution or map activation.  Biographical years are source labels, not a current living/deceased determination.","people-dna-land; history-and-culture"
"travelks-0050","travelks","person","William Allen White","Historical Figures","1868-1944","Emporia","Index membership; Kansas relationship needs independent verification.","https://www.travelks.com/things-to-do/history-and-culture/famous-kansans/","https://www.travelks.com/things-to-do/history-and-culture/famous-kansans/","Source assertion; no identity merge, place resolution or map activation.  Biographical years are source labels, not a current living/deceased determination.","people-dna-land; history-and-culture"
"travelks-0009","travelks","person","William Inge","Arts + Music + Entertainment","1913-1973","Independence","Index membership; Kansas relationship needs independent verification.","https://www.travelks.com/things-to-do/history-and-culture/famous-kansans/","https://www.travelks.com/things-to-do/history-and-culture/famous-kansans/","Source assertion; no identity merge, place resolution or map activation.  Biographical years are source labels, not a current living/deceased determination.","people-dna-land; history-and-culture"
"kshistory-0015","kshistory","person","Alfred Landon","25 Notable Kansans (Kansas 150, 2011)","","","Index membership; Kansas relationship needs independent verification.","https://www.kansashistory.gov/kansapedia/notable-kansans/16875","https://www.kansashistory.gov/kansapedia/alfred-m-landon/12126","Source assertion; no identity merge, place resolution or map activation.","people-dna-land; history-and-culture"
"kshistory-0009","kshistory","person","Amelia Earhart","25 Notable Kansans (Kansas 150, 2011)","","","Index membership; Kansas relationship needs independent verification.","https://www.kansashistory.gov/kansapedia/notable-kansans/16875","https://www.kansashistory.gov/kansapedia/amelia-earhart/12041","Source assertion; no identity merge, place resolution or map activation.","people-dna-land; history-and-culture"
"kshistory-0002","kshistory","person","Arthur Capper","25 Notable Kansans (Kansas 150, 2011)","","","Index membership; Kansas relationship needs independent verification.","https://www.kansashistory.gov/kansapedia/notable-kansans/16875","https://www.kansashistory.gov/kansapedia/arthur-capper/12001","Source assertion; no identity merge, place resolution or map activation.","people-dna-land; history-and-culture"
"kshistory-0008","kshistory","person","Bob Dole","25 Notable Kansans (Kansas 150, 2011)","","","Index membership; Kansas relationship needs independent verification.","https://www.kansashistory.gov/kansapedia/notable-kansans/16875","https://www.kansashistory.gov/kansapedia/bob-dole/16876","Source assertion; no identity merge, place resolution or map activation.","people-dna-land; history-and-culture"
"kshistory-0030","kshistory","person","Bob Keckeisen","Governor Brownback's Blue Ribbon Panel for Kansas History","","","Selection-panel membership; not one of the 25 selected Notable Kansans.","https://www.kansashistory.gov/kansapedia/notable-kansans/16875","https://www.kansashistory.gov/kansapedia/notable-kansans/16875","Source assertion; no identity merge, place resolution or map activation.","people-dna-land; history-and-culture"
"kshistory-0022","kshistory","person","C.B. Schmidt","25 Notable Kansans (Kansas 150, 2011)","","","Index membership; Kansas relationship needs independent verification.","https://www.kansashistory.gov/kansapedia/notable-kansans/16875","https://www.kansashistory.gov/kansapedia/c-b-schmidt/17252","Source assertion; no identity merge, place resolution or map activation.","people-dna-land; history-and-culture"
"kshistory-0019","kshistory","person","Carry Nation","25 Notable Kansans (Kansas 150, 2011)","","","Index membership; Kansas relationship needs independent verification.","https://www.kansashistory.gov/kansapedia/notable-kansans/16875","https://www.kansashistory.gov/kansapedia/carry-a-nation/15502","Source assertion; no identity merge, place resolution or map activation.","people-dna-land; history-and-culture"
"kshistory-0007","kshistory","person","Charles Curtis","25 Notable Kansans (Kansas 150, 2011)","","","Index membership; Kansas relationship needs independent verification.","https://www.kansashistory.gov/kansapedia/notable-kansans/16875","https://www.kansashistory.gov/kansapedia/charles-curtis/12029","Source assertion; no identity merge, place resolution or map activation.","people-dna-land; history-and-culture"
"kshistory-0023","kshistory","person","Charles Sheldon","25 Notable Kansans (Kansas 150, 2011)","","","Index membership; Kansas relationship needs independent verification.","https://www.kansashistory.gov/kansapedia/notable-kansans/16875","https://www.kansashistory.gov/kansapedia/charles-monroe-sheldon/12201","Source assertion; no identity merge, place resolution or map activation.","people-dna-land; history-and-culture"
"kshistory-0003","kshistory","person","Clyde Cessna","25 Notable Kansans (Kansas 150, 2011)","","","Index membership; Kansas relationship needs independent verification.","https://www.kansashistory.gov/kansapedia/notable-kansans/16875","https://www.kansashistory.gov/kansapedia/clyde-cessna/12006","Source assertion; no identity merge, place resolution or map activation.","people-dna-land; history-and-culture"
"kshistory-0012","kshistory","person","Cyrus K. Holliday","25 Notable Kansans (Kansas 150, 2011)","","","Index membership; Kansas relationship needs independent verification.","https://www.kansashistory.gov/kansapedia/notable-kansans/16875","https://www.kansashistory.gov/kansapedia/cyrus-k-holliday/16833","Source assertion; no identity merge, place resolution or map activation.","people-dna-land; history-and-culture"
"kshistory-0026","kshistory","person","Don Chubb","Governor Brownback's Blue Ribbon Panel for Kansas History","","","Selection-panel membership; not one of the 25 selected Notable Kansans.","https://www.kansashistory.gov/kansapedia/notable-kansans/16875","https://www.kansashistory.gov/kansapedia/notable-kansans/16875","Source assertion; no identity merge, place resolution or map activation.","people-dna-land; history-and-culture"
"kshistory-0029","kshistory","person","Dr. James Hoy","Governor Brownback's Blue Ribbon Panel for Kansas History","","","Selection-panel membership; not one of the 25 selected Notable Kansans.","https://www.kansashistory.gov/kansapedia/notable-kansans/16875","https://www.kansashistory.gov/kansapedia/notable-kansans/16875","Source assertion; no identity merge, place resolution or map activation.","people-dna-land; history-and-culture"
"kshistory-0035","kshistory","person","Dr. James Shortridge","Governor Brownback's Blue Ribbon Panel for Kansas History","","","Selection-panel membership; not one of the 25 selected Notable Kansans.","https://www.kansashistory.gov/kansapedia/notable-kansans/16875","https://www.kansashistory.gov/kansapedia/notable-kansans/16875","Source assertion; no identity merge, place resolution or map activation.","people-dna-land; history-and-culture"
"kshistory-0032","kshistory","person","Dr. Leo Oliva","Governor Brownback's Blue Ribbon Panel for Kansas History","","","Selection-panel membership; not one of the 25 selected Notable Kansans.","https://www.kansashistory.gov/kansapedia/notable-kansans/16875","https://www.kansashistory.gov/kansapedia/notable-kansans/16875","Source assertion; no identity merge, place resolution or map activation.","people-dna-land; history-and-culture"
"kshistory-0036","kshistory","person","Dr. Raymond Wilson","Governor Brownback's Blue Ribbon Panel for Kansas History","","","Selection-panel membership; not one of the 25 selected Notable Kansans.","https://www.kansashistory.gov/kansapedia/notable-kansans/16875","https://www.kansashistory.gov/kansapedia/notable-kansans/16875","Source assertion; no identity merge, place resolution or map activation.","people-dna-land; history-and-culture"
"kshistory-0027","kshistory","person","Dr. Virgil Dean","Governor Brownback's Blue Ribbon Panel for Kansas History","","","Selection-panel membership; not one of the 25 selected Notable Kansans.","https://www.kansashistory.gov/kansapedia/notable-kansans/16875","https://www.kansashistory.gov/kansapedia/notable-kansans/16875","Source assertion; no identity merge, place resolution or map activation.","people-dna-land; history-and-culture"
"kshistory-0010","kshistory","person","Dwight Eisenhower","25 Notable Kansans (Kansas 150, 2011)","","","Index membership; Kansas relationship needs independent verification.","https://www.kansashistory.gov/kansapedia/notable-kansans/16875","https://www.kansashistory.gov/kansapedia/dwight-d-eisenhower/12043","Source assertion; no identity merge, place resolution or map activation.","people-dna-land; history-and-culture"
"kshistory-0011","kshistory","person","Fred Harvey","25 Notable Kansans (Kansas 150, 2011)","","","Index membership; Kansas relationship needs independent verification.","https://www.kansashistory.gov/kansapedia/notable-kansans/16875","https://www.kansashistory.gov/kansapedia/fred-harvey/15507","Source assertion; no identity merge, place resolution or map activation.","people-dna-land; history-and-culture"
"kshistory-0028","kshistory","person","Gayle Garrelts","Governor Brownback's Blue Ribbon Panel for Kansas History","","","Selection-panel membership; not one of the 25 selected Notable Kansans.","https://www.kansashistory.gov/kansapedia/notable-kansans/16875","https://www.kansashistory.gov/kansapedia/notable-kansans/16875","Source assertion; no identity merge, place resolution or map activation.","people-dna-land; history-and-culture"
"kshistory-0024","kshistory","person","George F. Sternberg","25 Notable Kansans (Kansas 150, 2011)","","","Index membership; Kansas relationship needs independent verification.","https://www.kansashistory.gov/kansapedia/notable-kansans/16875","https://www.kansashistory.gov/kansapedia/george-f-sternberg/17251","Source assertion; no identity merge, place resolution or map activation.","people-dna-land; history-and-culture"
"kshistory-0020","kshistory","person","Gordon Parks","25 Notable Kansans (Kansas 150, 2011)","","","Index membership; Kansas relationship needs independent verification.","https://www.kansashistory.gov/kansapedia/notable-kansans/16875","https://www.kansashistory.gov/kansapedia/gordon-parks/12164","Source assertion; no identity merge, place resolution or map activation.","people-dna-land; history-and-culture"
"kshistory-0034","kshistory","person","J. Schafer","Governor Brownback's Blue Ribbon Panel for Kansas History","","","Selection-panel membership; not one of the 25 selected Notable Kansans.","https://www.kansashistory.gov/kansapedia/notable-kansans/16875","https://www.kansashistory.gov/kansapedia/notable-kansans/16875","Source assertion; no identity merge, place resolution or map activation.","people-dna-land; history-and-culture"
"kshistory-0014","kshistory","person","Jack Kilby","25 Notable Kansans (Kansas 150, 2011)","","","Index membership; Kansas relationship needs independent verification.","https://www.kansashistory.gov/kansapedia/notable-kansans/16875","https://www.kansashistory.gov/kansapedia/jack-st-clair-kilby/12125","Source assertion; no identity merge, place resolution or map activation.","people-dna-land; history-and-culture"
"kshistory-0018","kshistory","person","James Naismith","25 Notable Kansans (Kansas 150, 2011)","","","Index membership; Kansas relationship needs independent verification.","https://www.kansashistory.gov/kansapedia/notable-kansans/16875","https://www.kansashistory.gov/kansapedia/james-naismith/12154","Source assertion; no identity merge, place resolution or map activation.","people-dna-land; history-and-culture"
"kshistory-0001","kshistory","person","John Brown","25 Notable Kansans (Kansas 150, 2011)","","","Index membership; Kansas relationship needs independent verification.","https://www.kansashistory.gov/kansapedia/notable-kansans/16875","https://www.kansashistory.gov/kansapedia/john-brown/11731","Source assertion; no identity merge, place resolution or map activation.","people-dna-land; history-and-culture"
"kshistory-0006","kshistory","person","John Steuart Curry","25 Notable Kansans (Kansas 150, 2011)","","","Index membership; Kansas relationship needs independent verification.","https://www.kansashistory.gov/kansapedia/notable-kansans/16875","https://www.kansashistory.gov/kansapedia/john-steuart-curry/12028","Source assertion; no identity merge, place resolution or map activation.","people-dna-land; history-and-culture"
"kshistory-0016","kshistory","person","Joseph McCoy","25 Notable Kansans (Kansas 150, 2011)","","","Index membership; Kansas relationship needs independent verification.","https://www.kansashistory.gov/kansapedia/notable-kansans/16875","https://www.kansashistory.gov/kansapedia/joseph-mccoy/17219","Source assertion; no identity merge, place resolution or map activation.","people-dna-land; history-and-culture"
"kshistory-0017","kshistory","person","Karl Menninger","25 Notable Kansans (Kansas 150, 2011)","","","Index membership; Kansas relationship needs independent verification.","https://www.kansashistory.gov/kansapedia/notable-kansans/16875","https://www.kansashistory.gov/kansapedia/karl-menninger/17218","Source assertion; no identity merge, place resolution or map activation.","people-dna-land; history-and-culture"
"kshistory-0033","kshistory","person","Mary Regan","Governor Brownback's Blue Ribbon Panel for Kansas History","","","Selection-panel membership; not one of the 25 selected Notable Kansans.","https://www.kansashistory.gov/kansapedia/notable-kansans/16875","https://www.kansashistory.gov/kansapedia/notable-kansans/16875","Source assertion; no identity merge, place resolution or map activation.","people-dna-land; history-and-culture"
"kshistory-0013","kshistory","person","Nancy Landon Kassebaum","25 Notable Kansans (Kansas 150, 2011)","","","Index membership; Kansas relationship needs independent verification.","https://www.kansashistory.gov/kansapedia/notable-kansans/16875","https://www.kansashistory.gov/kansapedia/nancy-landon-kassebaum-baker/11972","Source assertion; no identity merge, place resolution or map activation.","people-dna-land; history-and-culture"
"kshistory-0031","kshistory","person","Nate McAlister","Governor Brownback's Blue Ribbon Panel for Kansas History","","","Selection-panel membership; not one of the 25 selected Notable Kansans.","https://www.kansashistory.gov/kansapedia/notable-kansans/16875","https://www.kansashistory.gov/kansapedia/notable-kansans/16875","Source assertion; no identity merge, place resolution or map activation.","people-dna-land; history-and-culture"
"kshistory-0037","kshistory","topic","Notable Kansas Events","Related event index","","","Related source index; its linked holdings have not been acquired.","https://www.kansashistory.gov/kansapedia/notable-kansans/16875","https://www.kansashistory.gov/kansapedia/notable-events-in-kansas-history/17385","Source assertion; no identity merge, place resolution or map activation.","people-dna-land; history-and-culture"
"kshistory-0005","kshistory","person","Samuel Crumbine","25 Notable Kansans (Kansas 150, 2011)","","","Index membership; Kansas relationship needs independent verification.","https://www.kansashistory.gov/kansapedia/notable-kansans/16875","https://www.kansashistory.gov/kansapedia/samuel-j-crumbine/12025","Source assertion; no identity merge, place resolution or map activation.","people-dna-land; history-and-culture"
"kshistory-0021","kshistory","person","Satanta","25 Notable Kansans (Kansas 150, 2011)","","","Index membership; Kansas relationship needs independent verification.","https://www.kansashistory.gov/kansapedia/notable-kansans/16875","https://www.kansashistory.gov/kansapedia/satanta/16881","Source assertion; no identity merge, place resolution or map activation.","people-dna-land; history-and-culture"
"kshistory-0004","kshistory","person","Walter Chrysler","25 Notable Kansans (Kansas 150, 2011)","","","Index membership; Kansas relationship needs independent verification.","https://www.kansashistory.gov/kansapedia/notable-kansans/16875","https://www.kansashistory.gov/kansapedia/walter-p-chrysler/12015","Source assertion; no identity merge, place resolution or map activation.","people-dna-land; history-and-culture"
"kshistory-0025","kshistory","person","William Allen White","25 Notable Kansans (Kansas 150, 2011)","","","Index membership; Kansas relationship needs independent verification.","https://www.kansashistory.gov/kansapedia/notable-kansans/16875","https://www.kansashistory.gov/kansapedia/william-allen-white/16139","Source assertion; no identity merge, place resolution or map activation.","people-dna-land; history-and-culture"
"legends-0085","legends","person","Aaron Douglas","Historic People of Kansas","1899-1979","Topeka","Index membership; Kansas relationship needs independent verification.","https://legendsofkansas.com/historic-people-of-kansas/","https://legendsofkansas.com/historic-people-of-kansas/","Source assertion; no identity merge, place resolution or map activation.  Biographical years are source labels, not a current living/deceased determination.","people-dna-land; history-and-culture"
"legends-0117","legends","person","Abner “Sharp” Grover","Historic People of Kansas","1825?-1869","","Index membership; Kansas relationship needs independent verification.","https://legendsofkansas.com/historic-people-of-kansas/","https://www.legendsofamerica.com/sharp-grover-frontier-scout/","Source assertion; no identity merge, place resolution or map activation.  Biographical years are source labels, not a current living/deceased determination.","people-dna-land; history-and-culture"
"legends-0039","legends","person","Abram B. Burnett","Historic People of Kansas","1811-1870","","Index membership; Kansas relationship needs independent verification.","https://legendsofkansas.com/historic-people-of-kansas/","https://legendsofkansas.com/abram-burnett/","Source assertion; no identity merge, place resolution or map activation.  Biographical years are source labels, not a current living/deceased determination.","people-dna-land; history-and-culture"
"legends-0239","legends","person","Albert T. Reid","Historic People of Kansas","1873-1958","","Index membership; Kansas relationship needs independent verification.","https://legendsofkansas.com/historic-people-of-kansas/","https://legendsofkansas.com/historic-people-of-kansas/","Source assertion; no identity merge, place resolution or map activation.  Biographical years are source labels, not a current living/deceased determination.","people-dna-land; history-and-culture"
"legends-0183","legends","person","Albin K. Longren","Historic People of Kansas","1882-1950","Topeka and Leonardville","Index membership; Kansas relationship needs independent verification.","https://legendsofkansas.com/historic-people-of-kansas/","https://legendsofkansas.com/historic-people-of-kansas/","Source assertion; no identity merge, place resolution or map activation.  Biographical years are source labels, not a current living/deceased determination.","people-dna-land; history-and-culture"
"legends-0096","legends","person","Alfred Fairfax","Historic People of Kansas","1840-??","Chautauqua County","Index membership; Kansas relationship needs independent verification.","https://legendsofkansas.com/historic-people-of-kansas/","https://legendsofkansas.com/alfred-fairfax/","Source assertion; no identity merge, place resolution or map activation.  Biographical years are source labels, not a current living/deceased determination.","people-dna-land; history-and-culture"
"legends-0111","legends","person","Alfred Gray","Historic People of Kansas","1830-1880","","Index membership; Kansas relationship needs independent verification.","https://legendsofkansas.com/historic-people-of-kansas/","https://legendsofkansas.com/historic-people-of-kansas/","Source assertion; no identity merge, place resolution or map activation.  Biographical years are source labels, not a current living/deceased determination.","people-dna-land; history-and-culture"
"legends-0171","legends","person","Alfred M. Landon","Historic People of Kansas","1887-1987","Independence and Topeka","Index membership; Kansas relationship needs independent verification.","https://legendsofkansas.com/historic-people-of-kansas/","https://legendsofkansas.com/historic-people-of-kansas/","Source assertion; no identity merge, place resolution or map activation.  Biographical years are source labels, not a current living/deceased determination.","people-dna-land; history-and-culture"
"legends-0228","legends","person","Allison J. Pliley","Historic People of Kansas","1844-1917","","Index membership; Kansas relationship needs independent verification.","https://legendsofkansas.com/historic-people-of-kansas/","https://legendsofkansas.com/allison-j-pliley/","Source assertion; no identity merge, place resolution or map activation.  Biographical years are source labels, not a current living/deceased determination.","people-dna-land; history-and-culture"
"legends-0086","legends","person","Alva Lease Duckwall","Historic People of Kansas","1877-1937","","Index membership; Kansas relationship needs independent verification.","https://legendsofkansas.com/historic-people-of-kansas/","https://legendsofkansas.com/historic-people-of-kansas/","Source assertion; no identity merge, place resolution or map activation.  Biographical years are source labels, not a current living/deceased determination.","people-dna-land; history-and-culture"
"legends-0162","legends","person","Alvin “Creepy” Karpis","Historic People of Kansas","1908-1979","","Index membership; Kansas relationship needs independent verification.","https://legendsofkansas.com/historic-people-of-kansas/","https://legendsofkansas.com/historic-people-of-kansas/","Source assertion; no identity merge, place resolution or map activation.  Biographical years are source labels, not a current living/deceased determination.","people-dna-land; history-and-culture"
"legends-0088","legends","person","Amelia Earhart","Historic People of Kansas","1897- 1937?","Atchison","Index membership; Kansas relationship needs independent verification.","https://legendsofkansas.com/historic-people-of-kansas/","https://legendsofkansas.com/historic-people-of-kansas/","Source assertion; no identity merge, place resolution or map activation.  Biographical years are source labels, not a current living/deceased determination.","people-dna-land; history-and-culture"
"legends-0174","legends","person","Amos Adams Lawrence","Historic People of Kansas","1814-1886","","Index membership; Kansas relationship needs independent verification.","https://legendsofkansas.com/historic-people-of-kansas/","https://legendsofkansas.com/amos-lawrence/","Source assertion; no identity merge, place resolution or map activation.  Biographical years are source labels, not a current living/deceased determination.","people-dna-land; history-and-culture"
"legends-0238","legends","person","Andrew Horatio Reeder","Historic People of Kansas","1807-1864","","Index membership; Kansas relationship needs independent verification.","https://legendsofkansas.com/historic-people-of-kansas/","https://legendsofkansas.com/andrew-reeder-governor/","Source assertion; no identity merge, place resolution or map activation.  Biographical years are source labels, not a current living/deceased determination.","people-dna-land; history-and-culture"
"legends-0009","legends","person","Andrew Jackson Anthony","Historic People of Kansas","1830-1919","","Index membership; Kansas relationship needs independent verification.","https://legendsofkansas.com/historic-people-of-kansas/","https://legendsofkansas.com/historic-people-of-kansas/","Source assertion; no identity merge, place resolution or map activation.  Biographical years are source labels, not a current living/deceased determination.","people-dna-land; history-and-culture"
"legends-0120","legends","person","Anna Marcet Haldeman-Julius","Historic People of Kansas","1887-1941","Girard","Index membership; Kansas relationship needs independent verification.","https://legendsofkansas.com/historic-people-of-kansas/","https://legendsofkansas.com/historic-people-of-kansas/","Source assertion; no identity merge, place resolution or map activation.  Biographical years are source labels, not a current living/deceased determination.","people-dna-land; history-and-culture"
"legends-0081","legends","person","Annie Le Porte Diggs","Historic People of Kansas","1853-1916","Lawrence","Index membership; Kansas relationship needs independent verification.","https://legendsofkansas.com/historic-people-of-kansas/","https://legendsofkansas.com/annie-diggs/","Source assertion; no identity merge, place resolution or map activation.  Biographical years are source labels, not a current living/deceased determination.","people-dna-land; history-and-culture"
"legends-0044","legends","person","Arthur Capper","Historic People of Kansas","1865-1951","","Index membership; Kansas relationship needs independent verification.","https://legendsofkansas.com/historic-people-of-kansas/","https://legendsofkansas.com/historic-people-of-kansas/","Source assertion; no identity merge, place resolution or map activation.  Biographical years are source labels, not a current living/deceased determination.","people-dna-land; history-and-culture"
"legends-0278","legends","person","Augustus Wattles","Historic People of Kansas","1807-1876","","Index membership; Kansas relationship needs independent verification.","https://legendsofkansas.com/historic-people-of-kansas/","https://legendsofkansas.com/augustus-wattles/","Source assertion; no identity merge, place resolution or map activation.  Biographical years are source labels, not a current living/deceased determination.","people-dna-land; history-and-culture"
"legends-0134","legends","person","Ben Hibbs","Historic People of Kansas","1901-1975","Pretty Prairie","Index membership; Kansas relationship needs independent verification.","https://legendsofkansas.com/historic-people-of-kansas/","https://legendsofkansas.com/historic-people-of-kansas/","Source assertion; no identity merge, place resolution or map activation.  Biographical years are source labels, not a current living/deceased determination.","people-dna-land; history-and-culture"
"legends-0261","legends","person","Benjamin F. Stringfellow","Historic People of Kansas","1816-1891","","Index membership; Kansas relationship needs independent verification.","https://legendsofkansas.com/historic-people-of-kansas/","https://legendsofkansas.com/benjamin-stringfellow/","Source assertion; no identity merge, place resolution or map activation.  Biographical years are source labels, not a current living/deceased determination.","people-dna-land; history-and-culture"
"legends-0080","legends","topic","Bennie and Stella Dickson","Historic People of Kansas","","","Related source index; its linked holdings have not been acquired.","https://legendsofkansas.com/historic-people-of-kansas/","https://www.legendsofamerica.com/bennie-stella-dickson/","Source assertion; no identity merge, place resolution or map activation.","people-dna-land; history-and-culture"
"legends-0244","legends","person","Bernard W. Rogers","Historic People of Kansas","1921-2008","Fairview","Index membership; Kansas relationship needs independent verification.","https://legendsofkansas.com/historic-people-of-kansas/","https://legendsofkansas.com/historic-people-of-kansas/","Source assertion; no identity merge, place resolution or map activation.  Biographical years are source labels, not a current living/deceased determination.","people-dna-land; history-and-culture"
"legends-0275","legends","person","Bernard Warkentin","Historic People of Kansas","1849-1908","","Index membership; Kansas relationship needs independent verification.","https://legendsofkansas.com/historic-people-of-kansas/","https://legendsofkansas.com/historic-people-of-kansas/","Source assertion; no identity merge, place resolution or map activation.  Biographical years are source labels, not a current living/deceased determination.","people-dna-land; history-and-culture"
"legends-0024","legends","person","Blackbear Bosin","Historic People of Kansas","1921-1980","","Index membership; Kansas relationship needs independent verification.","https://legendsofkansas.com/historic-people-of-kansas/","https://legendsofkansas.com/historic-people-of-kansas/","Source assertion; no identity merge, place resolution or map activation.  Biographical years are source labels, not a current living/deceased determination.","people-dna-land; history-and-culture"
"legends-0038","legends","person","Blanche K. Bruce","Historic People of Kansas","","","Index membership; Kansas relationship needs independent verification.","https://legendsofkansas.com/historic-people-of-kansas/","https://legendsofkansas.com/historic-people-of-kansas/","Source assertion; no identity merge, place resolution or map activation.","people-dna-land; history-and-culture"
"legends-0270","legends","person","Bradbury Thompson","Historic People of Kansas","1911-1995","Topeka","Index membership; Kansas relationship needs independent verification.","https://legendsofkansas.com/historic-people-of-kansas/","https://legendsofkansas.com/historic-people-of-kansas/","Source assertion; no identity merge, place resolution or map activation.  Biographical years are source labels, not a current living/deceased determination.","people-dna-land; history-and-culture"
"legends-0128","legends","person","Carl A. Hatch","Historic People of Kansas","1889-1963","Kirwin","Index membership; Kansas relationship needs independent verification.","https://legendsofkansas.com/historic-people-of-kansas/","https://legendsofkansas.com/historic-people-of-kansas/","Source assertion; no identity merge, place resolution or map activation.  Biographical years are source labels, not a current living/deceased determination.","people-dna-land; history-and-culture"
"legends-0215","legends","person","Carry A. Nation","Historic People of Kansas","1846 – 1911","Medicine Lodge","Index membership; Kansas relationship needs independent verification.","https://legendsofkansas.com/historic-people-of-kansas/","https://legendsofkansas.com/carry-nation/","Source assertion; no identity merge, place resolution or map activation.  Biographical years are source labels, not a current living/deceased determination.","people-dna-land; history-and-culture"
"legends-0122","legends","person","Charles A. Hamilton","Historic People of Kansas","","","Index membership; Kansas relationship needs independent verification.","https://legendsofkansas.com/historic-people-of-kansas/","https://legendsofkansas.com/charles-a-hamilton/","Source assertion; no identity merge, place resolution or map activation.","people-dna-land; history-and-culture"
"legends-0073","legends","person","Charles Curtis","Historic People of Kansas","1860-1939","","Index membership; Kansas relationship needs independent verification.","https://legendsofkansas.com/historic-people-of-kansas/","https://legendsofkansas.com/charles-curtis/","Source assertion; no identity merge, place resolution or map activation.  Biographical years are source labels, not a current living/deceased determination.","people-dna-land; history-and-culture"
"legends-0254","legends","person","Charles F. Scott","Historic People of Kansas","1860-1938","","Index membership; Kansas relationship needs independent verification.","https://legendsofkansas.com/historic-people-of-kansas/","https://legendsofkansas.com/charles-scott/","Source assertion; no identity merge, place resolution or map activation.  Biographical years are source labels, not a current living/deceased determination.","people-dna-land; history-and-culture"
"legends-0026","legends","person","Charles H. Branscomb","Historic People of Kansas","","","Index membership; Kansas relationship needs independent verification.","https://legendsofkansas.com/historic-people-of-kansas/","https://legendsofkansas.com/charles-h-branscomb/","Source assertion; no identity merge, place resolution or map activation.","people-dna-land; history-and-culture"
"legends-0288","legends","person","Charles H. Withington","Historic People of Kansas","1816-1881","","Index membership; Kansas relationship needs independent verification.","https://legendsofkansas.com/historic-people-of-kansas/","https://legendsofkansas.com/charles-withington/","Source assertion; no identity merge, place resolution or map activation.  Biographical years are source labels, not a current living/deceased determination.","people-dna-land; history-and-culture"
"legends-0159","legends","person","Charles J. “Buffalo” Jones","Historic People of Kansas","1844-1918","Garden City","Index membership; Kansas relationship needs independent verification.","https://legendsofkansas.com/historic-people-of-kansas/","https://legendsofkansas.com/historic-people-of-kansas/","Source assertion; no identity merge, place resolution or map activation.  Biographical years are source labels, not a current living/deceased determination.","people-dna-land; history-and-culture"
"legends-0053","legends","person","Charles Joseph Chaput","Historic People of Kansas","1944-present","","Index membership; Kansas relationship needs independent verification.","https://legendsofkansas.com/historic-people-of-kansas/","https://legendsofkansas.com/historic-people-of-kansas/","Source assertion; no identity merge, place resolution or map activation.  Biographical years are source labels, not a current living/deceased determination.","people-dna-land; history-and-culture"
"legends-0242","legends","person","Charles Lawrence Robinson","Historic People of Kansas","1818-1894","","Index membership; Kansas relationship needs independent verification.","https://legendsofkansas.com/historic-people-of-kansas/","http://www.legendsofkansas.com/charles-robinson/","Source assertion; no identity merge, place resolution or map activation.  Biographical years are source labels, not a current living/deceased determination.","people-dna-land; history-and-culture"
"legends-0153","legends","person","Charles Ransford Jennison","Historic People of Kansas","1834-1884","","Index membership; Kansas relationship needs independent verification.","https://legendsofkansas.com/historic-people-of-kansas/","https://legendsofkansas.com/charles-jennison/","Source assertion; no identity merge, place resolution or map activation.  Biographical years are source labels, not a current living/deceased determination.","people-dna-land; history-and-culture"
"legends-0236","legends","person","Charles Rath","Historic People of Kansas","1836-1902","","Index membership; Kansas relationship needs independent verification.","https://legendsofkansas.com/historic-people-of-kansas/","https://www.legendsofamerica.com/we-charlesrath/","Source assertion; no identity merge, place resolution or map activation.  Biographical years are source labels, not a current living/deceased determination.","people-dna-land; history-and-culture"
"legends-0240","legends","person","Charles Reynolds","Historic People of Kansas","1817-1885","","Index membership; Kansas relationship needs independent verification.","https://legendsofkansas.com/historic-people-of-kansas/","https://legendsofkansas.com/charles-reynolds/","Source assertion; no identity merge, place resolution or map activation.  Biographical years are source labels, not a current living/deceased determination.","people-dna-land; history-and-culture"
"legends-0017","legends","person","Charles “Charlie” C. Bassett","Historic People of Kansas","1847-1896","","Index membership; Kansas relationship needs independent verification.","https://legendsofkansas.com/historic-people-of-kansas/","https://www.legendsofamerica.com/charles-bassett/","Source assertion; no identity merge, place resolution or map activation.  Biographical years are source labels, not a current living/deceased determination.","people-dna-land; history-and-culture"
"legends-0008","legends","person","Charlie Angell, Sr.","Historic People of Kansas","1881-1927","","Index membership; Kansas relationship needs independent verification.","https://legendsofkansas.com/historic-people-of-kansas/","https://legendsofkansas.com/historic-people-of-kansas/","Source assertion; no identity merge, place resolution or map activation.  Biographical years are source labels, not a current living/deceased determination.","people-dna-land; history-and-culture"
"legends-0222","legends","person","Charlie “Yardbird” Parker","Historic People of Kansas","1920-1955","","Index membership; Kansas relationship needs independent verification.","https://legendsofkansas.com/historic-people-of-kansas/","https://legendsofkansas.com/historic-people-of-kansas/","Source assertion; no identity merge, place resolution or map activation.  Biographical years are source labels, not a current living/deceased determination.","people-dna-land; history-and-culture"
"legends-0137","legends","person","Christian Hoecken","Historic People of Kansas","??-1851","","Index membership; Kansas relationship needs independent verification.","https://legendsofkansas.com/historic-people-of-kansas/","https://legendsofkansas.com/christian-hoecken/","Source assertion; no identity merge, place resolution or map activation.  Biographical years are source labels, not a current living/deceased determination.","people-dna-land; history-and-culture"
"legends-0245","legends","person","Christian “Jim” Roper","Historic People of Kansas","1916-2000","Halstead","Index membership; Kansas relationship needs independent verification.","https://legendsofkansas.com/historic-people-of-kansas/","https://legendsofkansas.com/historic-people-of-kansas/","Source assertion; no identity merge, place resolution or map activation.  Biographical years are source labels, not a current living/deceased determination.","people-dna-land; history-and-culture"
"legends-0133","legends","person","Clara H. Hazelrigg","Historic People of Kansas","1859-??","","Index membership; Kansas relationship needs independent verification.","https://legendsofkansas.com/historic-people-of-kansas/","https://legendsofkansas.com/clara-h-hazelrigg/","Source assertion; no identity merge, place resolution or map activation.  Biographical years are source labels, not a current living/deceased determination.","people-dna-land; history-and-culture"
"legends-0018","legends","person","Clarence Batchelor","Historic People of Kansas","1888-1977","","Index membership; Kansas relationship needs independent verification.","https://legendsofkansas.com/historic-people-of-kansas/","https://legendsofkansas.com/historic-people-of-kansas/","Source assertion; no identity merge, place resolution or map activation.  Biographical years are source labels, not a current living/deceased determination.","people-dna-land; history-and-culture"
"legends-0216","legends","person","Clarina I. H. Nichols","Historic People of Kansas","1810-1885","","Index membership; Kansas relationship needs independent verification.","https://legendsofkansas.com/historic-people-of-kansas/","https://legendsofkansas.com/historic-people-of-kansas/","Source assertion; no identity merge, place resolution or map activation.  Biographical years are source labels, not a current living/deceased determination.","people-dna-land; history-and-culture"
"legends-0059","legends","person","Clark Clifford","Historic People of Kansas","1906-1998","Fort Scott","Index membership; Kansas relationship needs independent verification.","https://legendsofkansas.com/historic-people-of-kansas/","https://legendsofkansas.com/historic-people-of-kansas/","Source assertion; no identity merge, place resolution or map activation.  Biographical years are source labels, not a current living/deceased determination.","people-dna-land; history-and-culture"
"legends-0034","legends","person","Cleyson Brown","Historic People of Kansas","1872-1935","","Index membership; Kansas relationship needs independent verification.","https://legendsofkansas.com/historic-people-of-kansas/","https://legendsofkansas.com/historic-people-of-kansas/","Source assertion; no identity merge, place resolution or map activation.  Biographical years are source labels, not a current living/deceased determination.","people-dna-land; history-and-culture"
"legends-0052","legends","person","Clyde Cessna ( 1879-1954)","Historic People of Kansas","","","Index membership; Kansas relationship needs independent verification.","https://legendsofkansas.com/historic-people-of-kansas/","https://legendsofkansas.com/historic-people-of-kansas/","Source assertion; no identity merge, place resolution or map activation.","people-dna-land; history-and-culture"
"legends-0237","legends","person","Clyde M. Reed","Historic People of Kansas","","Parsons","Index membership; Kansas relationship needs independent verification.","https://legendsofkansas.com/historic-people-of-kansas/","https://legendsofkansas.com/historic-people-of-kansas/","Source assertion; no identity merge, place resolution or map activation.","people-dna-land; history-and-culture"
"legends-0272","legends","person","Clyde Tombaugh","Historic People of Kansas","1906-1997","Burdette","Index membership; Kansas relationship needs independent verification.","https://legendsofkansas.com/historic-people-of-kansas/","https://legendsofkansas.com/historic-people-of-kansas/","Source assertion; no identity merge, place resolution or map activation.  Biographical years are source labels, not a current living/deceased determination.","people-dna-land; history-and-culture"
"legends-0129","legends","person","Coleman Hawkins","Historic People of Kansas","1904-1969","Topeka","Index membership; Kansas relationship needs independent verification.","https://legendsofkansas.com/historic-people-of-kansas/","https://legendsofkansas.com/historic-people-of-kansas/","Source assertion; no identity merge, place resolution or map activation.  Biographical years are source labels, not a current living/deceased determination.","people-dna-land; history-and-culture"
"legends-0138","legends","person","Cyrus K. Holliday","Historic People of Kansas","1826-1900","","Index membership; Kansas relationship needs independent verification.","https://legendsofkansas.com/historic-people-of-kansas/","https://legendsofkansas.com/cyrus-k-holliday/","Source assertion; no identity merge, place resolution or map activation.  Biographical years are source labels, not a current living/deceased determination.","people-dna-land; history-and-culture"
"legends-0248","legends","person","Damon Runyon","Historic People of Kansas","1884-1946","Manhattan","Index membership; Kansas relationship needs independent verification.","https://legendsofkansas.com/historic-people-of-kansas/","https://legendsofkansas.com/historic-people-of-kansas/","Source assertion; no identity merge, place resolution or map activation.  Biographical years are source labels, not a current living/deceased determination.","people-dna-land; history-and-culture"
"legends-0010","legends","person","Daniel R. Anthony","Historic People of Kansas","1824-1904","","Index membership; Kansas relationship needs independent verification.","https://legendsofkansas.com/historic-people-of-kansas/","https://legendsofkansas.com/daniel-r-anthony/","Source assertion; no identity merge, place resolution or map activation.  Biographical years are source labels, not a current living/deceased determination.","people-dna-land; history-and-culture"
"legends-0011","legends","person","Daniel R. Anthony, Jr.","Historic People of Kansas","1870-1931","","Index membership; Kansas relationship needs independent verification.","https://legendsofkansas.com/historic-people-of-kansas/","https://legendsofkansas.com/daniel-r-anthony-jr/","Source assertion; no identity merge, place resolution or map activation.  Biographical years are source labels, not a current living/deceased determination.","people-dna-land; history-and-culture"
"legends-0287","legends","person","Daniel Webster Wilder","Historic People of Kansas","1832-1911","","Index membership; Kansas relationship needs independent verification.","https://legendsofkansas.com/historic-people-of-kansas/","https://legendsofkansas.com/daniel-wilder/","Source assertion; no identity merge, place resolution or map activation.  Biographical years are source labels, not a current living/deceased determination.","people-dna-land; history-and-culture"
"legends-0292","legends","person","Daniel Woodson","Historic People of Kansas","1824-1994","","Index membership; Kansas relationship needs independent verification.","https://legendsofkansas.com/historic-people-of-kansas/","https://legendsofkansas.com/daniel-woodson/","Source assertion; no identity merge, place resolution or map activation. source spelling date or link requires review Biographical years are source labels, not a current living/deceased determination.","people-dna-land; history-and-culture"
"legends-0028","legends","person","David J. Brewer","Historic People of Kansas","1837-1910","","Index membership; Kansas relationship needs independent verification.","https://legendsofkansas.com/historic-people-of-kansas/","https://legendsofkansas.com/david-j-brewer/","Source assertion; no identity merge, place resolution or map activation.  Biographical years are source labels, not a current living/deceased determination.","people-dna-land; history-and-culture"
"legends-0187","legends","person","David Lykins","Historic People of Kansas","1820?-1861","","Index membership; Kansas relationship needs independent verification.","https://legendsofkansas.com/historic-people-of-kansas/","https://legendsofkansas.com/david-lykins/","Source assertion; no identity merge, place resolution or map activation.  Biographical years are source labels, not a current living/deceased determination.","people-dna-land; history-and-culture"
"legends-0014","legends","person","David Rice Atchison","Historic People of Kansas","1807-1886","","Index membership; Kansas relationship needs independent verification.","https://legendsofkansas.com/historic-people-of-kansas/","https://legendsofkansas.com/david-rice-atchison/","Source assertion; no identity merge, place resolution or map activation.  Biographical years are source labels, not a current living/deceased determination.","people-dna-land; history-and-culture"
"legends-0141","legends","person","David Starr Hoyt","Historic People of Kansas","1821-1856","","Index membership; Kansas relationship needs independent verification.","https://legendsofkansas.com/historic-people-of-kansas/","https://legendsofkansas.com/david-hoyt/","Source assertion; no identity merge, place resolution or map activation.  Biographical years are source labels, not a current living/deceased determination.","people-dna-land; history-and-culture"
"legends-0097","legends","person","David W. Finney","Historic People of Kansas","1839-1916","","Index membership; Kansas relationship needs independent verification.","https://legendsofkansas.com/historic-people-of-kansas/","https://legendsofkansas.com/david-finney/","Source assertion; no identity merge, place resolution or map activation.  Biographical years are source labels, not a current living/deceased determination.","people-dna-land; history-and-culture"
"legends-0181","legends","person","Delano Lewis","Historic People of Kansas","1938-present","Topeka and Arkansas City","Index membership; Kansas relationship needs independent verification.","https://legendsofkansas.com/historic-people-of-kansas/","https://legendsofkansas.com/historic-people-of-kansas/","Source assertion; no identity merge, place resolution or map activation.  Biographical years are source labels, not a current living/deceased determination.","people-dna-land; history-and-culture"
"legends-0063","legends","person","Don Coldsmith ( 1926-present)","Historic People of Kansas","","","Index membership; Kansas relationship needs independent verification.","https://legendsofkansas.com/historic-people-of-kansas/","https://legendsofkansas.com/historic-people-of-kansas/","Source assertion; no identity merge, place resolution or map activation.","people-dna-land; history-and-culture"
"legends-0113","legends","person","Donald R. “Cannonball” Green","Historic People of Kansas","1839 – 1922","","Index membership; Kansas relationship needs independent verification.","https://legendsofkansas.com/historic-people-of-kansas/","https://legendsofkansas.com/cannonball-stage-route/","Source assertion; no identity merge, place resolution or map activation.  Biographical years are source labels, not a current living/deceased determination.","people-dna-land; history-and-culture"
"legends-0123","legends","person","Dora Hand, aka Fannie Keenan","Historic People of Kansas","1844?-1878","","Index membership; Kansas relationship needs independent verification.","https://legendsofkansas.com/historic-people-of-kansas/","https://www.legendsofamerica.com/dora-hand/","Source assertion; no identity merge, place resolution or map activation.  Biographical years are source labels, not a current living/deceased determination.","people-dna-land; history-and-culture"
"legends-0090","legends","person","Dwight D. Eisenhower","Historic People of Kansas","1890-1969","Abilene","Index membership; Kansas relationship needs independent verification.","https://legendsofkansas.com/historic-people-of-kansas/","https://legendsofkansas.com/historic-people-of-kansas/","Source assertion; no identity merge, place resolution or map activation.  Biographical years are source labels, not a current living/deceased determination.","people-dna-land; history-and-culture"
"legends-0170","legends","person","E. M. Laird","Historic People of Kansas","","Wichita","Index membership; Kansas relationship needs independent verification.","https://legendsofkansas.com/historic-people-of-kansas/","https://legendsofkansas.com/historic-people-of-kansas/","Source assertion; no identity merge, place resolution or map activation.","people-dna-land; history-and-culture"
"legends-0033","legends","person","Earl R. Browder ( 1891-1973)","Historic People of Kansas","","","Index membership; Kansas relationship needs independent verification.","https://legendsofkansas.com/historic-people-of-kansas/","https://legendsofkansas.com/historic-people-of-kansas/","Source assertion; no identity merge, place resolution or map activation.","people-dna-land; history-and-culture"
"legends-0264","legends","person","Earl Sutherland","Historic People of Kansas","1915-1974","Burlingame","Index membership; Kansas relationship needs independent verification.","https://legendsofkansas.com/historic-people-of-kansas/","https://legendsofkansas.com/historic-people-of-kansas/","Source assertion; no identity merge, place resolution or map activation.  Biographical years are source labels, not a current living/deceased determination.","people-dna-land; history-and-culture"
"legends-0199","legends","person","Edgar Lee Masters","Historic People of Kansas","1869-1950","Garnett","Index membership; Kansas relationship needs independent verification.","https://legendsofkansas.com/historic-people-of-kansas/","https://legendsofkansas.com/historic-people-of-kansas/","Source assertion; no identity merge, place resolution or map activation.  Biographical years are source labels, not a current living/deceased determination.","people-dna-land; history-and-culture"
"legends-0140","legends","person","Edgar Watson Howe","Historic People of Kansas","1853-1937","","Index membership; Kansas relationship needs independent verification.","https://legendsofkansas.com/historic-people-of-kansas/","https://legendsofkansas.com/historic-people-of-kansas/","Source assertion; no identity merge, place resolution or map activation.  Biographical years are source labels, not a current living/deceased determination.","people-dna-land; history-and-culture"
"legends-0247","legends","person","Edmund G. Ross","Historic People of Kansas","1826-1907","","Index membership; Kansas relationship needs independent verification.","https://legendsofkansas.com/historic-people-of-kansas/","https://legendsofkansas.com/edmund-ross/","Source assertion; no identity merge, place resolution or map activation.  Biographical years are source labels, not a current living/deceased determination.","people-dna-land; history-and-culture"
"legends-0212","legends","person","Edmund Needham Morrill","Historic People of Kansas","1834-1909","","Index membership; Kansas relationship needs independent verification.","https://legendsofkansas.com/historic-people-of-kansas/","https://legendsofkansas.com/edmund-morrill/","Source assertion; no identity merge, place resolution or map activation.  Biographical years are source labels, not a current living/deceased determination.","people-dna-land; history-and-culture"
"legends-0109","legends","person","Edward Grafstrom","Historic People of Kansas","1862-1906","","Index membership; Kansas relationship needs independent verification.","https://legendsofkansas.com/historic-people-of-kansas/","https://legendsofkansas.com/edward-grafstrom/","Source assertion; no identity merge, place resolution or map activation.  Biographical years are source labels, not a current living/deceased determination.","people-dna-land; history-and-culture"
"legends-0189","legends","person","Edward P. McCabe","Historic People of Kansas","1850-1923","","Index membership; Kansas relationship needs independent verification.","https://legendsofkansas.com/historic-people-of-kansas/","https://legendsofkansas.com/edward-mccabe/","Source assertion; no identity merge, place resolution or map activation.  Biographical years are source labels, not a current living/deceased determination.","people-dna-land; history-and-culture"
"legends-0136","legends","person","Edward W. Hoch","Historic People of Kansas","1849-1920","","Index membership; Kansas relationship needs independent verification.","https://legendsofkansas.com/historic-people-of-kansas/","https://legendsofkansas.com/edward-hoch/","Source assertion; no identity merge, place resolution or map activation.  Biographical years are source labels, not a current living/deceased determination.","people-dna-land; history-and-culture"
"legends-0283","legends","person","Edward Winslow Wellington","Historic People of Kansas","1853-19??","","Index membership; Kansas relationship needs independent verification.","https://legendsofkansas.com/historic-people-of-kansas/","https://legendsofkansas.com/edward-wellington/","Source assertion; no identity merge, place resolution or map activation.  Biographical years are source labels, not a current living/deceased determination.","people-dna-land; history-and-culture"
"legends-0003","legends","person","Edward “Eddie” J. Adams","Historic People of Kansas","1887-1921","","Index membership; Kansas relationship needs independent verification.","https://legendsofkansas.com/historic-people-of-kansas/","https://www.legendsofamerica.com/20th-eddieadams/","Source assertion; no identity merge, place resolution or map activation.  Biographical years are source labels, not a current living/deceased determination.","people-dna-land; history-and-culture"
"legends-0144","legends","person","Eleanor “Peggy” Goodnough Hull Deuell","Historic People of Kansas","1889-1967","","Index membership; Kansas relationship needs independent verification.","https://legendsofkansas.com/historic-people-of-kansas/","https://legendsofkansas.com/historic-people-of-kansas/","Source assertion; no identity merge, place resolution or map activation.  Biographical years are source labels, not a current living/deceased determination.","people-dna-land; history-and-culture"
"legends-0269","legends","person","Eli Thayer","Historic People of Kansas","1819-1899","","Index membership; Kansas relationship needs independent verification.","https://legendsofkansas.com/historic-people-of-kansas/","https://legendsofkansas.com/eli-thayer/","Source assertion; no identity merge, place resolution or map activation.  Biographical years are source labels, not a current living/deceased determination.","people-dna-land; history-and-culture"
"legends-0048","legends","person","Elizabeth Simerwell Carter","Historic People of Kansas","1835-1883","","Index membership; Kansas relationship needs independent verification.","https://legendsofkansas.com/historic-people-of-kansas/","https://legendsofkansas.com/elizabeth-simerwell-carter/","Source assertion; no identity merge, place resolution or map activation.  Biographical years are source labels, not a current living/deceased determination.","people-dna-land; history-and-culture"
"legends-0175","legends","person","Elizabeth “Grandma” Layton","Historic People of Kansas","1909-1993","Wellsville","Index membership; Kansas relationship needs independent verification.","https://legendsofkansas.com/historic-people-of-kansas/","https://legendsofkansas.com/historic-people-of-kansas/","Source assertion; no identity merge, place resolution or map activation.  Biographical years are source labels, not a current living/deceased determination.","people-dna-land; history-and-culture"
"legends-0119","legends","person","Emanuel Haldeman-Julius, aka Emanuel Julius","Historic People of Kansas","1889-1951","Girard","Index membership; Kansas relationship needs independent verification.","https://legendsofkansas.com/historic-people-of-kansas/","https://legendsofkansas.com/historic-people-of-kansas/","Source assertion; no identity merge, place resolution or map activation.  Biographical years are source labels, not a current living/deceased determination.","people-dna-land; history-and-culture"
"legends-0035","legends","person","Esther Brown ( 1917-1976)","Historic People of Kansas","","","Index membership; Kansas relationship needs independent verification.","https://legendsofkansas.com/historic-people-of-kansas/","https://legendsofkansas.com/historic-people-of-kansas/","Source assertion; no identity merge, place resolution or map activation.","people-dna-land; history-and-culture"
"legends-0280","legends","person","Esther Whinery Wattles","Historic People of Kansas","1819-1908","","Index membership; Kansas relationship needs independent verification.","https://legendsofkansas.com/historic-people-of-kansas/","https://legendsofkansas.com/historic-people-of-kansas/","Source assertion; no identity merge, place resolution or map activation.  Biographical years are source labels, not a current living/deceased determination.","people-dna-land; history-and-culture"
"legends-0277","legends","person","Eugene Fitch Ware","Historic People of Kansas","1841-1911","","Index membership; Kansas relationship needs independent verification.","https://legendsofkansas.com/historic-people-of-kansas/","https://legendsofkansas.com/eugene-fitch-ware/","Source assertion; no identity merge, place resolution or map activation.  Biographical years are source labels, not a current living/deceased determination.","people-dna-land; history-and-culture"
"legends-0154","legends","person","Eva Jessye","Historic People of Kansas","1895-1992","Coffeyville","Index membership; Kansas relationship needs independent verification.","https://legendsofkansas.com/historic-people-of-kansas/","https://legendsofkansas.com/historic-people-of-kansas/","Source assertion; no identity merge, place resolution or map activation.  Biographical years are source labels, not a current living/deceased determination.","people-dna-land; history-and-culture"
"legends-0258","legends","person","Francis Huntington Snow","Historic People of Kansas","1840-1908","","Index membership; Kansas relationship needs independent verification.","https://legendsofkansas.com/historic-people-of-kansas/","https://legendsofkansas.com/historic-people-of-kansas/","Source assertion; no identity merge, place resolution or map activation.  Biographical years are source labels, not a current living/deceased determination.","people-dna-land; history-and-culture"
"legends-0221","legends","person","Francisco Juan De Padilla","Historic People of Kansas","??-1542","","Index membership; Kansas relationship needs independent verification.","https://legendsofkansas.com/historic-people-of-kansas/","https://legendsofkansas.com/francisco-juan-de-padilla/","Source assertion; no identity merge, place resolution or map activation.  Biographical years are source labels, not a current living/deceased determination.","people-dna-land; history-and-culture"
"legends-0045","legends","person","Frank Carlson","Historic People of Kansas","1893-1987","Concordia","Index membership; Kansas relationship needs independent verification.","https://legendsofkansas.com/historic-people-of-kansas/","https://legendsofkansas.com/historic-people-of-kansas/","Source assertion; no identity merge, place resolution or map activation.  Biographical years are source labels, not a current living/deceased determination.","people-dna-land; history-and-culture"
"legends-0046","legends","person","Frank Carney","Historic People of Kansas","1938-present","","Index membership; Kansas relationship needs independent verification.","https://legendsofkansas.com/historic-people-of-kansas/","https://legendsofkansas.com/historic-people-of-kansas/","Source assertion; no identity merge, place resolution or map activation.  Biographical years are source labels, not a current living/deceased determination.","people-dna-land; history-and-culture"
"legends-0226","legends","person","Frank E. Peterson, Jr.","Historic People of Kansas","1932-present","Topeka","Index membership; Kansas relationship needs independent verification.","https://legendsofkansas.com/historic-people-of-kansas/","https://legendsofkansas.com/historic-people-of-kansas/","Source assertion; no identity merge, place resolution or map activation.  Biographical years are source labels, not a current living/deceased determination.","people-dna-land; history-and-culture"
"legends-0246","legends","person","Franklin Albert Root","Historic People of Kansas","1837-1926","","Index membership; Kansas relationship needs independent verification.","https://legendsofkansas.com/historic-people-of-kansas/","https://legendsofkansas.com/franklin-root/","Source assertion; no identity merge, place resolution or map activation.  Biographical years are source labels, not a current living/deceased determination.","people-dna-land; history-and-culture"
"legends-0002","legends","person","Franklin George Adams","Historic People of Kansas","1824-1899","","Index membership; Kansas relationship needs independent verification.","https://legendsofkansas.com/historic-people-of-kansas/","https://legendsofkansas.com/franklin-g-adams/","Source assertion; no identity merge, place resolution or map activation.  Biographical years are source labels, not a current living/deceased determination.","people-dna-land; history-and-culture"
"legends-0263","legends","person","Fred Andrew Stone","Historic People of Kansas","1873-1959","","Index membership; Kansas relationship needs independent verification.","https://legendsofkansas.com/historic-people-of-kansas/","https://legendsofkansas.com/historic-people-of-kansas/","Source assertion; no identity merge, place resolution or map activation.  Biographical years are source labels, not a current living/deceased determination.","people-dna-land; history-and-culture"
"legends-0126","legends","person","Fred Harvey","Historic People of Kansas","1835-1901","Leavenworth","Index membership; Kansas relationship needs independent verification.","https://legendsofkansas.com/historic-people-of-kansas/","https://legendsofkansas.com/historic-people-of-kansas/","Source assertion; no identity merge, place resolution or map activation.  Biographical years are source labels, not a current living/deceased determination.","people-dna-land; history-and-culture"
"legends-0099","legends","person","Frederick Funston","Historic People of Kansas","1865-1917","Iola","Index membership; Kansas relationship needs independent verification.","https://legendsofkansas.com/historic-people-of-kansas/","https://legendsofkansas.com/historic-people-of-kansas/","Source assertion; no identity merge, place resolution or map activation.  Biographical years are source labels, not a current living/deceased determination.","people-dna-land; history-and-culture"
"legends-0282","legends","person","Frederick Wellhouse","Historic People of Kansas","1828-1910","","Index membership; Kansas relationship needs independent verification.","https://legendsofkansas.com/historic-people-of-kansas/","https://legendsofkansas.com/historic-people-of-kansas/","Source assertion; no identity merge, place resolution or map activation.  Biographical years are source labels, not a current living/deceased determination.","people-dna-land; history-and-culture"
"legends-0101","legends","topic","Frontier Scouts of Kansas","Historic People of Kansas","","","Related source index; its linked holdings have not been acquired.","https://legendsofkansas.com/historic-people-of-kansas/","https://legendsofkansas.com/frontier-scouts/","Source assertion; no identity merge, place resolution or map activation.","people-dna-land; history-and-culture"
"legends-0105","legends","person","Fry W. Giles","Historic People of Kansas","1819-1898","","Index membership; Kansas relationship needs independent verification.","https://legendsofkansas.com/historic-people-of-kansas/","https://legendsofkansas.com/fry-giles/","Source assertion; no identity merge, place resolution or map activation.  Biographical years are source labels, not a current living/deceased determination.","people-dna-land; history-and-culture"
"legends-0069","legends","person","George A. Crawford","Historic People of Kansas","1827-1891","","Index membership; Kansas relationship needs independent verification.","https://legendsofkansas.com/historic-people-of-kansas/","https://legendsofkansas.com/george-crawford/","Source assertion; no identity merge, place resolution or map activation.  Biographical years are source labels, not a current living/deceased determination.","people-dna-land; history-and-culture"
"legends-0042","legends","person","George Campbell","Historic People of Kansas","1848-??","","Index membership; Kansas relationship needs independent verification.","https://legendsofkansas.com/historic-people-of-kansas/","https://legendsofkansas.com/george-campbell/","Source assertion; no identity merge, place resolution or map activation.  Biographical years are source labels, not a current living/deceased determination.","people-dna-land; history-and-culture"
"legends-0139","legends","person","George M. Hoover","Historic People of Kansas","1847-1914","","Index membership; Kansas relationship needs independent verification.","https://legendsofkansas.com/historic-people-of-kansas/","https://legendsofkansas.com/george-m-hoover/","Source assertion; no identity merge, place resolution or map activation.  Biographical years are source labels, not a current living/deceased determination.","people-dna-land; history-and-culture"
"legends-0013","legends","person","George Tobey Anthony","Historic People of Kansas","1824-1896","","Index membership; Kansas relationship needs independent verification.","https://legendsofkansas.com/historic-people-of-kansas/","https://legendsofkansas.com/george-tobey-anthony/","Source assertion; no identity merge, place resolution or map activation.  Biographical years are source labels, not a current living/deceased determination.","people-dna-land; history-and-culture"
"legends-0077","legends","person","George W. Deitzler","Historic People of Kansas","1826-1884","","Index membership; Kansas relationship needs independent verification.","https://legendsofkansas.com/historic-people-of-kansas/","https://legendsofkansas.com/george-deitzler/","Source assertion; no identity merge, place resolution or map activation.  Biographical years are source labels, not a current living/deceased determination.","people-dna-land; history-and-culture"
"legends-0106","legends","person","George W. Glick","Historic People of Kansas","1827-1911","","Index membership; Kansas relationship needs independent verification.","https://legendsofkansas.com/historic-people-of-kansas/","https://legendsofkansas.com/george-glick/","Source assertion; no identity merge, place resolution or map activation.  Biographical years are source labels, not a current living/deceased determination.","people-dna-land; history-and-culture"
"legends-0049","legends","person","George Washington Carver","Historic People of Kansas","1864-1943","","Index membership; Kansas relationship needs independent verification.","https://legendsofkansas.com/historic-people-of-kansas/","https://legendsofkansas.com/historic-people-of-kansas/","Source assertion; no identity merge, place resolution or map activation.  Biographical years are source labels, not a current living/deceased determination.","people-dna-land; history-and-culture"
"legends-0057","legends","person","George Washington Clarke","Historic People of Kansas","","","Index membership; Kansas relationship needs independent verification.","https://legendsofkansas.com/historic-people-of-kansas/","https://legendsofkansas.com/george-washington-clarke/","Source assertion; no identity merge, place resolution or map activation.","people-dna-land; history-and-culture"
"legends-0112","legends","person","Georgia Neese Clark Gray","Historic People of Kansas","1900-1995","Richland","Index membership; Kansas relationship needs independent verification.","https://legendsofkansas.com/historic-people-of-kansas/","https://legendsofkansas.com/historic-people-of-kansas/","Source assertion; no identity merge, place resolution or map activation.  Biographical years are source labels, not a current living/deceased determination.","people-dna-land; history-and-culture"
"legends-0289","legends","person","Gerald Burton Winrod","Historic People of Kansas","1900-1957","","Index membership; Kansas relationship needs independent verification.","https://legendsofkansas.com/historic-people-of-kansas/","https://legendsofkansas.com/historic-people-of-kansas/","Source assertion; no identity merge, place resolution or map activation.  Biographical years are source labels, not a current living/deceased determination.","people-dna-land; history-and-culture"
"legends-0031","legends","person","Gwendolyn Brooks","Historic People of Kansas","1917-2000","","Index membership; Kansas relationship needs independent verification.","https://legendsofkansas.com/historic-people-of-kansas/","https://legendsofkansas.com/historic-people-of-kansas/","Source assertion; no identity merge, place resolution or map activation.  Biographical years are source labels, not a current living/deceased determination.","people-dna-land; history-and-culture"
"legends-0021","legends","person","Hamilton Butler Bell","Historic People of Kansas","1853-1947","","Index membership; Kansas relationship needs independent verification.","https://legendsofkansas.com/historic-people-of-kansas/","https://www.legendsofamerica.com/ks-hambell/","Source assertion; no identity merge, place resolution or map activation.  Biographical years are source labels, not a current living/deceased determination.","people-dna-land; history-and-culture"
"legends-0208","legends","person","Harriet Earhart Monroe","Historic People of Kansas","1842-1927","","Index membership; Kansas relationship needs independent verification.","https://legendsofkansas.com/historic-people-of-kansas/","https://legendsofkansas.com/harriet-monroe/","Source assertion; no identity merge, place resolution or map activation.  Biographical years are source labels, not a current living/deceased determination.","people-dna-land; history-and-culture"
"legends-0165","legends","person","Harrison Kelley","Historic People of Kansas","1836-1897","","Index membership; Kansas relationship needs independent verification.","https://legendsofkansas.com/historic-people-of-kansas/","https://legendsofkansas.com/harrison-kelley/","Source assertion; no identity merge, place resolution or map activation.  Biographical years are source labels, not a current living/deceased determination.","people-dna-land; history-and-culture"
"legends-0291","legends","person","Harry Hines Woodring","Historic People of Kansas","1887-1967","Elk City","Index membership; Kansas relationship needs independent verification.","https://legendsofkansas.com/historic-people-of-kansas/","https://legendsofkansas.com/historic-people-of-kansas/","Source assertion; no identity merge, place resolution or map activation.  Biographical years are source labels, not a current living/deceased determination.","people-dna-land; history-and-culture"
"legends-0223","legends","person","Henry Clay Pate","Historic People of Kansas","18??-1864","","Index membership; Kansas relationship needs independent verification.","https://legendsofkansas.com/historic-people-of-kansas/","https://legendsofkansas.com/henry-clay-pate/","Source assertion; no identity merge, place resolution or map activation.  Biographical years are source labels, not a current living/deceased determination.","people-dna-land; history-and-culture"
"legends-0149","legends","person","Henry Inman","Historic People of Kansas","1837-1899","","Index membership; Kansas relationship needs independent verification.","https://legendsofkansas.com/historic-people-of-kansas/","https://legendsofkansas.com/henry-inman/","Source assertion; no identity merge, place resolution or map activation.  Biographical years are source labels, not a current living/deceased determination.","people-dna-land; history-and-culture"
"legends-0004","legends","person","Henry J. Adams","Historic People of Kansas","1816-1870","","Index membership; Kansas relationship needs independent verification.","https://legendsofkansas.com/historic-people-of-kansas/","https://legendsofkansas.com/henry-j-adams/","Source assertion; no identity merge, place resolution or map activation.  Biographical years are source labels, not a current living/deceased determination.","people-dna-land; history-and-culture"
"legends-0005","legends","person","Henry J. Allen","Historic People of Kansas","1868-1950","","Index membership; Kansas relationship needs independent verification.","https://legendsofkansas.com/historic-people-of-kansas/","https://legendsofkansas.com/historic-people-of-kansas/","Source assertion; no identity merge, place resolution or map activation.  Biographical years are source labels, not a current living/deceased determination.","people-dna-land; history-and-culture"
"legends-0210","legends","person","Henry Miles Moore","Historic People of Kansas","1826-1909","","Index membership; Kansas relationship needs independent verification.","https://legendsofkansas.com/historic-people-of-kansas/","https://legendsofkansas.com/henry-miles-moore/","Source assertion; no identity merge, place resolution or map activation.  Biographical years are source labels, not a current living/deceased determination.","people-dna-land; history-and-culture"
"legends-0036","legends","person","Henry Newton Brown","Historic People of Kansas","1857-1884","","Index membership; Kansas relationship needs independent verification.","https://legendsofkansas.com/historic-people-of-kansas/","https://www.legendsofamerica.com/we-henrynewtonbrown/","Source assertion; no identity merge, place resolution or map activation.  Biographical years are source labels, not a current living/deceased determination.","people-dna-land; history-and-culture"
"legends-0271","legends","person","Henry Theodore Titus","Historic People of Kansas","1823-1881","","Index membership; Kansas relationship needs independent verification.","https://legendsofkansas.com/historic-people-of-kansas/","https://legendsofkansas.com/henry-titus/","Source assertion; no identity merge, place resolution or map activation.  Biographical years are source labels, not a current living/deceased determination.","people-dna-land; history-and-culture"
"legends-0293","legends","person","Henry Worrall","Historic People of Kansas","1825-1902","","Index membership; Kansas relationship needs independent verification.","https://legendsofkansas.com/historic-people-of-kansas/","https://legendsofkansas.com/henry-worrall/","Source assertion; no identity merge, place resolution or map activation.  Biographical years are source labels, not a current living/deceased determination.","people-dna-land; history-and-culture"
"legends-0211","legends","person","Horace L. Moore","Historic People of Kansas","1837-1914","Lawrence","Index membership; Kansas relationship needs independent verification.","https://legendsofkansas.com/historic-people-of-kansas/","https://legendsofkansas.com/horace-moore/","Source assertion; no identity merge, place resolution or map activation.  Biographical years are source labels, not a current living/deceased determination.","people-dna-land; history-and-culture"
"legends-0276","legends","person","Hugh Sleight Walsh","Historic People of Kansas","1810-1877","","Index membership; Kansas relationship needs independent verification.","https://legendsofkansas.com/historic-people-of-kansas/","https://legendsofkansas.com/hugh-sleight-walsh/","Source assertion; no identity merge, place resolution or map activation.  Biographical years are source labels, not a current living/deceased determination.","people-dna-land; history-and-culture"
"legends-0192","legends","person","Isaac McCoy","Historic People of Kansas","1784-1846","","Index membership; Kansas relationship needs independent verification.","https://legendsofkansas.com/historic-people-of-kansas/","https://legendsofkansas.com/isaac-mccoy/","Source assertion; no identity merge, place resolution or map activation.  Biographical years are source labels, not a current living/deceased determination.","people-dna-land; history-and-culture"
"legends-0108","legends","person","Isaac T. Goodnow","Historic People of Kansas","1814-1894","Manhattan","Index membership; Kansas relationship needs independent verification.","https://legendsofkansas.com/historic-people-of-kansas/","https://legendsofkansas.com/historic-people-of-kansas/","Source assertion; no identity merge, place resolution or map activation.  Biographical years are source labels, not a current living/deceased determination.","people-dna-land; history-and-culture"
"legends-0084","legends","person","Israel B. Donalson","Historic People of Kansas","1797-1895","","Index membership; Kansas relationship needs independent verification.","https://legendsofkansas.com/historic-people-of-kansas/","https://legendsofkansas.com/israel-donalson/","Source assertion; no identity merge, place resolution or map activation.  Biographical years are source labels, not a current living/deceased determination.","people-dna-land; history-and-culture"
"legends-0076","legends","person","J. H. Defouri","Historic People of Kansas","1830-??","","Index membership; Kansas relationship needs independent verification.","https://legendsofkansas.com/historic-people-of-kansas/","https://legendsofkansas.com/father-defouri/","Source assertion; no identity merge, place resolution or map activation.  Biographical years are source labels, not a current living/deceased determination.","people-dna-land; history-and-culture"
"legends-0027","legends","person","Jacob Branson","Historic People of Kansas","","","Index membership; Kansas relationship needs independent verification.","https://legendsofkansas.com/historic-people-of-kansas/","https://legendsofkansas.com/jacob-branson/","Source assertion; no identity merge, place resolution or map activation.","people-dna-land; history-and-culture"
"legends-0043","legends","person","Jacob Cantrell","Historic People of Kansas","18??-1856","","Index membership; Kansas relationship needs independent verification.","https://legendsofkansas.com/historic-people-of-kansas/","https://legendsofkansas.com/jacob-cantrell/","Source assertion; no identity merge, place resolution or map activation.  Biographical years are source labels, not a current living/deceased determination.","people-dna-land; history-and-culture"
"legends-0001","legends","person","James B. Abbott","Historic People of Kansas","1818-1879","","Index membership; Kansas relationship needs independent verification.","https://legendsofkansas.com/historic-people-of-kansas/","https://legendsofkansas.com/james-b-abbott/","Source assertion; no identity merge, place resolution or map activation.  Biographical years are source labels, not a current living/deceased determination.","people-dna-land; history-and-culture"
"legends-0135","legends","person","James Butler “Wild Bill” Hickok","Historic People of Kansas","1837-1876","","Index membership; Kansas relationship needs independent verification.","https://legendsofkansas.com/historic-people-of-kansas/","https://www.legendsofamerica.com/we-billhickok/","Source assertion; no identity merge, place resolution or map activation.  Biographical years are source labels, not a current living/deceased determination.","people-dna-land; history-and-culture"
"legends-0023","legends","person","James G. Blunt","Historic People of Kansas","1826-1881","","Index membership; Kansas relationship needs independent verification.","https://legendsofkansas.com/historic-people-of-kansas/","https://legendsofkansas.com/james-g-blunt/","Source assertion; no identity merge, place resolution or map activation.  Biographical years are source labels, not a current living/deceased determination.","people-dna-land; history-and-culture"
"legends-0166","legends","person","James H. “Dog” Kelley","Historic People of Kansas","1834-1912","","Index membership; Kansas relationship needs independent verification.","https://legendsofkansas.com/historic-people-of-kansas/","https://legendsofkansas.com/james-h-kelley/","Source assertion; no identity merge, place resolution or map activation.  Biographical years are source labels, not a current living/deceased determination.","people-dna-land; history-and-culture"
"legends-0172","legends","person","James Henry Lane, aka: “The Grim Chieftain,” Bloody Jim","Historic People of Kansas","1814-1866","","Index membership; Kansas relationship needs independent verification.","https://legendsofkansas.com/historic-people-of-kansas/","https://www.legendsofamerica.com/ks-jameslane/","Source assertion; no identity merge, place resolution or map activation.  Biographical years are source labels, not a current living/deceased determination.","people-dna-land; history-and-culture"
"legends-0143","legends","person","James Langston Hughes","Historic People of Kansas","1902-1967","","Index membership; Kansas relationship needs independent verification.","https://legendsofkansas.com/historic-people-of-kansas/","https://legendsofkansas.com/historic-people-of-kansas/","Source assertion; no identity merge, place resolution or map activation.  Biographical years are source labels, not a current living/deceased determination.","people-dna-land; history-and-culture"
"legends-0127","legends","person","James Madison Harvey","Historic People of Kansas","1833-1894","","Index membership; Kansas relationship needs independent verification.","https://legendsofkansas.com/historic-people-of-kansas/","https://legendsofkansas.com/james-madison-harvey/","Source assertion; no identity merge, place resolution or map activation.  Biographical years are source labels, not a current living/deceased determination.","people-dna-land; history-and-culture"
"legends-0209","legends","person","James Montgomery","Historic People of Kansas","1814-1871","","Index membership; Kansas relationship needs independent verification.","https://legendsofkansas.com/historic-people-of-kansas/","https://www.legendsofamerica.com/james-montgomery/","Source assertion; no identity merge, place resolution or map activation.  Biographical years are source labels, not a current living/deceased determination.","people-dna-land; history-and-culture"
"legends-0214","legends","person","James Naismith","Historic People of Kansas","1861-1939","Lawrence","Index membership; Kansas relationship needs independent verification.","https://legendsofkansas.com/historic-people-of-kansas/","https://legendsofkansas.com/historic-people-of-kansas/","Source assertion; no identity merge, place resolution or map activation.  Biographical years are source labels, not a current living/deceased determination.","people-dna-land; history-and-culture"
"legends-0079","legends","person","James William Denver","Historic People of Kansas","1817-1894","","Index membership; Kansas relationship needs independent verification.","https://legendsofkansas.com/historic-people-of-kansas/","https://legendsofkansas.com/james-denver/","Source assertion; no identity merge, place resolution or map activation.  Biographical years are source labels, not a current living/deceased determination.","people-dna-land; history-and-culture"
"legends-0110","legends","person","Jane Grant","Historic People of Kansas","1892-1972","","Index membership; Kansas relationship needs independent verification.","https://legendsofkansas.com/historic-people-of-kansas/","https://legendsofkansas.com/historic-people-of-kansas/","Source assertion; no identity merge, place resolution or map activation.  Biographical years are source labels, not a current living/deceased determination.","people-dna-land; history-and-culture"
"legends-0152","legends","topic","Jayhawkers","Historic People of Kansas","","","Related source index; its linked holdings have not been acquired.","https://legendsofkansas.com/historic-people-of-kansas/","https://www.legendsofamerica.com/kansas-jayhawkers/","Source assertion; no identity merge, place resolution or map activation.","people-dna-land; history-and-culture"
"legends-0249","legends","person","Jim Ryun","Historic People of Kansas","1947-present","Wichita","Index membership; Kansas relationship needs independent verification.","https://legendsofkansas.com/historic-people-of-kansas/","https://legendsofkansas.com/historic-people-of-kansas/","Source assertion; no identity merge, place resolution or map activation.  Biographical years are source labels, not a current living/deceased determination.","people-dna-land; history-and-culture"
"legends-0098","legends","person","Joan Finney","Historic People of Kansas","1925-2001","","Index membership; Kansas relationship needs independent verification.","https://legendsofkansas.com/historic-people-of-kansas/","https://legendsofkansas.com/historic-people-of-kansas/","Source assertion; no identity merge, place resolution or map activation.  Biographical years are source labels, not a current living/deceased determination.","people-dna-land; history-and-culture"
"legends-0093","legends","person","Joe Engle","Historic People of Kansas","1932-present","","Index membership; Kansas relationship needs independent verification.","https://legendsofkansas.com/historic-people-of-kansas/","https://legendsofkansas.com/historic-people-of-kansas/","Source assertion; no identity merge, place resolution or map activation.  Biographical years are source labels, not a current living/deceased determination.","people-dna-land; history-and-culture"
"legends-0121","legends","person","John A. Halderman","Historic People of Kansas","1833?-1908","","Index membership; Kansas relationship needs independent verification.","https://legendsofkansas.com/historic-people-of-kansas/","https://legendsofkansas.com/john-a-halderman/","Source assertion; no identity merge, place resolution or map activation.  Biographical years are source labels, not a current living/deceased determination.","people-dna-land; history-and-culture"
"legends-0006","legends","person","John Alexander Anderson","Historic People of Kansas","1834-1892","","Index membership; Kansas relationship needs independent verification.","https://legendsofkansas.com/historic-people-of-kansas/","https://legendsofkansas.com/john-a-anderson/","Source assertion; no identity merge, place resolution or map activation.  Biographical years are source labels, not a current living/deceased determination.","people-dna-land; history-and-culture"
"legends-0197","legends","person","John Alexander Martin","Historic People of Kansas","1839-1889","","Index membership; Kansas relationship needs independent verification.","https://legendsofkansas.com/historic-people-of-kansas/","https://legendsofkansas.com/john-alexander-martin/","Source assertion; no identity merge, place resolution or map activation.  Biographical years are source labels, not a current living/deceased determination.","people-dna-land; history-and-culture"
"legends-0037","legends","person","John Brown","Historic People of Kansas","1800-1859","","Index membership; Kansas relationship needs independent verification.","https://legendsofkansas.com/historic-people-of-kansas/","https://www.legendsofamerica.com/ks-johnbrown/","Source assertion; no identity merge, place resolution or map activation.  Biographical years are source labels, not a current living/deceased determination.","people-dna-land; history-and-culture"
"legends-0041","legends","person","John Calhoun","Historic People of Kansas","1806-1859","","Index membership; Kansas relationship needs independent verification.","https://legendsofkansas.com/historic-people-of-kansas/","https://legendsofkansas.com/john-calhoun/","Source assertion; no identity merge, place resolution or map activation.  Biographical years are source labels, not a current living/deceased determination.","people-dna-land; history-and-culture"
"legends-0100","legends","person","John Charles Fremont","Historic People of Kansas","1813-1890","","Index membership; Kansas relationship needs independent verification.","https://legendsofkansas.com/historic-people-of-kansas/","https://www.legendsofamerica.com/john-fremont/","Source assertion; no identity merge, place resolution or map activation.  Biographical years are source labels, not a current living/deceased determination.","people-dna-land; history-and-culture"
"legends-0074","legends","person","John Davis","Historic People of Kansas","1820-1901","","Index membership; Kansas relationship needs independent verification.","https://legendsofkansas.com/historic-people-of-kansas/","https://legendsofkansas.com/john-davis/","Source assertion; no identity merge, place resolution or map activation.  Biographical years are source labels, not a current living/deceased determination.","people-dna-land; history-and-culture"
"legends-0087","legends","person","John Dunbar","Historic People of Kansas","1804-1857","","Index membership; Kansas relationship needs independent verification.","https://legendsofkansas.com/historic-people-of-kansas/","https://legendsofkansas.com/john-dunbar/","Source assertion; no identity merge, place resolution or map activation.  Biographical years are source labels, not a current living/deceased determination.","people-dna-land; history-and-culture"
"legends-0220","legends","person","John Grant Otis","Historic People of Kansas","1838-1916","","Index membership; Kansas relationship needs independent verification.","https://legendsofkansas.com/historic-people-of-kansas/","https://legendsofkansas.com/john-otis/","Source assertion; no identity merge, place resolution or map activation.  Biographical years are source labels, not a current living/deceased determination.","people-dna-land; history-and-culture"
"legends-0262","legends","person","John H. Stringfellow","Historic People of Kansas","1819-1905","","Index membership; Kansas relationship needs independent verification.","https://legendsofkansas.com/historic-people-of-kansas/","https://legendsofkansas.com/john-stringfellow/","Source assertion; no identity merge, place resolution or map activation.  Biographical years are source labels, not a current living/deceased determination.","people-dna-land; history-and-culture"
"legends-0147","legends","person","John James Ingalls ( 1833-1900)","Historic People of Kansas","","Atchison","Index membership; Kansas relationship needs independent verification.","https://legendsofkansas.com/historic-people-of-kansas/","https://legendsofkansas.com/historic-people-of-kansas/","Source assertion; no identity merge, place resolution or map activation.","people-dna-land; history-and-culture"
"legends-0274","legends","person","John Lewis Waller","Historic People of Kansas","1850-1907","Lawrence","Index membership; Kansas relationship needs independent verification.","https://legendsofkansas.com/historic-people-of-kansas/","https://legendsofkansas.com/historic-people-of-kansas/","Source assertion; no identity merge, place resolution or map activation.  Biographical years are source labels, not a current living/deceased determination.","people-dna-land; history-and-culture"
"legends-0279","legends","person","John Otis Wattles","Historic People of Kansas","1809-1859","","Index membership; Kansas relationship needs independent verification.","https://legendsofkansas.com/historic-people-of-kansas/","https://legendsofkansas.com/historic-people-of-kansas/","Source assertion; no identity merge, place resolution or map activation.  Biographical years are source labels, not a current living/deceased determination.","people-dna-land; history-and-culture"
"legends-0250","legends","person","John P. St. John","Historic People of Kansas","1833-1916","Olathe","Index membership; Kansas relationship needs independent verification.","https://legendsofkansas.com/historic-people-of-kansas/","https://legendsofkansas.com/governor-john-pierce-st-john/","Source assertion; no identity merge, place resolution or map activation.  Biographical years are source labels, not a current living/deceased determination.","people-dna-land; history-and-culture"
"legends-0227","legends","person","John Pettit","Historic People of Kansas","1807-1877","","Index membership; Kansas relationship needs independent verification.","https://legendsofkansas.com/historic-people-of-kansas/","https://legendsofkansas.com/john-pettit-chief-justice/","Source assertion; no identity merge, place resolution or map activation.  Biographical years are source labels, not a current living/deceased determination.","people-dna-land; history-and-culture"
"legends-0259","legends","person","John Pierce St. John","Historic People of Kansas","1833-1916","","Index membership; Kansas relationship needs independent verification.","https://legendsofkansas.com/historic-people-of-kansas/","https://legendsofkansas.com/governor-john-pierce-st-john/","Source assertion; no identity merge, place resolution or map activation.  Biographical years are source labels, not a current living/deceased determination.","people-dna-land; history-and-culture"
"legends-0029","legends","person","John R. “Doc” Brinkley ( 1885-1942)","Historic People of Kansas","","","Index membership; Kansas relationship needs independent verification.","https://legendsofkansas.com/historic-people-of-kansas/","https://legendsofkansas.com/historic-people-of-kansas/","Source assertion; no identity merge, place resolution or map activation.","people-dna-land; history-and-culture"
"legends-0072","legends","person","John Steuart Curry","Historic People of Kansas","1897-1946","Jefferson County","Index membership; Kansas relationship needs independent verification.","https://legendsofkansas.com/historic-people-of-kansas/","https://legendsofkansas.com/historic-people-of-kansas/","Source assertion; no identity merge, place resolution or map activation. source spelling date or link requires review Biographical years are source labels, not a current living/deceased determination.","people-dna-land; history-and-culture"
"legends-0179","legends","person","John W. Leedy","Historic People of Kansas","1849-1935","","Index membership; Kansas relationship needs independent verification.","https://legendsofkansas.com/historic-people-of-kansas/","https://legendsofkansas.com/john-leedy/","Source assertion; no identity merge, place resolution or map activation.  Biographical years are source labels, not a current living/deceased determination.","people-dna-land; history-and-culture"
"legends-0286","legends","person","John W. Whitfield","Historic People of Kansas","1818-1879","","Index membership; Kansas relationship needs independent verification.","https://legendsofkansas.com/historic-people-of-kansas/","https://legendsofkansas.com/john-whitfield/","Source assertion; no identity merge, place resolution or map activation.  Biographical years are source labels, not a current living/deceased determination.","people-dna-land; history-and-culture"
"legends-0104","legends","person","John White Geary","Historic People of Kansas","1819-1873","","Index membership; Kansas relationship needs independent verification.","https://legendsofkansas.com/historic-people-of-kansas/","https://legendsofkansas.com/john-geary-governor/","Source assertion; no identity merge, place resolution or map activation.  Biographical years are source labels, not a current living/deceased determination.","people-dna-land; history-and-culture"
"legends-0193","legends","person","Joseph G. McCoy","Historic People of Kansas","1837-1915","","Index membership; Kansas relationship needs independent verification.","https://legendsofkansas.com/historic-people-of-kansas/","https://www.legendsofamerica.com/we-josephmccoy/","Source assertion; no identity merge, place resolution or map activation.  Biographical years are source labels, not a current living/deceased determination.","people-dna-land; history-and-culture"
"legends-0030","legends","person","Joseph L. Bristow","Historic People of Kansas","1861-1944","","Index membership; Kansas relationship needs independent verification.","https://legendsofkansas.com/historic-people-of-kansas/","https://legendsofkansas.com/joseph-bristow/","Source assertion; no identity merge, place resolution or map activation.  Biographical years are source labels, not a current living/deceased determination.","people-dna-land; history-and-culture"
"legends-0186","legends","person","Joseph “Rowdy Joe” Lowe","Historic People of Kansas","1845-1899","","Index membership; Kansas relationship needs independent verification.","https://legendsofkansas.com/historic-people-of-kansas/","https://www.legendsofamerica.com/joseph-rowdy-joe-lowe/","Source assertion; no identity merge, place resolution or map activation.  Biographical years are source labels, not a current living/deceased determination.","people-dna-land; history-and-culture"
"legends-0205","legends","person","Josiah Miller","Historic People of Kansas","1828-1870","","Index membership; Kansas relationship needs independent verification.","https://legendsofkansas.com/historic-people-of-kansas/","https://legendsofkansas.com/josiah-miller/","Source assertion; no identity merge, place resolution or map activation.  Biographical years are source labels, not a current living/deceased determination.","people-dna-land; history-and-culture"
"legends-0203","legends","person","Jotham Meeker","Historic People of Kansas","1804-1855","","Index membership; Kansas relationship needs independent verification.","https://legendsofkansas.com/historic-people-of-kansas/","https://legendsofkansas.com/jotham-meeker/","Source assertion; no identity merge, place resolution or map activation.  Biographical years are source labels, not a current living/deceased determination.","people-dna-land; history-and-culture"
"legends-0151","legends","person","Juan Jaramillo","Historic People of Kansas","","","Index membership; Kansas relationship needs independent verification.","https://legendsofkansas.com/historic-people-of-kansas/","https://legendsofkansas.com/juan-jaramillo/","Source assertion; no identity merge, place resolution or map activation.","people-dna-land; history-and-culture"
"legends-0185","legends","person","Julia Louisa Lovejoy","Historic People of Kansas","1812-1882","","Index membership; Kansas relationship needs independent verification.","https://legendsofkansas.com/historic-people-of-kansas/","https://legendsofkansas.com/historic-people-of-kansas/","Source assertion; no identity merge, place resolution or map activation.  Biographical years are source labels, not a current living/deceased determination.","people-dna-land; history-and-culture"
"legends-0281","legends","person","Julius Augustus Wayland","Historic People of Kansas","1854-1912","","Index membership; Kansas relationship needs independent verification.","https://legendsofkansas.com/historic-people-of-kansas/","https://legendsofkansas.com/historic-people-of-kansas/","Source assertion; no identity merge, place resolution or map activation.  Biographical years are source labels, not a current living/deceased determination.","people-dna-land; history-and-culture"
"legends-0118","legends","person","Junius George Groves","Historic People of Kansas","1859-1925","","Index membership; Kansas relationship needs independent verification.","https://legendsofkansas.com/historic-people-of-kansas/","https://legendsofkansas.com/junius-george-groves/","Source assertion; no identity merge, place resolution or map activation.  Biographical years are source labels, not a current living/deceased determination.","people-dna-land; history-and-culture"
"legends-0025","legends","person","Justin De Witt Bowersock","Historic People of Kansas","1842-1922","","Index membership; Kansas relationship needs independent verification.","https://legendsofkansas.com/historic-people-of-kansas/","https://legendsofkansas.com/justin-bowersock/","Source assertion; no identity merge, place resolution or map activation.  Biographical years are source labels, not a current living/deceased determination.","people-dna-land; history-and-culture"
"legends-0297","legends","topic","Kansas History","Related Kansas index","","","Related source index; its linked holdings have not been acquired.","https://legendsofkansas.com/historic-people-of-kansas/","https://legendsofkansas.com/kansas-history/","Source assertion; no identity merge, place resolution or map activation.","people-dna-land; history-and-culture"
"legends-0298","legends","topic","Kansas Main Page","Related Kansas index","","","Related source index; its linked holdings have not been acquired.","https://legendsofkansas.com/historic-people-of-kansas/","https://www.legendsofkansas.com/","Source assertion; no identity merge, place resolution or map activation.","people-dna-land; history-and-culture"
"legends-0299","legends","topic","Kansas Photo Galleries","Related Kansas index","","","Related source index; its linked holdings have not been acquired.","https://legendsofkansas.com/historic-people-of-kansas/","https://photos.legendsofamerica.com/kansas","Source assertion; no identity merge, place resolution or map activation.","people-dna-land; history-and-culture"
"legends-0163","legends","topic","Kansas Redlegs","Historic People of Kansas","","","Related source index; its linked holdings have not been acquired.","https://legendsofkansas.com/historic-people-of-kansas/","https://www.legendsofamerica.com/red-legs-kansas/","Source assertion; no identity merge, place resolution or map activation.","people-dna-land; history-and-culture"
"legends-0300","legends","topic","Kansas Timeline","Related Kansas index","","","Related source index; its linked holdings have not been acquired.","https://legendsofkansas.com/historic-people-of-kansas/","https://www.legendsofkansas.com/kansas-time-line/","Source assertion; no identity merge, place resolution or map activation.","people-dna-land; history-and-culture"
"legends-0164","legends","topic","Kanza/Kaw Tribe","Historic People of Kansas","","","Related source index; its linked holdings have not been acquired.","https://legendsofkansas.com/historic-people-of-kansas/","https://www.legendsofamerica.com/kanza-indians/","Source assertion; no identity merge, place resolution or map activation.","people-dna-land; history-and-culture"
"legends-0204","legends","person","Karl Menninger","Historic People of Kansas","1893-1990","Topeka","Index membership; Kansas relationship needs independent verification.","https://legendsofkansas.com/historic-people-of-kansas/","https://legendsofkansas.com/historic-people-of-kansas/","Source assertion; no identity merge, place resolution or map activation.  Biographical years are source labels, not a current living/deceased determination.","people-dna-land; history-and-culture"
"legends-0217","legends","person","Katherine Richards O’Hare","Historic People of Kansas","1877-1948","Ada","Index membership; Kansas relationship needs independent verification.","https://legendsofkansas.com/historic-people-of-kansas/","https://legendsofkansas.com/historic-people-of-kansas/","Source assertion; no identity merge, place resolution or map activation.  Biographical years are source labels, not a current living/deceased determination.","people-dna-land; history-and-culture"
"legends-0191","legends","person","Kathryn O’Loughlin McCarthy","Historic People of Kansas","1894-1952","","Index membership; Kansas relationship needs independent verification.","https://legendsofkansas.com/historic-people-of-kansas/","https://legendsofkansas.com/historic-people-of-kansas/","Source assertion; no identity merge, place resolution or map activation.  Biographical years are source labels, not a current living/deceased determination.","people-dna-land; history-and-culture"
"legends-0194","legends","person","Kay McFarland","Historic People of Kansas","1935-present","Topeka","Index membership; Kansas relationship needs independent verification.","https://legendsofkansas.com/historic-people-of-kansas/","https://legendsofkansas.com/historic-people-of-kansas/","Source assertion; no identity merge, place resolution or map activation.  Biographical years are source labels, not a current living/deceased determination.","people-dna-land; history-and-culture"
"legends-0168","legends","person","Kenekuk","Historic People of Kansas","18??-1856?","","Index membership; Kansas relationship needs independent verification.","https://legendsofkansas.com/historic-people-of-kansas/","https://legendsofkansas.com/chief-kenekuk/","Source assertion; no identity merge, place resolution or map activation.  Biographical years are source labels, not a current living/deceased determination.","people-dna-land; history-and-culture"
"legends-0075","legends","person","Kenneth Sydney Davis","Historic People of Kansas","1912-1999","","Index membership; Kansas relationship needs independent verification.","https://legendsofkansas.com/historic-people-of-kansas/","https://legendsofkansas.com/historic-people-of-kansas/","Source assertion; no identity merge, place resolution or map activation.  Biographical years are source labels, not a current living/deceased determination.","people-dna-land; history-and-culture"
"legends-0180","legends","person","Lorenzo D. Lewelling","Historic People of Kansas","1846-1900","","Index membership; Kansas relationship needs independent verification.","https://legendsofkansas.com/historic-people-of-kansas/","https://legendsofkansas.com/lorenzo-lewelling/","Source assertion; no identity merge, place resolution or map activation.  Biographical years are source labels, not a current living/deceased determination.","people-dna-land; history-and-culture"
"legends-0294","legends","person","Lorraine Elizabeth Wooster","Historic People of Kansas","1868-1953","Beloit","Index membership; Kansas relationship needs independent verification.","https://legendsofkansas.com/historic-people-of-kansas/","https://legendsofkansas.com/historic-people-of-kansas/","Source assertion; no identity merge, place resolution or map activation.  Biographical years are source labels, not a current living/deceased determination.","people-dna-land; history-and-culture"
"legends-0266","legends","person","Lucy Hobbs Taylor","Historic People of Kansas","1833-1910","Lawrence","Index membership; Kansas relationship needs independent verification.","https://legendsofkansas.com/historic-people-of-kansas/","https://legendsofkansas.com/historic-people-of-kansas/","Source assertion; no identity merge, place resolution or map activation.  Biographical years are source labels, not a current living/deceased determination.","people-dna-land; history-and-culture"
"legends-0188","legends","person","Lutie Lytle","Historic People of Kansas","1875-??","Topeka","Index membership; Kansas relationship needs independent verification.","https://legendsofkansas.com/historic-people-of-kansas/","https://legendsofkansas.com/historic-people-of-kansas/","Source assertion; no identity merge, place resolution or map activation.  Biographical years are source labels, not a current living/deceased determination.","people-dna-land; history-and-culture"
"legends-0145","legends","person","Lyman Underwood Humphrey","Historic People of Kansas","1844-1915","","Index membership; Kansas relationship needs independent verification.","https://legendsofkansas.com/historic-people-of-kansas/","https://legendsofkansas.com/lyman-humphrey/","Source assertion; no identity merge, place resolution or map activation.  Biographical years are source labels, not a current living/deceased determination.","people-dna-land; history-and-culture"
"legends-0054","legends","person","Mabel Chase ( 1876-1962)","Historic People of Kansas","","","Index membership; Kansas relationship needs independent verification.","https://legendsofkansas.com/historic-people-of-kansas/","https://legendsofkansas.com/historic-people-of-kansas/","Source assertion; no identity merge, place resolution or map activation.","people-dna-land; history-and-culture"
"legends-0190","legends","person","Margaret Hill McCarter","Historic People of Kansas","1860-1938","","Index membership; Kansas relationship needs independent verification.","https://legendsofkansas.com/historic-people-of-kansas/","https://legendsofkansas.com/margaret-hill-mccarter/","Source assertion; no identity merge, place resolution or map activation.  Biographical years are source labels, not a current living/deceased determination.","people-dna-land; history-and-culture"
"legends-0078","legends","person","Mark W. Delahay","Historic People of Kansas","1817-1879","","Index membership; Kansas relationship needs independent verification.","https://legendsofkansas.com/historic-people-of-kansas/","https://legendsofkansas.com/mark-delahay/","Source assertion; no identity merge, place resolution or map activation.  Biographical years are source labels, not a current living/deceased determination.","people-dna-land; history-and-culture"
"legends-0066","legends","person","Martin Franklin Conway ( 1827-1882)","Historic People of Kansas","","Leavenworth","Index membership; Kansas relationship needs independent verification.","https://legendsofkansas.com/historic-people-of-kansas/","https://legendsofkansas.com/historic-people-of-kansas/","Source assertion; no identity merge, place resolution or map activation.","people-dna-land; history-and-culture"
"legends-0156","legends","person","Martin Johnson ( 1884-1937)","Historic People of Kansas","","Lincoln","Index membership; Kansas relationship needs independent verification.","https://legendsofkansas.com/historic-people-of-kansas/","https://legendsofkansas.com/historic-people-of-kansas/","Source assertion; no identity merge, place resolution or map activation.","people-dna-land; history-and-culture"
"legends-0177","legends","person","Mary Elizabeth. Lease","Historic People of Kansas","1853 – 1933","","Index membership; Kansas relationship needs independent verification.","https://legendsofkansas.com/historic-people-of-kansas/","https://legendsofkansas.com/mary-lease/","Source assertion; no identity merge, place resolution or map activation.  Biographical years are source labels, not a current living/deceased determination.","people-dna-land; history-and-culture"
"legends-0022","legends","person","Mary “Mother” Bickerdyke","Historic People of Kansas","1817-1901","","Index membership; Kansas relationship needs independent verification.","https://legendsofkansas.com/historic-people-of-kansas/","https://www.legendsofamerica.com/ah-marybickerdyke/","Source assertion; no identity merge, place resolution or map activation.  Biographical years are source labels, not a current living/deceased determination.","people-dna-land; history-and-culture"
"legends-0241","legends","person","Milton W. Reynolds","Historic People of Kansas","1823-1890","","Index membership; Kansas relationship needs independent verification.","https://legendsofkansas.com/historic-people-of-kansas/","https://legendsofkansas.com/charles-reynolds/","Source assertion; no identity merge, place resolution or map activation. source spelling date or link requires review Biographical years are source labels, not a current living/deceased determination.","people-dna-land; history-and-culture"
"legends-0116","legends","person","Minnie J. Grinstead","Historic People of Kansas","18??-1925","Seward County","Index membership; Kansas relationship needs independent verification.","https://legendsofkansas.com/historic-people-of-kansas/","https://legendsofkansas.com/historic-people-of-kansas/","Source assertion; no identity merge, place resolution or map activation.  Biographical years are source labels, not a current living/deceased determination.","people-dna-land; history-and-culture"
"legends-0124","legends","person","Moses Harman","Historic People of Kansas","1830-1910","Valley Falls","Index membership; Kansas relationship needs independent verification.","https://legendsofkansas.com/historic-people-of-kansas/","https://legendsofkansas.com/historic-people-of-kansas/","Source assertion; no identity merge, place resolution or map activation.  Biographical years are source labels, not a current living/deceased determination.","people-dna-land; history-and-culture"
"legends-0184","legends","person","Nat Love, aka Deadwood Dick","Historic People of Kansas","1854-1921","","Index membership; Kansas relationship needs independent verification.","https://legendsofkansas.com/historic-people-of-kansas/","https://www.legendsofamerica.com/we-natlove/","Source assertion; no identity merge, place resolution or map activation.  Biographical years are source labels, not a current living/deceased determination.","people-dna-land; history-and-culture"
"legends-0107","legends","person","National S. Goff","Historic People of Kansas","","Neosho Falls","Index membership; Kansas relationship needs independent verification.","https://legendsofkansas.com/historic-people-of-kansas/","https://legendsofkansas.com/historic-people-of-kansas/","Source assertion; no identity merge, place resolution or map activation.","people-dna-land; history-and-culture"
"legends-0114","legends","person","Nehemiah Green","Historic People of Kansas","1855-1890","","Index membership; Kansas relationship needs independent verification.","https://legendsofkansas.com/historic-people-of-kansas/","https://legendsofkansas.com/nehemiah-green/","Source assertion; no identity merge, place resolution or map activation. source spelling date or link requires review Biographical years are source labels, not a current living/deceased determination.","people-dna-land; history-and-culture"
"legends-0060","legends","person","Nellie Cline","Historic People of Kansas","1886-1984","","Index membership; Kansas relationship needs independent verification.","https://legendsofkansas.com/historic-people-of-kansas/","https://legendsofkansas.com/historic-people-of-kansas/","Source assertion; no identity merge, place resolution or map activation.  Biographical years are source labels, not a current living/deceased determination.","people-dna-land; history-and-culture"
"legends-0055","legends","person","Nick Chiles","Historic People of Kansas","","","Index membership; Kansas relationship needs independent verification.","https://legendsofkansas.com/historic-people-of-kansas/","https://legendsofkansas.com/historic-people-of-kansas/","Source assertion; no identity merge, place resolution or map activation.","people-dna-land; history-and-culture"
"legends-0234","legends","person","Noble Lovely Prentis","Historic People of Kansas","1839-1900","","Index membership; Kansas relationship needs independent verification.","https://legendsofkansas.com/historic-people-of-kansas/","https://legendsofkansas.com/noble-lovely-prentis/","Source assertion; no identity merge, place resolution or map activation.  Biographical years are source labels, not a current living/deceased determination.","people-dna-land; history-and-culture"
"legends-0218","legends","person","Old Crow","Historic People of Kansas","","","Index membership; Kansas relationship needs independent verification.","https://legendsofkansas.com/historic-people-of-kansas/","https://legendsofkansas.com/old-crow/","Source assertion; no identity merge, place resolution or map activation.","people-dna-land; history-and-culture"
"legends-0019","legends","person","Olive Ann Beach","Historic People of Kansas","1903-1993","","Index membership; Kansas relationship needs independent verification.","https://legendsofkansas.com/historic-people-of-kansas/","https://legendsofkansas.com/historic-people-of-kansas/","Source assertion; no identity merge, place resolution or map activation. source spelling date or link requires review Biographical years are source labels, not a current living/deceased determination.","people-dna-land; history-and-culture"
"legends-0155","legends","person","Osa Johnson ( 1894-1953)","Historic People of Kansas","","Chanute","Index membership; Kansas relationship needs independent verification.","https://legendsofkansas.com/historic-people-of-kansas/","https://legendsofkansas.com/historic-people-of-kansas/","Source assertion; no identity merge, place resolution or map activation.","people-dna-land; history-and-culture"
"legends-0176","legends","person","Oscar E. Learnard","Historic People of Kansas","1832-1911","","Index membership; Kansas relationship needs independent verification.","https://legendsofkansas.com/historic-people-of-kansas/","https://legendsofkansas.com/oscar-learnard/","Source assertion; no identity merge, place resolution or map activation.  Biographical years are source labels, not a current living/deceased determination.","people-dna-land; history-and-culture"
"legends-0040","legends","person","Pardee Butler","Historic People of Kansas","1816-1888","","Index membership; Kansas relationship needs independent verification.","https://legendsofkansas.com/historic-people-of-kansas/","https://legendsofkansas.com/pardee-butler/","Source assertion; no identity merge, place resolution or map activation.  Biographical years are source labels, not a current living/deceased determination.","people-dna-land; history-and-culture"
"legends-0233","legends","person","Paul M. Ponziglione","Historic People of Kansas","1818-1900","","Index membership; Kansas relationship needs independent verification.","https://legendsofkansas.com/historic-people-of-kansas/","https://legendsofkansas.com/paul-ponziglione/","Source assertion; no identity merge, place resolution or map activation.  Biographical years are source labels, not a current living/deceased determination.","people-dna-land; history-and-culture"
"legends-0050","legends","person","Pedro De Castaneda","Historic People of Kansas","","","Index membership; Kansas relationship needs independent verification.","https://legendsofkansas.com/historic-people-of-kansas/","https://legendsofkansas.com/pedro-de-castaneda/","Source assertion; no identity merge, place resolution or map activation.","people-dna-land; history-and-culture"
"legends-0195","legends","person","Peter McVicar","Historic People of Kansas","1829-1903","","Index membership; Kansas relationship needs independent verification.","https://legendsofkansas.com/historic-people-of-kansas/","https://legendsofkansas.com/peter-mcvicar/","Source assertion; no identity merge, place resolution or map activation.  Biographical years are source labels, not a current living/deceased determination.","people-dna-land; history-and-culture"
"legends-0091","legends","person","Peter Percival Elder","Historic People of Kansas","1823-??","","Index membership; Kansas relationship needs independent verification.","https://legendsofkansas.com/historic-people-of-kansas/","https://legendsofkansas.com/peter-elder/","Source assertion; no identity merge, place resolution or map activation.  Biographical years are source labels, not a current living/deceased determination.","people-dna-land; history-and-culture"
"legends-0231","legends","person","Preston B. Plumb","Historic People of Kansas","1837-1891","","Index membership; Kansas relationship needs independent verification.","https://legendsofkansas.com/historic-people-of-kansas/","https://legendsofkansas.com/preston-plumb/","Source assertion; no identity merge, place resolution or map activation.  Biographical years are source labels, not a current living/deceased determination.","people-dna-land; history-and-culture"
"legends-0130","legends","person","Professor Ernest Hawkins","Historic People of Kansas","1875-1946","","Index membership; Kansas relationship needs independent verification.","https://legendsofkansas.com/historic-people-of-kansas/","https://legendsofkansas.com/historic-people-of-kansas/","Source assertion; no identity merge, place resolution or map activation.  Biographical years are source labels, not a current living/deceased determination.","people-dna-land; history-and-culture"
"legends-0230","legends","person","R.L. Pitts","Historic People of Kansas","","Wichita","Index membership; Kansas relationship needs independent verification.","https://legendsofkansas.com/historic-people-of-kansas/","https://legendsofkansas.com/historic-people-of-kansas/","Source assertion; no identity merge, place resolution or map activation.","people-dna-land; history-and-culture"
"legends-0102","legends","person","Ray Hugh Garvey","Historic People of Kansas","1893-1959","Topeka","Index membership; Kansas relationship needs independent verification.","https://legendsofkansas.com/historic-people-of-kansas/","https://legendsofkansas.com/historic-people-of-kansas/","Source assertion; no identity merge, place resolution or map activation.  Biographical years are source labels, not a current living/deceased determination.","people-dna-land; history-and-culture"
"legends-0161","legends","person","Reverend John Tecumseh Jones","Historic People of Kansas","1808-1873","","Index membership; Kansas relationship needs independent verification.","https://legendsofkansas.com/historic-people-of-kansas/","https://legendsofkansas.com/john-tecumseh-jones/","Source assertion; no identity merge, place resolution or map activation.  Biographical years are source labels, not a current living/deceased determination.","people-dna-land; history-and-culture"
"legends-0196","legends","person","Rex Maneval","Historic People of Kansas","1890-1974","Frankfort","Index membership; Kansas relationship needs independent verification.","https://legendsofkansas.com/historic-people-of-kansas/","https://legendsofkansas.com/historic-people-of-kansas/","Source assertion; no identity merge, place resolution or map activation.  Biographical years are source labels, not a current living/deceased determination.","people-dna-land; history-and-culture"
"legends-0068","legends","person","Richard Cordley","Historic People of Kansas","1829-1904","","Index membership; Kansas relationship needs independent verification.","https://legendsofkansas.com/historic-people-of-kansas/","https://legendsofkansas.com/richard-cordley/","Source assertion; no identity merge, place resolution or map activation.  Biographical years are source labels, not a current living/deceased determination.","people-dna-land; history-and-culture"
"legends-0296","legends","person","Richard Francis Yeager","Historic People of Kansas","1839-1864","","Index membership; Kansas relationship needs independent verification.","https://legendsofkansas.com/historic-people-of-kansas/","https://legendsofkansas.com/historic-people-of-kansas/","Source assertion; no identity merge, place resolution or map activation.  Biographical years are source labels, not a current living/deceased determination.","people-dna-land; history-and-culture"
"legends-0207","legends","person","Robert B. Mitchell","Historic People of Kansas","1823-1882","","Index membership; Kansas relationship needs independent verification.","https://legendsofkansas.com/historic-people-of-kansas/","https://legendsofkansas.com/robert-b-mitchell/","Source assertion; no identity merge, place resolution or map activation.  Biographical years are source labels, not a current living/deceased determination.","people-dna-land; history-and-culture"
"legends-0082","legends","person","Robert Docking","Historic People of Kansas","1925-1983","","Index membership; Kansas relationship needs independent verification.","https://legendsofkansas.com/historic-people-of-kansas/","https://legendsofkansas.com/historic-people-of-kansas/","Source assertion; no identity merge, place resolution or map activation.  Biographical years are source labels, not a current living/deceased determination.","people-dna-land; history-and-culture"
"legends-0224","legends","person","Robert Hall Pearson","Historic People of Kansas","1828-??","","Index membership; Kansas relationship needs independent verification.","https://legendsofkansas.com/historic-people-of-kansas/","https://legendsofkansas.com/robert-hall-pearson/","Source assertion; no identity merge, place resolution or map activation.  Biographical years are source labels, not a current living/deceased determination.","people-dna-land; history-and-culture"
"legends-0273","legends","person","Robert James Walker","Historic People of Kansas","1801-1869","","Index membership; Kansas relationship needs independent verification.","https://legendsofkansas.com/historic-people-of-kansas/","https://legendsofkansas.com/robert-james-walker/","Source assertion; no identity merge, place resolution or map activation.  Biographical years are source labels, not a current living/deceased determination.","people-dna-land; history-and-culture"
"legends-0083","legends","person","Robert Joseph “Bob” Dole","Historic People of Kansas","1923-2021","Russell","Index membership; Kansas relationship needs independent verification.","https://legendsofkansas.com/historic-people-of-kansas/","https://legendsofkansas.com/historic-people-of-kansas/","Source assertion; no identity merge, place resolution or map activation.  Biographical years are source labels, not a current living/deceased determination.","people-dna-land; history-and-culture"
"legends-0295","legends","person","Robert M. Wright","Historic People of Kansas","1840-1915","","Index membership; Kansas relationship needs independent verification.","https://legendsofkansas.com/historic-people-of-kansas/","https://legendsofkansas.com/robert-m-wright/","Source assertion; no identity merge, place resolution or map activation.  Biographical years are source labels, not a current living/deceased determination.","people-dna-land; history-and-culture"
"legends-0167","legends","person","Robert S. Kelley","Historic People of Kansas","1831-1890","","Index membership; Kansas relationship needs independent verification.","https://legendsofkansas.com/historic-people-of-kansas/","https://legendsofkansas.com/robert-kelley/","Source assertion; no identity merge, place resolution or map activation.  Biographical years are source labels, not a current living/deceased determination.","people-dna-land; history-and-culture"
"legends-0256","legends","person","Robert Simerwell","Historic People of Kansas","","","Index membership; Kansas relationship needs independent verification.","https://legendsofkansas.com/historic-people-of-kansas/","https://legendsofkansas.com/robert-simmerwell/","Source assertion; no identity merge, place resolution or map activation. source spelling date or link requires review","people-dna-land; history-and-culture"
"legends-0094","legends","person","Ron Evans","Historic People of Kansas","1933-1990","Topeka","Index membership; Kansas relationship needs independent verification.","https://legendsofkansas.com/historic-people-of-kansas/","https://legendsofkansas.com/historic-people-of-kansas/","Source assertion; no identity merge, place resolution or map activation.  Biographical years are source labels, not a current living/deceased determination.","people-dna-land; history-and-culture"
"legends-0092","legends","person","Rush Elmore","Historic People of Kansas","1819-1864","","Index membership; Kansas relationship needs independent verification.","https://legendsofkansas.com/historic-people-of-kansas/","https://legendsofkansas.com/rush-elmore/","Source assertion; no identity merge, place resolution or map activation.  Biographical years are source labels, not a current living/deceased determination.","people-dna-land; history-and-culture"
"legends-0169","legends","person","Samuel A. Kingman","Historic People of Kansas","1818-1904","","Index membership; Kansas relationship needs independent verification.","https://legendsofkansas.com/historic-people-of-kansas/","https://legendsofkansas.com/samuel-kingman/","Source assertion; no identity merge, place resolution or map activation.  Biographical years are source labels, not a current living/deceased determination.","people-dna-land; history-and-culture"
"legends-0232","legends","person","Samuel Clark Pomeroy","Historic People of Kansas","1816-1891","","Index membership; Kansas relationship needs independent verification.","https://legendsofkansas.com/historic-people-of-kansas/","https://legendsofkansas.com/samuel-pomeroy/","Source assertion; no identity merge, place resolution or map activation.  Biographical years are source labels, not a current living/deceased determination.","people-dna-land; history-and-culture"
"legends-0178","legends","person","Samuel D. Lecompte","Historic People of Kansas","1814-1888","","Index membership; Kansas relationship needs independent verification.","https://legendsofkansas.com/historic-people-of-kansas/","https://legendsofkansas.com/samuel-lecompte/","Source assertion; no identity merge, place resolution or map activation.  Biographical years are source labels, not a current living/deceased determination.","people-dna-land; history-and-culture"
"legends-0265","legends","person","Samuel F. Tappan","Historic People of Kansas","1831-1913","","Index membership; Kansas relationship needs independent verification.","https://legendsofkansas.com/historic-people-of-kansas/","https://legendsofkansas.com/historic-people-of-kansas/","Source assertion; no identity merge, place resolution or map activation.  Biographical years are source labels, not a current living/deceased determination.","people-dna-land; history-and-culture"
"legends-0070","legends","person","Samuel J. Crawford","Historic People of Kansas","1835-1913","","Index membership; Kansas relationship needs independent verification.","https://legendsofkansas.com/historic-people-of-kansas/","https://legendsofkansas.com/samuel-j-crawford/","Source assertion; no identity merge, place resolution or map activation.  Biographical years are source labels, not a current living/deceased determination.","people-dna-land; history-and-culture"
"legends-0071","legends","person","Samuel J. Crumbine ( 1862-1954)","Historic People of Kansas","","Dodge City","Index membership; Kansas relationship needs independent verification.","https://legendsofkansas.com/historic-people-of-kansas/","https://legendsofkansas.com/historic-people-of-kansas/","Source assertion; no identity merge, place resolution or map activation.","people-dna-land; history-and-culture"
"legends-0160","legends","person","Samuel J. Jones","Historic People of Kansas","","","Index membership; Kansas relationship needs independent verification.","https://legendsofkansas.com/historic-people-of-kansas/","https://legendsofkansas.com/samuel-j-jones/","Source assertion; no identity merge, place resolution or map activation.","people-dna-land; history-and-culture"
"legends-0173","legends","person","Samuel Lappin","Historic People of Kansas","1831?-1892","","Index membership; Kansas relationship needs independent verification.","https://legendsofkansas.com/historic-people-of-kansas/","https://legendsofkansas.com/samuel-lappin/","Source assertion; no identity merge, place resolution or map activation.  Biographical years are source labels, not a current living/deceased determination.","people-dna-land; history-and-culture"
"legends-0150","legends","person","Samuel M. Irvin","Historic People of Kansas","1812-1887","","Index membership; Kansas relationship needs independent verification.","https://legendsofkansas.com/historic-people-of-kansas/","https://legendsofkansas.com/samuel-irvin/","Source assertion; no identity merge, place resolution or map activation.  Biographical years are source labels, not a current living/deceased determination.","people-dna-land; history-and-culture"
"legends-0202","legends","person","Samuel Medary","Historic People of Kansas","1801-1864","","Index membership; Kansas relationship needs independent verification.","https://legendsofkansas.com/historic-people-of-kansas/","https://legendsofkansas.com/samuel-medary/","Source assertion; no identity merge, place resolution or map activation.  Biographical years are source labels, not a current living/deceased determination.","people-dna-land; history-and-culture"
"legends-0290","legends","person","Samuel Newitt Wood","Historic People of Kansas","1825-1891","","Index membership; Kansas relationship needs independent verification.","https://legendsofkansas.com/historic-people-of-kansas/","https://legendsofkansas.com/samuel-wood/","Source assertion; no identity merge, place resolution or map activation.  Biographical years are source labels, not a current living/deceased determination.","people-dna-land; history-and-culture"
"legends-0243","legends","person","Sara Tappan Doolittle Robinson","Historic People of Kansas","1827-1911","","Index membership; Kansas relationship needs independent verification.","https://legendsofkansas.com/historic-people-of-kansas/","https://legendsofkansas.com/sara-robinson/","Source assertion; no identity merge, place resolution or map activation.  Biographical years are source labels, not a current living/deceased determination.","people-dna-land; history-and-culture"
"legends-0253","legends","person","Satanta","Historic People of Kansas","1830-1878","","Index membership; Kansas relationship needs independent verification.","https://legendsofkansas.com/historic-people-of-kansas/","https://www.legendsofamerica.com/na-satanta/","Source assertion; no identity merge, place resolution or map activation.  Biographical years are source labels, not a current living/deceased determination.","people-dna-land; history-and-culture"
"legends-0132","legends","person","Seth M. Hays","Historic People of Kansas","1811-1873","","Index membership; Kansas relationship needs independent verification.","https://legendsofkansas.com/historic-people-of-kansas/","https://legendsofkansas.com/seth-hays/","Source assertion; no identity merge, place resolution or map activation.  Biographical years are source labels, not a current living/deceased determination.","people-dna-land; history-and-culture"
"legends-0058","legends","person","Sidney Clarke","Historic People of Kansas","1831-1909","","Index membership; Kansas relationship needs independent verification.","https://legendsofkansas.com/historic-people-of-kansas/","https://legendsofkansas.com/sidney-clarke/","Source assertion; no identity merge, place resolution or map activation.  Biographical years are source labels, not a current living/deceased determination.","people-dna-land; history-and-culture"
"legends-0267","legends","person","Solon O. Thacher","Historic People of Kansas","1830-1895","","Index membership; Kansas relationship needs independent verification.","https://legendsofkansas.com/historic-people-of-kansas/","https://legendsofkansas.com/solon-o-thacher/","Source assertion; no identity merge, place resolution or map activation.  Biographical years are source labels, not a current living/deceased determination.","people-dna-land; history-and-culture"
"legends-0051","legends","person","Sterling G. Cato","Historic People of Kansas","??-1867?","","Index membership; Kansas relationship needs independent verification.","https://legendsofkansas.com/historic-people-of-kansas/","https://legendsofkansas.com/sterling-g-cato/","Source assertion; no identity merge, place resolution or map activation.  Biographical years are source labels, not a current living/deceased determination.","people-dna-land; history-and-culture"
"legends-0131","legends","person","Steve Hawley","Historic People of Kansas","born 1952","","Index membership; Kansas relationship needs independent verification.","https://legendsofkansas.com/historic-people-of-kansas/","https://legendsofkansas.com/historic-people-of-kansas/","Source assertion; no identity merge, place resolution or map activation.  Biographical years are source labels, not a current living/deceased determination.","people-dna-land; history-and-culture"
"legends-0012","legends","person","Susan Brownell Anthony","Historic People of Kansas","1820-1906","","Index membership; Kansas relationship needs independent verification.","https://legendsofkansas.com/historic-people-of-kansas/","https://www.legendsofamerica.com/susan-anthony/","Source assertion; no identity merge, place resolution or map activation.  Biographical years are source labels, not a current living/deceased determination.","people-dna-land; history-and-culture"
"legends-0251","legends","person","Susanna Madora Salter","Historic People of Kansas","1860-1961","Argonia","Index membership; Kansas relationship needs independent verification.","https://legendsofkansas.com/historic-people-of-kansas/","https://legendsofkansas.com/historic-people-of-kansas/","Source assertion; no identity merge, place resolution or map activation.  Biographical years are source labels, not a current living/deceased determination.","people-dna-land; history-and-culture"
"legends-0252","legends","person","Sven Birger Sandzen","Historic People of Kansas","1871-1954","Lindsborg","Index membership; Kansas relationship needs independent verification.","https://legendsofkansas.com/historic-people-of-kansas/","https://legendsofkansas.com/historic-people-of-kansas/","Source assertion; no identity merge, place resolution or map activation.  Biographical years are source labels, not a current living/deceased determination.","people-dna-land; history-and-culture"
"legends-0219","legends","person","Thomas A. Osborn","Historic People of Kansas","1836-1898","","Index membership; Kansas relationship needs independent verification.","https://legendsofkansas.com/historic-people-of-kansas/","https://legendsofkansas.com/thomas-osborn/","Source assertion; no identity merge, place resolution or map activation.  Biographical years are source labels, not a current living/deceased determination.","people-dna-land; history-and-culture"
"legends-0047","legends","person","Thomas Carney","Historic People of Kansas","1828-1888","","Index membership; Kansas relationship needs independent verification.","https://legendsofkansas.com/historic-people-of-kansas/","https://legendsofkansas.com/thomas-carney/","Source assertion; no identity merge, place resolution or map activation.  Biographical years are source labels, not a current living/deceased determination.","people-dna-land; history-and-culture"
"legends-0095","legends","person","Thomas Ewing, Jr","Historic People of Kansas","1829-1896","","Index membership; Kansas relationship needs independent verification.","https://legendsofkansas.com/historic-people-of-kansas/","https://www.legendsofamerica.com/ah-thomasewing/","Source assertion; no identity merge, place resolution or map activation.  Biographical years are source labels, not a current living/deceased determination.","people-dna-land; history-and-culture"
"legends-0157","legends","person","Thomas Johnson","Historic People of Kansas","1802-1865","","Index membership; Kansas relationship needs independent verification.","https://legendsofkansas.com/historic-people-of-kansas/","https://legendsofkansas.com/thomas-johnson/","Source assertion; no identity merge, place resolution or map activation.  Biographical years are source labels, not a current living/deceased determination.","people-dna-land; history-and-culture"
"legends-0067","legends","person","Thomas R. Boston Corbett ( 1832-??)","Historic People of Kansas","","Concordia","Index membership; Kansas relationship needs independent verification.","https://legendsofkansas.com/historic-people-of-kansas/","https://legendsofkansas.com/historic-people-of-kansas/","Source assertion; no identity merge, place resolution or map activation.","people-dna-land; history-and-culture"
"legends-0142","legends","person","Thomas Sears Huffaker","Historic People of Kansas","1825-1910","","Index membership; Kansas relationship needs independent verification.","https://legendsofkansas.com/historic-people-of-kansas/","https://legendsofkansas.com/thomas-huffaker/","Source assertion; no identity merge, place resolution or map activation.  Biographical years are source labels, not a current living/deceased determination.","people-dna-land; history-and-culture"
"legends-0016","legends","person","Thomas W. Barber","Historic People of Kansas","1814- 1855","","Index membership; Kansas relationship needs independent verification.","https://legendsofkansas.com/historic-people-of-kansas/","https://legendsofkansas.com/thomas-w-barber/","Source assertion; no identity merge, place resolution or map activation.  Biographical years are source labels, not a current living/deceased determination.","people-dna-land; history-and-culture"
"legends-0268","legends","person","Timothy Dwight Thacher","Historic People of Kansas","1831-1894","","Index membership; Kansas relationship needs independent verification.","https://legendsofkansas.com/historic-people-of-kansas/","https://legendsofkansas.com/timothy-thacher/","Source assertion; no identity merge, place resolution or map activation.  Biographical years are source labels, not a current living/deceased determination.","people-dna-land; history-and-culture"
"legends-0213","legends","person","Victor Murdock","Historic People of Kansas","1871-1945","","Index membership; Kansas relationship needs independent verification.","https://legendsofkansas.com/historic-people-of-kansas/","https://legendsofkansas.com/victor-murdock/","Source assertion; no identity merge, place resolution or map activation.  Biographical years are source labels, not a current living/deceased determination.","people-dna-land; history-and-culture"
"legends-0198","legends","person","Walt Mason","Historic People of Kansas","1862-1939","","Index membership; Kansas relationship needs independent verification.","https://legendsofkansas.com/historic-people-of-kansas/","https://legendsofkansas.com/walt-mason/","Source assertion; no identity merge, place resolution or map activation.  Biographical years are source labels, not a current living/deceased determination.","people-dna-land; history-and-culture"
"legends-0146","legends","person","Walter A. Huxman","Historic People of Kansas","1887-1972","","Index membership; Kansas relationship needs independent verification.","https://legendsofkansas.com/historic-people-of-kansas/","https://legendsofkansas.com/historic-people-of-kansas/","Source assertion; no identity merge, place resolution or map activation.  Biographical years are source labels, not a current living/deceased determination.","people-dna-land; history-and-culture"
"legends-0020","legends","person","Walter H. Beech","Historic People of Kansas","1891-1950","","Index membership; Kansas relationship needs independent verification.","https://legendsofkansas.com/historic-people-of-kansas/","https://legendsofkansas.com/historic-people-of-kansas/","Source assertion; no identity merge, place resolution or map activation.  Biographical years are source labels, not a current living/deceased determination.","people-dna-land; history-and-culture"
"legends-0056","legends","person","Walter Percy Chrysler","Historic People of Kansas","1875-1940","","Index membership; Kansas relationship needs independent verification.","https://legendsofkansas.com/historic-people-of-kansas/","https://legendsofkansas.com/historic-people-of-kansas/","Source assertion; no identity merge, place resolution or map activation.  Biographical years are source labels, not a current living/deceased determination.","people-dna-land; history-and-culture"
"legends-0158","legends","person","Walter “Big Train” Johnson","Historic People of Kansas","1887-1946","Humboldt","Index membership; Kansas relationship needs independent verification.","https://legendsofkansas.com/historic-people-of-kansas/","https://legendsofkansas.com/historic-people-of-kansas/","Source assertion; no identity merge, place resolution or map activation.  Biographical years are source labels, not a current living/deceased determination.","people-dna-land; history-and-culture"
"legends-0225","legends","person","William A. Peffer","Historic People of Kansas","1831-1912","","Index membership; Kansas relationship needs independent verification.","https://legendsofkansas.com/historic-people-of-kansas/","https://legendsofkansas.com/william-peffer/","Source assertion; no identity merge, place resolution or map activation.  Biographical years are source labels, not a current living/deceased determination.","people-dna-land; history-and-culture"
"legends-0229","legends","person","William Addison Phillips","Historic People of Kansas","1824-1893","","Index membership; Kansas relationship needs independent verification.","https://legendsofkansas.com/historic-people-of-kansas/","https://legendsofkansas.com/william-phillips/","Source assertion; no identity merge, place resolution or map activation.  Biographical years are source labels, not a current living/deceased determination.","people-dna-land; history-and-culture"
"legends-0125","legends","person","William Alexander Harris","Historic People of Kansas","1841-1909","","Index membership; Kansas relationship needs independent verification.","https://legendsofkansas.com/historic-people-of-kansas/","https://legendsofkansas.com/william-alexander-harris/","Source assertion; no identity merge, place resolution or map activation.  Biographical years are source labels, not a current living/deceased determination.","people-dna-land; history-and-culture"
"legends-0284","legends","person","William Allen White","Historic People of Kansas","1868-1944","Emporia","Index membership; Kansas relationship needs independent verification.","https://legendsofkansas.com/historic-people-of-kansas/","https://legendsofkansas.com/william-allen-white/","Source assertion; no identity merge, place resolution or map activation.  Biographical years are source labels, not a current living/deceased determination.","people-dna-land; history-and-culture"
"legends-0235","legends","person","William C. Quantrill","Historic People of Kansas","1837-1865","","Index membership; Kansas relationship needs independent verification.","https://legendsofkansas.com/historic-people-of-kansas/","https://www.legendsofamerica.com/mo-quantrill/","Source assertion; no identity merge, place resolution or map activation.  Biographical years are source labels, not a current living/deceased determination.","people-dna-land; history-and-culture"
"legends-0064","legends","person","William Comstock","Historic People of Kansas","1842-1868","","Index membership; Kansas relationship needs independent verification.","https://legendsofkansas.com/historic-people-of-kansas/","https://www.legendsofamerica.com/william-comstock/","Source assertion; no identity merge, place resolution or map activation.  Biographical years are source labels, not a current living/deceased determination.","people-dna-land; history-and-culture"
"legends-0201","legends","person","William E. Mathewson","Historic People of Kansas","1830-1916","","Index membership; Kansas relationship needs independent verification.","https://legendsofkansas.com/historic-people-of-kansas/","https://www.legendsofamerica.com/william-mathewson/","Source assertion; no identity merge, place resolution or map activation.  Biographical years are source labels, not a current living/deceased determination.","people-dna-land; history-and-culture"
"legends-0260","legends","person","William Edgar Stafford","Historic People of Kansas","1914-1993","Hutchinson","Index membership; Kansas relationship needs independent verification.","https://legendsofkansas.com/historic-people-of-kansas/","https://legendsofkansas.com/historic-people-of-kansas/","Source assertion; no identity merge, place resolution or map activation.  Biographical years are source labels, not a current living/deceased determination.","people-dna-land; history-and-culture"
"legends-0065","legends","person","William Elsey Connelley","Historic People of Kansas","1855-1930","","Index membership; Kansas relationship needs independent verification.","https://legendsofkansas.com/historic-people-of-kansas/","https://legendsofkansas.com/william-connelley/","Source assertion; no identity merge, place resolution or map activation.  Biographical years are source labels, not a current living/deceased determination.","people-dna-land; history-and-culture"
"legends-0257","legends","person","William Eugene Smith","Historic People of Kansas","1918-1978","Wichita","Index membership; Kansas relationship needs independent verification.","https://legendsofkansas.com/historic-people-of-kansas/","https://legendsofkansas.com/historic-people-of-kansas/","Source assertion; no identity merge, place resolution or map activation.  Biographical years are source labels, not a current living/deceased determination.","people-dna-land; history-and-culture"
"legends-0061","legends","person","William F. Cloud","Historic People of Kansas","1825-1905","","Index membership; Kansas relationship needs independent verification.","https://legendsofkansas.com/historic-people-of-kansas/","https://legendsofkansas.com/william-f-cloud/","Source assertion; no identity merge, place resolution or map activation.  Biographical years are source labels, not a current living/deceased determination.","people-dna-land; history-and-culture"
"legends-0062","legends","person","William F. “Buffalo Bill” Cody","Historic People of Kansas","1846-1917","","Index membership; Kansas relationship needs independent verification.","https://legendsofkansas.com/historic-people-of-kansas/","https://www.legendsofamerica.com/we-buffalobill/","Source assertion; no identity merge, place resolution or map activation.  Biographical years are source labels, not a current living/deceased determination.","people-dna-land; history-and-culture"
"legends-0103","legends","person","William Gay","Historic People of Kansas","18??-1856","","Index membership; Kansas relationship needs independent verification.","https://legendsofkansas.com/historic-people-of-kansas/","https://legendsofkansas.com/william-gay/","Source assertion; no identity merge, place resolution or map activation.  Biographical years are source labels, not a current living/deceased determination.","people-dna-land; history-and-culture"
"legends-0182","legends","person","William Henry Lewis","Historic People of Kansas","1829-1878","","Index membership; Kansas relationship needs independent verification.","https://legendsofkansas.com/historic-people-of-kansas/","https://www.legendsofamerica.com/william-lewis/","Source assertion; no identity merge, place resolution or map activation.  Biographical years are source labels, not a current living/deceased determination.","people-dna-land; history-and-culture"
"legends-0148","legends","person","William Inge","Historic People of Kansas","1913 – 1973","Independence","Index membership; Kansas relationship needs independent verification.","https://legendsofkansas.com/historic-people-of-kansas/","https://legendsofkansas.com/historic-people-of-kansas/","Source assertion; no identity merge, place resolution or map activation.  Biographical years are source labels, not a current living/deceased determination.","people-dna-land; history-and-culture"
"legends-0032","legends","person","William L. “Buffalo Bill” Brooks","Historic People of Kansas","1832-1874","","Index membership; Kansas relationship needs independent verification.","https://legendsofkansas.com/historic-people-of-kansas/","https://www.legendsofamerica.com/we-billybrooks/","Source assertion; no identity merge, place resolution or map activation.  Biographical years are source labels, not a current living/deceased determination.","people-dna-land; history-and-culture"
"legends-0285","legends","person","William Lindsay White","Historic People of Kansas","1900-1973","Emporia","Index membership; Kansas relationship needs independent verification.","https://legendsofkansas.com/historic-people-of-kansas/","https://legendsofkansas.com/historic-people-of-kansas/","Source assertion; no identity merge, place resolution or map activation.  Biographical years are source labels, not a current living/deceased determination.","people-dna-land; history-and-culture"
"legends-0206","legends","person","William Mervin “Billy” Mills","Historic People of Kansas","1938-present","Lawrence","Index membership; Kansas relationship needs independent verification.","https://legendsofkansas.com/historic-people-of-kansas/","https://legendsofkansas.com/historic-people-of-kansas/","Source assertion; no identity merge, place resolution or map activation.  Biographical years are source labels, not a current living/deceased determination.","people-dna-land; history-and-culture"
"legends-0200","legends","person","William “Bat” Masterson","Historic People of Kansas","1853-1921","","Index membership; Kansas relationship needs independent verification.","https://legendsofkansas.com/historic-people-of-kansas/","https://www.legendsofamerica.com/we-batmasterson/","Source assertion; no identity merge, place resolution or map activation.  Biographical years are source labels, not a current living/deceased determination.","people-dna-land; history-and-culture"
"legends-0007","legends","person","William “Bloody Bill” Anderson","Historic People of Kansas","1839-1864","","Index membership; Kansas relationship needs independent verification.","https://legendsofkansas.com/historic-people-of-kansas/","https://www.legendsofamerica.com/we-bloodybill/","Source assertion; no identity merge, place resolution or map activation.  Biographical years are source labels, not a current living/deceased determination.","people-dna-land; history-and-culture"
"legends-0015","legends","person","Willis Joshua Bailey","Historic People of Kansas","1854-1932","","Index membership; Kansas relationship needs independent verification.","https://legendsofkansas.com/historic-people-of-kansas/","https://legendsofkansas.com/willis-joshua-bailey/","Source assertion; no identity merge, place resolution or map activation.  Biographical years are source labels, not a current living/deceased determination.","people-dna-land; history-and-culture"
"legends-0255","legends","person","Wilson Shannon","Historic People of Kansas","1802-1877","","Index membership; Kansas relationship needs independent verification.","https://legendsofkansas.com/historic-people-of-kansas/","https://legendsofkansas.com/wilson-shannon/","Source assertion; no identity merge, place resolution or map activation.  Biographical years are source labels, not a current living/deceased determination.","people-dna-land; history-and-culture"
"legends-0089","legends","person","Wyatt Earp","Historic People of Kansas","1848-1929","","Index membership; Kansas relationship needs independent verification.","https://legendsofkansas.com/historic-people-of-kansas/","https://www.legendsofamerica.com/we-wyattearp/","Source assertion; no identity merge, place resolution or map activation.  Biographical years are source labels, not a current living/deceased determination.","people-dna-land; history-and-culture"
"legends-0115","legends","person","Zula Bennington “Peggy” Greene","Historic People of Kansas","1895-1988","","Index membership; Kansas relationship needs independent verification.","https://legendsofkansas.com/historic-people-of-kansas/","https://legendsofkansas.com/historic-people-of-kansas/","Source assertion; no identity merge, place resolution or map activation.  Biographical years are source labels, not a current living/deceased determination.","people-dna-land; history-and-culture"
