{"type":"FeatureCollection","crs":{"type":"name","properties":{"name":"EPSG:4326"}},"features":[{"type":"Feature","id":1,"geometry":{"type":"MultiPolygon","coordinates":[[[[-101.48326,36.99577],[-101.57364,36.99526],[-101.57361,36.99596],[-101.48326,36.99577]]],[[[-101.01258,37.00003],[-101.01269,36.99825],[-101.03073,36.99812],[-101.03064,37.0106],[-101.01257,37.01062],[-101.01258,37.00003]]],[[[-101.62782,36.99617],[-101.6278,36.99503],[-101.75433,36.99445],[-101.75433,36.99629],[-101.62782,36.99617]]],[[[-101.88086,36.99606],[-101.88089,36.99391],[-101.97129,36.99331],[-101.97114,36.9959],[-101.88086,36.99606]]],[[[-98.40405,37.29707],[-98.40368,37.28266],[-98.44024,37.2826],[-98.44024,37.29742],[-98.40405,37.29707]]],[[[-101.79169,37.33851],[-101.79172,37.33074],[-101.81009,37.33071],[-101.81005,37.3452],[-101.79176,37.34517],[-101.79169,37.33851]]],[[[-98.62278,37.37503],[-98.62277,37.36975],[-98.60458,37.36976],[-98.60471,37.35528],[-98.65916,37.35528],[-98.65912,37.3697],[-98.67666,37.36967],[-98.67667,37.38425],[-98.62279,37.38422],[-98.62278,37.37503]]],[[[-98.84806,37.3985],[-98.84777,37.38391],[-98.88425,37.38395],[-98.88456,37.39842],[-98.84806,37.3985]]],[[[-98.84806,37.3985],[-98.84833,37.41265],[-98.82978,37.41258],[-98.82967,37.39837],[-98.84806,37.3985]]],[[[-98.72057,37.41297],[-98.72042,37.39854],[-98.70219,37.39867],[-98.70236,37.38424],[-98.69482,37.38422],[-98.69454,37.36965],[-98.71253,37.36965],[-98.71286,37.38419],[-98.79361,37.3839],[-98.79351,37.39835],[-98.73875,37.3984],[-98.73877,37.41281],[-98.72057,37.41297]]],[[[-99.71467,37.40902],[-99.68299,37.40924],[-99.68281,37.39471],[-99.70089,37.39471],[-99.70066,37.38021],[-99.68756,37.38028],[-99.68788,37.36597],[-99.72456,37.36562],[-99.72462,37.35112],[-99.76075,37.35052],[-99.76054,37.36513],[-99.7788,37.36664],[-99.77875,37.33761],[-99.79763,37.33813],[-99.79764,37.32362],[-99.7612,37.32163],[-99.74295,37.32186],[-99.74313,37.30735],[-99.72485,37.30748],[-99.72502,37.27861],[-99.70692,37.27868],[-99.70675,37.24979],[-99.74307,37.24969],[-99.76085,37.25082],[-99.76054,37.26514],[-99.77914,37.26507],[-99.7795,37.2935],[-99.85248,37.29516],[-99.85271,37.25168],[-99.8342,37.25135],[-99.83437,37.22232],[-99.87118,37.22281],[-99.87117,37.23739],[-99.88957,37.23768],[-99.88943,37.25219],[-99.9076,37.25236],[-99.90764,37.22339],[-99.94516,37.22402],[-99.94514,37.20953],[-99.9263,37.20922],[-99.92609,37.17991],[-100.0186,37.18166],[-100.0188,37.19612],[-100.03696,37.19643],[-100.03668,37.16718],[-100.05486,37.16771],[-100.05436,37.13824],[-100.07255,37.13864],[-100.07216,37.10919],[-100.0905,37.10939],[-100.09034,37.09504],[-100.10804,37.09489],[-100.1077,37.06556],[-100.12594,37.06595],[-100.12552,37.02201],[-100.10759,37.02162],[-100.10794,37.00232],[-100.41573,37.00126],[-100.41564,37.03956],[-100.36126,37.03907],[-100.36154,37.0535],[-100.32535,37.05323],[-100.32541,37.06785],[-100.30736,37.06767],[-100.30782,37.11101],[-100.2899,37.11103],[-100.2902,37.14014],[-100.30826,37.14012],[-100.30812,37.19834],[-100.32623,37.19827],[-100.32617,37.21298],[-100.30808,37.21301],[-100.30812,37.22748],[-100.29012,37.22733],[-100.29029,37.19868],[-100.27209,37.19842],[-100.27206,37.18388],[-100.25405,37.1838],[-100.25402,37.16914],[-100.14524,37.16821],[-100.14524,37.18283],[-100.12676,37.18295],[-100.12698,37.19758],[-100.10905,37.1975],[-100.10952,37.24129],[-100.09145,37.24108],[-100.09163,37.25568],[-100.07345,37.25539],[-100.07373,37.32819],[-100.09172,37.32856],[-100.0916,37.38693],[-100.08902,37.38691],[-100.08907,37.41606],[-100.07069,37.41584],[-100.07058,37.3866],[-100.05558,37.38632],[-100.05579,37.35717],[-100.03713,37.35672],[-100.0371,37.34205],[-99.92453,37.33973],[-99.92476,37.35429],[-99.83419,37.35326],[-99.83413,37.36777],[-99.79728,37.36698],[-99.79691,37.38094],[-99.79202,37.38079],[-99.79228,37.39499],[-99.7735,37.39401],[-99.77408,37.43806],[-99.75593,37.43822],[-99.75573,37.42358],[-99.73754,37.42359],[-99.73729,37.40906],[-99.71467,37.40902]]],[[[-99.90761,37.26698],[-99.88933,37.26669],[-99.88939,37.28131],[-99.90749,37.28155],[-99.90761,37.26698]]],[[[-100.19808,37.023],[-100.17979,37.02271],[-100.18011,37.03723],[-100.1982,37.03745],[-100.19808,37.023]]],[[[-98.40405,37.29707],[-98.40398,37.31158],[-98.38558,37.31152],[-98.38538,37.32609],[-98.36756,37.32597],[-98.36761,37.34049],[-98.3495,37.34044],[-98.34943,37.35506],[-98.33155,37.35503],[-98.33164,37.36952],[-98.29513,37.3696],[-98.29523,37.38411],[-98.28191,37.38411],[-98.28188,37.39867],[-98.26363,37.3987],[-98.2637,37.42776],[-98.20858,37.4278],[-98.20871,37.44223],[-98.09944,37.44267],[-98.09941,37.42819],[-98.04456,37.42857],[-98.0443,37.41407],[-98.02609,37.41403],[-98.02634,37.42854],[-97.98977,37.42921],[-97.98932,37.40003],[-97.95319,37.40011],[-97.95297,37.38543],[-97.94963,37.38543],[-97.94947,37.37079],[-97.986,37.37064],[-97.98614,37.34128],[-98.00412,37.3413],[-98.00409,37.32685],[-98.0217,37.32674],[-98.02179,37.31223],[-98.05798,37.31185],[-98.05781,37.2974],[-98.09407,37.29709],[-98.09417,37.31168],[-98.11234,37.31156],[-98.1124,37.32619],[-98.13005,37.3261],[-98.12985,37.2824],[-98.16623,37.28271],[-98.16644,37.31166],[-98.20294,37.31183],[-98.20282,37.28281],[-98.27618,37.28256],[-98.27609,37.29708],[-98.40405,37.29707]]],[[[-99.52018,37.45335],[-99.42878,37.45394],[-99.42874,37.43943],[-99.39224,37.43949],[-99.39229,37.42516],[-99.37414,37.42536],[-99.37419,37.411],[-99.33779,37.41126],[-99.33787,37.39679],[-99.30168,37.39697],[-99.28366,37.39715],[-99.2838,37.41155],[-99.24755,37.41197],[-99.24762,37.42639],[-99.21136,37.42639],[-99.21164,37.44072],[-99.17505,37.44063],[-99.17556,37.45511],[-99.12144,37.45593],[-99.12147,37.44147],[-99.15708,37.44103],[-99.15696,37.42664],[-99.10299,37.42691],[-99.10278,37.41244],[-99.08454,37.41245],[-99.08418,37.38401],[-99.10267,37.38392],[-99.10261,37.398],[-99.22932,37.3977],[-99.22926,37.38322],[-99.2371,37.38315],[-99.23698,37.36847],[-99.27294,37.36854],[-99.27313,37.35392],[-99.36388,37.35294],[-99.36409,37.33838],[-99.38223,37.33828],[-99.38257,37.32374],[-99.40058,37.32344],[-99.40081,37.2946],[-99.43638,37.29448],[-99.43627,37.30893],[-99.45443,37.30894],[-99.45432,37.32344],[-99.49045,37.32335],[-99.49001,37.33789],[-99.50788,37.33763],[-99.50786,37.35218],[-99.48985,37.35235],[-99.48965,37.38139],[-99.50133,37.38127],[-99.50195,37.43895],[-99.52004,37.43876],[-99.52018,37.45335]]],[[[-99.52018,37.45335],[-99.53829,37.45346],[-99.53807,37.46793],[-99.52001,37.46802],[-99.52018,37.45335]]],[[[-99.03052,37.47052],[-99.03053,37.45606],[-99.04847,37.45604],[-99.04849,37.44158],[-99.06672,37.44158],[-99.0669,37.47046],[-99.03052,37.47052]]],[[[-98.15447,37.47153],[-98.17275,37.47137],[-98.17249,37.5013],[-98.15408,37.50135],[-98.15447,37.47153]]],[[[-97.73429,37.50367],[-97.69785,37.50362],[-97.69778,37.48914],[-97.73437,37.48908],[-97.73429,37.50367]]],[[[-97.73429,37.50367],[-97.75291,37.50355],[-97.75288,37.51821],[-97.7344,37.51821],[-97.73429,37.50367]]],[[[-97.75288,37.51821],[-97.78943,37.51827],[-97.78956,37.53273],[-97.753,37.53267],[-97.75288,37.51821]]],[[[-97.78956,37.53273],[-97.84415,37.53262],[-97.84418,37.54719],[-97.78965,37.54718],[-97.78956,37.53273]]],[[[-100.3612,37.60608],[-100.36125,37.59144],[-100.32475,37.5916],[-100.32475,37.60624],[-100.28849,37.60649],[-100.2885,37.59155],[-100.27016,37.59161],[-100.27022,37.57705],[-100.25208,37.5771],[-100.25206,37.56254],[-100.27037,37.56253],[-100.27052,37.53331],[-100.28882,37.53334],[-100.28887,37.50432],[-100.36126,37.50391],[-100.36123,37.51854],[-100.39793,37.51847],[-100.39786,37.5476],[-100.41579,37.54752],[-100.41584,37.5768],[-100.39773,37.57681],[-100.39758,37.59139],[-100.37949,37.59144],[-100.37944,37.60603],[-100.3612,37.60608]]],[[[-97.98151,37.60423],[-97.99063,37.60425],[-97.99055,37.61843],[-97.95385,37.6185],[-97.95388,37.60424],[-97.98151,37.60423]]],[[[-101.98057,37.47679],[-101.98052,37.46217],[-102.01709,37.4623],[-102.01721,37.44769],[-102.04188,37.44784],[-102.04186,37.59328],[-102.03462,37.59336],[-102.03502,37.53513],[-102.01653,37.53512],[-102.01671,37.52058],[-101.99855,37.52047],[-101.99869,37.50589],[-101.98036,37.50578],[-101.98057,37.47679]]],[[[-97.7895,37.70519],[-97.78943,37.69066],[-97.77113,37.6909],[-97.77062,37.66199],[-97.82507,37.66105],[-97.825,37.65385],[-97.82672,37.64668],[-97.82634,37.60428],[-97.89991,37.60405],[-97.89989,37.61837],[-97.91777,37.61834],[-97.91768,37.60406],[-97.93559,37.60408],[-97.93587,37.63271],[-97.88132,37.63287],[-97.88153,37.64676],[-97.86329,37.64665],[-97.86255,37.66094],[-97.84359,37.66086],[-97.84396,37.68983],[-97.82554,37.69001],[-97.82575,37.70451],[-97.7895,37.70519]]],[[[-99.84506,37.91309],[-99.84473,37.82584],[-99.83313,37.82583],[-99.8328,37.80741],[-99.81467,37.80704],[-99.81483,37.7925],[-99.83292,37.79294],[-99.83316,37.76379],[-99.85159,37.76396],[-99.85146,37.77852],[-99.86969,37.77861],[-99.86941,37.79311],[-99.88739,37.79337],[-99.88725,37.80795],[-99.90548,37.80802],[-99.90539,37.82599],[-99.99111,37.82594],[-99.99122,37.86935],[-99.93616,37.86951],[-99.93617,37.88406],[-99.9179,37.88424],[-99.91814,37.8988],[-99.89978,37.89882],[-99.89971,37.91337],[-99.84506,37.91309]]],[[[-97.35387,37.83964],[-97.35386,37.83893],[-97.3355,37.83905],[-97.33586,37.81043],[-97.3174,37.81042],[-97.31741,37.75223],[-97.29934,37.75223],[-97.29901,37.72277],[-97.37165,37.72291],[-97.37192,37.97031],[-97.35487,37.97012],[-97.35512,37.9122],[-97.35387,37.83964]]],[[[-97.35484,37.99914],[-97.37179,37.9993],[-97.37187,38.01388],[-97.35489,38.01373],[-97.35484,37.99914]]],[[[-99.99094,38.05868],[-99.99104,38.0441],[-100.00921,38.04386],[-100.00946,38.02941],[-100.10031,38.02955],[-100.10017,38.04387],[-100.06393,38.04445],[-100.06434,38.05833],[-100.0455,38.05812],[-100.04569,38.04433],[-100.02758,38.04392],[-100.02733,38.05809],[-99.99094,38.05868]]],[[[-99.89861,38.06738],[-99.89874,38.05922],[-99.93582,38.05892],[-99.93576,38.0734],[-99.89854,38.0738],[-99.89861,38.06738]]],[[[-99.99094,38.05868],[-99.99092,38.073],[-99.95387,38.07347],[-99.95408,38.05894],[-99.99094,38.05868]]],[[[-99.38711,38.07327],[-99.38713,38.0879],[-99.36875,38.08783],[-99.36871,38.07327],[-99.38711,38.07327]]],[[[-99.38711,38.07327],[-99.38717,38.01519],[-99.40553,38.0152],[-99.40538,38.00067],[-99.42366,38.00066],[-99.42376,37.98598],[-99.55155,37.98544],[-99.55153,37.97071],[-99.56981,37.97084],[-99.56983,37.95631],[-99.58824,37.95633],[-99.58827,37.94187],[-99.60663,37.94196],[-99.60687,37.86933],[-99.58851,37.86931],[-99.58889,37.84021],[-99.6252,37.8403],[-99.62508,37.85489],[-99.64361,37.85479],[-99.64355,37.88392],[-99.66177,37.88406],[-99.66153,37.91319],[-99.67969,37.91336],[-99.67963,37.9278],[-99.69791,37.9278],[-99.69789,37.94225],[-99.75283,37.9421],[-99.75271,38.00024],[-99.66132,38.00024],[-99.6614,38.01468],[-99.64304,38.01464],[-99.64303,38.02909],[-99.62464,38.02902],[-99.62463,38.07278],[-99.60622,38.0728],[-99.60626,38.08735],[-99.56954,38.08744],[-99.5696,38.10214],[-99.55191,38.1022],[-99.55188,38.0875],[-99.53353,38.08777],[-99.53326,38.07294],[-99.38711,38.07327]]],[[[-99.93654,38.23303],[-99.89967,38.23331],[-99.89956,38.21882],[-99.88142,38.21871],[-99.88158,38.23316],[-99.84499,38.23289],[-99.84412,38.1894],[-99.86247,38.18959],[-99.86217,38.1751],[-99.84376,38.17497],[-99.84389,38.14581],[-99.88066,38.14625],[-99.88065,38.11701],[-99.89861,38.11731],[-99.8984,38.08825],[-99.99072,38.08757],[-99.99097,38.11649],[-100.00937,38.11637],[-100.00929,38.08734],[-100.02741,38.0873],[-100.02723,38.07267],[-100.11658,38.07296],[-100.11651,38.08763],[-100.13485,38.08761],[-100.13492,38.10202],[-100.15318,38.10219],[-100.15346,38.11668],[-100.13515,38.11663],[-100.13532,38.16055],[-100.10089,38.16024],[-100.10106,38.18927],[-100.06449,38.18901],[-100.06453,38.20345],[-100.01893,38.20348],[-100.0098,38.20344],[-100.00967,38.18899],[-99.99141,38.18905],[-99.99152,38.20352],[-99.97319,38.20376],[-99.9732,38.21825],[-99.93638,38.21854],[-99.93654,38.23303]]],[[[-100.02771,38.15989],[-100.04603,38.16005],[-100.04604,38.14562],[-100.02777,38.14542],[-100.02771,38.15989],[-100.00961,38.16001],[-100.00965,38.17448],[-100.02787,38.17451],[-100.02771,38.15989]]],[[[-99.08772,38.27587],[-99.08762,38.26133],[-99.09619,38.26134],[-99.09603,38.2469],[-99.16898,38.24683],[-99.16937,38.26139],[-99.16123,38.2614],[-99.16113,38.29039],[-99.10612,38.2904],[-99.10608,38.2759],[-99.08772,38.27587]]],[[[-97.33482,38.26081],[-97.33715,38.17403],[-97.33402,38.17408],[-97.3367,38.08629],[-97.33669,38.05727],[-97.35503,38.05716],[-97.35493,38.02826],[-97.37193,38.02838],[-97.37172,38.20268],[-97.39013,38.20265],[-97.39009,38.23185],[-97.37173,38.23171],[-97.37168,38.24629],[-97.35339,38.24638],[-97.35311,38.28986],[-97.33453,38.28978],[-97.33482,38.26081]]],[[[-99.05151,38.39182],[-99.05131,38.37733],[-98.99601,38.37689],[-98.99584,38.36232],[-99.01426,38.36257],[-99.0139,38.34806],[-99.03242,38.34835],[-99.03238,38.33384],[-99.14249,38.33409],[-99.14243,38.34863],[-99.17931,38.34938],[-99.17929,38.37829],[-99.08826,38.37745],[-99.08839,38.39198],[-99.05151,38.39182]]],[[[-99.30699,38.3935],[-99.30633,38.37897],[-99.3248,38.3788],[-99.32416,38.36427],[-99.34263,38.36412],[-99.34326,38.37865],[-99.36268,38.37853],[-99.36313,38.3933],[-99.30699,38.3935]]],[[[-98.01697,38.42761],[-98.01695,38.42045],[-97.99824,38.42035],[-97.99832,38.40581],[-97.97984,38.40586],[-97.97985,38.36226],[-97.96133,38.36237],[-97.96137,38.34783],[-97.85102,38.3479],[-97.85141,38.28967],[-97.83298,38.28965],[-97.83295,38.27513],[-97.8514,38.27506],[-97.85141,38.26055],[-97.84846,38.26055],[-97.84843,38.23197],[-97.86691,38.23197],[-97.86692,38.24657],[-97.92225,38.2464],[-97.92229,38.26056],[-97.94369,38.26062],[-97.9435,38.27506],[-97.96201,38.27513],[-97.96164,38.31876],[-97.98016,38.3188],[-97.98003,38.33333],[-97.99848,38.33333],[-97.99834,38.36216],[-98.01689,38.36216],[-98.01677,38.39119],[-98.03486,38.391],[-98.03484,38.40569],[-98.05331,38.40559],[-98.05319,38.4201],[-98.03481,38.42024],[-98.03478,38.43478],[-98.01696,38.43492],[-98.01697,38.42761]]],[[[-100.20992,38.4507],[-100.20967,38.43621],[-100.22804,38.43628],[-100.22836,38.45076],[-100.20992,38.4507]]],[[[-100.30201,38.45552],[-100.30198,38.45137],[-100.26509,38.45093],[-100.26484,38.4365],[-100.24642,38.43629],[-100.24622,38.42184],[-100.22791,38.42182],[-100.22603,38.34921],[-100.24493,38.3493],[-100.24473,38.33479],[-100.2997,38.33494],[-100.29975,38.34972],[-100.31814,38.34981],[-100.31816,38.33504],[-100.33681,38.33533],[-100.33659,38.32087],[-100.37321,38.32125],[-100.37316,38.30683],[-100.3548,38.30651],[-100.3548,38.29185],[-100.37327,38.29211],[-100.37312,38.27748],[-100.39148,38.27765],[-100.39144,38.26275],[-100.41016,38.26296],[-100.41005,38.24827],[-100.53785,38.24892],[-100.53801,38.26368],[-100.5559,38.26375],[-100.55573,38.24901],[-100.57412,38.24924],[-100.57388,38.2347],[-100.59226,38.23479],[-100.59192,38.22016],[-100.61024,38.22042],[-100.61044,38.23484],[-100.62854,38.23513],[-100.62872,38.24968],[-100.64699,38.24981],[-100.64818,38.27845],[-100.62986,38.27847],[-100.63029,38.33653],[-100.63056,38.35109],[-100.6489,38.35123],[-100.64904,38.36593],[-100.55726,38.36547],[-100.55733,38.38015],[-100.53936,38.38014],[-100.53924,38.39466],[-100.44756,38.3946],[-100.4477,38.40913],[-100.42933,38.40899],[-100.42969,38.42358],[-100.39292,38.42314],[-100.39314,38.43783],[-100.37494,38.4376],[-100.3751,38.45207],[-100.35671,38.45184],[-100.35696,38.48093],[-100.33903,38.4806],[-100.33899,38.46626],[-100.3021,38.46588],[-100.30201,38.45552]]],[[[-97.59285,38.4928],[-97.57404,38.49413],[-97.57402,38.47915],[-97.59326,38.47832],[-97.59285,38.4928]]],[[[-100.15568,38.50842],[-100.12081,38.50855],[-100.11941,38.4943],[-100.11944,38.47964],[-100.15512,38.47955],[-100.15568,38.50842]]],[[[-101.93743,38.46554],[-101.91897,38.4656],[-101.91915,38.48013],[-101.88262,38.48012],[-101.88261,38.49449],[-101.86419,38.4945],[-101.86418,38.47998],[-101.84565,38.48006],[-101.84565,38.46573],[-101.77057,38.46578],[-101.77054,38.43666],[-101.75209,38.4367],[-101.75194,38.4077],[-101.73369,38.40769],[-101.73356,38.39312],[-101.65929,38.39336],[-101.65941,38.32077],[-101.67804,38.32068],[-101.67804,38.30629],[-101.71481,38.30594],[-101.7148,38.29152],[-101.7331,38.29149],[-101.73326,38.26263],[-101.74464,38.26255],[-101.74454,38.20442],[-101.72595,38.2044],[-101.72568,38.17546],[-101.68885,38.17555],[-101.68876,38.16103],[-101.59682,38.16151],[-101.59718,38.17592],[-101.57875,38.17599],[-101.57915,38.19086],[-101.56033,38.19062],[-101.56049,38.20536],[-101.469,38.20571],[-101.46902,38.22011],[-101.45077,38.2202],[-101.45084,38.23467],[-101.43232,38.23473],[-101.43262,38.26363],[-101.41993,38.26366],[-101.4203,38.29266],[-101.40188,38.29272],[-101.40208,38.30721],[-101.38348,38.30735],[-101.38373,38.32173],[-101.3286,38.32183],[-101.32882,38.33642],[-101.21837,38.33692],[-101.21901,38.35129],[-101.20051,38.35134],[-101.19973,38.32228],[-101.18131,38.32234],[-101.18085,38.30786],[-101.1627,38.30791],[-101.16258,38.29344],[-101.14431,38.29351],[-101.14382,38.26448],[-101.12163,38.2645],[-101.12162,38.2208],[-101.1032,38.22092],[-101.10327,38.20642],[-101.15838,38.2064],[-101.15827,38.19189],[-101.17669,38.19183],[-101.17639,38.16281],[-101.21276,38.16272],[-101.21248,38.14812],[-101.24923,38.148],[-101.2493,38.16259],[-101.32232,38.16253],[-101.32234,38.177],[-101.41409,38.17675],[-101.41394,38.16213],[-101.45026,38.16219],[-101.45015,38.14756],[-101.46855,38.14762],[-101.46849,38.11871],[-101.48683,38.11865],[-101.48661,38.07518],[-101.52327,38.07506],[-101.52326,38.06052],[-101.54119,38.06052],[-101.54135,37.98758],[-101.52324,37.98766],[-101.52333,37.95855],[-101.50527,37.95845],[-101.50507,37.94396],[-101.45002,37.94402],[-101.45015,37.91506],[-101.46844,37.91505],[-101.46861,37.8568],[-101.45035,37.85692],[-101.45067,37.82801],[-101.43619,37.82816],[-101.43615,37.79465],[-101.45457,37.79453],[-101.45462,37.77996],[-101.49138,37.78001],[-101.49131,37.76542],[-101.52724,37.76545],[-101.52717,37.7508],[-101.60032,37.75123],[-101.6001,37.76589],[-101.61853,37.76604],[-101.61844,37.78051],[-101.65368,37.7806],[-101.65362,37.79519],[-101.74293,37.79514],[-101.74261,37.82704],[-101.76176,37.82702],[-101.76177,37.84151],[-101.79832,37.84155],[-101.79846,37.856],[-101.83504,37.85594],[-101.83505,37.87046],[-101.85336,37.8705],[-101.85346,37.88496],[-101.94479,37.88502],[-101.94482,37.87048],[-101.98138,37.87047],[-101.98133,37.85583],[-101.99965,37.85584],[-101.99955,37.82688],[-101.99772,37.82687],[-101.99784,37.79664],[-102.0429,37.7965],[-102.04339,37.89953],[-102.04469,37.97597],[-102.04427,38.12485],[-102.0451,38.49428],[-102.02986,38.49441],[-102.02951,38.47993],[-101.99296,38.48003],[-101.99292,38.46546],[-101.93743,38.46554]]],[[[-97.59285,38.4928],[-97.61111,38.49263],[-97.61114,38.50702],[-97.62962,38.50714],[-97.62963,38.52187],[-97.68521,38.52189],[-97.68515,38.53644],[-97.59274,38.53642],[-97.59285,38.4928]]],[[[-98.46167,38.5654],[-98.46163,38.55085],[-98.44323,38.55083],[-98.4433,38.53636],[-98.46176,38.5363],[-98.46186,38.52184],[-98.48038,38.52182],[-98.4804,38.49277],[-98.49884,38.49286],[-98.49892,38.47842],[-98.53593,38.4784],[-98.53595,38.4639],[-98.62754,38.46359],[-98.62765,38.49256],[-98.60908,38.49272],[-98.60915,38.50723],[-98.62763,38.5074],[-98.62761,38.52189],[-98.59064,38.52183],[-98.59041,38.55082],[-98.57246,38.55085],[-98.5724,38.56536],[-98.51708,38.56539],[-98.51702,38.55087],[-98.50785,38.55085],[-98.49861,38.55102],[-98.49854,38.56556],[-98.46167,38.5654]]],[[[-98.16438,38.43501],[-98.18288,38.43506],[-98.183,38.42047],[-98.16454,38.42045],[-98.16438,38.43501],[-98.10882,38.43494],[-98.10885,38.4203],[-98.09046,38.42022],[-98.09043,38.3912],[-98.07191,38.39118],[-98.07205,38.37653],[-98.05348,38.37652],[-98.05383,38.34741],[-98.03531,38.34745],[-98.03565,38.30403],[-98.01725,38.3042],[-98.01736,38.28963],[-98.07275,38.28961],[-98.07279,38.27501],[-98.09121,38.275],[-98.09061,38.34752],[-98.10905,38.34752],[-98.10909,38.36206],[-98.12747,38.36198],[-98.12749,38.37655],[-98.2385,38.37693],[-98.23869,38.36245],[-98.25725,38.36244],[-98.2571,38.34791],[-98.2756,38.34788],[-98.27561,38.44948],[-98.25713,38.44956],[-98.25713,38.46402],[-98.23847,38.46422],[-98.23871,38.55122],[-98.22009,38.55116],[-98.22023,38.56572],[-98.18311,38.56544],[-98.18307,38.55097],[-98.16457,38.55118],[-98.16417,38.50758],[-98.14592,38.50757],[-98.14582,38.44951],[-98.16427,38.44957],[-98.16438,38.43501]]],[[[-98.88576,38.57913],[-98.88571,38.5646],[-98.86723,38.5649],[-98.86717,38.55033],[-98.83027,38.55063],[-98.83015,38.52165],[-98.88561,38.52106],[-98.88573,38.53556],[-98.90425,38.5357],[-98.90418,38.55023],[-98.95973,38.55098],[-98.95999,38.57998],[-98.88576,38.57913]]],[[[-98.72006,38.59424],[-98.72003,38.5797],[-98.75711,38.57971],[-98.7571,38.56521],[-98.77547,38.56522],[-98.77564,38.59426],[-98.72006,38.59424]]],[[[-99.86379,38.61048],[-99.86335,38.58141],[-99.93691,38.58086],[-99.93711,38.59532],[-99.90072,38.59553],[-99.90073,38.61014],[-99.88231,38.61027],[-99.88193,38.62479],[-99.86344,38.62491],[-99.86379,38.61048]]],[[[-100.02888,38.61666],[-100.02908,38.60939],[-100.04767,38.60952],[-100.0475,38.6236],[-100.02869,38.62385],[-100.02888,38.61666]]],[[[-98.46167,38.5654],[-98.46194,38.60893],[-98.47989,38.60895],[-98.47994,38.62345],[-98.49839,38.62349],[-98.49848,38.6526],[-98.42505,38.65235],[-98.425,38.63786],[-98.40647,38.63781],[-98.40637,38.62324],[-98.36942,38.62324],[-98.36943,38.60874],[-98.40638,38.60877],[-98.40644,38.59435],[-98.4249,38.59442],[-98.42455,38.56551],[-98.46167,38.5654]]],[[[-100.20872,38.7269],[-100.20941,38.69784],[-100.22833,38.69786],[-100.22977,38.66839],[-100.23053,38.61031],[-100.28539,38.61052],[-100.28551,38.62491],[-100.34107,38.62547],[-100.34116,38.6401],[-100.3585,38.64021],[-100.35839,38.65469],[-100.41385,38.6552],[-100.41364,38.66975],[-100.39508,38.66955],[-100.39457,38.68431],[-100.34041,38.68366],[-100.33916,38.69895],[-100.3021,38.69864],[-100.30326,38.68332],[-100.26552,38.683],[-100.26486,38.69818],[-100.24636,38.69812],[-100.24589,38.71262],[-100.22751,38.71239],[-100.22725,38.72709],[-100.20872,38.7269]]],[[[-100.68902,38.72185],[-100.68931,38.71462],[-100.67081,38.7146],[-100.67122,38.70011],[-100.72517,38.70014],[-100.72481,38.68601],[-100.74325,38.68602],[-100.74358,38.70016],[-100.7452,38.70015],[-100.74505,38.71467],[-100.72665,38.71462],[-100.72645,38.72909],[-100.68879,38.72917],[-100.68902,38.72185]]],[[[-100.11615,38.74054],[-100.11635,38.72606],[-100.15326,38.72634],[-100.15289,38.74087],[-100.11615,38.74054]]],[[[-102.02139,38.71241],[-102.02139,38.69784],[-102.04523,38.69785],[-102.0452,38.71214],[-102.02139,38.71241]]],[[[-99.63463,38.73985],[-99.61607,38.73994],[-99.61634,38.72543],[-99.59782,38.72551],[-99.59847,38.6965],[-99.56699,38.69657],[-99.56741,38.66937],[-99.6226,38.66924],[-99.62315,38.64034],[-99.64169,38.64028],[-99.64208,38.62582],[-99.66059,38.62573],[-99.66032,38.64029],[-99.75288,38.64001],[-99.75365,38.6112],[-99.77221,38.61109],[-99.77203,38.59636],[-99.79049,38.59634],[-99.79069,38.61102],[-99.80854,38.61077],[-99.80837,38.62517],[-99.84516,38.62502],[-99.84473,38.63922],[-99.86313,38.63944],[-99.86174,38.6965],[-99.8763,38.69647],[-99.87611,38.71098],[-99.89473,38.71094],[-99.89412,38.74002],[-99.85711,38.7401],[-99.85734,38.72555],[-99.82019,38.72551],[-99.82046,38.71102],[-99.80216,38.71092],[-99.74647,38.71116],[-99.74565,38.75493],[-99.67137,38.7546],[-99.67167,38.74005],[-99.63463,38.73985]]],[[[-100.94728,38.72796],[-100.94746,38.71348],[-100.96589,38.71363],[-100.96563,38.7426],[-100.94705,38.74247],[-100.94728,38.72796]]],[[[-101.09546,38.73637],[-101.09546,38.72927],[-101.11361,38.72952],[-101.1136,38.71499],[-101.13226,38.71525],[-101.13196,38.74422],[-101.09546,38.74383],[-101.09546,38.73637]]],[[[-100.00437,38.76884],[-100.00482,38.75434],[-99.98654,38.75452],[-99.98676,38.73991],[-100.02366,38.73985],[-100.02391,38.7253],[-100.04251,38.72529],[-100.04306,38.69627],[-100.08013,38.69666],[-100.07994,38.71101],[-100.09814,38.71127],[-100.09744,38.75467],[-100.02335,38.75442],[-100.02308,38.76891],[-100.00437,38.76884]]],[[[-101.40866,38.78781],[-101.37192,38.78812],[-101.37171,38.80265],[-101.40854,38.8024],[-101.40866,38.78781],[-101.42717,38.78752],[-101.42702,38.80214],[-101.46414,38.80194],[-101.46397,38.81623],[-101.50084,38.81618],[-101.50107,38.83062],[-101.51946,38.83051],[-101.5193,38.84507],[-101.55636,38.84485],[-101.55617,38.85928],[-101.38911,38.86072],[-101.38884,38.87512],[-101.37061,38.87527],[-101.29675,38.87536],[-101.29711,38.86089],[-101.27871,38.86095],[-101.27822,38.87534],[-101.25972,38.87538],[-101.25999,38.86106],[-101.22303,38.86086],[-101.22316,38.84651],[-101.20479,38.8464],[-101.20547,38.80292],[-101.26109,38.80304],[-101.26133,38.78847],[-101.31676,38.78821],[-101.31675,38.77383],[-101.28008,38.77399],[-101.27994,38.75952],[-101.29839,38.75949],[-101.29877,38.74495],[-101.31725,38.74513],[-101.31766,38.7159],[-101.33605,38.71594],[-101.33605,38.73068],[-101.39115,38.72987],[-101.39092,38.74433],[-101.40954,38.74411],[-101.40866,38.78781]]],[[[-99.61385,38.89954],[-99.59502,38.89942],[-99.59496,38.91389],[-99.55823,38.91376],[-99.55835,38.89928],[-99.50276,38.89966],[-99.50289,38.88521],[-99.52143,38.88503],[-99.52202,38.84154],[-99.55899,38.84147],[-99.55896,38.85609],[-99.57755,38.85617],[-99.57741,38.87052],[-99.59543,38.87045],[-99.5956,38.85598],[-99.61414,38.85587],[-99.61431,38.84139],[-99.63291,38.84139],[-99.63302,38.82672],[-99.6516,38.82705],[-99.65148,38.84158],[-99.67015,38.84172],[-99.66987,38.85615],[-99.74398,38.85627],[-99.74337,38.87092],[-99.72479,38.87094],[-99.72448,38.89966],[-99.70619,38.90003],[-99.70623,38.91448],[-99.61373,38.91408],[-99.61385,38.89954]]],[[[-100.15102,38.91488],[-100.15125,38.9004],[-100.16994,38.90043],[-100.16971,38.91494],[-100.15102,38.91488]]],[[[-100.22501,38.9296],[-100.22519,38.91527],[-100.2797,38.91556],[-100.2796,38.92999],[-100.22501,38.9296]]],[[[-100.05753,38.93587],[-100.0576,38.9286],[-100.03904,38.92853],[-100.03935,38.91405],[-99.92817,38.91399],[-99.92836,38.89946],[-99.91013,38.89939],[-99.91057,38.85593],[-99.94725,38.85602],[-99.94683,38.88475],[-99.96548,38.88487],[-99.96556,38.87036],[-100.00259,38.87052],[-100.00219,38.88467],[-100.05829,38.88516],[-100.05779,38.89963],[-100.09512,38.9],[-100.09493,38.91453],[-100.13212,38.91456],[-100.13194,38.92915],[-100.09474,38.92911],[-100.09444,38.94364],[-100.05741,38.94313],[-100.05753,38.93587]]],[[[-100.51943,38.94499],[-100.51947,38.93077],[-100.53809,38.93064],[-100.53807,38.91613],[-100.55651,38.91605],[-100.55682,38.90177],[-100.59377,38.90242],[-100.59346,38.91698],[-100.575,38.91628],[-100.57492,38.93119],[-100.55667,38.93059],[-100.55669,38.94513],[-100.51943,38.94499]]],[[[-100.94418,38.94506],[-100.92565,38.94496],[-100.92589,38.93058],[-100.94445,38.93053],[-100.94418,38.94506]]],[[[-100.94418,38.94506],[-100.98134,38.9452],[-100.98107,38.9597],[-101.07346,38.96024],[-101.07331,38.97476],[-101.03626,38.97431],[-101.03611,38.98888],[-100.9808,38.98863],[-100.98097,38.97419],[-100.96243,38.97386],[-100.96248,38.95967],[-100.94391,38.95955],[-100.94418,38.94506]]],[[[-99.51967,39.05931],[-99.51971,39.0448],[-99.4825,39.04507],[-99.48334,38.98695],[-99.50198,38.98695],[-99.50208,38.97233],[-99.57647,38.97181],[-99.57614,39.00092],[-99.55777,39.00103],[-99.55658,39.05903],[-99.51967,39.05931]]],[[[-99.88928,39.05945],[-99.90782,39.0591],[-99.90762,39.07356],[-99.88901,39.07381],[-99.88928,39.05945]]],[[[-100.11052,39.09068],[-100.11047,39.08865],[-100.13018,39.08883],[-100.12984,39.10338],[-100.11055,39.10315],[-100.11052,39.09068]]],[[[-101.31283,39.10173],[-101.3129,39.09273],[-101.34999,39.09289],[-101.35016,39.07838],[-101.36786,39.0784],[-101.36823,39.04944],[-101.40549,39.04915],[-101.40535,39.06359],[-101.42375,39.06345],[-101.42351,39.09247],[-101.36755,39.09298],[-101.36725,39.10747],[-101.31272,39.10732],[-101.31283,39.10173]]],[[[-99.41892,39.14011],[-99.41902,39.13274],[-99.43751,39.1327],[-99.43758,39.14731],[-99.41892,39.14733],[-99.41892,39.14011]]],[[[-99.45619,39.14002],[-99.45625,39.13265],[-99.47482,39.1326],[-99.47496,39.14722],[-99.45622,39.14719],[-99.45619,39.14002]]],[[[-101.25632,39.12222],[-101.25693,39.09254],[-101.2389,39.09232],[-101.23934,39.06332],[-101.22053,39.06295],[-101.22103,39.0484],[-101.1838,39.04775],[-101.18435,39.00459],[-101.16563,39.00414],[-101.1659,38.98987],[-101.14715,38.98951],[-101.14723,38.9757],[-101.18463,38.97602],[-101.18465,38.96165],[-101.24047,38.96191],[-101.25869,38.96211],[-101.25853,38.97665],[-101.27677,38.97673],[-101.2766,39.00555],[-101.29512,39.00565],[-101.29444,39.07818],[-101.27582,39.0781],[-101.27555,39.09268],[-101.29431,39.09267],[-101.29367,39.12182],[-101.27508,39.12169],[-101.27501,39.13542],[-101.25621,39.13526],[-101.25632,39.12222]]],[[[-99.51242,39.15431],[-99.51244,39.14698],[-99.54962,39.14705],[-99.54939,39.16166],[-99.51239,39.16155],[-99.51242,39.15431]]],[[[-99.75427,39.1611],[-99.75414,39.14661],[-99.86631,39.14666],[-99.86637,39.16116],[-99.75427,39.1611]]],[[[-102.04384,39.14764],[-102.04399,39.13316],[-102.04715,39.13316],[-102.04746,39.17679],[-102.04362,39.17678],[-102.04384,39.14764]]],[[[-101.57776,39.22108],[-101.57791,39.20679],[-101.55936,39.2069],[-101.55946,39.1923],[-101.52201,39.19226],[-101.52213,39.13465],[-101.51522,39.13471],[-101.51546,39.12087],[-101.57153,39.1204],[-101.57169,39.10587],[-101.58954,39.10578],[-101.58972,39.09118],[-101.60844,39.09105],[-101.60855,39.07652],[-101.68264,39.07607],[-101.68284,39.06159],[-101.60872,39.06211],[-101.60915,39.00406],[-101.59084,39.00419],[-101.5911,38.98972],[-101.57292,38.98989],[-101.57322,38.961],[-101.62858,38.96049],[-101.6283,38.97506],[-101.64681,38.97487],[-101.64638,39.00381],[-101.6651,39.00358],[-101.66486,39.0183],[-101.68345,39.01816],[-101.6836,39.00349],[-101.75768,39.00321],[-101.75806,38.98867],[-101.77646,38.98854],[-101.77618,39.00313],[-101.81348,39.00269],[-101.81319,39.03174],[-101.83171,39.03161],[-101.83253,38.95922],[-101.86992,38.95919],[-101.87021,38.94473],[-101.88883,38.94467],[-101.88829,38.95925],[-101.90696,38.95921],[-101.90688,38.97373],[-101.94368,38.97374],[-101.94345,38.98821],[-101.98048,38.98817],[-101.98079,38.9736],[-102.03657,38.97325],[-102.03671,38.95873],[-102.04602,38.9587],[-102.04656,39.03145],[-101.9428,39.03174],[-101.94254,39.04603],[-101.90596,39.04612],[-101.90568,39.06071],[-101.88712,39.06075],[-101.88683,39.07537],[-101.84983,39.07524],[-101.84967,39.08962],[-101.83081,39.08971],[-101.83061,39.10421],[-101.81223,39.10429],[-101.81179,39.13334],[-101.79339,39.13344],[-101.79358,39.11886],[-101.71902,39.11966],[-101.71891,39.13368],[-101.68972,39.13384],[-101.68923,39.16286],[-101.671,39.16298],[-101.67098,39.19205],[-101.65221,39.19189],[-101.65216,39.20651],[-101.61493,39.20658],[-101.61479,39.22103],[-101.57776,39.22108]]],[[[-99.36354,39.2635],[-99.32609,39.26352],[-99.32638,39.19069],[-99.30772,39.19062],[-99.30767,39.1761],[-99.28891,39.17616],[-99.28884,39.16163],[-99.26987,39.16182],[-99.26997,39.14734],[-99.32631,39.14721],[-99.32625,39.16168],[-99.38216,39.16206],[-99.38189,39.17669],[-99.36344,39.1766],[-99.36354,39.2635]]],[[[-99.80013,39.3213],[-99.77218,39.32149],[-99.77233,39.30691],[-99.8098,39.30669],[-99.80942,39.32131],[-99.80013,39.3213]]],[[[-99.86528,39.33538],[-99.86565,39.321],[-99.92159,39.32043],[-99.92128,39.33494],[-99.86528,39.33538]]],[[[-99.97581,39.38563],[-99.97593,39.3784],[-99.93865,39.37848],[-99.93935,39.34935],[-99.95787,39.34945],[-99.95807,39.33479],[-100.03243,39.33491],[-100.03231,39.34947],[-100.01369,39.34939],[-100.01313,39.37831],[-99.99458,39.37839],[-99.99436,39.39299],[-99.97568,39.393],[-99.97581,39.38563]]],[[[-99.99482,39.36363],[-99.99515,39.34935],[-99.97649,39.34943],[-99.97624,39.36369],[-99.99482,39.36363]]],[[[-99.50977,39.46641],[-99.49107,39.4665],[-99.49112,39.45204],[-99.56588,39.45209],[-99.5655,39.49556],[-99.5467,39.49556],[-99.54685,39.48101],[-99.52821,39.48103],[-99.5283,39.46639],[-99.50977,39.46641]]],[[[-99.37792,39.53901],[-99.34193,39.53882],[-99.34232,39.49499],[-99.37856,39.49544],[-99.37792,39.53901]]],[[[-99.51559,39.64009],[-99.49676,39.64009],[-99.49674,39.62552],[-99.44043,39.62523],[-99.30927,39.62555],[-99.30934,39.63995],[-99.29049,39.64002],[-99.29036,39.59658],[-99.3653,39.59652],[-99.36526,39.58207],[-99.38398,39.58202],[-99.3839,39.59659],[-99.40301,39.59633],[-99.403,39.61082],[-99.53412,39.61107],[-99.53404,39.64009],[-99.51559,39.64009]]],[[[-99.7219,39.63213],[-99.72167,39.58164],[-99.75922,39.58161],[-99.75937,39.5961],[-99.77795,39.596],[-99.77824,39.62483],[-99.74073,39.62501],[-99.74058,39.63938],[-99.72187,39.63944],[-99.7219,39.63213]]],[[[-99.7591,39.69731],[-99.75904,39.68289],[-99.66556,39.68316],[-99.66564,39.65406],[-99.70282,39.6539],[-99.7029,39.66864],[-99.72209,39.66831],[-99.72207,39.65381],[-99.74054,39.65379],[-99.74048,39.66837],[-99.75909,39.66842],[-99.7593,39.63934],[-99.81528,39.63932],[-99.81522,39.62493],[-99.85244,39.6248],[-99.8525,39.61034],[-99.90886,39.61018],[-99.90891,39.62487],[-99.87117,39.6248],[-99.87111,39.63922],[-99.85247,39.63935],[-99.85256,39.68279],[-99.8152,39.68269],[-99.81507,39.69714],[-99.7591,39.69731]]],[[[-102.05014,39.62061],[-102.05076,39.71274],[-102.05005,39.71272],[-102.05014,39.62061]]],[[[-99.48703,39.79946],[-99.45911,39.79961],[-99.45916,39.78507],[-99.44032,39.78501],[-99.44039,39.75599],[-99.47792,39.75613],[-99.47817,39.74154],[-99.49668,39.74159],[-99.49653,39.7561],[-99.51558,39.75601],[-99.51559,39.7417],[-99.53456,39.74147],[-99.5346,39.72701],[-99.59061,39.72682],[-99.59056,39.74129],[-99.60934,39.74121],[-99.60933,39.77028],[-99.55276,39.77045],[-99.55271,39.78493],[-99.49644,39.7851],[-99.49643,39.79958],[-99.48703,39.79946]]],[[[-100.36668,39.80653],[-100.36685,39.78488],[-100.40368,39.78485],[-100.40355,39.79935],[-100.38524,39.79929],[-100.38521,39.81389],[-100.36663,39.8138],[-100.36668,39.80653]]],[[[-99.46855,39.81394],[-99.47791,39.81382],[-99.4778,39.82841],[-99.45908,39.82842],[-99.45912,39.81405],[-99.46855,39.81394]]],[[[-99.3659,39.84269],[-99.32842,39.84258],[-99.32839,39.8137],[-99.34706,39.81374],[-99.34699,39.77032],[-99.38445,39.7702],[-99.38468,39.79916],[-99.4028,39.79933],[-99.40301,39.84277],[-99.3659,39.84269]]],[[[-99.21655,39.8571],[-99.21648,39.84265],[-99.25389,39.84232],[-99.2538,39.85686],[-99.21655,39.8571]]],[[[-98.91692,40.00231],[-98.91709,39.98791],[-98.93582,39.98787],[-98.93583,39.92997],[-98.97339,39.93016],[-98.97342,39.91564],[-98.99226,39.91576],[-98.99208,39.90136],[-99.02969,39.90143],[-99.02987,39.91587],[-99.04863,39.91586],[-99.04847,39.9304],[-99.02995,39.93036],[-99.02974,39.94484],[-99.01096,39.94468],[-99.01065,40.0022],[-98.91692,40.00231]]],[[[-99.81356,39.99119],[-99.81362,39.98668],[-99.85046,39.98713],[-99.85053,39.97253],[-99.88861,39.9724],[-99.88813,40.00002],[-99.88905,40.00159],[-99.81332,40.00153],[-99.81356,39.99119]]],[[[-100.79493,39.99474],[-100.79494,39.98751],[-100.83289,39.98766],[-100.833,39.97317],[-100.86954,39.97327],[-100.86946,39.98776],[-100.88814,39.98785],[-100.8882,40.00219],[-100.7951,40.00213],[-100.79493,39.99474]]],[[[-101.03742,40.00001],[-101.03747,39.98739],[-101.05619,39.98722],[-101.05594,39.90046],[-101.09301,39.9003],[-101.09274,39.94385],[-101.11159,39.94396],[-101.11185,39.98742],[-101.13051,39.98744],[-101.13057,40.00265],[-101.03742,40.0024],[-101.03742,40.00001]]],[[[-101.28115,39.99492],[-101.28124,39.98767],[-101.29927,39.98769],[-101.29907,39.97325],[-101.3929,39.97358],[-101.39274,39.9593],[-101.41089,39.95932],[-101.41074,39.94495],[-101.46704,39.94498],[-101.46712,39.95943],[-101.44842,39.95944],[-101.44898,40.00263],[-101.28113,40.00261],[-101.28115,39.99492]]],[[[-101.73076,39.98088],[-101.73053,39.97363],[-101.74886,39.97381],[-101.74844,39.91571],[-101.76716,39.91584],[-101.7672,39.93033],[-101.84246,39.93062],[-101.84251,39.91617],[-101.87988,39.9162],[-101.87982,39.93073],[-101.99255,39.93049],[-101.99265,39.91595],[-102.01156,39.91603],[-102.0116,39.90157],[-102.02983,39.90152],[-102.03062,39.87247],[-102.04929,39.8724],[-102.04984,39.82885],[-102.03106,39.82878],[-102.03095,39.81424],[-102.04983,39.81421],[-102.04993,39.74175],[-102.05086,39.74174],[-102.05171,40.00316],[-101.73077,40.00289],[-101.73076,39.98088]]]]},"properties":{"OBJECTID":1,"dtw_2022_2024_MANUAL_RANGE":null,"name":"Depth to water: No classified value","classLabel":"No classified value","color":"#888888","hasValue":false,"period":"2022\u20132024"}},{"type":"Feature","id":2,"geometry":{"type":"MultiPolygon","coordinates":[[[[-100.6334,37.05377],[-100.61527,37.0538],[-100.61494,37.03941],[-100.59681,37.03939],[-100.59669,37.02484],[-100.57842,37.02467],[-100.57841,37.01022],[-100.5422,37.01045],[-100.54227,37.02496],[-100.48813,37.02496],[-100.48821,37.03952],[-100.4336,37.03967],[-100.43384,37.02494],[-100.41576,37.02489],[-100.41573,37.00126],[-100.45185,37.00128],[-100.45185,37.01043],[-100.48811,37.01046],[-100.48804,37.00091],[-100.59642,37.00033],[-100.59652,37.01063],[-100.6151,37.01019],[-100.61496,37.02501],[-100.63304,37.02488],[-100.6334,37.05377]]],[[[-100.6334,37.05377],[-100.65155,37.05376],[-100.65174,37.06832],[-100.63363,37.06822],[-100.6334,37.05377]]],[[[-100.65174,37.06832],[-100.67002,37.0684],[-100.67047,37.08297],[-100.6523,37.08283],[-100.65174,37.06832]]],[[[-100.67047,37.08297],[-100.68874,37.08268],[-100.68911,37.09715],[-100.67097,37.09729],[-100.67047,37.08297]]],[[[-101.97171,37.08287],[-101.97158,37.06829],[-102.02599,37.06848],[-102.02595,37.05397],[-102.04214,37.05407],[-102.04206,37.0831],[-101.97171,37.08287]]],[[[-100.68911,37.09715],[-100.72528,37.09695],[-100.72608,37.11178],[-100.68955,37.11182],[-100.68911,37.09715]]],[[[-100.38038,37.12562],[-100.36244,37.12567],[-100.3619,37.09679],[-100.34375,37.09673],[-100.3438,37.11105],[-100.32598,37.11106],[-100.32575,37.09659],[-100.30771,37.0965],[-100.30741,37.08193],[-100.32551,37.08213],[-100.32541,37.06785],[-100.36177,37.06814],[-100.36192,37.08235],[-100.38009,37.08249],[-100.38038,37.12562]]],[[[-101.9357,37.09761],[-101.93572,37.08309],[-101.97171,37.08287],[-101.9718,37.09748],[-101.9357,37.09761]]],[[[-100.72608,37.11178],[-100.74207,37.1118],[-100.74217,37.12606],[-100.72631,37.12611],[-100.72608,37.11178]]],[[[-100.38038,37.12562],[-100.39859,37.12572],[-100.39889,37.14017],[-100.3806,37.14005],[-100.38038,37.12562]]],[[[-101.80928,37.14164],[-101.80945,37.12703],[-101.84543,37.12709],[-101.84584,37.11218],[-101.89988,37.11218],[-101.89983,37.09753],[-101.9357,37.09761],[-101.93556,37.11213],[-101.91824,37.11227],[-101.91791,37.12686],[-101.88171,37.12708],[-101.88172,37.14158],[-101.80928,37.14164]]],[[[-101.80928,37.14164],[-101.80929,37.15627],[-101.79134,37.1562],[-101.7911,37.14156],[-101.80928,37.14164]]],[[[-100.38061,37.18383],[-100.38055,37.1547],[-100.39889,37.15465],[-100.39898,37.1838],[-100.38061,37.18383]]],[[[-100.36255,37.22753],[-100.36265,37.18395],[-100.38061,37.18383],[-100.38065,37.2273],[-100.36255,37.22753]]],[[[-100.36255,37.22753],[-100.36248,37.24193],[-100.34443,37.24191],[-100.34444,37.22745],[-100.36255,37.22753]]],[[[-100.07357,37.31361],[-100.07345,37.25539],[-100.09163,37.25568],[-100.09145,37.24108],[-100.10952,37.24129],[-100.10905,37.1975],[-100.12698,37.19758],[-100.12676,37.18295],[-100.14524,37.18283],[-100.14524,37.16821],[-100.19974,37.16888],[-100.19981,37.18348],[-100.21802,37.18362],[-100.21795,37.19819],[-100.27209,37.19842],[-100.27202,37.21281],[-100.14553,37.21219],[-100.14554,37.2413],[-100.16379,37.24141],[-100.16388,37.25004],[-100.16388,37.25599],[-100.1279,37.25597],[-100.12797,37.27052],[-100.14583,37.2705],[-100.14597,37.28521],[-100.12819,37.28519],[-100.12788,37.29969],[-100.09177,37.29938],[-100.09182,37.3141],[-100.07357,37.31361]]],[[[-99.34612,37.30084],[-99.3462,37.29491],[-99.32808,37.29506],[-99.3273,37.19314],[-99.29124,37.19349],[-99.29069,37.179],[-99.27269,37.17911],[-99.27373,37.23738],[-99.23695,37.2376],[-99.23727,37.25226],[-99.22823,37.25235],[-99.21916,37.2523],[-99.21908,37.2378],[-99.20139,37.23788],[-99.20144,37.25234],[-99.18321,37.25245],[-99.18305,37.20875],[-99.2012,37.20877],[-99.20023,37.17986],[-99.25456,37.17943],[-99.25421,37.16478],[-99.39906,37.1639],[-99.39974,37.19279],[-99.38157,37.19297],[-99.38204,37.20753],[-99.36388,37.20749],[-99.36422,37.23656],[-99.34623,37.23667],[-99.34623,37.28037],[-99.4009,37.28007],[-99.40081,37.2946],[-99.36444,37.29474],[-99.36423,37.32381],[-99.34602,37.32396],[-99.34612,37.30084]]],[[[-99.14712,37.32577],[-99.14712,37.31111],[-99.18326,37.31111],[-99.18312,37.32552],[-99.14712,37.32577]]],[[[-98.3495,37.34044],[-98.36761,37.34049],[-98.36768,37.35504],[-98.34943,37.35506],[-98.3495,37.34044]]],[[[-98.62279,37.38422],[-98.60457,37.38412],[-98.60458,37.36976],[-98.62277,37.36975],[-98.62279,37.38422]]],[[[-99.66453,37.38794],[-99.66442,37.38041],[-99.68264,37.38024],[-99.68281,37.39471],[-99.66458,37.39488],[-99.66453,37.38794]]],[[[-99.5194,37.39566],[-99.50136,37.39582],[-99.50133,37.38127],[-99.48965,37.38139],[-99.48985,37.35235],[-99.50786,37.35218],[-99.50788,37.33763],[-99.63461,37.33698],[-99.63429,37.35161],[-99.65186,37.35147],[-99.65148,37.38058],[-99.64644,37.38062],[-99.64647,37.39497],[-99.62835,37.39509],[-99.62821,37.38074],[-99.63393,37.3807],[-99.63404,37.36614],[-99.61612,37.36614],[-99.61575,37.38071],[-99.59784,37.38074],[-99.59798,37.36615],[-99.54334,37.36653],[-99.5431,37.38112],[-99.57349,37.38087],[-99.57378,37.40985],[-99.51944,37.40987],[-99.5194,37.39566]]],[[[-98.51052,37.39854],[-98.51971,37.39855],[-98.51963,37.41304],[-98.50142,37.41303],[-98.50145,37.39854],[-98.51052,37.39854]]],[[[-99.77344,37.40137],[-99.7735,37.39401],[-99.79228,37.39499],[-99.79274,37.42407],[-99.81139,37.42473],[-99.81171,37.43922],[-99.77408,37.43806],[-99.77344,37.40137]]],[[[-99.24752,37.45534],[-99.28396,37.455],[-99.28391,37.46907],[-99.2481,37.46907],[-99.24752,37.45534]]],[[[-99.24752,37.45534],[-99.22934,37.45541],[-99.23018,37.48382],[-99.21222,37.48401],[-99.21225,37.46933],[-99.176,37.46969],[-99.17505,37.44063],[-99.24721,37.44083],[-99.24752,37.45534]]],[[[-98.45885,37.34049],[-98.45926,37.32625],[-98.44046,37.32617],[-98.44059,37.34051],[-98.45885,37.34049],[-98.45877,37.35496],[-98.38597,37.35504],[-98.38558,37.31152],[-98.40398,37.31158],[-98.40405,37.29707],[-98.44024,37.29742],[-98.44024,37.2826],[-98.4599,37.28265],[-98.46011,37.2974],[-98.5145,37.29736],[-98.51448,37.3118],[-98.53255,37.31172],[-98.53255,37.32627],[-98.55068,37.32651],[-98.55041,37.36978],[-98.56823,37.36966],[-98.56779,37.38419],[-98.59293,37.38411],[-98.59286,37.39875],[-98.62944,37.39882],[-98.62936,37.38426],[-98.70236,37.38424],[-98.70221,37.4131],[-98.77536,37.41267],[-98.77521,37.42711],[-98.79324,37.42707],[-98.79321,37.45603],[-98.77498,37.45606],[-98.7751,37.44152],[-98.75678,37.44163],[-98.75674,37.45606],[-98.73851,37.45616],[-98.73858,37.4851],[-98.72036,37.48529],[-98.72047,37.47067],[-98.70199,37.4707],[-98.70199,37.45628],[-98.68381,37.45633],[-98.68382,37.44178],[-98.6656,37.44176],[-98.66552,37.45631],[-98.64738,37.45627],[-98.64747,37.44177],[-98.62917,37.4418],[-98.62914,37.45623],[-98.61077,37.4564],[-98.6109,37.44185],[-98.59276,37.44183],[-98.59255,37.42734],[-98.5743,37.42754],[-98.57445,37.39856],[-98.55621,37.39853],[-98.55653,37.38412],[-98.5318,37.38403],[-98.53239,37.34078],[-98.45885,37.34049]]],[[[-98.93924,37.48488],[-98.95788,37.48494],[-98.9582,37.51402],[-98.93987,37.51405],[-98.93924,37.48488]]],[[[-98.39189,37.52915],[-98.37375,37.52901],[-98.37355,37.5001],[-98.33689,37.50033],[-98.31873,37.50053],[-98.31878,37.51503],[-98.337,37.51483],[-98.33698,37.52933],[-98.28245,37.53005],[-98.28231,37.50078],[-98.2639,37.50054],[-98.26405,37.5298],[-98.24556,37.52926],[-98.22723,37.52979],[-98.22741,37.51524],[-98.20908,37.51574],[-98.20899,37.5305],[-98.19076,37.53066],[-98.1907,37.516],[-98.17225,37.51618],[-98.17257,37.45683],[-98.19066,37.45685],[-98.19053,37.44226],[-98.20871,37.44223],[-98.20858,37.4278],[-98.2637,37.42776],[-98.26363,37.3987],[-98.28188,37.39867],[-98.28191,37.38411],[-98.33175,37.38402],[-98.33164,37.36952],[-98.34945,37.36944],[-98.34948,37.38395],[-98.48332,37.38403],[-98.48322,37.39856],[-98.41003,37.39858],[-98.40983,37.41312],[-98.33684,37.41318],[-98.33674,37.44229],[-98.31853,37.44229],[-98.31856,37.42759],[-98.30016,37.42764],[-98.30033,37.45678],[-98.33683,37.4568],[-98.33692,37.47137],[-98.35515,37.47129],[-98.35515,37.45677],[-98.37343,37.45663],[-98.42816,37.45672],[-98.42825,37.47119],[-98.46467,37.47107],[-98.46483,37.51467],[-98.5014,37.51433],[-98.50144,37.52893],[-98.44689,37.52949],[-98.44673,37.51492],[-98.42832,37.51513],[-98.42834,37.50058],[-98.4101,37.50011],[-98.3919,37.50025],[-98.39189,37.52915]]],[[[-98.93924,37.48488],[-98.90282,37.48481],[-98.90285,37.42722],[-98.88467,37.42729],[-98.88486,37.44166],[-98.86646,37.44158],[-98.86645,37.42715],[-98.81157,37.42709],[-98.8116,37.41266],[-98.77536,37.41267],[-98.77549,37.39822],[-98.82967,37.39837],[-98.82978,37.41258],[-98.84833,37.41265],[-98.84806,37.3985],[-98.88456,37.39842],[-98.88455,37.41273],[-98.92077,37.41271],[-98.92107,37.42716],[-98.97547,37.42743],[-98.97559,37.44165],[-99.01218,37.44169],[-99.01246,37.45628],[-99.03053,37.45606],[-99.03052,37.47052],[-99.0669,37.47046],[-99.06672,37.45607],[-99.08504,37.45586],[-99.08504,37.47046],[-99.12133,37.47035],[-99.12144,37.45593],[-99.15745,37.4553],[-99.15783,37.47004],[-99.1396,37.47017],[-99.13986,37.4847],[-99.15786,37.48447],[-99.1579,37.49899],[-99.17614,37.49883],[-99.17605,37.5427],[-99.14015,37.54273],[-99.14009,37.51365],[-99.10377,37.51393],[-99.10403,37.52852],[-99.09934,37.52859],[-99.08585,37.5285],[-99.08573,37.51402],[-99.06752,37.51398],[-99.06784,37.52844],[-99.06053,37.52847],[-99.04966,37.52845],[-99.04936,37.51398],[-99.01316,37.51406],[-99.01225,37.47054],[-98.99382,37.47039],[-98.99403,37.45644],[-98.9576,37.45619],[-98.95733,37.4703],[-98.93915,37.47038],[-98.93924,37.48488]]],[[[-98.39189,37.52915],[-98.41013,37.5291],[-98.41011,37.54358],[-98.39184,37.54363],[-98.39189,37.52915]]],[[[-97.95394,37.54648],[-97.95386,37.53186],[-97.97183,37.53253],[-97.97207,37.54693],[-97.95394,37.54648]]],[[[-97.93548,37.50284],[-97.9355,37.48792],[-97.91711,37.48802],[-97.91738,37.50278],[-97.93548,37.50284],[-97.9355,37.51749],[-97.95375,37.51733],[-97.95386,37.53186],[-97.8989,37.53218],[-97.89899,37.54689],[-97.84418,37.54719],[-97.84415,37.53262],[-97.78956,37.53273],[-97.78943,37.51827],[-97.75288,37.51821],[-97.75291,37.50355],[-97.73429,37.50367],[-97.73437,37.48908],[-97.69778,37.48914],[-97.69746,37.4599],[-97.73383,37.45984],[-97.73349,37.44523],[-97.71537,37.44534],[-97.71438,37.40151],[-97.64171,37.40184],[-97.64117,37.38739],[-97.63955,37.38739],[-97.63953,37.37307],[-97.65739,37.37277],[-97.65717,37.35824],[-97.6937,37.35813],[-97.69341,37.34352],[-97.72882,37.34329],[-97.72897,37.35784],[-97.74778,37.35775],[-97.74846,37.38659],[-97.7667,37.38643],[-97.7666,37.37206],[-97.78486,37.37186],[-97.78493,37.38641],[-97.80711,37.38631],[-97.80717,37.40091],[-97.82555,37.40087],[-97.82552,37.41543],[-97.86201,37.4153],[-97.86211,37.42993],[-97.88035,37.42969],[-97.88046,37.44427],[-97.93516,37.44397],[-97.93532,37.45857],[-97.97181,37.45873],[-97.97157,37.44402],[-97.98999,37.44384],[-97.99032,37.47281],[-98.00868,37.47262],[-98.00847,37.45812],[-98.04495,37.45757],[-98.04507,37.48673],[-98.11798,37.48673],[-98.11816,37.47177],[-98.15447,37.47153],[-98.15381,37.53082],[-98.13548,37.53113],[-98.13548,37.54585],[-98.11748,37.54592],[-98.11744,37.51653],[-98.04487,37.5165],[-98.04489,37.53128],[-98.02685,37.53128],[-98.02687,37.51666],[-97.99033,37.51748],[-97.99035,37.5026],[-97.93548,37.50284]]],[[[-97.80737,37.43005],[-97.80725,37.4155],[-97.78759,37.41547],[-97.78748,37.40092],[-97.76925,37.40093],[-97.76968,37.43006],[-97.80737,37.43005]]],[[[-98.2087,37.55937],[-98.22706,37.55884],[-98.227,37.5879],[-98.20874,37.58841],[-98.2087,37.55937]]],[[[-98.09941,37.58969],[-98.09933,37.5753],[-98.13543,37.57489],[-98.13552,37.58938],[-98.09941,37.58969]]],[[[-98.46509,37.60157],[-98.46497,37.58691],[-98.50161,37.58709],[-98.50168,37.60173],[-98.46509,37.60157]]],[[[-97.95394,37.54648],[-97.95399,37.56118],[-97.99034,37.56126],[-97.99031,37.54694],[-98.00886,37.54691],[-98.00856,37.56112],[-98.0266,37.56105],[-98.02676,37.54596],[-98.06283,37.54617],[-98.06278,37.56088],[-98.0447,37.56098],[-98.0448,37.57537],[-98.00862,37.5755],[-98.00869,37.58984],[-97.99054,37.58992],[-97.99063,37.60425],[-97.97248,37.60418],[-97.97236,37.5899],[-97.95395,37.58988],[-97.95399,37.57556],[-97.93581,37.57549],[-97.93583,37.56112],[-97.91784,37.56107],[-97.91753,37.5468],[-97.95394,37.54648]]],[[[-97.99055,37.61843],[-97.99063,37.60425],[-98.04475,37.60422],[-98.04477,37.58968],[-98.06289,37.58974],[-98.06293,37.61863],[-97.99055,37.61843]]],[[[-97.99055,37.61843],[-97.99045,37.63302],[-97.97235,37.63287],[-97.97238,37.61852],[-97.99055,37.61843]]],[[[-98.75797,37.63093],[-98.77613,37.63054],[-98.77591,37.64533],[-98.7577,37.6458],[-98.75797,37.63093]]],[[[-98.64778,37.64555],[-98.64787,37.63098],[-98.73968,37.63141],[-98.73947,37.64601],[-98.64778,37.64555]]],[[[-98.06302,37.63309],[-98.06318,37.64745],[-98.02671,37.64692],[-98.00889,37.64742],[-98.00899,37.63307],[-98.06302,37.63309]]],[[[-99.76049,37.66186],[-99.79716,37.66193],[-99.79707,37.6764],[-99.76049,37.67642],[-99.76049,37.66186]]],[[[-98.62762,37.71825],[-98.6278,37.6892],[-98.64613,37.68922],[-98.64594,37.71828],[-98.62762,37.71825]]],[[[-98.53806,37.73267],[-98.55644,37.73272],[-98.55649,37.74746],[-98.5381,37.74734],[-98.53806,37.73267]]],[[[-98.53806,37.73267],[-98.51974,37.7327],[-98.51976,37.74734],[-98.48314,37.74714],[-98.48311,37.73257],[-98.46485,37.73265],[-98.46487,37.71809],[-98.53802,37.71817],[-98.53806,37.73267]]],[[[-98.26453,37.74706],[-98.26455,37.73251],[-98.28285,37.73253],[-98.2829,37.74694],[-98.26453,37.74706]]],[[[-99.7604,37.76349],[-99.77821,37.7636],[-99.7782,37.77815],[-99.76028,37.77804],[-99.7604,37.76349]]],[[[-99.68716,37.77796],[-99.70573,37.77794],[-99.70541,37.79245],[-99.68708,37.79253],[-99.68716,37.77796]]],[[[-99.05015,37.80586],[-99.05005,37.7913],[-99.08693,37.79131],[-99.08687,37.8058],[-99.05015,37.80586]]],[[[-97.84396,37.68983],[-97.8441,37.70436],[-97.86231,37.7043],[-97.86237,37.71884],[-97.88075,37.71879],[-97.88121,37.73354],[-97.93639,37.73381],[-97.93642,37.74835],[-97.95464,37.74832],[-97.95468,37.73377],[-97.93639,37.73381],[-97.93629,37.71938],[-97.91807,37.71939],[-97.91814,37.69038],[-97.89975,37.69022],[-97.89972,37.70479],[-97.88086,37.70439],[-97.88105,37.68998],[-97.84396,37.68983],[-97.84359,37.66086],[-97.86255,37.66094],[-97.86329,37.64665],[-97.88153,37.64676],[-97.88132,37.63287],[-97.91765,37.63261],[-97.9176,37.64692],[-97.93588,37.64704],[-97.93587,37.63271],[-97.95386,37.63284],[-97.95405,37.64719],[-97.9724,37.64727],[-97.9726,37.66135],[-97.95436,37.66133],[-97.95438,37.67584],[-97.99088,37.67585],[-97.99083,37.69033],[-98.11774,37.68959],[-98.11755,37.67545],[-98.09929,37.67524],[-98.09925,37.66103],[-98.06325,37.66081],[-98.06318,37.64745],[-98.11738,37.64649],[-98.1176,37.63238],[-98.06302,37.63309],[-98.06293,37.61863],[-98.08118,37.61851],[-98.08106,37.58977],[-98.09941,37.58969],[-98.09952,37.61842],[-98.13579,37.61828],[-98.13575,37.60383],[-98.1967,37.60341],[-98.24571,37.6018],[-98.24582,37.61641],[-98.26386,37.61648],[-98.26394,37.63101],[-98.28239,37.63085],[-98.28226,37.61636],[-98.3006,37.61618],[-98.30062,37.58718],[-98.31889,37.58718],[-98.31901,37.60166],[-98.33714,37.60171],[-98.33705,37.58705],[-98.35524,37.58701],[-98.3554,37.60159],[-98.37375,37.60157],[-98.37351,37.58712],[-98.39202,37.58699],[-98.39192,37.57251],[-98.41013,37.57253],[-98.41025,37.58701],[-98.44674,37.58721],[-98.44694,37.60165],[-98.3922,37.60145],[-98.39227,37.61605],[-98.41039,37.61614],[-98.41043,37.63076],[-98.44714,37.63087],[-98.44701,37.64529],[-98.50176,37.64547],[-98.50185,37.63083],[-98.55669,37.63106],[-98.55678,37.64559],[-98.57478,37.64561],[-98.57481,37.631],[-98.59312,37.63099],[-98.5931,37.64564],[-98.64778,37.64555],[-98.64633,37.65274],[-98.64622,37.67474],[-98.53818,37.67465],[-98.53829,37.66008],[-98.52003,37.65992],[-98.51993,37.67451],[-98.44673,37.67459],[-98.44657,37.68887],[-98.43742,37.68891],[-98.42811,37.68884],[-98.42826,37.67431],[-98.40972,37.67433],[-98.4097,37.6889],[-98.3915,37.68887],[-98.39146,37.67432],[-98.37335,37.67443],[-98.37379,37.65983],[-98.35567,37.65985],[-98.35519,37.67446],[-98.33748,37.67435],[-98.33752,37.65986],[-98.31923,37.65982],[-98.3193,37.64529],[-98.3007,37.64531],[-98.30107,37.67433],[-98.24597,37.67446],[-98.24609,37.65992],[-98.22701,37.65996],[-98.22714,37.64571],[-98.20888,37.64602],[-98.20887,37.67457],[-98.17222,37.67466],[-98.1725,37.70365],[-98.20905,37.70381],[-98.20921,37.73276],[-98.19098,37.73269],[-98.19214,37.76208],[-98.17335,37.76177],[-98.1737,37.77641],[-98.1188,37.7767],[-98.11892,37.76201],[-98.06417,37.76242],[-98.0636,37.73327],[-98.04546,37.73325],[-98.04569,37.74785],[-98.02751,37.74781],[-98.02745,37.76265],[-98.00968,37.76266],[-98.00939,37.74794],[-97.97288,37.74821],[-97.97311,37.76276],[-97.93643,37.76278],[-97.93646,37.79201],[-97.99158,37.79198],[-97.99166,37.80676],[-97.95493,37.80711],[-97.95466,37.82477],[-97.95867,37.82476],[-97.95867,37.83931],[-97.92207,37.83947],[-97.92203,37.82488],[-97.91795,37.8249],[-97.91826,37.79207],[-97.90062,37.79222],[-97.90008,37.76293],[-97.88168,37.7629],[-97.88149,37.74834],[-97.84474,37.74784],[-97.84449,37.73338],[-97.82624,37.7334],[-97.82594,37.71904],[-97.80784,37.71911],[-97.80761,37.70463],[-97.82575,37.70451],[-97.82554,37.69001],[-97.84396,37.68983]]],[[[-98.15382,37.67477],[-98.15372,37.66039],[-98.13537,37.66044],[-98.13541,37.67496],[-98.15382,37.67477]]],[[[-98.19036,37.66013],[-98.19025,37.64633],[-98.17242,37.6466],[-98.17196,37.66028],[-98.19036,37.66013]]],[[[-97.8083,37.82493],[-97.8121,37.8249],[-97.81166,37.83938],[-97.79328,37.83952],[-97.79379,37.82496],[-97.8083,37.82493]]],[[[-97.79312,37.86868],[-97.79336,37.85414],[-97.81166,37.85399],[-97.81166,37.86853],[-97.79312,37.86868]]],[[[-101.34073,37.88327],[-101.34101,37.87147],[-101.37728,37.87187],[-101.37732,37.88586],[-101.34071,37.88603],[-101.34073,37.88327]]],[[[-98.71007,37.92661],[-98.71012,37.89749],[-98.72848,37.8977],[-98.7286,37.92674],[-98.71007,37.92661]]],[[[-99.99149,37.91305],[-100.00939,37.91305],[-100.00937,37.92749],[-99.99147,37.92766],[-99.99149,37.91305]]],[[[-99.78993,37.94207],[-99.79019,37.89848],[-99.82634,37.89836],[-99.82629,37.86942],[-99.84479,37.86936],[-99.84506,37.91309],[-99.80837,37.91317],[-99.80829,37.94207],[-99.78993,37.94207]]],[[[-98.61858,37.9477],[-98.61849,37.94033],[-98.63706,37.94057],[-98.63707,37.95526],[-98.61868,37.95505],[-98.61858,37.9477]]],[[[-99.02231,37.94183],[-99.02226,37.92726],[-99.05889,37.92731],[-99.05888,37.9709],[-99.00447,37.97108],[-99.0045,37.95668],[-99.0223,37.95662],[-99.02231,37.94183]]],[[[-98.94948,37.96502],[-98.94946,37.95662],[-98.96789,37.95664],[-98.96788,37.97124],[-98.94952,37.97115],[-98.94948,37.96502]]],[[[-99.78993,37.94207],[-99.78982,37.97105],[-99.77108,37.97096],[-99.7711,37.94208],[-99.78993,37.94207]]],[[[-99.82645,37.97124],[-99.82657,37.94215],[-99.86322,37.94227],[-99.86334,37.91323],[-99.89971,37.91337],[-99.89978,37.89882],[-99.91814,37.8988],[-99.9179,37.88424],[-99.93617,37.88406],[-99.93616,37.86951],[-99.95451,37.86953],[-99.95468,37.88402],[-99.99142,37.88394],[-99.99149,37.91305],[-99.97306,37.91311],[-99.97317,37.92767],[-99.93656,37.92774],[-99.93654,37.91332],[-99.9181,37.9133],[-99.91798,37.92782],[-99.89964,37.92798],[-99.89959,37.95714],[-99.84462,37.95675],[-99.84478,37.97132],[-99.82645,37.97124]]],[[[-99.82645,37.97124],[-99.82636,38.00037],[-99.80794,38.0002],[-99.80815,37.97115],[-99.82645,37.97124]]],[[[-98.97711,37.98571],[-98.98621,37.98567],[-98.98648,38.01475],[-98.96818,38.01488],[-98.96788,37.98576],[-98.97711,37.98571]]],[[[-100.10024,38.00902],[-100.10031,38.00059],[-100.11706,38.00057],[-100.11694,38.01502],[-100.10031,38.01502],[-100.10024,38.00902]]],[[[-97.37532,37.9848],[-97.3903,37.98492],[-97.39047,38.01389],[-97.37187,38.01388],[-97.37185,37.98477],[-97.37532,37.9848]]],[[[-98.94056,38.05835],[-98.91317,38.05831],[-98.91314,38.04379],[-98.93147,38.04383],[-98.93142,38.02939],[-98.94981,38.02943],[-98.94977,38.05837],[-98.94056,38.05835]]],[[[-99.89884,38.05082],[-99.89891,38.04454],[-99.91739,38.04455],[-99.91732,38.05921],[-99.89874,38.05922],[-99.89884,38.05082]]],[[[-99.93582,38.05892],[-99.93593,38.04413],[-99.95424,38.04435],[-99.95452,38.02966],[-99.99122,38.02963],[-99.99104,38.0441],[-99.97266,38.04432],[-99.97246,38.05883],[-99.93582,38.05892]]],[[[-100.10017,38.04387],[-100.10031,38.02955],[-100.11684,38.02953],[-100.11665,38.05846],[-100.10024,38.05833],[-100.10017,38.04387]]],[[[-99.8257,38.08761],[-99.8258,38.07309],[-99.84447,38.07326],[-99.84407,38.08775],[-99.8257,38.08761]]],[[[-99.71597,38.08743],[-99.71606,38.07288],[-99.73437,38.07283],[-99.7343,38.10225],[-99.71589,38.10259],[-99.71597,38.08743]]],[[[-100.15318,38.10219],[-100.15307,38.08773],[-100.17124,38.08776],[-100.17134,38.10227],[-100.15318,38.10219]]],[[[-97.51877,38.10142],[-97.537,38.10146],[-97.53712,38.11588],[-97.51886,38.1159],[-97.51877,38.10142]]],[[[-100.55445,38.11785],[-100.55448,38.08889],[-100.53676,38.0887],[-100.53679,38.07413],[-100.51842,38.07402],[-100.51845,38.04492],[-100.59158,38.0455],[-100.59109,38.08912],[-100.60948,38.08926],[-100.60927,38.1038],[-100.59106,38.1037],[-100.59082,38.11805],[-100.55445,38.11785]]],[[[-97.62904,38.14489],[-97.66575,38.14493],[-97.66581,38.15947],[-97.6473,38.15947],[-97.64754,38.18848],[-97.62912,38.18853],[-97.62904,38.14489]]],[[[-97.73865,38.2028],[-97.7571,38.20288],[-97.7574,38.21732],[-97.73868,38.21739],[-97.73865,38.2028]]],[[[-97.68416,38.20308],[-97.70197,38.20287],[-97.70212,38.23197],[-97.68422,38.23197],[-97.68416,38.20308]]],[[[-99.73164,38.27623],[-99.73145,38.26178],[-99.74976,38.26178],[-99.74999,38.27626],[-99.73164,38.27623]]],[[[-100.63021,38.32204],[-100.63029,38.30757],[-100.64856,38.30758],[-100.64857,38.29282],[-100.66669,38.29307],[-100.66684,38.30776],[-100.68491,38.30788],[-100.68505,38.32245],[-100.63021,38.32204]]],[[[-100.75044,38.29364],[-100.77659,38.29346],[-100.77681,38.32285],[-100.74,38.32279],[-100.73984,38.29382],[-100.75044,38.29364]]],[[[-97.53759,38.33285],[-97.53762,38.31853],[-97.55593,38.31845],[-97.55584,38.33276],[-97.53759,38.33285]]],[[[-97.39015,38.33323],[-97.39014,38.27527],[-97.4083,38.27541],[-97.40821,38.23192],[-97.4266,38.23193],[-97.42677,38.20279],[-97.44496,38.20284],[-97.44537,38.15938],[-97.4085,38.15923],[-97.40851,38.18817],[-97.37174,38.18817],[-97.37171,38.17363],[-97.39018,38.17359],[-97.39036,38.13011],[-97.40878,38.13011],[-97.40873,38.10101],[-97.39028,38.10095],[-97.39031,38.08641],[-97.4086,38.08644],[-97.4088,38.02847],[-97.42716,38.02848],[-97.42701,37.99939],[-97.44535,37.99941],[-97.44548,38.01391],[-97.46384,38.01397],[-97.46399,38.05757],[-97.48195,38.0576],[-97.48195,38.13028],[-97.50045,38.13043],[-97.50066,38.17397],[-97.51912,38.17399],[-97.51906,38.23214],[-97.53742,38.2322],[-97.53739,38.27517],[-97.51901,38.27527],[-97.51912,38.30408],[-97.50081,38.30418],[-97.50075,38.28971],[-97.48224,38.28986],[-97.48226,38.27535],[-97.50067,38.27532],[-97.50044,38.24659],[-97.46319,38.24647],[-97.4632,38.26081],[-97.46384,38.26082],[-97.46349,38.27527],[-97.44514,38.27529],[-97.4455,38.3332],[-97.42683,38.33301],[-97.42698,38.34794],[-97.39017,38.34795],[-97.39015,38.33323]]],[[[-97.44577,38.05753],[-97.44564,38.04299],[-97.42716,38.04301],[-97.42722,38.05758],[-97.44577,38.05753]]],[[[-98.9407,38.37628],[-98.94045,38.36164],[-98.97738,38.3621],[-98.97758,38.3767],[-98.9407,38.37628]]],[[[-97.53759,38.33285],[-97.53733,38.34798],[-97.51896,38.34805],[-97.51897,38.37711],[-97.50048,38.37706],[-97.50064,38.40585],[-97.48218,38.40595],[-97.48207,38.39146],[-97.46401,38.39134],[-97.46377,38.36242],[-97.48209,38.36248],[-97.48205,38.34802],[-97.50053,38.34806],[-97.50066,38.33319],[-97.53759,38.33285]]],[[[-97.81394,38.44977],[-97.81402,38.43528],[-97.83245,38.43528],[-97.83235,38.44972],[-97.81394,38.44977]]],[[[-100.24654,38.45076],[-100.22836,38.45076],[-100.22804,38.43628],[-100.24642,38.43629],[-100.24654,38.45076]]],[[[-100.19204,38.4652],[-100.19149,38.45074],[-100.20992,38.4507],[-100.2101,38.46534],[-100.19204,38.4652]]],[[[-100.24654,38.45076],[-100.30198,38.45137],[-100.3021,38.46588],[-100.24673,38.46531],[-100.24654,38.45076]]],[[[-100.35679,38.45863],[-100.35671,38.45184],[-100.3751,38.45207],[-100.37525,38.46662],[-100.35687,38.4664],[-100.35679,38.45863]]],[[[-97.81394,38.44977],[-97.81392,38.4643],[-97.79548,38.46414],[-97.79516,38.4786],[-97.75841,38.47834],[-97.75863,38.46397],[-97.77699,38.46392],[-97.77723,38.44956],[-97.81394,38.44977]]],[[[-99.40113,38.4877],[-99.40112,38.4805],[-99.38254,38.4806],[-99.38249,38.46616],[-99.29045,38.46555],[-99.29038,38.45094],[-99.36406,38.45178],[-99.41945,38.45132],[-99.41944,38.46584],[-99.43786,38.46575],[-99.43792,38.49488],[-99.40101,38.49515],[-99.40113,38.4877]]],[[[-100.15583,38.52329],[-100.1374,38.52325],[-100.13745,38.50838],[-100.15568,38.50842],[-100.15583,38.52329]]],[[[-100.15583,38.52329],[-100.17434,38.52319],[-100.17418,38.50852],[-100.19273,38.50863],[-100.19272,38.53766],[-100.1561,38.53758],[-100.15583,38.52329]]],[[[-97.68507,38.52902],[-97.68521,38.52189],[-97.62963,38.52187],[-97.62962,38.50714],[-97.61114,38.50702],[-97.61142,38.47823],[-97.62975,38.47822],[-97.62963,38.49263],[-97.64819,38.49301],[-97.64834,38.47844],[-97.73993,38.47825],[-97.73999,38.4927],[-97.75807,38.49279],[-97.75778,38.50704],[-97.73993,38.5071],[-97.74035,38.52189],[-97.70338,38.5219],[-97.70345,38.53638],[-97.68515,38.53644],[-97.68507,38.52902]]],[[[-98.7013,38.54348],[-98.70126,38.53616],[-98.68297,38.53635],[-98.68305,38.5217],[-98.62761,38.52189],[-98.62763,38.5074],[-98.60915,38.50723],[-98.60908,38.49272],[-98.62765,38.49256],[-98.62754,38.46359],[-98.59075,38.46367],[-98.59067,38.44921],[-98.60905,38.44905],[-98.60911,38.43462],[-98.62744,38.43463],[-98.62734,38.42015],[-98.73781,38.41994],[-98.73789,38.43443],[-98.75634,38.43442],[-98.75656,38.44902],[-98.77504,38.44897],[-98.77478,38.47813],[-98.81167,38.47791],[-98.81174,38.50701],[-98.84868,38.50676],[-98.8486,38.52163],[-98.83015,38.52165],[-98.83026,38.53615],[-98.79363,38.5362],[-98.79363,38.5216],[-98.71977,38.52184],[-98.7198,38.55066],[-98.70134,38.55071],[-98.7013,38.54348]]],[[[-97.68398,38.10126],[-97.68386,38.08665],[-97.72024,38.08665],[-97.72028,38.07222],[-97.75701,38.0718],[-97.75709,38.05729],[-97.70198,38.05771],[-97.70185,38.04316],[-97.62878,38.0433],[-97.62876,38.02871],[-97.61034,38.02869],[-97.61031,38.0141],[-97.59196,38.01416],[-97.59198,37.97051],[-97.51876,37.97044],[-97.51871,37.98512],[-97.53707,37.98499],[-97.53691,38.02858],[-97.55525,38.02864],[-97.55542,38.04342],[-97.57376,38.04336],[-97.57378,38.0579],[-97.59205,38.05775],[-97.59203,38.07233],[-97.62886,38.07228],[-97.62892,38.08681],[-97.66565,38.0866],[-97.66568,38.10118],[-97.68398,38.10126],[-97.68433,38.13036],[-97.62896,38.13039],[-97.62904,38.14489],[-97.61074,38.14498],[-97.61068,38.13045],[-97.59204,38.13049],[-97.59213,38.116],[-97.57403,38.11595],[-97.57378,38.08686],[-97.55538,38.08681],[-97.55535,38.07223],[-97.51857,38.07225],[-97.51851,38.04314],[-97.50028,38.04299],[-97.50017,38.014],[-97.48202,38.01402],[-97.48209,37.97048],[-97.46387,37.9706],[-97.46394,37.956],[-97.44544,37.95599],[-97.44539,37.94141],[-97.42703,37.9414],[-97.42712,37.91233],[-97.40874,37.91231],[-97.4088,37.89775],[-97.3904,37.89778],[-97.39031,37.854],[-97.37197,37.85405],[-97.37165,37.72291],[-97.40797,37.72338],[-97.51712,37.72191],[-97.5173,37.73635],[-97.55368,37.73591],[-97.55403,37.76456],[-97.57229,37.76444],[-97.57259,37.77909],[-97.5896,37.77899],[-97.59004,37.80808],[-97.62648,37.80792],[-97.62663,37.82508],[-97.66563,37.82511],[-97.66541,37.86873],[-97.68366,37.86872],[-97.6837,37.88337],[-97.77476,37.88314],[-97.77471,37.86872],[-97.79312,37.86868],[-97.79306,37.90477],[-97.79382,37.91223],[-97.83008,37.91222],[-97.82993,37.89756],[-97.84831,37.89767],[-97.84844,37.88314],[-97.86656,37.88305],[-97.86667,37.92662],[-97.84845,37.92658],[-97.84856,37.97021],[-97.86696,37.97012],[-97.86671,37.98459],[-97.92203,37.98477],[-97.92202,37.99938],[-97.94036,37.99931],[-97.94012,38.0133],[-97.97674,38.01345],[-97.97708,38.04274],[-98.01388,38.04263],[-98.01405,38.05717],[-98.03197,38.05723],[-98.03202,38.07176],[-98.05039,38.07183],[-98.05043,38.05724],[-98.06897,38.0572],[-98.06929,38.02795],[-98.10585,38.02829],[-98.10586,38.01378],[-98.12447,38.01323],[-98.12392,37.99937],[-98.14233,37.99946],[-98.14218,37.97042],[-98.16077,37.97046],[-98.16066,37.95581],[-98.17906,37.9558],[-98.17885,37.92674],[-98.16054,37.92679],[-98.16027,37.88369],[-98.14193,37.8832],[-98.142,37.92673],[-98.12379,37.92664],[-98.12354,37.86872],[-98.10526,37.86864],[-98.10507,37.88329],[-98.03187,37.88284],[-98.0319,37.89734],[-98.08712,37.89763],[-98.08688,37.912],[-98.10531,37.91205],[-98.10547,37.92665],[-98.08701,37.92671],[-98.08705,37.94129],[-98.06834,37.94131],[-98.06885,37.95532],[-98.03192,37.95548],[-98.03197,37.97004],[-98.01381,37.96998],[-98.01382,37.9555],[-97.99547,37.95532],[-97.99568,37.96989],[-97.97796,37.96954],[-97.97712,37.98407],[-97.92203,37.98477],[-97.92206,37.94122],[-97.94044,37.941],[-97.94043,37.92643],[-97.97747,37.92546],[-97.97695,37.91199],[-97.94044,37.91209],[-97.94045,37.89757],[-97.95892,37.89786],[-97.95888,37.88318],[-97.99563,37.8828],[-97.99537,37.8683],[-98.03193,37.86827],[-98.03194,37.85377],[-97.95867,37.85395],[-97.95867,37.83931],[-98.01367,37.83925],[-98.0136,37.82463],[-98.06399,37.8248],[-98.06409,37.7917],[-98.10069,37.79126],[-98.10066,37.80587],[-98.08234,37.80605],[-98.08221,37.82475],[-98.06848,37.82478],[-98.06865,37.83936],[-98.08686,37.83939],[-98.08694,37.8248],[-98.10052,37.82487],[-98.10066,37.80587],[-98.11887,37.80604],[-98.11877,37.82488],[-98.13686,37.82505],[-98.13701,37.80572],[-98.15544,37.80565],[-98.15543,37.7912],[-98.17372,37.79093],[-98.1737,37.77641],[-98.21055,37.77632],[-98.21,37.76166],[-98.24612,37.76173],[-98.24623,37.74716],[-98.26453,37.74706],[-98.26429,37.77616],[-98.28252,37.7762],[-98.28244,37.79078],[-98.24581,37.79085],[-98.24578,37.80546],[-98.22878,37.80537],[-98.22834,37.82496],[-98.30017,37.82454],[-98.30063,37.80552],[-98.31886,37.80521],[-98.31934,37.79065],[-98.33753,37.79077],[-98.33754,37.77616],[-98.35518,37.77612],[-98.35546,37.74691],[-98.39216,37.74713],[-98.39211,37.73247],[-98.42856,37.73244],[-98.42844,37.71789],[-98.44667,37.71799],[-98.44723,37.74712],[-98.42877,37.74709],[-98.42893,37.76184],[-98.41038,37.76177],[-98.41055,37.77642],[-98.39206,37.7763],[-98.39215,37.79084],[-98.41063,37.79105],[-98.41055,37.77642],[-98.44751,37.77661],[-98.44738,37.79125],[-98.46482,37.79096],[-98.46503,37.82448],[-98.43561,37.8245],[-98.43564,37.85353],[-98.41728,37.85354],[-98.41726,37.86813],[-98.39907,37.86822],[-98.39905,37.88277],[-98.38096,37.88289],[-98.38052,37.83906],[-98.36228,37.83912],[-98.36232,37.85373],[-98.32464,37.85365],[-98.32511,37.86807],[-98.36238,37.86834],[-98.36262,37.89742],[-98.32561,37.89705],[-98.32562,37.9261],[-98.30734,37.92646],[-98.30735,37.94087],[-98.38069,37.94102],[-98.38071,37.92644],[-98.41732,37.92639],[-98.41746,37.89717],[-98.45373,37.89718],[-98.45384,37.8682],[-98.49026,37.86797],[-98.49052,37.85354],[-98.50888,37.85354],[-98.5088,37.86798],[-98.52712,37.86794],[-98.52721,37.83898],[-98.56391,37.83883],[-98.56382,37.85336],[-98.58218,37.85324],[-98.58232,37.8388],[-98.61894,37.83881],[-98.61911,37.82428],[-98.62983,37.82427],[-98.62979,37.80579],[-98.64817,37.80602],[-98.64827,37.82431],[-98.6847,37.82461],[-98.68468,37.80601],[-98.70304,37.80616],[-98.70309,37.79166],[-98.72141,37.79167],[-98.72126,37.82485],[-98.76567,37.82511],[-98.76563,37.8397],[-98.69228,37.83916],[-98.69213,37.85369],[-98.67383,37.85357],[-98.67348,37.88263],[-98.63683,37.88237],[-98.63677,37.92603],[-98.6002,37.92572],[-98.60051,37.98394],[-98.63701,37.98419],[-98.63709,38.01326],[-98.65534,38.01344],[-98.65522,37.98437],[-98.67331,37.98459],[-98.67377,38.01361],[-98.69211,38.01376],[-98.69181,37.98464],[-98.67331,37.98459],[-98.67325,37.94082],[-98.69145,37.94103],[-98.69142,37.92648],[-98.71007,37.92661],[-98.71005,37.95567],[-98.69149,37.95561],[-98.69169,37.9701],[-98.7101,37.9702],[-98.71048,37.99928],[-98.72886,37.99933],[-98.72863,37.98483],[-98.74705,37.98478],[-98.74701,37.97037],[-98.78455,37.97066],[-98.78422,37.89801],[-98.80264,37.89807],[-98.80259,37.88354],[-98.82077,37.88353],[-98.82072,37.86891],[-98.85747,37.86901],[-98.8575,37.85436],[-98.89438,37.85441],[-98.89413,37.83988],[-98.91247,37.83986],[-98.91244,37.82533],[-98.99541,37.82528],[-98.99539,37.80576],[-99.05015,37.80586],[-99.05008,37.82537],[-99.07787,37.82535],[-99.07806,37.83959],[-99.13262,37.83976],[-99.13256,37.85435],[-99.1143,37.85433],[-99.11426,37.8689],[-98.96762,37.8689],[-98.96753,37.92732],[-98.93094,37.92731],[-98.93102,37.94189],[-98.91264,37.94184],[-98.91262,37.92726],[-98.89451,37.9273],[-98.89439,37.91271],[-98.93076,37.91267],[-98.93097,37.88345],[-98.89423,37.88365],[-98.89428,37.89821],[-98.87597,37.89817],[-98.87596,37.91269],[-98.85758,37.91271],[-98.85773,37.92724],[-98.8762,37.92731],[-98.87648,37.95635],[-98.83957,37.95614],[-98.8396,37.97071],[-98.82119,37.97068],[-98.82136,37.99995],[-98.80295,37.99983],[-98.80293,38.02882],[-98.78478,38.02866],[-98.78469,38.04325],[-98.76613,38.04316],[-98.76608,38.05766],[-98.78459,38.05775],[-98.78469,38.04325],[-98.83959,38.04361],[-98.83964,38.02907],[-98.85802,38.0292],[-98.85802,38.05813],[-98.82116,38.058],[-98.82116,38.07242],[-98.76603,38.07219],[-98.76606,38.08676],[-98.72916,38.08669],[-98.72928,38.11569],[-98.80261,38.11603],[-98.80268,38.1596],[-98.82113,38.15963],[-98.82114,38.17421],[-98.80272,38.1742],[-98.8027,38.20328],[-98.785,38.20328],[-98.78505,38.18869],[-98.76648,38.18842],[-98.76642,38.203],[-98.785,38.20328],[-98.78497,38.21778],[-98.76645,38.21754],[-98.76633,38.26085],[-98.73753,38.26087],[-98.73779,38.29003],[-98.71929,38.29005],[-98.71933,38.30449],[-98.70066,38.3045],[-98.70057,38.26088],[-98.69254,38.26089],[-98.69264,38.24618],[-98.65617,38.24628],[-98.65601,38.26092],[-98.66385,38.26093],[-98.66388,38.27548],[-98.64561,38.27555],[-98.64555,38.26099],[-98.63759,38.26101],[-98.63748,38.2318],[-98.61924,38.23186],[-98.61966,38.20253],[-98.63794,38.20249],[-98.63828,38.18772],[-98.65656,38.18781],[-98.65656,38.15879],[-98.67487,38.15895],[-98.67448,38.10081],[-98.61948,38.1004],[-98.61938,38.11501],[-98.60116,38.11497],[-98.58279,38.11474],[-98.58273,38.10016],[-98.52794,38.09992],[-98.52805,38.11451],[-98.50946,38.1147],[-98.50957,38.12904],[-98.54639,38.12915],[-98.54634,38.14364],[-98.60138,38.14398],[-98.60104,38.2172],[-98.56435,38.21717],[-98.56408,38.24658],[-98.54593,38.24613],[-98.54584,38.26136],[-98.51677,38.26104],[-98.51664,38.2756],[-98.64561,38.27555],[-98.64574,38.31925],[-98.66418,38.31904],[-98.66424,38.33352],[-98.70063,38.33341],[-98.70064,38.31896],[-98.71924,38.31893],[-98.71933,38.30449],[-98.75608,38.30451],[-98.75609,38.29],[-98.77449,38.28992],[-98.77452,38.26089],[-98.82123,38.26103],[-98.82121,38.24686],[-98.83957,38.24686],[-98.83962,38.26109],[-98.85801,38.26114],[-98.85801,38.24706],[-98.89489,38.24708],[-98.89479,38.23257],[-98.9126,38.23248],[-98.91271,38.21796],[-98.93097,38.21807],[-98.9309,38.20355],[-98.96763,38.20379],[-98.96779,38.18928],[-99.02214,38.1891],[-99.0221,38.1747],[-99.05901,38.17445],[-99.0589,38.16007],[-99.09568,38.1599],[-99.09552,38.14538],[-99.11391,38.14537],[-99.11379,38.11621],[-99.13188,38.11621],[-99.13202,38.10162],[-99.16843,38.1017],[-99.16871,38.08718],[-99.187,38.08712],[-99.18705,38.07239],[-99.22347,38.07256],[-99.22328,38.0581],[-99.24064,38.05808],[-99.24061,38.04354],[-99.25905,38.04366],[-99.25909,38.02912],[-99.27733,38.02925],[-99.27741,38.01501],[-99.29568,38.01498],[-99.29566,37.98587],[-99.31402,37.98589],[-99.31409,37.97143],[-99.33227,37.97147],[-99.33225,37.9571],[-99.35036,37.95692],[-99.35041,37.92777],[-99.36857,37.92783],[-99.36853,37.89869],[-99.38668,37.89847],[-99.38667,37.88429],[-99.40493,37.88437],[-99.4053,37.86954],[-99.42343,37.86973],[-99.42347,37.85484],[-99.44172,37.85481],[-99.44228,37.84037],[-99.46078,37.84026],[-99.46172,37.82581],[-99.46856,37.82571],[-99.46842,37.80767],[-99.48661,37.80723],[-99.48639,37.79269],[-99.50448,37.79267],[-99.50467,37.77823],[-99.52382,37.77804],[-99.52356,37.7496],[-99.54207,37.74939],[-99.54139,37.73482],[-99.55984,37.73493],[-99.55895,37.70261],[-99.57742,37.70305],[-99.57731,37.67386],[-99.59575,37.67446],[-99.59591,37.66001],[-99.61397,37.66036],[-99.61372,37.6457],[-99.63189,37.64592],[-99.63152,37.63103],[-99.74022,37.63118],[-99.74032,37.6461],[-99.76065,37.64609],[-99.76049,37.66186],[-99.74224,37.66189],[-99.72402,37.66176],[-99.72416,37.65087],[-99.72216,37.64607],[-99.68609,37.64594],[-99.6875,37.65174],[-99.68739,37.66166],[-99.65064,37.66128],[-99.65072,37.67578],[-99.63237,37.67527],[-99.63252,37.70442],[-99.61416,37.70395],[-99.61418,37.73295],[-99.67179,37.73435],[-99.70557,37.73435],[-99.70556,37.74904],[-99.76045,37.74895],[-99.7604,37.76349],[-99.68728,37.76336],[-99.68716,37.77796],[-99.63295,37.77794],[-99.63237,37.82567],[-99.58883,37.82566],[-99.58889,37.84021],[-99.5704,37.84013],[-99.5703,37.85467],[-99.55155,37.85459],[-99.55156,37.83999],[-99.51507,37.84016],[-99.51474,37.85468],[-99.49662,37.85464],[-99.49618,37.88397],[-99.5144,37.88365],[-99.51464,37.89845],[-99.49623,37.8987],[-99.49635,37.94206],[-99.478,37.94221],[-99.47781,37.92757],[-99.4415,37.92798],[-99.44153,37.94242],[-99.42356,37.94235],[-99.42381,37.97144],[-99.40545,37.9716],[-99.40549,37.98609],[-99.36866,37.98631],[-99.36874,38.00075],[-99.35027,38.0008],[-99.35028,38.01531],[-99.3324,38.01517],[-99.33243,38.02979],[-99.31402,38.02956],[-99.31409,38.04408],[-99.29573,38.0438],[-99.2958,38.05837],[-99.25905,38.05819],[-99.25904,38.07269],[-99.24069,38.07253],[-99.24069,38.08702],[-99.20525,38.08707],[-99.20492,38.14521],[-99.2592,38.14518],[-99.25912,38.15978],[-99.27746,38.15985],[-99.2773,38.17463],[-99.29584,38.17489],[-99.296,38.18936],[-99.27758,38.1891],[-99.27805,38.21816],[-99.25973,38.21788],[-99.25949,38.20315],[-99.24118,38.20319],[-99.2409,38.18872],[-99.1685,38.18872],[-99.16831,38.1742],[-99.09574,38.17436],[-99.09569,38.18886],[-99.07721,38.18891],[-99.07725,38.21792],[-99.13196,38.21787],[-99.13205,38.23245],[-99.0958,38.23239],[-99.09603,38.2469],[-99.04084,38.24694],[-99.04101,38.2612],[-98.97695,38.26132],[-98.97696,38.27576],[-98.95853,38.27577],[-98.95841,38.29029],[-98.94005,38.29032],[-98.93999,38.30479],[-98.92163,38.30365],[-98.9217,38.33264],[-98.90328,38.33258],[-98.90353,38.36175],[-98.88513,38.36177],[-98.88525,38.37624],[-98.9407,38.37628],[-98.94099,38.39074],[-98.86679,38.39074],[-98.86693,38.41977],[-98.90389,38.41976],[-98.90395,38.43428],[-98.94092,38.43442],[-98.94099,38.44897],[-98.95941,38.44901],[-98.95934,38.43432],[-98.97773,38.43456],[-98.97783,38.44924],[-99.05124,38.44969],[-99.0514,38.46422],[-99.08846,38.4645],[-99.08853,38.47907],[-99.17979,38.47929],[-99.17984,38.46469],[-99.21664,38.46498],[-99.21661,38.45033],[-99.25333,38.45059],[-99.25341,38.46516],[-99.23519,38.46506],[-99.23519,38.47949],[-99.19824,38.47936],[-99.19816,38.49389],[-99.12539,38.49373],[-99.12539,38.50828],[-99.10687,38.50815],[-99.10696,38.49365],[-99.05157,38.49329],[-99.05151,38.47877],[-99.01465,38.47848],[-99.01456,38.46395],[-98.99611,38.46384],[-98.9962,38.47832],[-98.97791,38.47823],[-98.97783,38.46374],[-98.95935,38.46359],[-98.95945,38.47809],[-98.94105,38.47791],[-98.94099,38.4634],[-98.92252,38.46329],[-98.92247,38.44885],[-98.88554,38.44876],[-98.8856,38.43436],[-98.84863,38.4342],[-98.84847,38.40524],[-98.82999,38.40524],[-98.83009,38.41967],[-98.75632,38.41993],[-98.75628,38.4054],[-98.73784,38.40536],[-98.73751,38.39084],[-98.68256,38.39096],[-98.68256,38.37641],[-98.66419,38.37654],[-98.66397,38.36197],[-98.64554,38.36203],[-98.64583,38.37654],[-98.60894,38.37661],[-98.60884,38.39112],[-98.59041,38.39123],[-98.5904,38.42026],[-98.53604,38.41983],[-98.53593,38.4784],[-98.49892,38.47842],[-98.49884,38.49286],[-98.4804,38.49277],[-98.48039,38.50728],[-98.4618,38.50725],[-98.46186,38.52184],[-98.44352,38.52186],[-98.44332,38.50718],[-98.42489,38.50713],[-98.42483,38.4781],[-98.40637,38.47808],[-98.40635,38.49261],[-98.38795,38.49274],[-98.3881,38.52197],[-98.36949,38.52183],[-98.36947,38.55075],[-98.34985,38.55072],[-98.34963,38.50725],[-98.33113,38.50734],[-98.33099,38.49284],[-98.3125,38.49291],[-98.31248,38.47837],[-98.29401,38.47841],[-98.29402,38.44942],[-98.31242,38.44944],[-98.3127,38.43489],[-98.29425,38.43492],[-98.29423,38.36224],[-98.27572,38.36226],[-98.27546,38.33321],[-98.25699,38.33344],[-98.2571,38.34791],[-98.22029,38.3478],[-98.22022,38.33328],[-98.18337,38.33318],[-98.18336,38.31865],[-98.14655,38.31865],[-98.14658,38.30409],[-98.12811,38.30408],[-98.12821,38.28954],[-98.10984,38.28963],[-98.10975,38.275],[-98.09121,38.275],[-98.09131,38.26054],[-98.06943,38.2606],[-98.0692,38.24659],[-98.05087,38.24645],[-98.05078,38.23177],[-98.01453,38.23171],[-98.01424,38.20253],[-97.99568,38.20245],[-97.99575,38.18762],[-97.97741,38.18754],[-97.97744,38.14391],[-97.9592,38.14452],[-97.9592,38.12942],[-97.92215,38.13008],[-97.92209,38.1156],[-97.90372,38.11566],[-97.90377,38.10105],[-97.88541,38.10103],[-97.8853,38.08652],[-97.86696,38.08649],[-97.86691,38.07221],[-97.83031,38.07204],[-97.83026,38.05748],[-97.77537,38.05735],[-97.77537,38.07199],[-97.79384,38.07211],[-97.7938,38.08649],[-97.81165,38.08643],[-97.81166,38.10103],[-97.84863,38.10109],[-97.84849,38.11567],[-97.86697,38.1156],[-97.86689,38.13025],[-97.90395,38.1303],[-97.90396,38.15932],[-97.92216,38.15918],[-97.92219,38.17371],[-97.9405,38.17371],[-97.94052,38.20273],[-97.95893,38.20215],[-97.95897,38.21673],[-97.95766,38.23128],[-97.97763,38.2316],[-97.9776,38.26067],[-97.99912,38.26057],[-97.99885,38.28968],[-97.98033,38.2897],[-97.9805,38.27519],[-97.9435,38.27506],[-97.94369,38.26062],[-97.92229,38.26056],[-97.92225,38.2464],[-97.86692,38.24657],[-97.86691,38.23197],[-97.84843,38.23197],[-97.8485,38.18825],[-97.83016,38.18824],[-97.83018,38.14463],[-97.79439,38.14473],[-97.79412,38.13022],[-97.75739,38.13033],[-97.75731,38.1157],[-97.72044,38.11572],[-97.7203,38.10117],[-97.68398,38.10126]]],[[[-98.32588,38.04269],[-98.34437,38.04262],[-98.34424,38.02799],[-98.32586,38.02811],[-98.32588,38.04269],[-98.28908,38.04285],[-98.28909,38.02829],[-98.30751,38.02821],[-98.30756,38.01371],[-98.27059,38.01378],[-98.27048,37.99928],[-98.28886,37.99921],[-98.28896,37.98469],[-98.19736,37.98503],[-98.19734,37.99927],[-98.23416,37.99904],[-98.23436,38.02828],[-98.27064,38.0283],[-98.2707,38.07193],[-98.25216,38.07177],[-98.25212,38.10084],[-98.23437,38.10027],[-98.23434,38.08633],[-98.21588,38.08635],[-98.21589,38.10051],[-98.16065,38.10121],[-98.16088,38.07208],[-98.14225,38.07214],[-98.1423,38.10123],[-98.10562,38.10111],[-98.10564,38.13027],[-98.1246,38.1302],[-98.12456,38.14481],[-98.16077,38.14493],[-98.16083,38.15927],[-98.24377,38.15852],[-98.27065,38.15904],[-98.27063,38.17353],[-98.36225,38.17379],[-98.3626,38.15909],[-98.38095,38.15895],[-98.38183,38.12989],[-98.3631,38.12993],[-98.36302,38.11541],[-98.34442,38.11548],[-98.34452,38.1299],[-98.32596,38.12999],[-98.32584,38.14436],[-98.25223,38.14442],[-98.2521,38.11535],[-98.28911,38.11543],[-98.28907,38.10096],[-98.30753,38.10083],[-98.30761,38.07184],[-98.32595,38.07172],[-98.32588,38.04269]]],[[[-98.39996,38.04246],[-98.3998,38.057],[-98.41776,38.0568],[-98.41771,38.04226],[-98.39996,38.04246],[-98.39924,37.99898],[-98.41745,37.99888],[-98.41753,38.01336],[-98.43593,38.01323],[-98.43574,37.99878],[-98.45415,37.9987],[-98.45428,38.01323],[-98.47238,38.01315],[-98.47233,37.99863],[-98.49065,37.99855],[-98.49059,37.98411],[-98.509,37.98403],[-98.50884,37.95508],[-98.52716,37.95508],[-98.52697,37.94032],[-98.47204,37.94054],[-98.47232,37.98416],[-98.45419,37.98422],[-98.4542,37.96977],[-98.43581,37.96979],[-98.41754,37.96996],[-98.41749,37.98446],[-98.38086,37.9845],[-98.38155,38.04247],[-98.39996,38.04246]]],[[[-98.43631,38.23153],[-98.43608,38.24603],[-98.45448,38.24598],[-98.45468,38.2313],[-98.43631,38.23153]]],[[[-98.47981,38.26079],[-98.47985,38.27532],[-98.49828,38.27531],[-98.49827,38.26093],[-98.47981,38.26079]]],[[[-98.4248,38.28261],[-98.42502,38.27473],[-98.33097,38.27522],[-98.33075,38.28976],[-98.31236,38.28979],[-98.31258,38.33319],[-98.3879,38.33314],[-98.38791,38.34762],[-98.40635,38.34762],[-98.40637,38.36213],[-98.42481,38.36222],[-98.42479,38.37678],[-98.44329,38.37671],[-98.44334,38.39126],[-98.46188,38.39113],[-98.46187,38.36212],[-98.48038,38.36198],[-98.47964,38.3184],[-98.46128,38.31832],[-98.46135,38.30374],[-98.44298,38.3038],[-98.4432,38.28928],[-98.42471,38.28938],[-98.4248,38.28261]]],[[[-98.23887,38.28245],[-98.23887,38.27519],[-98.22037,38.27514],[-98.22036,38.28968],[-98.23884,38.28973],[-98.23887,38.28245]]],[[[-98.27559,38.27525],[-98.27594,38.26081],[-98.25744,38.26073],[-98.25727,38.27526],[-98.27559,38.27525]]],[[[-98.25213,37.91203],[-98.28894,37.91201],[-98.28893,37.89742],[-98.21484,37.89762],[-98.21547,37.91207],[-98.25213,37.91203]]],[[[-98.39225,37.80539],[-98.37374,37.80538],[-98.37376,37.82461],[-98.41043,37.82445],[-98.41056,37.80567],[-98.39225,37.80539]]],[[[-97.57324,37.82522],[-97.57304,37.80818],[-97.55466,37.80833],[-97.55443,37.79374],[-97.53626,37.79388],[-97.53654,37.82513],[-97.57324,37.82522]]],[[[-100.28468,38.58158],[-100.26644,38.58148],[-100.26624,38.56698],[-100.24776,38.56678],[-100.24757,38.5523],[-100.21106,38.55229],[-100.21094,38.49432],[-100.28364,38.49481],[-100.28406,38.50928],[-100.33944,38.50962],[-100.33967,38.52428],[-100.22928,38.52325],[-100.22949,38.53778],[-100.26601,38.53802],[-100.26596,38.55252],[-100.2846,38.55287],[-100.28468,38.58158]]],[[[-100.28468,38.58158],[-100.3032,38.58169],[-100.30345,38.59632],[-100.28485,38.59621],[-100.28468,38.58158]]],[[[-100.08464,38.60976],[-100.08495,38.59528],[-100.13801,38.59554],[-100.13789,38.61006],[-100.08464,38.60976]]],[[[-100.26703,38.61045],[-100.24848,38.61036],[-100.24815,38.59592],[-100.26658,38.59606],[-100.26703,38.61045]]],[[[-100.08464,38.60976],[-100.08425,38.62438],[-100.0475,38.6236],[-100.04767,38.60952],[-100.08464,38.60976]]],[[[-100.39528,38.65509],[-100.39553,38.64048],[-100.41402,38.64062],[-100.41385,38.6552],[-100.39528,38.65509]]],[[[-100.43204,38.66984],[-100.43233,38.6552],[-100.45063,38.65553],[-100.45031,38.67],[-100.43204,38.66984]]],[[[-100.46806,38.67026],[-100.46829,38.65584],[-100.48626,38.65605],[-100.48617,38.67048],[-100.46806,38.67026]]],[[[-100.5597,38.67102],[-100.52329,38.67079],[-100.52366,38.65648],[-100.55965,38.65661],[-100.5597,38.67102]]],[[[-100.5597,38.67102],[-100.61422,38.67134],[-100.61385,38.65674],[-100.63257,38.65671],[-100.63274,38.67142],[-100.65139,38.67125],[-100.65137,38.65674],[-100.68782,38.65686],[-100.68815,38.6858],[-100.55978,38.68569],[-100.5597,38.67102]]],[[[-100.20986,38.69783],[-100.21053,38.6831],[-100.22908,38.68296],[-100.22833,38.69786],[-100.20986,38.69783]]],[[[-100.76328,38.69983],[-100.74358,38.70016],[-100.74325,38.68602],[-100.77985,38.68544],[-100.78019,38.69968],[-100.76328,38.69983]]],[[[-99.93578,38.67513],[-99.93596,38.66789],[-99.95471,38.66772],[-99.95356,38.69635],[-99.96906,38.69631],[-99.9688,38.71085],[-99.95021,38.7109],[-99.9505,38.69635],[-99.93508,38.69639],[-99.93578,38.67513]]],[[[-100.00577,38.7036],[-100.00596,38.6963],[-99.97209,38.6963],[-99.97245,38.68168],[-99.99087,38.68173],[-99.99141,38.66733],[-100.02771,38.66728],[-100.02707,38.69628],[-100.02458,38.69629],[-100.02422,38.71082],[-100.00559,38.71085],[-100.00577,38.7036]]],[[[-100.19066,38.71231],[-100.19098,38.69774],[-100.20941,38.69784],[-100.20914,38.71235],[-100.19066,38.71231]]],[[[-100.8004,38.71454],[-100.80044,38.69972],[-100.81883,38.69976],[-100.81877,38.71442],[-100.8004,38.71454]]],[[[-99.91317,38.71093],[-99.91343,38.69637],[-99.93194,38.69638],[-99.93135,38.72541],[-99.91297,38.72546],[-99.91317,38.71093]]],[[[-101.04001,38.71423],[-101.02139,38.71414],[-101.02159,38.69964],[-101.04014,38.69982],[-101.04001,38.71423]]],[[[-100.10109,38.69684],[-100.09854,38.69681],[-100.09814,38.71127],[-100.07994,38.71101],[-100.08013,38.69666],[-100.08267,38.69668],[-100.08304,38.68218],[-100.10166,38.68247],[-100.10222,38.66807],[-100.12067,38.66818],[-100.12072,38.65368],[-100.17436,38.65371],[-100.17395,38.66814],[-100.13676,38.66819],[-100.13635,38.68262],[-100.1549,38.68271],[-100.1544,38.6973],[-100.17246,38.69753],[-100.17182,38.72647],[-100.11635,38.72606],[-100.11714,38.69702],[-100.10109,38.69684]]],[[[-100.9105,38.72784],[-100.91072,38.69901],[-100.90797,38.69901],[-100.9078,38.65613],[-100.92609,38.65596],[-100.92639,38.69897],[-100.94763,38.69893],[-100.94728,38.72796],[-100.9105,38.72784]]],[[[-100.00511,38.73984],[-100.0053,38.72531],[-100.02391,38.7253],[-100.02366,38.73985],[-100.00511,38.73984]]],[[[-100.96573,38.72814],[-100.96589,38.71363],[-101.00287,38.71397],[-101.00266,38.72846],[-100.96573,38.72814]]],[[[-101.18766,38.72302],[-101.18773,38.71562],[-101.20612,38.71591],[-101.20651,38.72314],[-101.20584,38.73041],[-101.18747,38.73029],[-101.18766,38.72302]]],[[[-100.9105,38.72784],[-100.91042,38.74231],[-100.87361,38.74271],[-100.87357,38.72824],[-100.9105,38.72784]]],[[[-101.04001,38.71423],[-101.07692,38.71472],[-101.077,38.70021],[-101.15102,38.70082],[-101.15073,38.72962],[-101.13214,38.72942],[-101.13226,38.71525],[-101.1136,38.71499],[-101.11361,38.72952],[-101.09546,38.72927],[-101.09546,38.74383],[-101.07672,38.74365],[-101.07682,38.72915],[-101.03997,38.72876],[-101.04001,38.71423]]],[[[-99.76169,38.89941],[-99.72448,38.89966],[-99.72477,38.88551],[-99.76179,38.88519],[-99.76169,38.89941]]],[[[-99.87296,38.89944],[-99.87306,38.8849],[-99.7991,38.88512],[-99.79914,38.87059],[-99.76196,38.8708],[-99.76246,38.8563],[-99.8182,38.85593],[-99.8179,38.87053],[-99.9104,38.87052],[-99.9103,38.88497],[-99.89183,38.8849],[-99.89172,38.89929],[-99.87296,38.89944]]],[[[-101.64828,38.85857],[-101.64828,38.84426],[-101.66701,38.84411],[-101.66687,38.8586],[-101.68545,38.85845],[-101.68536,38.87293],[-101.64827,38.87328],[-101.64828,38.85857]]],[[[-99.76175,38.91396],[-99.76169,38.89941],[-99.7801,38.89961],[-99.78003,38.91408],[-99.76175,38.91396]]],[[[-101.70395,38.87502],[-101.70398,38.87275],[-101.77857,38.87249],[-101.77826,38.88702],[-101.70383,38.88729],[-101.70395,38.87502]]],[[[-100.76072,38.90979],[-100.76082,38.90248],[-100.79793,38.90258],[-100.79772,38.91706],[-100.76062,38.91706],[-100.76072,38.90979]]],[[[-100.01146,38.92822],[-99.96501,38.92839],[-99.96506,38.91394],[-100.0208,38.91373],[-100.0208,38.92829],[-100.01146,38.92822]]],[[[-100.8707,38.931],[-100.83348,38.93115],[-100.83376,38.91666],[-100.87097,38.91646],[-100.8707,38.931]]],[[[-99.83518,38.94296],[-99.83537,38.92849],[-99.85428,38.92843],[-99.8542,38.94289],[-99.83518,38.94296]]],[[[-100.5568,38.93812],[-100.55667,38.93059],[-100.57492,38.93119],[-100.57482,38.94559],[-100.55669,38.94513],[-100.5568,38.93812]]],[[[-100.5932,38.94583],[-100.59341,38.93133],[-100.61198,38.93138],[-100.61178,38.94599],[-100.5932,38.94583]]],[[[-100.63074,38.94601],[-100.63092,38.93156],[-100.6496,38.93162],[-100.64926,38.94611],[-100.63074,38.94601]]],[[[-100.8707,38.931],[-100.90772,38.93065],[-100.90749,38.94508],[-100.87039,38.94563],[-100.8707,38.931]]],[[[-100.63022,38.97516],[-100.59259,38.97493],[-100.59291,38.96027],[-100.63043,38.96054],[-100.63022,38.97516]]],[[[-100.03813,38.97941],[-100.03828,38.97216],[-100.09385,38.97269],[-100.09335,38.98714],[-100.0379,38.98668],[-100.03813,38.97941]]],[[[-100.11216,38.97925],[-100.1123,38.97278],[-100.13091,38.97273],[-100.13073,38.98724],[-100.11201,38.98729],[-100.11216,38.97925]]],[[[-100.24251,38.97319],[-100.26085,38.97335],[-100.26072,38.98782],[-100.24228,38.98765],[-100.24251,38.97319]]],[[[-100.63022,38.97516],[-100.66729,38.975],[-100.66687,38.98967],[-100.62992,38.98964],[-100.63022,38.97516]]],[[[-99.63127,38.9864],[-99.61268,38.98627],[-99.61268,39.00076],[-99.59406,39.00087],[-99.59447,38.97185],[-99.63163,38.97183],[-99.63127,38.9864]]],[[[-100.68542,38.98968],[-100.6856,38.97529],[-100.72242,38.97533],[-100.72226,38.98981],[-100.68542,38.98968]]],[[[-100.18641,39.00179],[-100.14938,39.00186],[-100.14956,38.98738],[-100.18681,38.98732],[-100.18641,39.00179]]],[[[-100.24251,38.97319],[-100.20552,38.97292],[-100.20577,38.95862],[-100.15015,38.95837],[-100.15052,38.94384],[-100.09444,38.94364],[-100.09474,38.92911],[-100.13194,38.92915],[-100.13212,38.91456],[-100.1883,38.91507],[-100.1878,38.92944],[-100.29808,38.93016],[-100.29807,38.94456],[-100.33491,38.94496],[-100.33475,38.95976],[-100.40873,38.95981],[-100.40869,38.97398],[-100.39028,38.97425],[-100.39018,38.98876],[-100.42715,38.98857],[-100.42715,39.00295],[-100.37158,39.00319],[-100.37177,38.97444],[-100.33479,38.97423],[-100.3348,38.98867],[-100.31622,38.9885],[-100.31629,38.97411],[-100.29767,38.97377],[-100.29768,38.95928],[-100.26093,38.95888],[-100.26104,38.94435],[-100.24327,38.94432],[-100.24251,38.97319]]],[[[-100.50072,39.00001],[-100.50091,38.98832],[-100.51942,38.98843],[-100.51903,39.00296],[-100.50059,39.0028],[-100.50072,39.00001]]],[[[-100.57458,39.00002],[-100.57463,38.98911],[-100.5926,38.98934],[-100.59222,39.00384],[-100.57455,39.00364],[-100.57458,39.00002]]],[[[-99.63127,38.9864],[-99.64989,38.98658],[-99.65082,38.94323],[-99.6879,38.94349],[-99.6878,38.95791],[-99.70591,38.95803],[-99.7059,38.94339],[-99.72442,38.94305],[-99.72434,38.91408],[-99.76175,38.91396],[-99.76181,38.9289],[-99.78001,38.92867],[-99.78004,38.94311],[-99.83518,38.94296],[-99.83551,38.95756],[-99.87256,38.95747],[-99.87252,38.97203],[-99.90835,38.97195],[-99.90853,38.98642],[-99.83513,38.98659],[-99.83526,38.97205],[-99.79815,38.97183],[-99.79869,38.95764],[-99.74312,38.95793],[-99.74273,38.97139],[-99.72375,38.97126],[-99.70581,38.97257],[-99.70515,39.00159],[-99.72342,39.00018],[-99.74201,39.00028],[-99.74178,39.01543],[-99.70498,39.01615],[-99.6683,39.01571],[-99.66842,39.00117],[-99.63138,39.00082],[-99.63127,38.9864]]],[[[-100.18641,39.00179],[-100.20502,39.00188],[-100.20492,39.01632],[-100.18613,39.0162],[-100.18641,39.00179]]],[[[-100.61103,39.00997],[-100.61108,39.00413],[-100.6296,39.00417],[-100.62947,39.01855],[-100.61095,39.01851],[-100.61103,39.00997]]],[[[-101.51719,38.98285],[-101.5173,38.97565],[-101.53597,38.97552],[-101.53533,39.01905],[-101.5167,39.01926],[-101.51719,38.98285]]],[[[-101.554,39.01892],[-101.55405,39.00446],[-101.57261,39.00433],[-101.57256,39.01891],[-101.554,39.01892]]],[[[-99.59317,39.0589],[-99.55658,39.05903],[-99.55683,39.0445],[-99.5754,39.0445],[-99.57579,39.03008],[-99.59365,39.02987],[-99.59317,39.0589]]],[[[-99.90782,39.0591],[-99.88928,39.05945],[-99.89,39.04466],[-99.9081,39.04464],[-99.90782,39.0591]]],[[[-99.87044,39.0738],[-99.87077,39.05932],[-99.88928,39.05945],[-99.88901,39.07381],[-99.87044,39.0738]]],[[[-99.90782,39.0591],[-99.92644,39.05921],[-99.92616,39.07356],[-99.90762,39.07356],[-99.90782,39.0591]]],[[[-101.59024,39.05222],[-101.5903,39.04768],[-101.60871,39.04753],[-101.60872,39.06211],[-101.59008,39.06229],[-101.59024,39.05222]]],[[[-100.11047,39.08865],[-100.11068,39.07412],[-100.13021,39.07437],[-100.13018,39.08883],[-100.11047,39.08865]]],[[[-99.87044,39.0738],[-99.87021,39.08828],[-99.75945,39.08846],[-99.75908,39.10291],[-99.62954,39.10252],[-99.62921,39.11701],[-99.61057,39.11681],[-99.61092,39.10229],[-99.59237,39.10227],[-99.59264,39.08774],[-99.57475,39.08789],[-99.57491,39.07341],[-99.61149,39.07342],[-99.61122,39.08787],[-99.6299,39.08814],[-99.63011,39.07356],[-99.68608,39.07399],[-99.68627,39.05951],[-99.70421,39.05964],[-99.70398,39.07418],[-99.7225,39.0742],[-99.72281,39.05964],[-99.74138,39.05955],[-99.76002,39.05947],[-99.75974,39.07391],[-99.7969,39.07372],[-99.79734,39.05915],[-99.81546,39.05912],[-99.81519,39.07361],[-99.87044,39.0738]]],[[[-101.44186,39.10696],[-101.42346,39.10703],[-101.42351,39.09247],[-101.44206,39.09233],[-101.44186,39.10696]]],[[[-101.44186,39.10696],[-101.46046,39.10687],[-101.4604,39.12139],[-101.44165,39.12146],[-101.44186,39.10696]]],[[[-101.47821,39.12501],[-101.4783,39.12113],[-101.49719,39.12094],[-101.4969,39.13474],[-101.47822,39.13477],[-101.47821,39.12501]]],[[[-100.29389,39.1618],[-100.2754,39.16152],[-100.27544,39.14719],[-100.29396,39.14742],[-100.29389,39.1618]]],[[[-100.44277,39.16197],[-100.44273,39.1477],[-100.46125,39.1476],[-100.46135,39.16216],[-100.44277,39.16197]]],[[[-100.29389,39.1618],[-100.31259,39.16181],[-100.31264,39.17611],[-100.2939,39.17609],[-100.29389,39.1618]]],[[[-100.38687,39.17652],[-100.38689,39.16203],[-100.40546,39.16203],[-100.40547,39.17652],[-100.38687,39.17652]]],[[[-100.11047,39.08865],[-100.11055,39.10315],[-100.12984,39.10338],[-100.12946,39.13199],[-100.14802,39.13215],[-100.14841,39.10324],[-100.15717,39.10329],[-100.16688,39.10336],[-100.16607,39.13208],[-100.25705,39.13266],[-100.25716,39.14722],[-100.23871,39.14697],[-100.2387,39.16137],[-100.14552,39.16083],[-100.14574,39.14636],[-100.05202,39.14639],[-100.05216,39.13191],[-100.03353,39.13192],[-100.03338,39.16079],[-100.05206,39.16087],[-100.05193,39.17531],[-100.07079,39.17536],[-100.07076,39.18985],[-100.03356,39.18975],[-100.03352,39.17531],[-100.01514,39.17542],[-100.01493,39.16089],[-99.97786,39.16094],[-99.97781,39.1754],[-99.95933,39.17553],[-99.95917,39.14652],[-99.92185,39.14657],[-99.92189,39.1611],[-99.90313,39.16117],[-99.90326,39.19034],[-99.88465,39.19018],[-99.88457,39.1757],[-99.84734,39.17573],[-99.84732,39.16121],[-99.86637,39.16116],[-99.86631,39.14666],[-99.88455,39.14663],[-99.88438,39.1321],[-99.94321,39.13205],[-99.94393,39.10271],[-99.92548,39.10255],[-99.92582,39.08811],[-100.03608,39.08826],[-100.03622,39.0738],[-100.07326,39.07406],[-100.07293,39.10301],[-100.09196,39.10296],[-100.09197,39.08867],[-100.11047,39.08865]]],[[[-99.96578,39.10276],[-99.9625,39.10273],[-99.96192,39.13209],[-99.98054,39.132],[-99.98076,39.11728],[-100.01801,39.11741],[-100.01837,39.10288],[-99.96578,39.10276]]],[[[-99.45656,39.21985],[-99.40078,39.22004],[-99.40078,39.20572],[-99.38206,39.20567],[-99.38186,39.19125],[-99.36348,39.19101],[-99.36344,39.1766],[-99.40041,39.17661],[-99.40028,39.16194],[-99.41897,39.16201],[-99.41892,39.14733],[-99.51244,39.14698],[-99.51239,39.16155],[-99.62387,39.16166],[-99.62372,39.17625],[-99.66119,39.17618],[-99.66119,39.1616],[-99.71685,39.16134],[-99.71676,39.17599],[-99.7543,39.17569],[-99.7544,39.19031],[-99.77305,39.19046],[-99.77296,39.1759],[-99.7543,39.17569],[-99.75427,39.1611],[-99.8287,39.16123],[-99.82877,39.17576],[-99.79193,39.17592],[-99.79204,39.1905],[-99.81069,39.19039],[-99.81065,39.21936],[-99.69842,39.21957],[-99.69863,39.23422],[-99.67998,39.23428],[-99.67982,39.21969],[-99.60544,39.22004],[-99.60531,39.2056],[-99.58696,39.2052],[-99.587,39.23461],[-99.56839,39.2346],[-99.56833,39.21983],[-99.54971,39.21976],[-99.54967,39.20524],[-99.49365,39.20504],[-99.49365,39.16143],[-99.4748,39.16165],[-99.47514,39.19067],[-99.43787,39.19098],[-99.43793,39.20544],[-99.45656,39.20538],[-99.45656,39.21985]]],[[[-99.23339,39.24882],[-99.19593,39.24875],[-99.19596,39.23433],[-99.21458,39.23424],[-99.21439,39.16165],[-99.28884,39.16163],[-99.28891,39.17616],[-99.23271,39.1762],[-99.2328,39.19061],[-99.2701,39.19082],[-99.27027,39.20537],[-99.30766,39.20527],[-99.3076,39.21996],[-99.27039,39.21977],[-99.27024,39.23436],[-99.26739,39.23439],[-99.25194,39.23418],[-99.25177,39.21975],[-99.23319,39.21973],[-99.23339,39.24882]]],[[[-99.45656,39.21985],[-99.49376,39.21962],[-99.49366,39.23414],[-99.47496,39.23408],[-99.47497,39.24854],[-99.43789,39.24885],[-99.43801,39.23424],[-99.45637,39.23413],[-99.45656,39.21985]]],[[[-99.4005,39.24915],[-99.40064,39.2344],[-99.41927,39.23435],[-99.41904,39.24902],[-99.4005,39.24915]]],[[[-99.4005,39.24915],[-99.40031,39.2637],[-99.38191,39.26365],[-99.38198,39.24921],[-99.4005,39.24915]]],[[[-99.16804,39.24904],[-99.17727,39.24895],[-99.17705,39.27785],[-99.15837,39.27818],[-99.1586,39.24913],[-99.16804,39.24904]]],[[[-99.23339,39.24882],[-99.28882,39.24884],[-99.28876,39.26333],[-99.30752,39.26357],[-99.30745,39.27802],[-99.27009,39.27762],[-99.27013,39.26315],[-99.25213,39.26324],[-99.25167,39.27781],[-99.19575,39.27766],[-99.19586,39.26319],[-99.23337,39.26328],[-99.23339,39.24882]]],[[[-99.97723,39.30577],[-99.97741,39.29137],[-99.9959,39.29146],[-99.99579,39.30577],[-99.97723,39.30577]]],[[[-99.49366,39.23414],[-99.53104,39.23438],[-99.53108,39.24909],[-99.56849,39.24929],[-99.56833,39.26392],[-99.60533,39.26387],[-99.60548,39.2492],[-99.62424,39.24902],[-99.67986,39.24883],[-99.67993,39.26338],[-99.79143,39.26306],[-99.79144,39.27765],[-99.82873,39.27754],[-99.82867,39.29214],[-99.84737,39.29183],[-99.84684,39.32106],[-99.80942,39.32131],[-99.8098,39.30669],[-99.80546,39.30669],[-99.77233,39.30691],[-99.77218,39.32149],[-99.75349,39.32132],[-99.75366,39.30674],[-99.75159,39.30673],[-99.71639,39.30697],[-99.71619,39.32145],[-99.67896,39.32149],[-99.67947,39.30701],[-99.66084,39.30712],[-99.66101,39.29253],[-99.5866,39.29291],[-99.58679,39.27831],[-99.53079,39.27818],[-99.53098,39.26368],[-99.51237,39.26328],[-99.51238,39.24871],[-99.49357,39.24821],[-99.49366,39.23414]]],[[[-100.21848,39.34938],[-100.21859,39.33492],[-100.23696,39.33502],[-100.23711,39.34959],[-100.21848,39.34938]]],[[[-100.31164,39.34969],[-100.31181,39.3352],[-100.33048,39.33532],[-100.3305,39.34991],[-100.31164,39.34969]]],[[[-100.31164,39.34969],[-100.31167,39.36423],[-100.2558,39.36405],[-100.25575,39.33503],[-100.27447,39.33507],[-100.27443,39.34962],[-100.31164,39.34969]]],[[[-99.97568,39.393],[-99.99436,39.39299],[-99.99429,39.40747],[-99.97565,39.40749],[-99.97568,39.393]]],[[[-99.99436,39.39299],[-99.99458,39.37839],[-100.01313,39.37831],[-100.01369,39.34939],[-100.03231,39.34947],[-100.03192,39.36378],[-100.06934,39.36367],[-100.06953,39.34939],[-100.03231,39.34947],[-100.03243,39.33491],[-99.92128,39.33494],[-99.92159,39.32043],[-99.86565,39.321],[-99.86591,39.30636],[-99.88462,39.3062],[-99.88451,39.29164],[-99.84737,39.29183],[-99.84732,39.26275],[-99.86588,39.26266],[-99.86607,39.24826],[-99.88465,39.2482],[-99.88446,39.27721],[-99.90321,39.27713],[-99.90328,39.26261],[-99.95887,39.26245],[-99.95879,39.27693],[-99.94019,39.27688],[-99.94005,39.3058],[-99.97723,39.30577],[-99.97699,39.32018],[-100.01419,39.32034],[-100.01444,39.30584],[-100.03302,39.30579],[-100.03271,39.32035],[-100.10691,39.32051],[-100.10665,39.33487],[-100.16232,39.33504],[-100.16244,39.36393],[-100.12525,39.36366],[-100.12551,39.34945],[-100.10661,39.34923],[-100.10655,39.36355],[-100.12525,39.36366],[-100.12553,39.39289],[-100.08793,39.39286],[-100.08759,39.3783],[-100.06933,39.3783],[-100.06936,39.3929],[-100.05074,39.39291],[-100.05081,39.37836],[-100.03173,39.37848],[-100.03149,39.40734],[-100.0128,39.40725],[-100.01287,39.39294],[-99.99436,39.39299]]],[[[-99.73218,39.43762],[-99.7136,39.43748],[-99.71419,39.40852],[-99.75214,39.40807],[-99.75221,39.42268],[-99.73253,39.42278],[-99.73218,39.43762]]],[[[-99.97568,39.393],[-99.95694,39.393],[-99.95681,39.43649],[-99.93825,39.43659],[-99.93835,39.42199],[-99.90113,39.4224],[-99.90118,39.39324],[-99.88252,39.39338],[-99.88246,39.42249],[-99.86392,39.42268],[-99.86382,39.43721],[-99.80802,39.43737],[-99.80814,39.4228],[-99.7707,39.42272],[-99.77083,39.4082],[-99.78947,39.40824],[-99.78973,39.37932],[-99.80819,39.37925],[-99.80853,39.36479],[-99.82731,39.36474],[-99.82699,39.37929],[-99.92017,39.37861],[-99.92058,39.364],[-99.93907,39.36393],[-99.93865,39.37848],[-99.97593,39.3784],[-99.97568,39.393]]],[[[-99.566,39.44296],[-99.56603,39.43757],[-99.58441,39.43759],[-99.58436,39.45211],[-99.60189,39.45215],[-99.60184,39.46659],[-99.56569,39.46659],[-99.566,39.44296]]],[[[-99.52821,39.48103],[-99.49087,39.4811],[-99.49107,39.4665],[-99.5283,39.46639],[-99.52821,39.48103]]],[[[-99.73218,39.43762],[-99.75209,39.43737],[-99.75123,39.4522],[-99.77012,39.45205],[-99.76975,39.46656],[-99.71333,39.46651],[-99.71298,39.49546],[-99.67643,39.49546],[-99.67645,39.48094],[-99.63901,39.48102],[-99.63916,39.46689],[-99.67628,39.46621],[-99.67646,39.45184],[-99.73209,39.4521],[-99.73218,39.43762]]],[[[-99.63944,39.55328],[-99.63939,39.53885],[-99.73216,39.53901],[-99.73249,39.5535],[-99.63944,39.55328]]],[[[-100.17122,39.58879],[-100.17123,39.58163],[-100.18035,39.58163],[-100.1803,39.59605],[-100.1712,39.59605],[-100.17122,39.58879]]],[[[-99.63944,39.55328],[-99.63975,39.56742],[-99.59042,39.56734],[-99.59044,39.58188],[-99.55279,39.58196],[-99.55278,39.59649],[-99.53413,39.59651],[-99.53412,39.61107],[-99.403,39.61082],[-99.40301,39.59633],[-99.3839,39.59659],[-99.38398,39.58202],[-99.42157,39.58184],[-99.42153,39.56734],[-99.50889,39.56755],[-99.5089,39.5534],[-99.3961,39.55341],[-99.39625,39.53898],[-99.37792,39.53901],[-99.37856,39.49544],[-99.3972,39.4955],[-99.39684,39.51],[-99.43446,39.51014],[-99.47187,39.51001],[-99.47202,39.49563],[-99.52811,39.49561],[-99.52802,39.51006],[-99.49053,39.50987],[-99.49051,39.52435],[-99.43441,39.52467],[-99.43412,39.53901],[-99.52788,39.53914],[-99.52777,39.55336],[-99.56546,39.5535],[-99.60229,39.55324],[-99.60218,39.53886],[-99.62089,39.53891],[-99.62098,39.55334],[-99.63944,39.55328]]],[[[-99.53412,39.61107],[-99.59044,39.61088],[-99.59034,39.59633],[-99.72176,39.596],[-99.72195,39.62502],[-99.70293,39.62521],[-99.70294,39.63965],[-99.66556,39.63966],[-99.66559,39.62513],[-99.62802,39.62545],[-99.62807,39.64002],[-99.53404,39.64009],[-99.53412,39.61107]]],[[[-100.96361,39.64038],[-100.96378,39.62594],[-100.98243,39.62588],[-100.98234,39.64036],[-100.96361,39.64038]]],[[[-100.02102,39.63939],[-100.0394,39.63944],[-100.03971,39.65409],[-100.02104,39.65383],[-100.02102,39.63939]]],[[[-100.47943,39.64689],[-100.47939,39.63985],[-100.4982,39.63988],[-100.4981,39.65422],[-100.47942,39.65427],[-100.47943,39.64689]]],[[[-100.40456,39.66896],[-100.40463,39.65442],[-100.42338,39.65437],[-100.4234,39.66886],[-100.40456,39.66896]]],[[[-101.28115,39.65532],[-101.28151,39.64099],[-101.2999,39.64101],[-101.29952,39.65529],[-101.28115,39.65532]]],[[[-100.87072,39.66211],[-100.87083,39.65502],[-100.88929,39.65489],[-100.88945,39.66934],[-100.87084,39.66941],[-100.87072,39.66211]]],[[[-100.02102,39.63939],[-99.94604,39.63935],[-99.94629,39.65392],[-99.90871,39.6537],[-99.90911,39.68252],[-99.88979,39.68284],[-99.88998,39.66829],[-99.85262,39.66837],[-99.85247,39.63935],[-99.87111,39.63922],[-99.87117,39.6248],[-99.90891,39.62487],[-99.90886,39.61018],[-99.77793,39.61046],[-99.77795,39.596],[-99.79641,39.59612],[-99.79655,39.58163],[-99.89008,39.58135],[-99.89017,39.56688],[-99.92745,39.56689],[-99.92751,39.58152],[-99.98357,39.5814],[-99.98355,39.59598],[-100.05844,39.59596],[-100.05861,39.6105],[-100.03953,39.61041],[-100.03945,39.62487],[-100.02109,39.6249],[-100.02102,39.63939]]],[[[-99.94626,39.61048],[-99.96499,39.61035],[-99.96485,39.59586],[-99.94625,39.59592],[-99.94626,39.61048],[-99.9274,39.61053],[-99.92746,39.6251],[-99.94593,39.62491],[-99.94626,39.61048]]],[[[-100.3107,39.67693],[-100.31074,39.66865],[-100.32952,39.66848],[-100.32944,39.68286],[-100.31067,39.68307],[-100.3107,39.67693]]],[[[-101.28115,39.65532],[-101.28104,39.66975],[-101.24371,39.66967],[-101.24406,39.65526],[-101.28115,39.65532]]],[[[-102.0125,39.66943],[-102.01267,39.65487],[-102.05002,39.65489],[-102.05002,39.66932],[-102.0125,39.66943]]],[[[-100.83393,39.69057],[-100.83388,39.68337],[-100.85217,39.68361],[-100.85212,39.69799],[-100.83398,39.69786],[-100.83393,39.69057]]],[[[-99.81507,39.69714],[-99.8152,39.68269],[-99.87152,39.68293],[-99.87132,39.71177],[-99.85241,39.71173],[-99.85249,39.69734],[-99.81507,39.69714]]],[[[-101.97512,39.68399],[-101.97519,39.66952],[-102.0125,39.66943],[-102.01265,39.68389],[-101.97512,39.68399]]],[[[-101.93733,39.69866],[-101.93755,39.68406],[-101.97512,39.68399],[-101.97514,39.69849],[-101.93733,39.69866]]],[[[-99.70292,39.72654],[-99.7217,39.72627],[-99.72171,39.74093],[-99.70298,39.74107],[-99.70292,39.72654]]],[[[-99.77759,39.72614],[-99.79637,39.72612],[-99.79642,39.74067],[-99.77766,39.74075],[-99.77759,39.72614]]],[[[-101.9185,39.71309],[-101.91868,39.69871],[-101.93733,39.69866],[-101.93729,39.71302],[-101.9185,39.71309]]],[[[-100.0962,39.76959],[-100.09622,39.75521],[-100.11502,39.75516],[-100.11466,39.76964],[-100.0962,39.76959]]],[[[-99.77759,39.72614],[-99.7217,39.72627],[-99.72185,39.71176],[-99.70303,39.71205],[-99.70292,39.72654],[-99.68408,39.72661],[-99.68378,39.77023],[-99.66479,39.77019],[-99.66495,39.7558],[-99.64674,39.75561],[-99.64619,39.78461],[-99.60917,39.78479],[-99.60933,39.77028],[-99.62764,39.77021],[-99.62811,39.71221],[-99.6467,39.71224],[-99.64654,39.72666],[-99.66526,39.72653],[-99.66556,39.68316],[-99.75904,39.68289],[-99.7591,39.69731],[-99.79625,39.69722],[-99.79631,39.71174],[-99.77758,39.71171],[-99.77759,39.72614]]],[[[-99.94574,39.79843],[-99.94606,39.78393],[-100.0022,39.78408],[-100.00216,39.76958],[-100.0962,39.76959],[-100.09612,39.78422],[-100.0584,39.78416],[-100.0582,39.79837],[-99.94574,39.79843]]],[[[-99.94574,39.79843],[-99.94562,39.813],[-99.92672,39.81294],[-99.92689,39.79849],[-99.94574,39.79843]]],[[[-101.05635,39.79202],[-101.05625,39.78488],[-101.07461,39.78483],[-101.07467,39.79917],[-101.05633,39.79934],[-101.05635,39.79202]]],[[[-99.88884,39.82626],[-99.88958,39.81268],[-99.90802,39.81275],[-99.90774,39.82767],[-99.88891,39.82772],[-99.88884,39.82626]]],[[[-99.85124,39.84217],[-99.85121,39.82766],[-99.87006,39.82771],[-99.87005,39.8421],[-99.85124,39.84217]]],[[[-99.85124,39.84217],[-99.85117,39.85668],[-99.83272,39.85679],[-99.83278,39.84227],[-99.85124,39.84217]]],[[[-99.73931,39.87146],[-99.73929,39.85694],[-99.7579,39.85697],[-99.75785,39.87151],[-99.73931,39.87146]]],[[[-101.74844,39.84331],[-101.74852,39.81438],[-101.7673,39.81438],[-101.76768,39.78562],[-101.7864,39.78558],[-101.78669,39.77103],[-101.80525,39.77111],[-101.8056,39.75657],[-101.82446,39.7568],[-101.82481,39.74235],[-101.8435,39.7424],[-101.84369,39.7279],[-101.88113,39.72769],[-101.88122,39.71317],[-101.9185,39.71309],[-101.91852,39.72775],[-101.89981,39.72773],[-101.89976,39.74229],[-101.86237,39.74249],[-101.86229,39.75696],[-101.84326,39.75688],[-101.84303,39.77138],[-101.82421,39.77121],[-101.82392,39.80015],[-101.78639,39.80004],[-101.78607,39.82898],[-101.76722,39.82894],[-101.76707,39.84347],[-101.74844,39.84331]]],[[[-100.44081,39.87172],[-100.44072,39.8573],[-100.45949,39.85719],[-100.45958,39.84268],[-100.47844,39.84253],[-100.47857,39.87147],[-100.44081,39.87172]]],[[[-100.90773,39.86482],[-100.90768,39.85764],[-100.92633,39.85756],[-100.92634,39.87207],[-100.90774,39.87217],[-100.90773,39.86482]]],[[[-99.72104,39.88578],[-99.72098,39.87152],[-99.73931,39.87146],[-99.73922,39.88581],[-99.72104,39.88578]]],[[[-100.44081,39.87172],[-100.44059,39.88622],[-100.422,39.88619],[-100.42204,39.87175],[-100.44081,39.87172]]],[[[-99.14225,39.91555],[-99.14214,39.90099],[-99.16082,39.90094],[-99.16068,39.87202],[-99.21655,39.87166],[-99.21655,39.8571],[-99.27252,39.85714],[-99.27255,39.84246],[-99.42174,39.84283],[-99.42164,39.82835],[-99.4778,39.82841],[-99.47791,39.81382],[-99.5154,39.81397],[-99.51561,39.78502],[-99.53378,39.78501],[-99.53392,39.79947],[-99.55257,39.79948],[-99.55256,39.81402],[-99.57131,39.81395],[-99.57138,39.82842],[-99.58998,39.82838],[-99.59023,39.84287],[-99.53399,39.84305],[-99.534,39.85754],[-99.51531,39.85747],[-99.51528,39.84296],[-99.49659,39.84301],[-99.49663,39.87189],[-99.47798,39.8719],[-99.47777,39.85738],[-99.42172,39.85734],[-99.42179,39.87169],[-99.38464,39.87171],[-99.38464,39.88621],[-99.36588,39.88605],[-99.36585,39.87159],[-99.34705,39.87157],[-99.34698,39.88607],[-99.30972,39.88603],[-99.30967,39.90052],[-99.2909,39.90041],[-99.29096,39.91486],[-99.21657,39.91506],[-99.21678,39.9006],[-99.19801,39.9008],[-99.19781,39.91524],[-99.14225,39.91555]]],[[[-99.62676,39.91496],[-99.6271,39.90049],[-99.66447,39.90031],[-99.66455,39.88582],[-99.72104,39.88578],[-99.72081,39.9002],[-99.68318,39.90026],[-99.68323,39.91476],[-99.62676,39.91496]]],[[[-100.34701,39.92967],[-100.34707,39.91525],[-100.36626,39.91532],[-100.36598,39.92974],[-100.34701,39.92967]]],[[[-100.68376,39.92971],[-100.68421,39.90066],[-100.703,39.90076],[-100.70286,39.91518],[-100.72179,39.91523],[-100.72191,39.90081],[-100.7963,39.90074],[-100.79605,39.91519],[-100.7399,39.91521],[-100.7397,39.9296],[-100.68376,39.92971]]],[[[-99.0298,39.93527],[-99.02995,39.93036],[-99.04847,39.9304],[-99.04863,39.91586],[-99.06709,39.91597],[-99.06714,39.93039],[-99.08582,39.93039],[-99.08573,39.90141],[-99.12338,39.90114],[-99.1234,39.93005],[-99.10466,39.93022],[-99.10475,39.9447],[-99.02974,39.94484],[-99.0298,39.93527]]],[[[-99.5518,39.94407],[-99.5525,39.91507],[-99.59,39.91501],[-99.59028,39.90072],[-99.60863,39.90049],[-99.60872,39.91497],[-99.62676,39.91496],[-99.62655,39.92947],[-99.57101,39.92953],[-99.57069,39.944],[-99.5518,39.94407]]],[[[-100.32783,39.94419],[-100.32806,39.92962],[-100.34701,39.92967],[-100.34693,39.94419],[-100.32783,39.94419]]],[[[-101.6544,39.93057],[-101.65415,39.91606],[-101.67315,39.91595],[-101.67328,39.88698],[-101.69207,39.8869],[-101.69206,39.85789],[-101.71035,39.85792],[-101.71021,39.84337],[-101.74844,39.84331],[-101.74848,39.87232],[-101.72939,39.87236],[-101.7296,39.88691],[-101.71083,39.88691],[-101.71077,39.9015],[-101.7485,39.90119],[-101.74844,39.91571],[-101.69215,39.91592],[-101.69218,39.93046],[-101.6544,39.93057]]],[[[-101.7672,39.93033],[-101.76716,39.91584],[-101.82372,39.91607],[-101.82361,39.93055],[-101.7672,39.93033]]],[[[-100.32783,39.94419],[-100.32792,39.95859],[-100.30922,39.95859],[-100.3093,39.94417],[-100.32783,39.94419]]],[[[-101.6356,39.94499],[-101.63557,39.93062],[-101.6544,39.93057],[-101.6546,39.94488],[-101.6356,39.94499]]],[[[-100.15074,39.97248],[-100.15084,39.95788],[-100.23505,39.9579],[-100.23484,39.97243],[-100.15074,39.97248]]],[[[-99.17905,39.98762],[-99.17915,39.97316],[-99.1979,39.97308],[-99.19785,39.98741],[-99.17905,39.98762]]],[[[-99.34747,39.98731],[-99.32859,39.98725],[-99.32872,39.97278],[-99.34743,39.97279],[-99.34747,39.98731]]],[[[-101.61652,39.95957],[-101.61633,39.94509],[-101.6356,39.94499],[-101.63585,39.95951],[-101.61652,39.95957]]],[[[-99.17905,39.98762],[-99.17903,40.0021],[-99.16091,40.00208],[-99.16094,39.98779],[-99.17905,39.98762]]],[[[-99.27267,39.99322],[-99.27268,39.98725],[-99.29092,39.98726],[-99.29074,40.00208],[-99.27273,40.00206],[-99.27267,39.99322]]],[[[-99.34747,39.98731],[-99.36619,39.98737],[-99.36631,40.00213],[-99.34751,40.0021],[-99.34747,39.98731]]],[[[-99.5518,39.94407],[-99.55155,39.95857],[-99.53422,39.95857],[-99.53419,39.97311],[-99.51533,39.97321],[-99.51533,40.00209],[-99.38517,40.0021],[-99.38505,39.98739],[-99.47858,39.98751],[-99.47836,39.95849],[-99.51542,39.95878],[-99.51523,39.94423],[-99.5518,39.94407]]],[[[-101.59804,39.974],[-101.59766,39.95947],[-101.61652,39.95957],[-101.61694,39.97395],[-101.59804,39.974]]],[[[-100.15074,39.97248],[-100.15066,39.98699],[-100.11305,39.98719],[-100.1127,40.00166],[-99.98134,40.00165],[-99.98188,39.97254],[-100.01967,39.97261],[-100.01981,39.95802],[-100.03812,39.95814],[-100.03797,39.97263],[-100.15074,39.97248]]],[[[-100.53352,39.99458],[-100.53365,39.98731],[-100.55253,39.9872],[-100.55237,40.0019],[-100.53352,40.00188],[-100.53352,39.99458]]],[[[-101.56082,39.98834],[-101.56038,39.97391],[-101.59804,39.974],[-101.59832,39.98842],[-101.56082,39.98834]]],[[[-101.56082,39.98834],[-101.56103,40.00272],[-101.54229,40.00265],[-101.54198,39.9884],[-101.56082,39.98834]]]]},"properties":{"OBJECTID":2,"dtw_2022_2024_MANUAL_RANGE":"0.000000 - 25.000000","name":"Depth to water: Under 25","classLabel":"Under 25","color":"#ffff80","hasValue":true,"period":"2022\u20132024"}},{"type":"Feature","id":3,"geometry":{"type":"MultiPolygon","coordinates":[[[[-100.6151,37.01019],[-100.61451,37.00026],[-100.63328,37.00013],[-100.63323,37.01037],[-100.6151,37.01019]]],[[[-100.52426,37.03943],[-100.52416,37.02493],[-100.57842,37.02467],[-100.57876,37.03936],[-100.52426,37.03943]]],[[[-100.52426,37.03943],[-100.52472,37.05389],[-100.50666,37.05393],[-100.50634,37.03945],[-100.52426,37.03943]]],[[[-102.02596,37.02488],[-102.02592,37.01041],[-102.04224,37.01056],[-102.04218,37.02482],[-102.02596,37.02488]]],[[[-100.57876,37.03936],[-100.59681,37.03939],[-100.59716,37.05382],[-100.57904,37.05359],[-100.57876,37.03936]]],[[[-100.43416,37.0539],[-100.41591,37.05398],[-100.416,37.06834],[-100.38002,37.06797],[-100.37981,37.05366],[-100.39805,37.05382],[-100.39753,37.03944],[-100.4336,37.03967],[-100.43416,37.0539]]],[[[-101.98978,37.03948],[-101.98973,37.02488],[-102.02596,37.02488],[-102.02596,37.03955],[-101.98978,37.03948]]],[[[-100.61573,37.08286],[-100.61555,37.06817],[-100.63363,37.06822],[-100.63394,37.08282],[-100.61573,37.08286]]],[[[-100.7069,37.08252],[-100.68874,37.08268],[-100.68826,37.06822],[-100.70645,37.06819],[-100.7069,37.08252]]],[[[-100.41639,37.09711],[-100.41617,37.0828],[-100.43456,37.08287],[-100.43469,37.09716],[-100.41639,37.09711]]],[[[-100.7069,37.08252],[-100.72474,37.08232],[-100.72528,37.09695],[-100.70732,37.09706],[-100.7069,37.08252]]],[[[-100.41639,37.09711],[-100.41661,37.11147],[-100.3985,37.11139],[-100.39829,37.09701],[-100.41639,37.09711]]],[[[-100.32626,37.12537],[-100.30833,37.12536],[-100.30782,37.11101],[-100.32598,37.11106],[-100.32626,37.12537]]],[[[-100.70828,37.12618],[-100.69001,37.12622],[-100.68955,37.11182],[-100.7078,37.11176],[-100.70828,37.12618]]],[[[-100.76018,37.12607],[-100.74217,37.12606],[-100.74207,37.1118],[-100.75991,37.11185],[-100.76018,37.12607]]],[[[-102.00794,37.11213],[-101.9899,37.11212],[-101.98985,37.09763],[-102.04205,37.09757],[-102.04202,37.1121],[-102.00794,37.11213]]],[[[-100.70828,37.12618],[-100.72631,37.12611],[-100.72617,37.14068],[-100.70793,37.14072],[-100.70828,37.12618]]],[[[-100.76018,37.12607],[-100.81437,37.12646],[-100.81457,37.14096],[-100.76022,37.14062],[-100.76018,37.12607]]],[[[-100.43456,37.08287],[-100.43416,37.0539],[-100.45226,37.05381],[-100.45187,37.03963],[-100.4701,37.03956],[-100.4703,37.05376],[-100.48828,37.05383],[-100.48861,37.06829],[-100.50693,37.0683],[-100.50737,37.0972],[-100.48921,37.09718],[-100.4892,37.14067],[-100.47113,37.14067],[-100.47099,37.16972],[-100.453,37.16964],[-100.45273,37.08271],[-100.43456,37.08287]]],[[[-100.7422,37.16982],[-100.74209,37.15517],[-100.79654,37.15547],[-100.79674,37.17004],[-100.7422,37.16982]]],[[[-100.85027,37.17026],[-100.83293,37.17026],[-100.8327,37.15571],[-100.85033,37.15582],[-100.85027,37.17026]]],[[[-100.25043,37.1838],[-100.21802,37.18362],[-100.21822,37.16908],[-100.25402,37.16914],[-100.25405,37.1838],[-100.25043,37.1838]]],[[[-100.81515,37.19935],[-100.81483,37.18472],[-100.83295,37.18468],[-100.8332,37.1994],[-100.81515,37.19935]]],[[[-100.85027,37.17026],[-100.86823,37.17021],[-100.86871,37.19923],[-100.85065,37.19916],[-100.85027,37.17026]]],[[[-100.43497,37.21274],[-100.43489,37.18376],[-100.4891,37.18424],[-100.48918,37.19884],[-100.453,37.19828],[-100.45305,37.21283],[-100.43497,37.21274]]],[[[-100.41688,37.22725],[-100.41685,37.21272],[-100.43497,37.21274],[-100.43504,37.22717],[-100.41688,37.22725]]],[[[-100.85041,37.2282],[-100.83338,37.22814],[-100.83341,37.2137],[-100.85046,37.2137],[-100.85041,37.2282]]],[[[-100.88664,37.22838],[-100.88685,37.21369],[-100.90509,37.2137],[-100.90493,37.22832],[-100.88664,37.22838]]],[[[-101.66443,37.21438],[-101.66436,37.19995],[-101.68246,37.19984],[-101.68273,37.21442],[-101.66443,37.21438]]],[[[-100.85041,37.2282],[-100.88664,37.22838],[-100.88673,37.24286],[-100.85053,37.24267],[-100.85041,37.2282]]],[[[-100.92297,37.24268],[-100.923,37.22817],[-100.94118,37.22799],[-100.94122,37.24246],[-100.92297,37.24268]]],[[[-101.64665,37.2289],[-101.64619,37.21437],[-101.66443,37.21438],[-101.66486,37.22901],[-101.64665,37.2289]]],[[[-100.92297,37.24268],[-100.92293,37.25718],[-100.90484,37.2573],[-100.90494,37.24303],[-100.92297,37.24268]]],[[[-101.59293,37.2286],[-101.5922,37.2142],[-101.5559,37.21397],[-101.55579,37.19937],[-101.53772,37.19924],[-101.53765,37.14122],[-101.57389,37.14138],[-101.57388,37.12692],[-101.59189,37.12698],[-101.59189,37.11253],[-101.60966,37.11263],[-101.60972,37.09801],[-101.70028,37.09835],[-101.70047,37.08355],[-101.7365,37.0835],[-101.73642,37.06903],[-101.75448,37.06899],[-101.75465,37.05447],[-101.84521,37.05413],[-101.84512,37.03963],[-101.86318,37.0396],[-101.86337,37.0541],[-101.87546,37.05412],[-101.89963,37.05409],[-101.8994,37.0396],[-101.98978,37.03948],[-101.98989,37.05381],[-101.93547,37.05415],[-101.93556,37.06855],[-101.86345,37.06864],[-101.86351,37.08309],[-101.82732,37.08329],[-101.82742,37.09781],[-101.79108,37.098],[-101.79126,37.11258],[-101.73655,37.11261],[-101.73662,37.12714],[-101.71842,37.12713],[-101.71845,37.14172],[-101.66435,37.14172],[-101.6642,37.12715],[-101.64607,37.12719],[-101.64626,37.1417],[-101.62807,37.14167],[-101.62818,37.15623],[-101.6827,37.15624],[-101.68247,37.17074],[-101.66443,37.17067],[-101.66436,37.19995],[-101.64619,37.19977],[-101.64619,37.21437],[-101.62806,37.21439],[-101.62815,37.22885],[-101.64665,37.2289],[-101.64661,37.24346],[-101.61045,37.24335],[-101.6101,37.2288],[-101.59293,37.2286]]],[[[-100.41702,37.27099],[-100.41703,37.25652],[-100.39901,37.25648],[-100.39879,37.22737],[-100.41688,37.22725],[-100.41691,37.24185],[-100.43511,37.24187],[-100.43516,37.25651],[-100.45329,37.25653],[-100.45329,37.27109],[-100.41702,37.27099]]],[[[-101.51986,37.25753],[-101.51972,37.22824],[-101.59293,37.2286],[-101.59288,37.24312],[-101.53813,37.24296],[-101.53805,37.25732],[-101.51986,37.25753]]],[[[-100.38105,37.28546],[-100.38094,37.27096],[-100.41702,37.27099],[-100.41701,37.28553],[-100.38105,37.28546]]],[[[-101.51986,37.25753],[-101.52003,37.28638],[-101.50172,37.28639],[-101.50165,37.25724],[-101.51986,37.25753]]],[[[-100.34468,37.31444],[-100.34466,37.29998],[-100.36278,37.29998],[-100.36271,37.28551],[-100.38105,37.28546],[-100.381,37.31457],[-100.34468,37.31444]]],[[[-101.24884,37.32962],[-101.24875,37.31503],[-101.28467,37.31522],[-101.28474,37.32977],[-101.24884,37.32962]]],[[[-99.29147,37.34602],[-99.29155,37.33887],[-99.27334,37.33939],[-99.2735,37.32491],[-99.21915,37.32502],[-99.21931,37.31038],[-99.18326,37.31111],[-99.18343,37.29627],[-99.12894,37.2967],[-99.12885,37.28213],[-99.11063,37.28217],[-99.11057,37.26749],[-99.14693,37.26743],[-99.14671,37.2528],[-99.1652,37.25258],[-99.16535,37.2817],[-99.20169,37.2814],[-99.2017,37.296],[-99.23752,37.29578],[-99.2374,37.31029],[-99.27367,37.31024],[-99.27385,37.29551],[-99.31008,37.2951],[-99.30973,37.33862],[-99.32754,37.3386],[-99.32729,37.35318],[-99.2914,37.35333],[-99.29147,37.34602]]],[[[-100.92293,37.25718],[-100.95934,37.25717],[-100.95918,37.28618],[-100.97726,37.28605],[-100.97745,37.30075],[-101.01395,37.30087],[-101.01412,37.31503],[-101.03218,37.31498],[-101.03213,37.34379],[-101.01403,37.34387],[-101.01409,37.32916],[-100.99571,37.32936],[-100.99559,37.31497],[-100.95917,37.31522],[-100.95924,37.30085],[-100.94168,37.30082],[-100.94147,37.27167],[-100.92296,37.27177],[-100.92293,37.25718]]],[[[-101.24884,37.32962],[-101.24893,37.34415],[-101.2309,37.34418],[-101.23086,37.32961],[-101.24884,37.32962]]],[[[-100.32649,37.358],[-100.32652,37.31453],[-100.34468,37.31444],[-100.34476,37.35792],[-100.32649,37.358]]],[[[-101.28474,37.32977],[-101.30283,37.3298],[-101.30288,37.34433],[-101.28489,37.34434],[-101.28474,37.32977]]],[[[-101.23099,37.37332],[-101.23095,37.35874],[-101.2849,37.35892],[-101.28499,37.37352],[-101.23099,37.37332]]],[[[-99.15658,37.39799],[-99.15636,37.38356],[-99.11087,37.38388],[-99.11084,37.36933],[-99.16529,37.36924],[-99.1654,37.35444],[-99.14724,37.35468],[-99.14717,37.33996],[-99.18351,37.33995],[-99.18371,37.3544],[-99.20169,37.35431],[-99.2015,37.36878],[-99.21875,37.36862],[-99.21885,37.38327],[-99.22926,37.38322],[-99.22932,37.3977],[-99.2112,37.39776],[-99.21109,37.3833],[-99.20146,37.3833],[-99.19264,37.38334],[-99.19296,37.39788],[-99.15658,37.39799]]],[[[-99.79243,37.40949],[-99.79228,37.39499],[-99.81111,37.39572],[-99.81071,37.38136],[-99.81528,37.3815],[-99.81551,37.36706],[-99.83413,37.36777],[-99.83392,37.38233],[-99.84768,37.38261],[-99.84846,37.39702],[-99.86694,37.39728],[-99.86738,37.41181],[-99.82989,37.4112],[-99.79243,37.40949]]],[[[-99.33779,37.41126],[-99.35593,37.41118],[-99.35584,37.42577],[-99.33765,37.42566],[-99.33779,37.41126]]],[[[-99.39224,37.43949],[-99.37408,37.43972],[-99.37414,37.42536],[-99.39229,37.42516],[-99.39224,37.43949]]],[[[-99.302,37.4401],[-99.26554,37.44059],[-99.26566,37.42617],[-99.24762,37.42639],[-99.24755,37.41197],[-99.2838,37.41155],[-99.28365,37.42591],[-99.30186,37.42571],[-99.302,37.4401]]],[[[-99.302,37.4401],[-99.32012,37.44007],[-99.32023,37.45456],[-99.30201,37.45474],[-99.302,37.4401]]],[[[-99.50215,37.46807],[-99.50206,37.45337],[-99.52018,37.45335],[-99.52001,37.46802],[-99.50215,37.46807]]],[[[-99.32023,37.45456],[-99.33758,37.45467],[-99.33756,37.46892],[-99.31972,37.46898],[-99.32023,37.45456]]],[[[-100.28896,37.47503],[-100.28886,37.46033],[-100.3072,37.4603],[-100.30702,37.4749],[-100.28896,37.47503]]],[[[-99.61065,37.46759],[-99.53807,37.46793],[-99.53829,37.45346],[-99.55598,37.4535],[-99.55582,37.43889],[-99.59217,37.43889],[-99.59234,37.45329],[-99.64692,37.45294],[-99.64704,37.46727],[-99.62881,37.46743],[-99.62913,37.4822],[-99.61095,37.4823],[-99.61065,37.46759]]],[[[-101.75542,37.24342],[-101.75548,37.27264],[-101.79193,37.27245],[-101.79177,37.22882],[-101.77347,37.22888],[-101.77346,37.24343],[-101.75542,37.24342],[-101.75521,37.21436],[-101.77351,37.21436],[-101.77346,37.18541],[-101.73709,37.18522],[-101.73702,37.17062],[-101.79145,37.17072],[-101.79134,37.1562],[-101.82729,37.15621],[-101.82733,37.17078],[-101.84556,37.17079],[-101.84536,37.15629],[-101.88173,37.15605],[-101.88172,37.14158],[-101.91784,37.1414],[-101.91791,37.12686],[-101.95374,37.12666],[-101.95368,37.11193],[-101.9717,37.11192],[-101.97192,37.14146],[-102.00827,37.14127],[-102.00841,37.156],[-102.04203,37.15623],[-102.04184,37.40407],[-102.0171,37.40392],[-102.01712,37.38929],[-102.00908,37.38932],[-102.00931,37.36015],[-102.02729,37.36011],[-102.02736,37.34553],[-101.99104,37.34551],[-101.9911,37.31645],[-101.95469,37.31633],[-101.95454,37.33094],[-101.93638,37.33085],[-101.93649,37.31636],[-101.90064,37.31629],[-101.9006,37.33084],[-101.93638,37.33085],[-101.93633,37.34543],[-101.99104,37.34551],[-101.99099,37.36014],[-101.95448,37.36001],[-101.95464,37.38915],[-101.98069,37.38919],[-101.9807,37.40378],[-101.99897,37.40381],[-101.99906,37.41829],[-102.04181,37.41863],[-102.04184,37.43326],[-102.01724,37.43308],[-102.01721,37.44769],[-101.94403,37.4474],[-101.94422,37.41821],[-101.92611,37.41817],[-101.92618,37.40371],[-101.87161,37.40348],[-101.87163,37.38898],[-101.84612,37.38896],[-101.84591,37.37448],[-101.86406,37.37433],[-101.86407,37.35989],[-101.88251,37.35988],[-101.88255,37.34525],[-101.81005,37.3452],[-101.81009,37.33071],[-101.77385,37.3308],[-101.77391,37.31621],[-101.71921,37.31607],[-101.71912,37.2869],[-101.68277,37.28685],[-101.68249,37.27247],[-101.71903,37.27249],[-101.71892,37.25799],[-101.73696,37.25797],[-101.73713,37.24333],[-101.75542,37.24342]]],[[[-101.857,37.27261],[-101.86406,37.27259],[-101.86405,37.25798],[-101.88202,37.25805],[-101.88179,37.22904],[-101.82767,37.22885],[-101.82772,37.24341],[-101.81001,37.24357],[-101.81021,37.27246],[-101.857,37.27261]]],[[[-102.00046,37.24341],[-102.00892,37.24342],[-102.0088,37.22884],[-101.97252,37.22889],[-101.97241,37.21425],[-101.90019,37.21445],[-101.90028,37.22903],[-101.95433,37.22881],[-101.95437,37.24344],[-102.00046,37.24341]]],[[[-101.9006,37.18532],[-101.90002,37.18532],[-101.9001,37.19979],[-101.93595,37.19996],[-101.93593,37.18517],[-101.9006,37.18532]]],[[[-99.50215,37.46807],[-99.50228,37.4977],[-99.48421,37.4977],[-99.48415,37.48302],[-99.42957,37.48315],[-99.42943,37.46798],[-99.50215,37.46807]]],[[[-99.32043,37.51309],[-99.32022,37.49839],[-99.3381,37.4983],[-99.33756,37.46892],[-99.37395,37.46862],[-99.37405,37.45418],[-99.39228,37.45406],[-99.39224,37.43949],[-99.42874,37.43943],[-99.42877,37.46798],[-99.39274,37.46852],[-99.39284,37.48328],[-99.35612,37.48355],[-99.35674,37.51302],[-99.32043,37.51309]]],[[[-99.90644,37.51477],[-99.90649,37.50003],[-99.9247,37.5005],[-99.92467,37.51522],[-99.90644,37.51477]]],[[[-99.32043,37.51309],[-99.32065,37.5278],[-99.3026,37.52791],[-99.30239,37.51328],[-99.32043,37.51309]]],[[[-98.77612,37.56493],[-98.77614,37.55766],[-98.81247,37.55761],[-98.81251,37.57215],[-98.77614,37.57224],[-98.77612,37.56493]]],[[[-101.98012,37.53495],[-101.98019,37.52048],[-101.99855,37.52047],[-101.99836,37.53504],[-101.98012,37.53495]]],[[[-98.70271,37.60173],[-98.70269,37.58724],[-98.73934,37.58711],[-98.73937,37.60167],[-98.70271,37.60173]]],[[[-99.63064,37.57162],[-99.63108,37.60137],[-99.61274,37.6014],[-99.61251,37.58631],[-99.59418,37.58639],[-99.59394,37.57172],[-99.63064,37.57162]]],[[[-99.63064,37.57162],[-99.63013,37.54209],[-99.66631,37.54165],[-99.66587,37.51191],[-99.68426,37.51194],[-99.68391,37.49694],[-99.70213,37.49697],[-99.70279,37.52678],[-99.72098,37.52679],[-99.72125,37.54168],[-99.7395,37.54166],[-99.73962,37.55647],[-99.77587,37.55646],[-99.77609,37.57119],[-99.81374,37.57188],[-99.81354,37.55713],[-99.83218,37.55752],[-99.83196,37.54261],[-99.86946,37.54356],[-99.86938,37.51406],[-99.90644,37.51477],[-99.90645,37.52953],[-99.8882,37.52914],[-99.88817,37.55848],[-99.90622,37.55892],[-99.90648,37.54421],[-99.92473,37.54455],[-99.92471,37.5299],[-99.94289,37.5303],[-99.94306,37.5009],[-99.96123,37.50135],[-99.96118,37.48655],[-99.94304,37.48613],[-99.9431,37.47146],[-99.92477,37.47103],[-99.92439,37.45632],[-99.8688,37.45531],[-99.86893,37.46973],[-99.85011,37.46931],[-99.84989,37.45479],[-99.83092,37.45446],[-99.83029,37.4257],[-99.92267,37.42737],[-99.92273,37.44178],[-99.94138,37.44233],[-99.94275,37.45675],[-99.96108,37.45745],[-99.96124,37.47195],[-99.99776,37.47279],[-99.99751,37.45809],[-100.01593,37.45813],[-100.01565,37.44343],[-100.03435,37.44411],[-100.03426,37.4295],[-100.01571,37.42898],[-100.01572,37.4145],[-100.03427,37.41525],[-100.03427,37.40076],[-99.95934,37.39908],[-99.95947,37.4137],[-99.88589,37.41204],[-99.88488,37.38322],[-99.96215,37.38445],[-99.96199,37.36996],[-100.00091,37.37051],[-100.00089,37.35587],[-100.01886,37.35631],[-100.01877,37.34169],[-100.0371,37.34205],[-100.03713,37.35672],[-100.05579,37.35717],[-100.05558,37.38632],[-100.07058,37.3866],[-100.07069,37.41584],[-100.08907,37.41606],[-100.08902,37.38691],[-100.1074,37.38715],[-100.10739,37.40173],[-100.12585,37.40175],[-100.12572,37.43109],[-100.14403,37.43108],[-100.1441,37.40179],[-100.12585,37.40175],[-100.12589,37.38715],[-100.11001,37.38714],[-100.1099,37.37269],[-100.09165,37.37234],[-100.09173,37.3431],[-100.10991,37.34361],[-100.10979,37.32899],[-100.14632,37.32894],[-100.14626,37.3144],[-100.16432,37.31421],[-100.16399,37.27066],[-100.18191,37.2707],[-100.18197,37.22695],[-100.2179,37.22718],[-100.21793,37.2126],[-100.23599,37.21261],[-100.23583,37.22718],[-100.30812,37.22748],[-100.30808,37.21301],[-100.32617,37.21298],[-100.32623,37.19827],[-100.30812,37.19834],[-100.30826,37.14012],[-100.3264,37.14018],[-100.32626,37.12537],[-100.36244,37.12567],[-100.36253,37.14021],[-100.3806,37.14005],[-100.38055,37.16927],[-100.36266,37.16929],[-100.36267,37.15472],[-100.34438,37.15463],[-100.34435,37.16922],[-100.36266,37.16929],[-100.36265,37.21292],[-100.34439,37.21295],[-100.34444,37.22745],[-100.32621,37.22755],[-100.32635,37.2565],[-100.30821,37.25653],[-100.30829,37.29999],[-100.29069,37.29993],[-100.2906,37.31441],[-100.2726,37.31444],[-100.2725,37.32897],[-100.18255,37.3288],[-100.18268,37.34335],[-100.16405,37.34338],[-100.16455,37.38722],[-100.16193,37.38721],[-100.1622,37.44587],[-100.14396,37.44575],[-100.1439,37.46039],[-100.10741,37.46001],[-100.10729,37.47476],[-100.0892,37.47446],[-100.08921,37.50368],[-100.10724,37.50392],[-100.10715,37.53303],[-100.14378,37.53315],[-100.14391,37.51855],[-100.16212,37.51864],[-100.16226,37.50405],[-100.18046,37.50412],[-100.18059,37.48953],[-100.16251,37.48942],[-100.16206,37.46052],[-100.18022,37.46056],[-100.18042,37.44586],[-100.19866,37.44596],[-100.19859,37.43137],[-100.21631,37.43128],[-100.21631,37.41656],[-100.28891,37.4165],[-100.28907,37.40193],[-100.30715,37.40187],[-100.30726,37.38722],[-100.30852,37.38723],[-100.30839,37.35808],[-100.32649,37.358],[-100.32689,37.38719],[-100.32555,37.38719],[-100.32515,37.4018],[-100.34353,37.40189],[-100.34342,37.41663],[-100.30703,37.41656],[-100.30698,37.43111],[-100.25261,37.43102],[-100.25258,37.44576],[-100.23453,37.44576],[-100.23451,37.47525],[-100.2526,37.47517],[-100.25247,37.48969],[-100.23435,37.48973],[-100.23424,37.50425],[-100.19878,37.50424],[-100.19875,37.51879],[-100.18039,37.51876],[-100.18012,37.54795],[-100.07086,37.54719],[-100.07088,37.51798],[-100.03432,37.51742],[-100.03417,37.5028],[-99.97952,37.50169],[-99.97938,37.54578],[-99.96116,37.54536],[-99.96106,37.57475],[-99.86954,37.57297],[-99.86941,37.55823],[-99.85083,37.55787],[-99.85097,37.57261],[-99.83234,37.57238],[-99.83251,37.58711],[-99.8139,37.5867],[-99.81407,37.60141],[-99.77648,37.60091],[-99.77669,37.61575],[-99.74014,37.6162],[-99.73997,37.60132],[-99.70353,37.60132],[-99.70335,37.58632],[-99.64899,37.58621],[-99.6487,37.57152],[-99.63064,37.57162]]],[[[-100.29049,37.27102],[-100.2904,37.25644],[-100.27203,37.25643],[-100.27198,37.24189],[-100.25392,37.24185],[-100.25405,37.25647],[-100.23606,37.25625],[-100.23612,37.28538],[-100.2906,37.28561],[-100.29049,37.27102]]],[[[-98.88674,37.63023],[-98.84982,37.63019],[-98.84963,37.61565],[-98.88651,37.6157],[-98.88674,37.63023]]],[[[-99.24833,37.52804],[-99.2302,37.52813],[-99.23012,37.55759],[-99.28479,37.55742],[-99.28471,37.54268],[-99.24835,37.5428],[-99.24833,37.52804],[-99.3026,37.52791],[-99.3028,37.5426],[-99.3209,37.54254],[-99.32117,37.55727],[-99.35747,37.55714],[-99.35706,37.52765],[-99.39334,37.52746],[-99.39364,37.5422],[-99.41189,37.54218],[-99.48438,37.54189],[-99.48428,37.52719],[-99.5568,37.52681],[-99.55681,37.5276],[-99.59333,37.52742],[-99.5932,37.51249],[-99.62965,37.51215],[-99.62938,37.49719],[-99.64761,37.4972],[-99.64738,37.48219],[-99.6654,37.48198],[-99.66514,37.46714],[-99.68345,37.46719],[-99.68314,37.43832],[-99.62864,37.43849],[-99.62856,37.42402],[-99.66478,37.42376],[-99.66479,37.40931],[-99.68299,37.40924],[-99.68304,37.42381],[-99.75573,37.42358],[-99.75593,37.43822],[-99.77408,37.43806],[-99.77424,37.45276],[-99.83092,37.45446],[-99.83144,37.4836],[-99.75655,37.48221],[-99.75686,37.49713],[-99.77506,37.49711],[-99.77541,37.51195],[-99.72073,37.51196],[-99.72035,37.49704],[-99.70213,37.49697],[-99.70185,37.48206],[-99.68363,37.48201],[-99.68391,37.49694],[-99.66562,37.49691],[-99.66587,37.51191],[-99.64788,37.51223],[-99.64814,37.52715],[-99.61168,37.52738],[-99.61213,37.55678],[-99.55716,37.55701],[-99.55734,37.57116],[-99.48466,37.57136],[-99.48479,37.58633],[-99.44835,37.58629],[-99.4485,37.60112],[-99.43074,37.60119],[-99.4312,37.63074],[-99.41295,37.63075],[-99.41248,37.60123],[-99.37616,37.60136],[-99.37592,37.58659],[-99.32174,37.58672],[-99.32197,37.60139],[-99.30377,37.60148],[-99.304,37.61621],[-99.26744,37.61632],[-99.26715,37.60151],[-99.23072,37.60158],[-99.23092,37.61634],[-99.15924,37.61572],[-99.15892,37.60109],[-99.14089,37.60096],[-99.14122,37.6156],[-99.12323,37.61544],[-99.12351,37.63012],[-98.97857,37.62978],[-98.97829,37.61528],[-98.90463,37.61572],[-98.9041,37.58672],[-98.8676,37.58662],[-98.86709,37.55759],[-98.8307,37.55757],[-98.83085,37.54293],[-98.82983,37.52883],[-98.84799,37.529],[-98.84781,37.51444],[-98.86618,37.51425],[-98.86627,37.47027],[-98.88451,37.47029],[-98.88425,37.4848],[-98.90282,37.48481],[-98.9032,37.52854],[-98.92161,37.52857],[-98.92198,37.5575],[-98.94038,37.55733],[-98.94124,37.60105],[-98.95963,37.60082],[-98.95933,37.58624],[-98.99612,37.58624],[-98.99572,37.57186],[-99.01404,37.57143],[-99.0141,37.58588],[-99.03265,37.58596],[-99.03282,37.60048],[-99.05137,37.60057],[-99.05121,37.58601],[-99.08681,37.5861],[-99.08663,37.57149],[-99.14039,37.57169],[-99.14064,37.58631],[-99.15873,37.58642],[-99.1585,37.57186],[-99.19443,37.57212],[-99.19427,37.55743],[-99.21234,37.55747],[-99.21223,37.49869],[-99.23019,37.49852],[-99.23017,37.51331],[-99.24827,37.51326],[-99.24833,37.52804]]],[[[-99.90642,37.61794],[-99.9064,37.6032],[-99.86976,37.60256],[-99.86963,37.58777],[-99.96105,37.58941],[-99.96106,37.57475],[-99.9793,37.57512],[-99.97938,37.54578],[-99.99729,37.54615],[-99.99712,37.57545],[-100.0152,37.5757],[-100.01517,37.59027],[-100.08885,37.59112],[-100.08882,37.60571],[-100.10689,37.6059],[-100.10675,37.62044],[-100.14325,37.62076],[-100.14301,37.63521],[-100.05207,37.63449],[-100.05213,37.61991],[-99.99709,37.61932],[-99.99719,37.60466],[-99.96103,37.60401],[-99.96101,37.61879],[-99.90642,37.61794]]],[[[-99.39494,37.64557],[-99.35859,37.64562],[-99.35856,37.63091],[-99.39475,37.63075],[-99.39494,37.64557]]],[[[-100.30641,37.72272],[-100.3064,37.70815],[-100.32415,37.7083],[-100.32427,37.72278],[-100.30641,37.72272]]],[[[-99.96072,37.76479],[-99.96065,37.75035],[-100.033,37.75092],[-100.03286,37.76549],[-99.96072,37.76479]]],[[[-99.86976,37.60256],[-99.86982,37.61729],[-99.90642,37.61794],[-99.90644,37.63266],[-99.96099,37.63353],[-99.96102,37.64828],[-99.97911,37.64856],[-99.97921,37.66305],[-100.01531,37.66339],[-100.01523,37.67801],[-100.03354,37.67818],[-100.03358,37.66359],[-100.05183,37.66371],[-100.05182,37.67828],[-100.07011,37.67837],[-100.07,37.69292],[-100.10623,37.69321],[-100.10614,37.70773],[-100.14258,37.70808],[-100.14247,37.72247],[-100.16068,37.72243],[-100.16076,37.70795],[-100.17899,37.70793],[-100.17897,37.72244],[-100.26965,37.72262],[-100.26964,37.73712],[-100.30601,37.73725],[-100.306,37.76647],[-100.32406,37.76648],[-100.32407,37.78107],[-100.26986,37.78093],[-100.26991,37.76631],[-100.21488,37.766],[-100.21492,37.75151],[-100.16073,37.75147],[-100.16072,37.73692],[-100.12416,37.73695],[-100.12421,37.72251],[-100.03328,37.72193],[-100.03332,37.70742],[-99.94291,37.70666],[-99.94283,37.6919],[-99.9247,37.69166],[-99.92486,37.67706],[-99.83388,37.67676],[-99.83389,37.64619],[-99.81448,37.64589],[-99.81434,37.63106],[-99.8328,37.63146],[-99.83256,37.60187],[-99.86976,37.60256]]],[[[-100.32407,37.78107],[-100.43347,37.78096],[-100.4334,37.7956],[-100.32405,37.79551],[-100.32407,37.78107]]],[[[-100.26976,37.81003],[-100.21479,37.80972],[-100.21502,37.79515],[-100.30617,37.7956],[-100.3065,37.81011],[-100.26976,37.81003]]],[[[-100.4334,37.7956],[-100.46976,37.79537],[-100.4699,37.80994],[-100.43348,37.81047],[-100.4334,37.7956]]],[[[-101.82102,37.7668],[-101.81625,37.76682],[-101.81641,37.78128],[-101.79795,37.781],[-101.79796,37.76665],[-101.77962,37.76641],[-101.77951,37.73736],[-101.81612,37.73777],[-101.81624,37.75227],[-101.87008,37.75268],[-101.87022,37.79628],[-101.83455,37.79597],[-101.83463,37.76692],[-101.82102,37.7668]]],[[[-100.39732,37.82221],[-100.39723,37.80996],[-100.41448,37.81012],[-100.41475,37.82758],[-100.39733,37.82756],[-100.39732,37.82221]]],[[[-100.0457,37.85497],[-100.04576,37.84053],[-100.06416,37.84064],[-100.06409,37.85516],[-100.0457,37.85497]]],[[[-100.4699,37.80994],[-100.50633,37.80985],[-100.50653,37.82805],[-100.57414,37.82838],[-100.57393,37.84263],[-100.61051,37.8431],[-100.61034,37.85754],[-100.62858,37.85742],[-100.62848,37.87192],[-100.53761,37.87141],[-100.53777,37.85675],[-100.50163,37.85678],[-100.5015,37.84239],[-100.4651,37.84229],[-100.4653,37.82777],[-100.46983,37.82776],[-100.4699,37.80994]]],[[[-100.62858,37.85742],[-100.62873,37.84329],[-100.70139,37.84346],[-100.70134,37.85816],[-100.73779,37.85837],[-100.73785,37.87269],[-100.68322,37.87245],[-100.68319,37.858],[-100.62858,37.85742]]],[[[-101.26776,37.8718],[-101.26772,37.85735],[-101.30429,37.85714],[-101.30443,37.84268],[-101.32264,37.84261],[-101.3227,37.82818],[-101.32746,37.82818],[-101.32742,37.80891],[-101.40027,37.80905],[-101.40046,37.82829],[-101.45067,37.82801],[-101.45035,37.85692],[-101.41379,37.85721],[-101.41387,37.84272],[-101.341,37.84252],[-101.34098,37.85695],[-101.32261,37.85713],[-101.32249,37.87184],[-101.26776,37.8718]]],[[[-100.64678,37.87503],[-100.64678,37.87212],[-100.66499,37.8723],[-100.6649,37.8868],[-100.64668,37.88655],[-100.64678,37.87503]]],[[[-101.24949,37.88641],[-101.24965,37.87188],[-101.26776,37.8718],[-101.26729,37.88635],[-101.24949,37.88641]]],[[[-100.71948,37.90163],[-100.68327,37.90135],[-100.68321,37.88685],[-100.7195,37.88716],[-100.71948,37.90163]]],[[[-101.23129,37.90092],[-101.23146,37.88647],[-101.24949,37.88641],[-101.24958,37.90086],[-101.23129,37.90092]]],[[[-100.71948,37.90163],[-100.73779,37.90187],[-100.73798,37.91628],[-100.7197,37.91617],[-100.71948,37.90163]]],[[[-101.43175,37.91515],[-101.3772,37.91508],[-101.37732,37.88586],[-101.39546,37.88566],[-101.39531,37.90037],[-101.43184,37.90052],[-101.43175,37.91515]]],[[[-100.73785,37.87269],[-100.77417,37.87274],[-100.77403,37.88727],[-100.79251,37.88743],[-100.79258,37.90216],[-100.8295,37.90217],[-100.82892,37.93136],[-100.79259,37.93123],[-100.79259,37.91667],[-100.77428,37.91658],[-100.77383,37.90222],[-100.75619,37.90204],[-100.75621,37.88704],[-100.73772,37.88718],[-100.73785,37.87269]]],[[[-101.15797,37.9303],[-101.15813,37.91578],[-101.19475,37.91546],[-101.19477,37.90102],[-101.23129,37.90092],[-101.23134,37.91541],[-101.21306,37.9154],[-101.21305,37.92995],[-101.15797,37.9303]]],[[[-101.43175,37.91515],[-101.45015,37.91506],[-101.45013,37.9296],[-101.43178,37.92968],[-101.43175,37.91515]]],[[[-100.75626,37.94552],[-100.75639,37.93111],[-100.77428,37.93114],[-100.77424,37.94564],[-100.75626,37.94552]]],[[[-101.15797,37.9303],[-101.15782,37.94483],[-101.12124,37.94496],[-101.12125,37.93036],[-101.15797,37.9303]]],[[[-101.30434,37.94418],[-101.30429,37.92974],[-101.34043,37.9295],[-101.34033,37.94414],[-101.30434,37.94418]]],[[[-101.08469,37.95965],[-101.08478,37.94496],[-101.10298,37.94503],[-101.10301,37.95951],[-101.08469,37.95965]]],[[[-101.28613,37.95873],[-101.28606,37.94419],[-101.30434,37.94418],[-101.30422,37.95882],[-101.28613,37.95873]]],[[[-101.48664,37.95117],[-101.48669,37.94396],[-101.50507,37.94396],[-101.50527,37.95845],[-101.48666,37.95849],[-101.48664,37.95117]]],[[[-101.28613,37.95873],[-101.28618,37.97325],[-101.26775,37.97316],[-101.26776,37.95873],[-101.28613,37.95873]]],[[[-101.21293,38.00252],[-101.21306,37.98796],[-101.23115,37.98791],[-101.23118,37.97342],[-101.26773,37.9733],[-101.26767,37.98782],[-101.24942,37.98795],[-101.24946,38.00237],[-101.21293,38.00252]]],[[[-101.19457,38.01739],[-101.19469,38.00264],[-101.21293,38.00252],[-101.21276,38.01717],[-101.19457,38.01739]]],[[[-99.66134,38.00449],[-99.66132,38.00024],[-99.67939,38.00036],[-99.67925,38.04387],[-99.6613,38.04381],[-99.66134,38.00449]]],[[[-99.77103,38.02921],[-99.77111,38.04367],[-99.75274,38.04371],[-99.75275,38.02931],[-99.77103,38.02921]]],[[[-99.77103,38.02921],[-99.77107,38.01474],[-99.82624,38.01481],[-99.82603,38.02937],[-99.80784,38.02925],[-99.80763,38.05825],[-99.78928,38.0582],[-99.78946,38.02911],[-99.77103,38.02921]]],[[[-99.67925,38.07293],[-99.67931,38.05849],[-99.69776,38.05838],[-99.69783,38.07291],[-99.67925,38.07293]]],[[[-99.38711,38.07327],[-99.40549,38.07335],[-99.40536,38.08796],[-99.38713,38.0879],[-99.38711,38.07327]]],[[[-99.38711,38.07327],[-99.36871,38.07327],[-99.36872,38.10232],[-99.35028,38.10235],[-99.35033,38.07323],[-99.33245,38.07315],[-99.3325,38.04429],[-99.36866,38.04427],[-99.3686,38.01526],[-99.38717,38.01519],[-99.38711,38.07327]]],[[[-99.58789,38.102],[-99.5696,38.10214],[-99.56954,38.08744],[-99.58776,38.08735],[-99.58789,38.102]]],[[[-99.44222,38.08816],[-99.42383,38.08805],[-99.42379,38.07349],[-99.53326,38.07294],[-99.53353,38.08777],[-99.4782,38.08802],[-99.47837,38.1026],[-99.44221,38.10267],[-99.44222,38.08816]]],[[[-99.58789,38.102],[-99.60632,38.10198],[-99.60638,38.11655],[-99.58798,38.11658],[-99.58789,38.102]]],[[[-99.67925,38.07293],[-99.67915,38.10202],[-99.69755,38.10243],[-99.69769,38.11695],[-99.66135,38.11643],[-99.66124,38.08745],[-99.62461,38.0873],[-99.62467,38.05818],[-99.64304,38.05816],[-99.64298,38.07281],[-99.67925,38.07293]]],[[[-99.56968,38.13124],[-99.55212,38.13126],[-99.55202,38.11668],[-99.5696,38.11666],[-99.56968,38.13124]]],[[[-99.56968,38.13124],[-99.58799,38.13117],[-99.58806,38.14569],[-99.56969,38.14586],[-99.56968,38.13124]]],[[[-101.13933,38.13388],[-101.1393,38.10484],[-101.17608,38.10484],[-101.17614,38.11934],[-101.19445,38.11925],[-101.19461,38.10474],[-101.2122,38.10462],[-101.21237,38.11918],[-101.23063,38.11915],[-101.23069,38.13355],[-101.13933,38.13388]]],[[[-99.80714,38.16015],[-99.8073,38.11647],[-99.86231,38.11685],[-99.86218,38.13143],[-99.88058,38.13161],[-99.88066,38.14625],[-99.84389,38.14581],[-99.84371,38.16041],[-99.80714,38.16015]]],[[[-101.23069,38.13355],[-101.24917,38.13346],[-101.24923,38.148],[-101.23071,38.14802],[-101.23069,38.13355]]],[[[-101.39567,38.13324],[-101.41398,38.13321],[-101.41398,38.14755],[-101.39573,38.14779],[-101.39567,38.13324]]],[[[-99.51515,38.17527],[-99.51523,38.1605],[-99.53362,38.16047],[-99.5336,38.17513],[-99.51515,38.17527]]],[[[-101.24923,38.148],[-101.35894,38.14821],[-101.35905,38.16262],[-101.2493,38.16259],[-101.24923,38.148]]],[[[-101.41398,38.14755],[-101.43185,38.14766],[-101.43199,38.16225],[-101.41394,38.16213],[-101.41398,38.14755]]],[[[-101.35905,38.16262],[-101.37729,38.16267],[-101.37748,38.17691],[-101.35909,38.1769],[-101.35905,38.16262]]],[[[-99.71692,38.23284],[-99.6984,38.23293],[-99.69819,38.21838],[-99.71672,38.21835],[-99.71692,38.23284]]],[[[-100.66476,38.23544],[-100.66471,38.22078],[-100.68329,38.22086],[-100.68357,38.23559],[-100.66476,38.23544]]],[[[-99.63958,38.27654],[-99.63932,38.26201],[-99.62525,38.26202],[-99.6255,38.24749],[-99.66218,38.24754],[-99.66215,38.26199],[-99.65776,38.26201],[-99.65803,38.2765],[-99.63958,38.27654]]],[[[-99.0139,38.27576],[-99.03234,38.27574],[-99.03231,38.29022],[-99.01387,38.29027],[-99.0139,38.27576]]],[[[-98.35084,38.30418],[-98.34952,38.30418],[-98.34956,38.28967],[-98.36943,38.28965],[-98.36944,38.30416],[-98.35084,38.30418]]],[[[-98.40623,38.30399],[-98.42461,38.30389],[-98.42454,38.31851],[-98.40617,38.31858],[-98.40623,38.30399]]],[[[-101.12608,38.30817],[-101.12587,38.29356],[-101.16258,38.29344],[-101.1627,38.30791],[-101.12608,38.30817]]],[[[-100.6489,38.35123],[-100.63056,38.35109],[-100.63029,38.33653],[-100.64888,38.3366],[-100.6489,38.35123]]],[[[-101.1263,38.32254],[-101.19973,38.32228],[-101.20051,38.35134],[-101.12671,38.35165],[-101.1263,38.32254]]],[[[-98.12748,38.35468],[-98.12751,38.34745],[-98.14648,38.34765],[-98.14658,38.33313],[-98.16505,38.33317],[-98.16476,38.37675],[-98.12749,38.37655],[-98.12748,38.35468]]],[[[-100.55731,38.37502],[-100.55726,38.36547],[-100.5936,38.36553],[-100.59384,38.38025],[-100.55733,38.38015],[-100.55731,38.37502]]],[[[-99.29894,38.37908],[-99.30633,38.37897],[-99.30699,38.3935],[-99.28866,38.39375],[-99.28797,38.37918],[-99.29894,38.37908]]],[[[-99.34454,38.4077],[-99.32605,38.40783],[-99.32547,38.3933],[-99.34398,38.3932],[-99.34454,38.4077]]],[[[-100.6489,38.35123],[-100.74046,38.35204],[-100.7403,38.33736],[-100.7951,38.33749],[-100.79458,38.26469],[-100.79276,38.26467],[-100.7926,38.23557],[-100.77431,38.2355],[-100.77421,38.19199],[-100.75642,38.19188],[-100.75634,38.17739],[-100.70123,38.17731],[-100.70106,38.16277],[-100.68279,38.16272],[-100.68274,38.14811],[-100.66443,38.14796],[-100.66412,38.08961],[-100.64609,38.08945],[-100.64614,38.06049],[-100.66414,38.06064],[-100.66415,38.03153],[-100.60969,38.03113],[-100.60978,38.0165],[-100.55488,38.01621],[-100.55489,38.00165],[-100.51876,38.00144],[-100.51882,37.98707],[-100.50048,37.9869],[-100.50033,38.00121],[-100.4638,38.00083],[-100.46367,38.0154],[-100.44539,38.01521],[-100.44507,38.04423],[-100.42724,38.04424],[-100.42756,38.01531],[-100.39119,38.01541],[-100.39102,38.00091],[-100.35455,38.00111],[-100.35464,37.98669],[-100.33629,37.98676],[-100.33674,37.9432],[-100.28196,37.94293],[-100.28208,37.92843],[-100.26376,37.92857],[-100.26384,37.88502],[-100.22732,37.88497],[-100.2272,37.89953],[-100.19082,37.89933],[-100.19087,37.88484],[-100.17252,37.88474],[-100.17282,37.84125],[-100.15445,37.8411],[-100.15463,37.82652],[-100.08811,37.82617],[-100.08817,37.80942],[-99.96053,37.80841],[-99.96034,37.82594],[-99.94217,37.82596],[-99.94249,37.79383],[-99.86941,37.79311],[-99.86969,37.77861],[-99.85146,37.77852],[-99.85159,37.76396],[-99.86986,37.76409],[-99.86999,37.74956],[-99.83345,37.74925],[-99.83312,37.72004],[-99.8151,37.72004],[-99.81487,37.70544],[-99.8519,37.70562],[-99.85189,37.72018],[-99.90651,37.72087],[-99.90636,37.7354],[-99.94258,37.73576],[-99.94255,37.75018],[-99.92439,37.75003],[-99.92429,37.76444],[-99.96072,37.76479],[-99.96076,37.77937],[-99.97907,37.77966],[-99.9789,37.79425],[-99.9967,37.79465],[-99.99653,37.77988],[-100.0331,37.78019],[-100.03332,37.79478],[-100.06976,37.79482],[-100.06957,37.76579],[-100.12418,37.76601],[-100.12414,37.78054],[-100.17929,37.78067],[-100.1794,37.79513],[-100.19743,37.79515],[-100.19735,37.82677],[-100.20937,37.82686],[-100.20949,37.84135],[-100.28271,37.84171],[-100.28265,37.85612],[-100.33726,37.85627],[-100.33719,37.87084],[-100.35551,37.87089],[-100.35545,37.89974],[-100.3736,37.8998],[-100.37352,37.91424],[-100.39183,37.91423],[-100.3917,37.9287],[-100.40998,37.92869],[-100.40988,37.94315],[-100.48257,37.94334],[-100.48249,37.9578],[-100.5372,37.95807],[-100.53717,37.97264],[-100.57319,37.97292],[-100.57318,37.98737],[-100.64635,37.98783],[-100.64632,38.00238],[-100.70092,38.00288],[-100.70092,38.01715],[-100.71916,38.01747],[-100.71912,38.03189],[-100.73725,38.0321],[-100.73736,38.04656],[-100.75575,38.04657],[-100.75599,38.13389],[-100.77396,38.13393],[-100.77412,38.14835],[-100.7924,38.14849],[-100.79246,38.17751],[-100.82917,38.17784],[-100.82907,38.16332],[-100.84747,38.16348],[-100.84688,38.1055],[-100.84762,38.03281],[-100.82924,38.03281],[-100.82929,38.01836],[-100.81088,38.01834],[-100.81066,37.97469],[-100.79234,37.97469],[-100.79254,37.94568],[-100.80539,37.9457],[-100.81085,37.94572],[-100.81075,37.96031],[-100.82894,37.96036],[-100.82889,37.9748],[-100.84723,37.97491],[-100.84738,37.9459],[-100.82895,37.9458],[-100.82892,37.93136],[-100.86539,37.93155],[-100.86545,37.94595],[-100.90179,37.94586],[-100.90176,37.96037],[-100.97485,37.96],[-100.97516,37.97439],[-101.04831,37.97438],[-101.0482,37.95991],[-101.08469,37.95965],[-101.08474,37.97413],[-101.06636,37.97429],[-101.06636,37.98873],[-101.13934,37.98845],[-101.13954,38.0029],[-101.17643,38.00273],[-101.17619,38.01732],[-101.19457,38.01739],[-101.1945,38.03194],[-101.21266,38.03177],[-101.21261,38.0464],[-101.24907,38.04629],[-101.24905,38.06084],[-101.32214,38.06086],[-101.32218,38.07546],[-101.34035,38.07524],[-101.34046,38.09009],[-101.3771,38.09],[-101.37717,38.11877],[-101.39562,38.11869],[-101.39567,38.13324],[-101.35891,38.13358],[-101.35888,38.10458],[-101.32216,38.1046],[-101.32221,38.09008],[-101.24894,38.09011],[-101.24893,38.07545],[-101.1943,38.07572],[-101.19441,38.06107],[-101.17616,38.06113],[-101.17599,38.09024],[-101.15763,38.0903],[-101.1577,38.03204],[-101.12132,38.03243],[-101.12135,38.01792],[-101.06637,38.01779],[-101.06667,38.00334],[-100.86579,38.00395],[-100.86588,38.04749],[-100.88344,38.0476],[-100.88346,38.09114],[-100.90182,38.09112],[-100.90183,38.12002],[-100.95685,38.11993],[-100.95678,38.13441],[-101.02989,38.13429],[-101.02975,38.11979],[-101.0481,38.11968],[-101.04827,38.13416],[-101.13933,38.13388],[-101.1396,38.16292],[-101.12122,38.1629],[-101.12142,38.17736],[-101.13989,38.17736],[-101.14005,38.2063],[-101.10327,38.20642],[-101.1032,38.22092],[-101.12162,38.2208],[-101.12163,38.2645],[-101.10705,38.26452],[-101.10802,38.30819],[-101.12608,38.30817],[-101.1263,38.32254],[-101.05305,38.32266],[-101.05224,38.27924],[-101.07064,38.27922],[-101.07033,38.26468],[-101.06712,38.26466],[-101.06723,38.23584],[-101.03048,38.23582],[-101.03038,38.20694],[-100.9756,38.2069],[-100.97567,38.22145],[-100.92044,38.2217],[-100.92048,38.23616],[-100.90207,38.23613],[-100.90201,38.25061],[-100.95748,38.25053],[-100.95729,38.23589],[-100.97575,38.23601],[-100.97591,38.26499],[-100.97832,38.26498],[-100.97858,38.27942],[-100.9969,38.2793],[-100.99777,38.32255],[-101.01609,38.32263],[-101.01636,38.33724],[-101.03473,38.3372],[-101.035,38.35161],[-101.01653,38.35172],[-101.01675,38.38069],[-100.9614,38.38068],[-100.96128,38.3662],[-100.94285,38.3662],[-100.94266,38.35168],[-100.9242,38.35189],[-100.92402,38.3373],[-100.88728,38.33756],[-100.88743,38.35207],[-100.86913,38.35211],[-100.86921,38.38125],[-100.85094,38.38111],[-100.85123,38.39556],[-100.83274,38.39571],[-100.8325,38.38109],[-100.74052,38.38098],[-100.74064,38.36654],[-100.64904,38.36593],[-100.6489,38.35123]]],[[[-100.81999,38.26477],[-100.8129,38.26476],[-100.81325,38.29397],[-100.83173,38.29401],[-100.83122,38.26481],[-100.81999,38.26477]]],[[[-97.79584,38.39111],[-97.79596,38.37667],[-97.77754,38.37671],[-97.77787,38.33334],[-97.83274,38.33328],[-97.83284,38.31874],[-97.81428,38.31894],[-97.81449,38.27512],[-97.83295,38.27513],[-97.83298,38.28965],[-97.85141,38.28967],[-97.85106,38.37693],[-97.83245,38.37701],[-97.83253,38.40601],[-97.79575,38.40552],[-97.79584,38.39111]]],[[[-97.66681,38.39105],[-97.68527,38.39114],[-97.68517,38.40563],[-97.66675,38.40559],[-97.66681,38.39105]]],[[[-99.34509,38.42215],[-99.34454,38.4077],[-99.36314,38.40773],[-99.36349,38.42218],[-99.34509,38.42215]]],[[[-99.27162,38.42943],[-99.27133,38.42298],[-99.25337,38.42309],[-99.25337,38.43611],[-99.23499,38.4359],[-99.235,38.40842],[-99.2528,38.40868],[-99.25257,38.39421],[-99.27134,38.39394],[-99.27135,38.40851],[-99.28916,38.40829],[-99.2904,38.43643],[-99.27197,38.43623],[-99.27162,38.42943]]],[[[-99.32605,38.40783],[-99.32658,38.42233],[-99.34509,38.42215],[-99.34581,38.43703],[-99.30885,38.43667],[-99.30762,38.40806],[-99.32605,38.40783]]],[[[-97.7773,38.42016],[-97.79568,38.4202],[-97.79592,38.43531],[-97.77755,38.43517],[-97.7773,38.42016]]],[[[-101.16476,38.4386],[-101.1647,38.42395],[-101.12781,38.42419],[-101.12764,38.40962],[-101.10973,38.40978],[-101.10958,38.39519],[-101.05413,38.39526],[-101.05371,38.38072],[-101.03545,38.38073],[-101.03523,38.36624],[-101.05361,38.3662],[-101.05333,38.35166],[-101.07186,38.35147],[-101.07187,38.36609],[-101.12697,38.36611],[-101.12726,38.38059],[-101.16418,38.38029],[-101.16437,38.39486],[-101.20125,38.39475],[-101.2015,38.40928],[-101.23786,38.40937],[-101.2384,38.43836],[-101.16476,38.4386]]],[[[-99.16133,38.46456],[-99.16118,38.43576],[-99.19811,38.43572],[-99.19807,38.45019],[-99.17964,38.45017],[-99.17984,38.46469],[-99.16133,38.46456]]],[[[-97.72201,38.46382],[-97.722,38.44942],[-97.70354,38.4494],[-97.70366,38.36222],[-97.72214,38.36224],[-97.72198,38.39133],[-97.74041,38.39138],[-97.74042,38.42033],[-97.75884,38.42024],[-97.75863,38.46397],[-97.72201,38.46382]]],[[[-100.90729,38.55493],[-100.90719,38.54048],[-100.92583,38.54045],[-100.92582,38.55487],[-100.90729,38.55493]]],[[[-99.90073,38.61014],[-99.90072,38.59553],[-99.95548,38.59512],[-99.95573,38.6094],[-99.90073,38.61014]]],[[[-101.90133,38.56738],[-101.90144,38.5819],[-101.88301,38.58184],[-101.8831,38.56726],[-101.90133,38.56738]]],[[[-101.99383,38.5816],[-101.97547,38.58165],[-101.97531,38.56719],[-101.99376,38.5672],[-101.99383,38.5816]]],[[[-101.91973,38.56732],[-101.93821,38.5673],[-101.938,38.55274],[-101.95663,38.55272],[-101.95691,38.59625],[-101.93856,38.59621],[-101.93838,38.58187],[-101.9201,38.58188],[-101.91973,38.56732]]],[[[-100.34116,38.6401],[-100.34107,38.62547],[-100.37724,38.62581],[-100.37701,38.64034],[-100.34116,38.6401]]],[[[-101.23878,38.61293],[-101.25725,38.61293],[-101.25717,38.62739],[-101.23875,38.62756],[-101.23878,38.61293]]],[[[-101.99383,38.5816],[-102.03036,38.58177],[-102.03038,38.59621],[-102.04508,38.59615],[-102.04514,38.61069],[-101.99428,38.61067],[-101.99383,38.5816]]],[[[-100.90729,38.55493],[-100.9074,38.56943],[-100.92595,38.56932],[-100.92594,38.58376],[-100.94456,38.5838],[-100.94452,38.55485],[-100.9632,38.55471],[-100.96238,38.62706],[-100.92575,38.6271],[-100.92598,38.59829],[-100.90751,38.59835],[-100.90755,38.62731],[-100.88959,38.6275],[-100.88977,38.64193],[-100.8716,38.64236],[-100.87075,38.56981],[-100.88932,38.56963],[-100.88906,38.55512],[-100.90729,38.55493]]],[[[-101.25717,38.62739],[-101.27566,38.62738],[-101.27563,38.64201],[-101.25721,38.64212],[-101.25717,38.62739]]],[[[-99.88112,38.66079],[-99.88128,38.65362],[-99.86283,38.65377],[-99.86344,38.62491],[-99.93697,38.6242],[-99.93685,38.63866],[-99.91815,38.63886],[-99.91774,38.6534],[-99.89978,38.65351],[-99.89901,38.68246],[-99.8805,38.68258],[-99.88112,38.66079]]],[[[-101.31276,38.65626],[-101.34935,38.6561],[-101.34932,38.67071],[-101.3128,38.67079],[-101.31276,38.65626]]],[[[-101.00019,38.68518],[-100.99949,38.67076],[-101.01795,38.67069],[-101.01785,38.6851],[-101.00019,38.68518]]],[[[-101.05501,38.68509],[-101.05499,38.67051],[-101.07356,38.67044],[-101.0734,38.68501],[-101.05501,38.68509]]],[[[-101.62233,38.68391],[-101.62242,38.66936],[-101.65957,38.66926],[-101.6595,38.68388],[-101.62233,38.68391]]],[[[-100.99949,38.67076],[-100.98106,38.67067],[-100.98167,38.68498],[-101.00019,38.68518],[-101.00033,38.69951],[-100.94482,38.69894],[-100.94489,38.68468],[-100.96332,38.68476],[-100.9632,38.67038],[-100.92626,38.67032],[-100.92599,38.64151],[-100.96258,38.64156],[-100.96298,38.6561],[-100.99955,38.65617],[-100.99949,38.67076]]],[[[-101.01785,38.6851],[-101.05501,38.68509],[-101.05509,38.69994],[-101.01805,38.69961],[-101.01785,38.6851]]],[[[-101.6595,38.68388],[-101.71543,38.68367],[-101.71539,38.69864],[-101.65944,38.69896],[-101.6595,38.68388]]],[[[-101.12781,38.42419],[-101.12784,38.43869],[-101.16476,38.4386],[-101.16479,38.45314],[-101.22019,38.45294],[-101.22021,38.46738],[-101.23834,38.46732],[-101.23845,38.48182],[-101.29376,38.48169],[-101.29339,38.42367],[-101.3302,38.42352],[-101.33055,38.43802],[-101.3856,38.43788],[-101.38575,38.45235],[-101.42252,38.45226],[-101.42265,38.4667],[-101.40426,38.46679],[-101.40464,38.49583],[-101.31265,38.49618],[-101.31273,38.51061],[-101.25687,38.51072],[-101.25713,38.52522],[-101.23833,38.52527],[-101.23862,38.51089],[-101.22031,38.51098],[-101.22023,38.52532],[-101.12773,38.52552],[-101.12773,38.54001],[-101.09139,38.54006],[-101.09144,38.55451],[-101.12786,38.55439],[-101.12792,38.56897],[-101.20183,38.56906],[-101.20188,38.5984],[-101.14667,38.59809],[-101.14644,38.58341],[-101.07296,38.58348],[-101.07307,38.59807],[-101.036,38.59813],[-101.03583,38.56913],[-101.0177,38.56916],[-101.01779,38.58361],[-100.9815,38.58366],[-100.98124,38.55474],[-101.05419,38.55454],[-101.05422,38.54008],[-101.03587,38.54013],[-101.03586,38.52571],[-101.01744,38.52579],[-101.01752,38.54023],[-100.98123,38.54026],[-100.98124,38.55474],[-100.9632,38.55471],[-100.96305,38.54026],[-100.92583,38.54045],[-100.92565,38.52589],[-100.88875,38.52601],[-100.88881,38.5115],[-100.87044,38.51171],[-100.87048,38.54073],[-100.81516,38.54094],[-100.81522,38.55543],[-100.7967,38.55559],[-100.79682,38.57011],[-100.77889,38.56963],[-100.77918,38.58467],[-100.79691,38.58468],[-100.79699,38.59921],[-100.81559,38.59924],[-100.81574,38.62813],[-100.83415,38.62802],[-100.83455,38.64246],[-100.85306,38.64228],[-100.85335,38.67101],[-100.87151,38.67112],[-100.87139,38.6567],[-100.9078,38.65613],[-100.90797,38.69901],[-100.91072,38.69901],[-100.91066,38.71351],[-100.87371,38.71381],[-100.87357,38.72824],[-100.85515,38.7284],[-100.85527,38.69945],[-100.8164,38.69975],[-100.81607,38.67129],[-100.72462,38.67154],[-100.72426,38.61345],[-100.70594,38.61347],[-100.70599,38.62803],[-100.68749,38.62791],[-100.68764,38.64242],[-100.66983,38.64235],[-100.66978,38.65683],[-100.65137,38.65674],[-100.65128,38.64225],[-100.63255,38.64223],[-100.63235,38.62766],[-100.61402,38.62778],[-100.61386,38.64227],[-100.59541,38.64229],[-100.5955,38.65659],[-100.57717,38.65655],[-100.57699,38.62748],[-100.55989,38.62775],[-100.56009,38.61331],[-100.54295,38.61368],[-100.54273,38.64244],[-100.4325,38.64075],[-100.43249,38.62623],[-100.39565,38.62597],[-100.3958,38.61167],[-100.37745,38.61141],[-100.37722,38.59683],[-100.35877,38.5968],[-100.35871,38.58231],[-100.3401,38.58198],[-100.34002,38.56755],[-100.35843,38.56779],[-100.35815,38.55336],[-100.39479,38.55363],[-100.43215,38.55417],[-100.43218,38.5686],[-100.45071,38.56878],[-100.4509,38.58337],[-100.52367,38.58393],[-100.5235,38.5692],[-100.50495,38.56945],[-100.50484,38.55453],[-100.63201,38.55499],[-100.63191,38.54045],[-100.68688,38.54061],[-100.68676,38.52616],[-100.74198,38.52636],[-100.74187,38.51188],[-100.76029,38.51193],[-100.76015,38.49748],[-100.77851,38.49749],[-100.77797,38.46846],[-100.75964,38.46837],[-100.75949,38.45378],[-100.86995,38.45358],[-100.87006,38.46815],[-100.88874,38.46804],[-100.88851,38.4535],[-100.94383,38.45322],[-100.94398,38.4822],[-100.96248,38.48212],[-100.9623,38.46768],[-100.98058,38.46774],[-100.98059,38.45326],[-101.0172,38.45345],[-101.01721,38.43901],[-101.03578,38.43904],[-101.03569,38.42437],[-101.07274,38.42429],[-101.07278,38.4098],[-101.09131,38.40975],[-101.09134,38.42418],[-101.12781,38.42419]]],[[[-101.23878,38.61293],[-101.22071,38.61295],[-101.2204,38.58377],[-101.27569,38.58438],[-101.27565,38.56955],[-101.3128,38.56903],[-101.3128,38.55432],[-101.34948,38.55416],[-101.34945,38.56879],[-101.38633,38.56863],[-101.38636,38.5541],[-101.41408,38.55393],[-101.42336,38.55392],[-101.4234,38.56855],[-101.51333,38.56817],[-101.51337,38.53912],[-101.55032,38.53893],[-101.55008,38.50983],[-101.51334,38.51006],[-101.51328,38.4955],[-101.47644,38.49574],[-101.4763,38.48116],[-101.4413,38.48114],[-101.44109,38.46683],[-101.45781,38.46649],[-101.45767,38.45224],[-101.44082,38.45225],[-101.44078,38.43761],[-101.42252,38.43773],[-101.42227,38.42326],[-101.40375,38.42333],[-101.40345,38.40882],[-101.47588,38.40853],[-101.47563,38.39403],[-101.4941,38.39394],[-101.49371,38.35035],[-101.47537,38.35043],[-101.47514,38.33604],[-101.45698,38.33597],[-101.45692,38.35047],[-101.40253,38.35072],[-101.40282,38.3652],[-101.43959,38.36515],[-101.44014,38.39415],[-101.38476,38.39437],[-101.38509,38.40892],[-101.34818,38.40895],[-101.3479,38.39443],[-101.29293,38.39455],[-101.29281,38.38015],[-101.27431,38.38024],[-101.27403,38.36563],[-101.2557,38.3657],[-101.25544,38.35126],[-101.2371,38.35132],[-101.23723,38.36573],[-101.20076,38.36586],[-101.20051,38.35134],[-101.21901,38.35129],[-101.21837,38.33692],[-101.27354,38.3367],[-101.27387,38.35119],[-101.36565,38.35078],[-101.36547,38.33626],[-101.34701,38.33635],[-101.34685,38.32186],[-101.38373,38.32173],[-101.38348,38.30735],[-101.40208,38.30721],[-101.40188,38.29272],[-101.4203,38.29266],[-101.41993,38.26366],[-101.43262,38.26363],[-101.43232,38.23473],[-101.45084,38.23467],[-101.45077,38.2202],[-101.56055,38.21986],[-101.56079,38.24881],[-101.54236,38.2489],[-101.54229,38.26322],[-101.56746,38.26314],[-101.56742,38.27767],[-101.54904,38.2777],[-101.54901,38.29217],[-101.56736,38.29207],[-101.56719,38.3501],[-101.60413,38.34987],[-101.60409,38.36442],[-101.64092,38.36437],[-101.64087,38.37867],[-101.65943,38.37882],[-101.65929,38.39336],[-101.73356,38.39312],[-101.73369,38.40769],[-101.75194,38.4077],[-101.75209,38.4367],[-101.77054,38.43666],[-101.77057,38.46578],[-101.84565,38.46573],[-101.84565,38.48006],[-101.86418,38.47998],[-101.86419,38.4945],[-101.88261,38.49449],[-101.88262,38.48012],[-101.91915,38.48013],[-101.91897,38.4656],[-101.99292,38.46546],[-101.99296,38.48003],[-102.02951,38.47993],[-102.02986,38.49441],[-102.01138,38.49451],[-102.01155,38.52353],[-102.03004,38.52359],[-102.03024,38.53818],[-102.04497,38.53831],[-102.045,38.5527],[-101.99376,38.55263],[-101.99355,38.53827],[-101.95654,38.53828],[-101.9564,38.52373],[-101.901,38.5238],[-101.90106,38.53833],[-101.93791,38.53829],[-101.93792,38.53903],[-101.938,38.55274],[-101.91965,38.55283],[-101.91973,38.56732],[-101.90133,38.56738],[-101.90114,38.55287],[-101.86463,38.55279],[-101.86458,38.53834],[-101.82745,38.53845],[-101.82743,38.52389],[-101.77069,38.5238],[-101.77124,38.56735],[-101.75245,38.56725],[-101.75244,38.55287],[-101.73411,38.55282],[-101.7339,38.56731],[-101.71558,38.56742],[-101.69712,38.56718],[-101.69714,38.55267],[-101.6784,38.55281],[-101.67832,38.5673],[-101.69712,38.56718],[-101.69708,38.58171],[-101.67834,38.58188],[-101.67844,38.61104],[-101.7156,38.61091],[-101.71538,38.64011],[-101.65958,38.64025],[-101.65962,38.62567],[-101.56711,38.62594],[-101.56718,38.64047],[-101.5857,38.64037],[-101.58555,38.65491],[-101.56717,38.65493],[-101.56716,38.66951],[-101.604,38.66941],[-101.60398,38.68394],[-101.62233,38.68391],[-101.62236,38.6992],[-101.65149,38.69901],[-101.65109,38.71343],[-101.59543,38.71393],[-101.59561,38.69943],[-101.56723,38.6997],[-101.56715,38.68406],[-101.55078,38.68421],[-101.55054,38.65509],[-101.51357,38.65518],[-101.51362,38.6407],[-101.495,38.64081],[-101.49503,38.61186],[-101.45808,38.61205],[-101.45803,38.59748],[-101.44198,38.59759],[-101.44194,38.58294],[-101.38627,38.58316],[-101.38636,38.59763],[-101.34947,38.59773],[-101.3494,38.58325],[-101.31284,38.58358],[-101.31288,38.59811],[-101.29418,38.59889],[-101.23867,38.59852],[-101.23878,38.61293]]],[[[-101.5321,38.64075],[-101.55051,38.64062],[-101.55052,38.62608],[-101.53197,38.62619],[-101.5321,38.64075]]],[[[-101.67836,38.49481],[-101.67827,38.46575],[-101.60421,38.46602],[-101.60421,38.48065],[-101.64103,38.48034],[-101.6409,38.49486],[-101.67836,38.49481],[-101.67842,38.50932],[-101.69709,38.50941],[-101.69716,38.50064],[-101.69713,38.49491],[-101.67836,38.49481]]],[[[-101.71537,38.48042],[-101.73391,38.48039],[-101.73379,38.46569],[-101.71519,38.46585],[-101.71537,38.48042]]],[[[-101.0734,38.68501],[-101.09179,38.68543],[-101.09174,38.67093],[-101.11035,38.67074],[-101.11042,38.68539],[-101.1467,38.68519],[-101.14666,38.67058],[-101.20245,38.67134],[-101.2023,38.6566],[-101.23866,38.65685],[-101.23864,38.67136],[-101.27552,38.67117],[-101.27563,38.64201],[-101.31287,38.64169],[-101.31276,38.65626],[-101.29419,38.65623],[-101.29415,38.68531],[-101.38618,38.68489],[-101.38618,38.70084],[-101.44719,38.70046],[-101.44679,38.72942],[-101.39115,38.72987],[-101.39131,38.71524],[-101.37545,38.71539],[-101.35456,38.7158],[-101.35434,38.73031],[-101.33605,38.73068],[-101.33594,38.70114],[-101.20638,38.70152],[-101.18374,38.70099],[-101.18383,38.68565],[-101.16543,38.68559],[-101.16565,38.70099],[-101.07356,38.70018],[-101.0734,38.68501]]],[[[-101.65109,38.71343],[-101.66959,38.71331],[-101.66937,38.72791],[-101.65071,38.72797],[-101.65109,38.71343]]],[[[-101.16892,38.74457],[-101.1506,38.74443],[-101.15073,38.72962],[-101.169,38.73007],[-101.16892,38.74457]]],[[[-101.16892,38.74457],[-101.2245,38.74502],[-101.2246,38.73058],[-101.26172,38.73056],[-101.2618,38.71594],[-101.31766,38.7159],[-101.31773,38.73042],[-101.29887,38.73039],[-101.29877,38.74495],[-101.28029,38.74501],[-101.28008,38.77399],[-101.24294,38.77401],[-101.24281,38.75948],[-101.16885,38.75895],[-101.16892,38.74457]]],[[[-101.40938,38.75002],[-101.40954,38.74411],[-101.42787,38.74386],[-101.42774,38.75829],[-101.44629,38.75827],[-101.44581,38.77263],[-101.40888,38.77301],[-101.40938,38.75002]]],[[[-101.55676,38.81578],[-101.55693,38.80128],[-101.51973,38.80153],[-101.51949,38.81608],[-101.46397,38.81623],[-101.4643,38.78732],[-101.51995,38.78676],[-101.51998,38.77236],[-101.48305,38.77264],[-101.48384,38.72916],[-101.46535,38.7293],[-101.46563,38.71474],[-101.5212,38.71437],[-101.52076,38.72887],[-101.53913,38.7288],[-101.53899,38.74338],[-101.59496,38.74297],[-101.59442,38.77194],[-101.61292,38.77186],[-101.61269,38.78633],[-101.59422,38.78645],[-101.59391,38.80097],[-101.57524,38.80101],[-101.57523,38.81564],[-101.55676,38.81578]]],[[[-101.66778,38.81511],[-101.66739,38.82964],[-101.649,38.82966],[-101.64932,38.81518],[-101.66778,38.81511]]],[[[-101.66778,38.81511],[-101.66806,38.80056],[-101.70523,38.80033],[-101.70499,38.82941],[-101.68593,38.82955],[-101.68624,38.81495],[-101.66778,38.81511]]],[[[-101.53785,38.83813],[-101.53794,38.8304],[-101.55655,38.83033],[-101.55636,38.84485],[-101.53776,38.84493],[-101.53785,38.83813]]],[[[-101.59322,38.84454],[-101.59339,38.83004],[-101.63078,38.82968],[-101.63072,38.84441],[-101.59322,38.84454]]],[[[-101.70464,38.84389],[-101.70499,38.82941],[-101.72335,38.82928],[-101.72323,38.8438],[-101.70464,38.84389]]],[[[-101.59322,38.84454],[-101.59303,38.85901],[-101.57466,38.85916],[-101.57484,38.84472],[-101.59322,38.84454]]],[[[-101.70464,38.84389],[-101.70415,38.85829],[-101.68545,38.85845],[-101.68563,38.84392],[-101.70464,38.84389]]],[[[-101.72323,38.8438],[-101.7418,38.84367],[-101.74161,38.85829],[-101.72293,38.85831],[-101.72323,38.8438]]],[[[-101.76019,38.85801],[-101.76048,38.84371],[-101.81562,38.84321],[-101.81545,38.85761],[-101.76019,38.85801]]],[[[-101.85246,38.87216],[-101.8338,38.87206],[-101.8341,38.84321],[-101.85273,38.84319],[-101.85246,38.87216]]],[[[-101.85246,38.87216],[-101.871,38.87217],[-101.87089,38.88672],[-101.85227,38.88666],[-101.85246,38.87216]]],[[[-100.61214,38.90984],[-100.61225,38.9026],[-100.63081,38.90257],[-100.63096,38.91704],[-100.6121,38.91701],[-100.61214,38.90984]]],[[[-101.92617,38.90122],[-101.92621,38.88674],[-101.96345,38.88666],[-101.96326,38.90111],[-101.92617,38.90122]]],[[[-99.89171,38.92849],[-99.91023,38.92833],[-99.90989,38.9428],[-99.89145,38.94288],[-99.89171,38.92849]]],[[[-99.92803,38.92854],[-99.94654,38.92839],[-99.94647,38.94294],[-99.9279,38.94302],[-99.92803,38.92854]]],[[[-101.98158,38.91561],[-101.98167,38.901],[-102.00027,38.90093],[-102.00009,38.91548],[-101.98158,38.91561]]],[[[-102.00009,38.91548],[-102.03725,38.91537],[-102.037,38.92979],[-102.00001,38.92993],[-102.00009,38.91548]]],[[[-101.96275,38.94467],[-101.96292,38.93],[-101.92566,38.93014],[-101.92584,38.9157],[-101.98158,38.91561],[-101.98132,38.94465],[-101.96275,38.94467]]],[[[-102.037,38.92979],[-102.04586,38.9296],[-102.04597,38.94411],[-102.03686,38.94412],[-102.037,38.92979]]],[[[-100.93455,38.9739],[-100.90708,38.97426],[-100.90744,38.95962],[-100.94391,38.95955],[-100.94372,38.9739],[-100.93455,38.9739]]],[[[-100.9808,38.98863],[-100.96218,38.98856],[-100.96243,38.97386],[-100.98097,38.97419],[-100.9808,38.98863]]],[[[-101.96275,38.94467],[-101.96259,38.9592],[-101.92522,38.9592],[-101.92508,38.97374],[-101.90688,38.97373],[-101.90715,38.94467],[-101.96275,38.94467]]],[[[-101.98132,38.94465],[-101.99991,38.94449],[-101.99977,38.95899],[-102.03671,38.95873],[-102.03657,38.97325],[-101.98079,38.9736],[-101.98132,38.94465]]],[[[-101.53557,39.00001],[-101.5358,38.99013],[-101.55421,38.99009],[-101.55405,39.00446],[-101.5355,39.00454],[-101.53557,39.00001]]],[[[-100.9619,39.01758],[-100.92473,39.01742],[-100.92491,39.00285],[-100.96205,39.00317],[-100.9619,39.01758]]],[[[-101.59073,39.0133],[-101.59084,39.00419],[-101.60915,39.00406],[-101.60891,39.01856],[-101.59067,39.01873],[-101.59073,39.0133]]],[[[-99.85293,39.02994],[-99.85294,39.01555],[-99.87135,39.01553],[-99.87118,39.04465],[-99.85275,39.04465],[-99.85293,39.02994]]],[[[-100.01013,39.0593],[-99.98218,39.05928],[-99.98251,39.04475],[-99.94538,39.04472],[-99.94564,39.03033],[-100.00146,39.03023],[-100.00132,39.04483],[-100.03689,39.04474],[-100.03653,39.05931],[-100.01013,39.0593]]],[[[-100.50029,39.04632],[-100.53743,39.04661],[-100.53712,39.06112],[-100.49984,39.06086],[-100.50029,39.04632]]],[[[-100.75831,39.04039],[-100.75834,39.03311],[-100.81352,39.03279],[-100.81335,39.04729],[-100.83194,39.04719],[-100.83173,39.06162],[-100.77664,39.06169],[-100.77688,39.0475],[-100.75821,39.04761],[-100.75831,39.04039]]],[[[-101.47918,39.05184],[-101.47923,39.04867],[-101.55369,39.04795],[-101.55362,39.06258],[-101.57221,39.06245],[-101.57207,39.07693],[-101.53486,39.07717],[-101.53498,39.06271],[-101.4791,39.0631],[-101.47918,39.05184]]],[[[-101.46047,39.10411],[-101.46089,39.07768],[-101.5162,39.0775],[-101.51611,39.09182],[-101.49733,39.092],[-101.49738,39.10657],[-101.46046,39.10687],[-101.46047,39.10411]]],[[[-101.57169,39.10587],[-101.57192,39.09126],[-101.58972,39.09118],[-101.58954,39.10578],[-101.57169,39.10587]]],[[[-101.3859,39.12179],[-101.36713,39.12195],[-101.36725,39.10747],[-101.38584,39.10732],[-101.3859,39.12179]]],[[[-101.57169,39.10587],[-101.57153,39.1204],[-101.55273,39.12058],[-101.55288,39.10602],[-101.57169,39.10587]]],[[[-100.31261,39.14736],[-100.29396,39.14742],[-100.29389,39.13287],[-100.31253,39.13295],[-100.31261,39.14736]]],[[[-100.34977,39.14758],[-100.34992,39.1331],[-100.31384,39.13295],[-100.3144,39.11875],[-100.2958,39.11872],[-100.29622,39.10413],[-100.27763,39.10397],[-100.2774,39.11849],[-100.26813,39.11843],[-100.24072,39.11806],[-100.24099,39.10356],[-100.20429,39.10347],[-100.20441,39.0746],[-100.18583,39.07453],[-100.18614,39.06005],[-100.25983,39.06029],[-100.25953,39.07476],[-100.29674,39.07513],[-100.29698,39.06054],[-100.35289,39.06096],[-100.35276,39.07543],[-100.40784,39.07538],[-100.40737,39.08987],[-100.46252,39.08977],[-100.46177,39.10428],[-100.49848,39.10425],[-100.49807,39.11883],[-100.46095,39.11872],[-100.46111,39.13312],[-100.42422,39.13316],[-100.42449,39.11883],[-100.40611,39.11882],[-100.40577,39.13319],[-100.38681,39.13305],[-100.38687,39.14761],[-100.34977,39.14758]]],[[[-101.71901,39.12502],[-101.71902,39.11966],[-101.73786,39.11944],[-101.73746,39.13361],[-101.71891,39.13368],[-101.71901,39.12502]]],[[[-101.4662,39.1491],[-101.44745,39.14948],[-101.44745,39.13482],[-101.46691,39.13487],[-101.4662,39.1491]]],[[[-101.48491,39.16352],[-101.48505,39.14908],[-101.52224,39.14921],[-101.52232,39.1635],[-101.48491,39.16352]]],[[[-100.51708,39.18383],[-100.51704,39.17656],[-100.53566,39.1766],[-100.53579,39.1911],[-100.51716,39.19105],[-100.51708,39.18383]]],[[[-101.3859,39.12179],[-101.40438,39.1217],[-101.40468,39.10714],[-101.42346,39.10703],[-101.42331,39.12157],[-101.44165,39.12146],[-101.44137,39.1348],[-101.41048,39.13504],[-101.41022,39.14958],[-101.39171,39.14964],[-101.39161,39.16408],[-101.37273,39.16417],[-101.37272,39.17868],[-101.35418,39.17879],[-101.3544,39.14974],[-101.37294,39.14966],[-101.37315,39.13524],[-101.38545,39.13518],[-101.3859,39.12179]]],[[[-101.70811,39.17728],[-101.68952,39.17739],[-101.68923,39.16286],[-101.7081,39.16279],[-101.70811,39.17728]]],[[[-101.70811,39.17728],[-101.72678,39.17712],[-101.7266,39.19155],[-101.70825,39.19177],[-101.70811,39.17728]]],[[[-101.68943,39.20629],[-101.65216,39.20651],[-101.65221,39.19189],[-101.68935,39.19186],[-101.68943,39.20629]]],[[[-101.2051,39.20716],[-101.26125,39.20766],[-101.26123,39.19326],[-101.31706,39.1933],[-101.31688,39.20776],[-101.29815,39.2078],[-101.29818,39.22229],[-101.20508,39.22157],[-101.2051,39.20716]]],[[[-101.8011,39.20583],[-101.80141,39.19118],[-101.91309,39.19137],[-101.91327,39.17681],[-101.93182,39.17684],[-101.93198,39.16231],[-101.95051,39.16233],[-101.95064,39.14773],[-101.93213,39.1478],[-101.93198,39.16231],[-101.87601,39.16228],[-101.87586,39.1768],[-101.85716,39.17671],[-101.85718,39.16231],[-101.83886,39.16235],[-101.83881,39.17674],[-101.76395,39.17724],[-101.76418,39.16259],[-101.74552,39.16236],[-101.7462,39.13357],[-101.77504,39.1335],[-101.77506,39.11902],[-101.79358,39.11886],[-101.79339,39.13344],[-101.81179,39.13334],[-101.81203,39.11867],[-101.8306,39.1187],[-101.83081,39.08971],[-101.90533,39.08966],[-101.90548,39.07528],[-101.92356,39.07503],[-101.92395,39.06065],[-101.94236,39.06056],[-101.94217,39.07502],[-101.97888,39.07494],[-101.97892,39.0894],[-101.99768,39.08944],[-101.99778,39.07475],[-102.0164,39.07485],[-102.0165,39.06042],[-101.99792,39.0603],[-101.99809,39.04599],[-101.96101,39.04602],[-101.96123,39.03171],[-102.04656,39.03145],[-102.04696,39.08948],[-102.03449,39.08944],[-102.0343,39.10388],[-102.04701,39.10394],[-102.04715,39.13316],[-102.02528,39.13321],[-102.02513,39.14771],[-102.04384,39.14764],[-102.04362,39.17678],[-102.00623,39.17683],[-102.00614,39.19125],[-101.98751,39.19125],[-101.98771,39.17681],[-101.96902,39.17675],[-101.96887,39.19129],[-101.95014,39.19129],[-101.94997,39.20577],[-101.89426,39.20578],[-101.89428,39.22028],[-101.87546,39.22025],[-101.87566,39.20572],[-101.8011,39.20583]]],[[[-101.83899,39.14761],[-101.83895,39.13327],[-101.82039,39.1333],[-101.8203,39.14781],[-101.83899,39.14761]]],[[[-101.68943,39.20629],[-101.8011,39.20583],[-101.80109,39.22038],[-101.74511,39.22048],[-101.74495,39.23501],[-101.70787,39.23524],[-101.70804,39.22067],[-101.68934,39.22082],[-101.68943,39.20629]]],[[[-100.5542,39.2489],[-100.55402,39.26334],[-100.51682,39.26346],[-100.51707,39.249],[-100.5542,39.2489]]],[[[-100.44219,39.27804],[-100.44255,39.26357],[-100.46114,39.26351],[-100.4608,39.27797],[-100.44219,39.27804]]],[[[-100.47933,39.27804],[-100.47988,39.26357],[-100.49839,39.26369],[-100.49797,39.27801],[-100.47933,39.27804]]],[[[-101.31662,39.2657],[-101.18621,39.26476],[-101.18645,39.25043],[-101.22356,39.25063],[-101.22364,39.23617],[-101.26104,39.23661],[-101.26104,39.25089],[-101.31666,39.25131],[-101.31662,39.2657]]],[[[-100.99959,39.26369],[-101.01856,39.26363],[-101.01826,39.27799],[-100.99973,39.27809],[-100.99959,39.26369]]],[[[-100.4608,39.27797],[-100.47933,39.27804],[-100.47919,39.29245],[-100.46058,39.2924],[-100.4608,39.27797]]],[[[-100.70281,39.27799],[-100.72127,39.27809],[-100.7212,39.2926],[-100.7027,39.29258],[-100.70281,39.27799]]],[[[-101.42857,39.29405],[-101.42869,39.26504],[-101.48477,39.26476],[-101.48487,39.2794],[-101.44734,39.27956],[-101.4473,39.29415],[-101.42857,39.29405]]],[[[-101.61452,39.27896],[-101.63316,39.27906],[-101.63311,39.29355],[-101.61436,39.29351],[-101.61452,39.27896]]],[[[-100.47941,39.33583],[-100.40506,39.33576],[-100.40484,39.35076],[-100.38639,39.35007],[-100.34916,39.35024],[-100.34909,39.33538],[-100.36785,39.33539],[-100.36791,39.3208],[-100.47935,39.32138],[-100.47941,39.33583]]],[[[-102.04207,39.32186],[-102.04218,39.30744],[-102.04856,39.30743],[-102.04863,39.32183],[-102.04207,39.32186]]],[[[-100.66498,39.33599],[-100.68362,39.33606],[-100.68353,39.35058],[-100.66486,39.35045],[-100.66498,39.33599]]],[[[-100.7212,39.2926],[-100.88918,39.29269],[-100.88904,39.27807],[-100.83361,39.27813],[-100.83358,39.26356],[-100.8148,39.2635],[-100.81475,39.278],[-100.73999,39.27815],[-100.74009,39.26356],[-100.7213,39.26357],[-100.72133,39.24909],[-100.70299,39.24904],[-100.70313,39.23452],[-100.68451,39.2345],[-100.68438,39.24902],[-100.62841,39.24893],[-100.62864,39.23445],[-100.66587,39.23449],[-100.66598,39.21999],[-100.62869,39.21989],[-100.62864,39.23445],[-100.60988,39.23448],[-100.6098,39.24903],[-100.62841,39.24893],[-100.62828,39.26335],[-100.59144,39.26341],[-100.59152,39.249],[-100.5542,39.2489],[-100.55442,39.23442],[-100.49853,39.23453],[-100.49848,39.249],[-100.44276,39.24917],[-100.44255,39.26357],[-100.42409,39.26357],[-100.42414,39.24915],[-100.40549,39.24918],[-100.40546,39.26363],[-100.42409,39.26357],[-100.42347,39.27819],[-100.44219,39.27804],[-100.44198,39.29259],[-100.3863,39.2923],[-100.38657,39.27775],[-100.36822,39.27777],[-100.36808,39.29212],[-100.31205,39.29167],[-100.31181,39.30631],[-100.27464,39.30603],[-100.27475,39.29156],[-100.29354,39.29167],[-100.29357,39.27718],[-100.25639,39.27708],[-100.25589,39.30605],[-100.2373,39.30615],[-100.23749,39.29163],[-100.21899,39.29164],[-100.21859,39.32057],[-100.19993,39.32053],[-100.20063,39.27714],[-100.18192,39.27693],[-100.18172,39.29149],[-100.16307,39.29165],[-100.16323,39.27715],[-100.07,39.27692],[-100.07014,39.26246],[-100.01482,39.26258],[-100.0148,39.24816],[-99.94038,39.24799],[-99.9405,39.23351],[-100.01494,39.23355],[-100.01513,39.21892],[-100.0338,39.21893],[-100.03359,39.23346],[-100.08904,39.23345],[-100.08894,39.24796],[-100.16357,39.24806],[-100.16358,39.23355],[-100.18235,39.23347],[-100.18224,39.24801],[-100.29368,39.24826],[-100.29386,39.23383],[-100.27523,39.23374],[-100.27533,39.21919],[-100.33119,39.21957],[-100.33119,39.23406],[-100.42418,39.23464],[-100.42431,39.22013],[-100.40558,39.2202],[-100.40556,39.20563],[-100.44297,39.20555],[-100.44283,39.19099],[-100.46141,39.191],[-100.46155,39.20559],[-100.5173,39.20553],[-100.51743,39.21996],[-100.55458,39.21996],[-100.55429,39.17659],[-100.59148,39.17661],[-100.59157,39.19107],[-100.60995,39.19101],[-100.61002,39.20547],[-100.62853,39.2055],[-100.62837,39.19102],[-100.66574,39.1911],[-100.66581,39.20557],[-100.68442,39.20567],[-100.68437,39.19122],[-100.74002,39.1912],[-100.74014,39.20567],[-100.77731,39.20569],[-100.7772,39.1912],[-100.75854,39.1912],[-100.75846,39.17677],[-100.81466,39.17686],[-100.81455,39.1623],[-100.88907,39.16225],[-100.88904,39.14786],[-100.85175,39.14773],[-100.85173,39.13326],[-100.72131,39.13341],[-100.72132,39.14783],[-100.70271,39.14788],[-100.70279,39.16228],[-100.67812,39.1623],[-100.64697,39.1622],[-100.64686,39.14766],[-100.57248,39.14765],[-100.57233,39.13318],[-100.53461,39.13317],[-100.53617,39.08986],[-100.51745,39.08969],[-100.51792,39.07568],[-100.5552,39.07586],[-100.55499,39.08993],[-100.60943,39.09003],[-100.60903,39.10437],[-100.62758,39.10442],[-100.62807,39.09014],[-100.6651,39.09044],[-100.66482,39.10438],[-100.70142,39.10437],[-100.70111,39.11883],[-100.71959,39.11898],[-100.71997,39.10446],[-100.70142,39.10437],[-100.70158,39.0906],[-100.6651,39.09044],[-100.66542,39.07639],[-100.5738,39.07589],[-100.57444,39.0472],[-100.55605,39.04692],[-100.5555,39.03231],[-100.59197,39.03293],[-100.59158,39.04746],[-100.64748,39.04762],[-100.64715,39.06211],[-100.6842,39.06203],[-100.68392,39.07632],[-100.72059,39.07618],[-100.72028,39.09064],[-100.81267,39.09062],[-100.81244,39.10502],[-100.83104,39.10494],[-100.83144,39.0761],[-100.85011,39.0759],[-100.84986,39.0904],[-100.86845,39.0902],[-100.86816,39.1047],[-100.90536,39.10463],[-100.90574,39.07551],[-100.85011,39.0759],[-100.85036,39.06158],[-100.86902,39.06147],[-100.86921,39.04687],[-100.90609,39.04648],[-100.90589,39.06123],[-100.97997,39.06119],[-100.97976,39.07563],[-101.03523,39.07571],[-101.03496,39.09012],[-101.12805,39.09051],[-101.12821,39.07596],[-101.14348,39.076],[-101.14618,39.07602],[-101.14595,39.09054],[-101.1645,39.09082],[-101.16473,39.07626],[-101.14618,39.07602],[-101.1464,39.06152],[-101.01692,39.06118],[-101.01709,39.04671],[-100.98017,39.04653],[-100.98039,39.03205],[-100.96172,39.03198],[-100.9619,39.01758],[-100.99918,39.01768],[-100.99925,39.00325],[-100.98063,39.00313],[-100.9808,38.98863],[-101.07321,38.98907],[-101.07307,39.0035],[-101.09145,39.00359],[-101.09145,39.01815],[-101.14693,39.01843],[-101.14715,38.98951],[-101.1659,38.98987],[-101.16563,39.00414],[-101.18435,39.00459],[-101.1835,39.06214],[-101.22053,39.06295],[-101.22043,39.07745],[-101.23909,39.07782],[-101.2389,39.09232],[-101.25693,39.09254],[-101.25634,39.12152],[-101.23849,39.12133],[-101.23867,39.10682],[-101.12757,39.10499],[-101.12761,39.11947],[-101.16402,39.11987],[-101.16393,39.13413],[-101.13098,39.13367],[-101.13086,39.14828],[-101.20545,39.14911],[-101.20539,39.16364],[-101.22399,39.16386],[-101.22408,39.14942],[-101.27975,39.15006],[-101.27969,39.1789],[-101.26118,39.17875],[-101.26123,39.19326],[-101.20513,39.19271],[-101.2051,39.20716],[-101.16796,39.20672],[-101.16799,39.19217],[-101.14929,39.19196],[-101.14929,39.17759],[-101.07484,39.17659],[-100.98169,39.17658],[-100.98201,39.16206],[-100.94467,39.16201],[-100.94449,39.17664],[-100.96298,39.1765],[-100.96275,39.22022],[-100.94397,39.22019],[-100.94404,39.20565],[-100.88865,39.20565],[-100.88847,39.22035],[-100.87042,39.22034],[-100.87007,39.2348],[-100.90737,39.23479],[-100.90767,39.24932],[-100.99974,39.24922],[-100.99959,39.26369],[-100.98094,39.26369],[-100.98096,39.27814],[-100.94354,39.27815],[-100.94351,39.29276],[-100.96224,39.29262],[-100.96217,39.30719],[-100.9268,39.30721],[-100.92668,39.32169],[-100.88923,39.32172],[-100.81451,39.32162],[-100.81462,39.30702],[-100.79573,39.30701],[-100.79551,39.33629],[-100.81427,39.33622],[-100.81477,39.35083],[-100.75852,39.35083],[-100.75845,39.33612],[-100.72105,39.33612],[-100.72112,39.32162],[-100.70253,39.32156],[-100.70264,39.30704],[-100.72114,39.30707],[-100.7212,39.2926]]],[[[-100.77778,39.23467],[-100.77757,39.22014],[-100.7589,39.22021],[-100.75883,39.23462],[-100.77778,39.23467],[-100.77743,39.24906],[-100.796,39.24897],[-100.79612,39.2347],[-100.77778,39.23467]]],[[[-100.84242,39.22031],[-100.85176,39.22034],[-100.85149,39.20564],[-100.81457,39.2058],[-100.81496,39.22025],[-100.84242,39.22031]]],[[[-100.85671,39.17695],[-100.85184,39.17697],[-100.85146,39.19133],[-100.86993,39.19128],[-100.87045,39.17673],[-100.85671,39.17695]]],[[[-101.03783,39.13894],[-101.03789,39.13307],[-100.98221,39.13307],[-100.98207,39.14756],[-101.03766,39.14749],[-101.03783,39.13894]]],[[[-101.09388,39.13331],[-101.10908,39.13342],[-101.10907,39.11931],[-101.09048,39.11924],[-101.09047,39.13328],[-101.09388,39.13331]]],[[[-100.99797,39.09745],[-100.99809,39.09015],[-100.9796,39.09017],[-100.97948,39.10474],[-100.99787,39.10479],[-100.99797,39.09745]]],[[[-100.98059,39.35075],[-100.98069,39.33617],[-100.99949,39.33601],[-100.99938,39.35056],[-100.98059,39.35075]]],[[[-101.81944,39.33643],[-101.81953,39.32183],[-101.87474,39.32177],[-101.87464,39.33634],[-101.81944,39.33643]]],[[[-102.00485,39.32744],[-102.00485,39.32196],[-102.02338,39.32191],[-102.02333,39.33644],[-102.00483,39.33639],[-102.00485,39.32744]]],[[[-101.14873,39.3663],[-101.14873,39.3518],[-101.16687,39.35177],[-101.16679,39.36622],[-101.14873,39.3663]]],[[[-101.96759,39.35072],[-101.96753,39.33626],[-101.98617,39.33624],[-101.98624,39.35076],[-101.96759,39.35072]]],[[[-101.7817,39.38009],[-101.7822,39.35093],[-101.80068,39.35093],[-101.8008,39.3364],[-101.81944,39.33643],[-101.81928,39.35083],[-101.83722,39.35074],[-101.83714,39.36533],[-101.80049,39.36547],[-101.80021,39.38002],[-101.7817,39.38009]]],[[[-101.33455,39.39578],[-101.33469,39.38129],[-101.31596,39.38123],[-101.31602,39.37501],[-101.31616,39.3668],[-101.33491,39.3669],[-101.33513,39.35235],[-101.37236,39.35219],[-101.37237,39.33779],[-101.42839,39.33757],[-101.42846,39.32312],[-101.44725,39.32305],[-101.4473,39.29415],[-101.52152,39.29358],[-101.52157,39.26463],[-101.48477,39.26476],[-101.48464,39.25044],[-101.57762,39.25012],[-101.5778,39.23559],[-101.61471,39.23552],[-101.61461,39.25001],[-101.59638,39.25001],[-101.59633,39.26456],[-101.61456,39.26453],[-101.61452,39.27896],[-101.59616,39.27893],[-101.5962,39.2935],[-101.55885,39.29358],[-101.55887,39.30803],[-101.54011,39.30807],[-101.54013,39.32252],[-101.52142,39.32254],[-101.52139,39.33707],[-101.44714,39.33753],[-101.44705,39.35189],[-101.54014,39.35157],[-101.54013,39.36601],[-101.46564,39.3663],[-101.46555,39.38089],[-101.40943,39.381],[-101.40929,39.39563],[-101.33455,39.39578]]],[[[-101.57758,39.26459],[-101.55895,39.26462],[-101.55884,39.27912],[-101.57745,39.27912],[-101.57758,39.26459]]],[[[-101.76292,39.39461],[-101.7632,39.38007],[-101.7817,39.38009],[-101.78155,39.39459],[-101.76292,39.39461]]],[[[-101.18502,39.40982],[-101.18533,39.39526],[-101.20411,39.39536],[-101.20427,39.36653],[-101.22289,39.36659],[-101.22288,39.35211],[-101.1857,39.35191],[-101.18546,39.33749],[-101.22283,39.33761],[-101.22287,39.32336],[-101.2602,39.3235],[-101.26066,39.30886],[-101.31654,39.30898],[-101.31656,39.29463],[-101.33576,39.29466],[-101.33559,39.28026],[-101.31654,39.28036],[-101.31662,39.2657],[-101.39143,39.26533],[-101.39127,39.29438],[-101.42857,39.29405],[-101.42859,39.30865],[-101.37258,39.30895],[-101.37247,39.32331],[-101.3538,39.3234],[-101.3538,39.33778],[-101.31648,39.33786],[-101.31634,39.35236],[-101.29749,39.35238],[-101.29736,39.36684],[-101.2607,39.36674],[-101.26044,39.38123],[-101.24176,39.38116],[-101.24153,39.39556],[-101.22283,39.39543],[-101.22238,39.40995],[-101.18502,39.40982]]],[[[-101.14843,39.42412],[-101.14845,39.40951],[-101.18502,39.40982],[-101.18489,39.42439],[-101.14843,39.42412]]],[[[-99.78892,39.45187],[-99.78926,39.43729],[-99.80802,39.43737],[-99.80779,39.45174],[-99.78892,39.45187]]],[[[-101.12973,39.4238],[-101.14843,39.42412],[-101.14825,39.43852],[-101.12959,39.43821],[-101.12973,39.4238]]],[[[-101.07292,39.46677],[-101.07296,39.45242],[-101.09178,39.45257],[-101.09169,39.46716],[-101.07292,39.46677]]],[[[-100.99865,39.48143],[-100.9987,39.46687],[-101.05419,39.46678],[-101.0541,39.48116],[-100.99865,39.48143]]],[[[-101.61388,39.48174],[-101.61396,39.45286],[-101.63271,39.45282],[-101.63256,39.48157],[-101.61388,39.48174]]],[[[-101.57688,39.49655],[-101.57696,39.48196],[-101.61388,39.48174],[-101.61377,39.49622],[-101.57688,39.49655]]],[[[-99.62071,39.52854],[-99.62063,39.5244],[-99.5656,39.52453],[-99.56561,39.51004],[-99.58455,39.50997],[-99.58465,39.4955],[-99.60175,39.49557],[-99.60193,39.50993],[-99.63913,39.50989],[-99.63908,39.49561],[-99.65786,39.49546],[-99.65783,39.50989],[-99.67651,39.50987],[-99.67667,39.52442],[-99.63929,39.52439],[-99.63939,39.53885],[-99.62089,39.53891],[-99.62071,39.52854]]],[[[-99.73179,39.5246],[-99.73216,39.53901],[-99.71348,39.53895],[-99.71321,39.52449],[-99.73179,39.5246]]],[[[-101.50172,39.52541],[-101.50204,39.51111],[-101.53953,39.51105],[-101.53961,39.49665],[-101.57688,39.49655],[-101.57688,39.511],[-101.55825,39.51103],[-101.55799,39.52555],[-101.50172,39.52541]]],[[[-101.63228,39.52502],[-101.63247,39.51058],[-101.66988,39.51062],[-101.66973,39.49617],[-101.65108,39.49613],[-101.65144,39.43845],[-101.67008,39.43837],[-101.67004,39.45276],[-101.70742,39.45261],[-101.70746,39.42379],[-101.68881,39.42382],[-101.6889,39.40928],[-101.74421,39.40919],[-101.74426,39.39461],[-101.76292,39.39461],[-101.76281,39.43816],[-101.78157,39.43807],[-101.78168,39.42353],[-101.80023,39.42351],[-101.8002,39.409],[-101.81885,39.40888],[-101.81885,39.39445],[-101.8556,39.39428],[-101.8555,39.40871],[-101.87434,39.40879],[-101.87432,39.39422],[-101.89314,39.39421],[-101.89311,39.37978],[-101.91183,39.37971],[-101.91176,39.36522],[-101.93065,39.36519],[-101.93064,39.35072],[-101.96759,39.35072],[-101.96757,39.36521],[-101.94889,39.36518],[-101.94896,39.37964],[-101.93066,39.37966],[-101.93059,39.39416],[-101.91175,39.39419],[-101.91169,39.40866],[-101.89306,39.40867],[-101.89296,39.42316],[-101.93047,39.42315],[-101.93028,39.43752],[-101.87411,39.43771],[-101.87398,39.45211],[-101.85509,39.45222],[-101.85516,39.43757],[-101.81894,39.43794],[-101.81893,39.45241],[-101.78149,39.45253],[-101.78144,39.46705],[-101.70744,39.46712],[-101.70727,39.48161],[-101.68859,39.48161],[-101.68849,39.49617],[-101.70711,39.49614],[-101.70701,39.51063],[-101.68854,39.51057],[-101.68847,39.52513],[-101.63228,39.52502]]],[[[-101.16556,39.54018],[-101.16572,39.52566],[-101.18438,39.52575],[-101.18434,39.5403],[-101.16556,39.54018]]],[[[-101.48284,39.54015],[-101.48315,39.52575],[-101.50172,39.52541],[-101.50145,39.54003],[-101.48284,39.54015]]],[[[-101.55799,39.52555],[-101.59543,39.52537],[-101.59525,39.53988],[-101.55783,39.53986],[-101.55799,39.52555]]],[[[-101.14749,39.55441],[-101.14761,39.54002],[-101.16556,39.54018],[-101.16559,39.55461],[-101.14749,39.55441]]],[[[-101.46403,39.55466],[-101.46434,39.54027],[-101.48284,39.54015],[-101.48252,39.55462],[-101.46403,39.55466]]],[[[-101.51992,39.55453],[-101.5202,39.53999],[-101.53883,39.53995],[-101.53872,39.55448],[-101.51992,39.55453]]],[[[-101.63228,39.52502],[-101.63199,39.55408],[-101.61322,39.55411],[-101.61357,39.52515],[-101.63228,39.52502]]],[[[-99.73179,39.5246],[-99.73184,39.4955],[-99.75065,39.49553],[-99.75042,39.51011],[-99.7693,39.51014],[-99.76931,39.49564],[-99.78821,39.4956],[-99.78824,39.51014],[-99.82614,39.51021],[-99.82615,39.49568],[-99.84479,39.49548],[-99.84493,39.48091],[-99.80715,39.4811],[-99.80754,39.46645],[-99.82625,39.46653],[-99.82638,39.45201],[-99.84502,39.45186],[-99.845,39.46647],[-99.86372,39.46618],[-99.86366,39.48077],[-99.88231,39.48063],[-99.88247,39.45146],[-99.90115,39.45143],[-99.90106,39.46596],[-99.91977,39.46583],[-99.91973,39.45129],[-99.93817,39.45112],[-99.93814,39.46562],[-99.99408,39.46549],[-99.99402,39.43648],[-100.06927,39.43636],[-100.06932,39.42186],[-100.08782,39.42187],[-100.08791,39.43643],[-100.10667,39.43642],[-100.10659,39.42192],[-100.16208,39.42195],[-100.16208,39.4074],[-100.18083,39.40731],[-100.18085,39.37845],[-100.19965,39.37838],[-100.19987,39.36408],[-100.2184,39.36387],[-100.21823,39.37844],[-100.23706,39.37847],[-100.2371,39.39301],[-100.25563,39.39306],[-100.25569,39.37848],[-100.29302,39.37844],[-100.29298,39.39311],[-100.27424,39.39306],[-100.27448,39.40746],[-100.23715,39.40732],[-100.23725,39.42191],[-100.31171,39.42219],[-100.31167,39.40765],[-100.29312,39.40757],[-100.29298,39.39311],[-100.33037,39.39327],[-100.33047,39.36432],[-100.40465,39.36507],[-100.40459,39.37947],[-100.42321,39.37965],[-100.42325,39.36514],[-100.44191,39.36478],[-100.44194,39.35024],[-100.47928,39.35029],[-100.47941,39.33583],[-100.49757,39.33588],[-100.4977,39.30685],[-100.51629,39.30683],[-100.51644,39.29228],[-100.5537,39.29239],[-100.55379,39.27788],[-100.57237,39.27799],[-100.57264,39.26344],[-100.59144,39.26341],[-100.59126,39.27796],[-100.6281,39.27788],[-100.62828,39.26335],[-100.70292,39.26348],[-100.70281,39.27799],[-100.64672,39.27789],[-100.64663,39.29237],[-100.59109,39.29247],[-100.59065,39.32139],[-100.66507,39.32161],[-100.66498,39.33599],[-100.59041,39.33566],[-100.59026,39.3502],[-100.49752,39.3504],[-100.49723,39.37934],[-100.47917,39.37931],[-100.47932,39.36481],[-100.46071,39.36477],[-100.46052,39.37925],[-100.4419,39.37925],[-100.44191,39.39391],[-100.38602,39.3937],[-100.38603,39.40821],[-100.36758,39.40811],[-100.36778,39.39354],[-100.34901,39.39344],[-100.34913,39.43698],[-100.29313,39.43662],[-100.2931,39.45112],[-100.34914,39.45143],[-100.34919,39.46597],[-100.33048,39.46589],[-100.33063,39.48033],[-100.23734,39.48002],[-100.23729,39.49453],[-100.2278,39.49461],[-100.19956,39.49452],[-100.19962,39.47997],[-100.18097,39.48004],[-100.18083,39.49457],[-100.14399,39.4945],[-100.14416,39.509],[-100.10639,39.50885],[-100.10626,39.52336],[-100.08801,39.52355],[-100.08782,39.55253],[-100.10625,39.5524],[-100.1063,39.53785],[-100.14372,39.53791],[-100.14411,39.52345],[-100.18079,39.52352],[-100.18077,39.50903],[-100.19947,39.50912],[-100.19949,39.53789],[-100.218,39.53805],[-100.21815,39.52352],[-100.23693,39.52353],[-100.23687,39.53805],[-100.25547,39.53794],[-100.25565,39.52352],[-100.274,39.52353],[-100.27408,39.509],[-100.29297,39.50912],[-100.29283,39.5236],[-100.31146,39.52377],[-100.31163,39.5092],[-100.3303,39.5093],[-100.33046,39.4948],[-100.36791,39.49497],[-100.36802,39.48058],[-100.42344,39.48081],[-100.42344,39.46637],[-100.46062,39.46636],[-100.46065,39.48089],[-100.51586,39.48073],[-100.51593,39.4952],[-100.38576,39.4952],[-100.38547,39.50957],[-100.34892,39.50947],[-100.34845,39.53837],[-100.31119,39.53816],[-100.311,39.55271],[-100.21785,39.55257],[-100.21758,39.56719],[-100.19888,39.56715],[-100.19938,39.55239],[-100.18069,39.55249],[-100.18026,39.56711],[-100.16185,39.5671],[-100.16198,39.55246],[-100.14357,39.55238],[-100.14342,39.56707],[-100.11529,39.56693],[-100.11543,39.58143],[-100.07802,39.58146],[-100.07802,39.56706],[-100.06895,39.56706],[-100.06915,39.55237],[-100.05034,39.55249],[-100.05045,39.567],[-100.05852,39.56702],[-100.05874,39.58156],[-100.02105,39.58146],[-100.02116,39.56696],[-100.03109,39.56699],[-100.03115,39.55247],[-99.93758,39.55273],[-99.93763,39.53825],[-99.97502,39.53826],[-99.97504,39.52368],[-100.01258,39.52357],[-100.01259,39.50909],[-100.03129,39.50898],[-100.03124,39.49454],[-100.06912,39.49449],[-100.06913,39.47993],[-100.10654,39.47986],[-100.10656,39.46545],[-100.12524,39.4654],[-100.12532,39.45088],[-100.08791,39.45094],[-100.08782,39.46544],[-100.03121,39.4654],[-100.03131,39.48002],[-99.99396,39.48006],[-99.99389,39.49461],[-99.93781,39.49473],[-99.9377,39.50924],[-99.84479,39.50998],[-99.84476,39.52445],[-99.82609,39.52466],[-99.82596,39.53904],[-99.8064,39.53912],[-99.80659,39.52461],[-99.78785,39.52461],[-99.78798,39.53919],[-99.7507,39.53917],[-99.75033,39.52466],[-99.73179,39.5246]]],[[[-100.16215,39.45095],[-100.16218,39.46553],[-100.18096,39.46558],[-100.18083,39.45113],[-100.16215,39.45095],[-100.16203,39.43647],[-100.14407,39.4364],[-100.14393,39.45088],[-100.16215,39.45095]]],[[[-100.5256,39.32138],[-100.51635,39.32142],[-100.51624,39.33582],[-100.53497,39.3358],[-100.53497,39.32132],[-100.5256,39.32138]]],[[[-101.46403,39.55466],[-101.46396,39.56839],[-101.45133,39.56844],[-101.45125,39.58306],[-101.43247,39.58274],[-101.43262,39.56836],[-101.44539,39.56842],[-101.44536,39.55474],[-101.46403,39.55466]]],[[[-101.41333,39.59731],[-101.37565,39.59763],[-101.37599,39.58287],[-101.41373,39.58284],[-101.41333,39.59731]]],[[[-100.64755,39.58257],[-100.64758,39.59711],[-100.62892,39.59701],[-100.62875,39.61153],[-100.59145,39.61134],[-100.59148,39.59683],[-100.6102,39.59688],[-100.6102,39.5825],[-100.64755,39.58257]]],[[[-101.4696,39.59746],[-101.47001,39.58275],[-101.48861,39.58288],[-101.48854,39.56836],[-101.50117,39.56835],[-101.50117,39.55457],[-101.51992,39.55453],[-101.51995,39.56842],[-101.5261,39.56839],[-101.52569,39.59742],[-101.4696,39.59746]]],[[[-100.19902,39.61033],[-100.19906,39.6249],[-100.18009,39.62501],[-100.18018,39.61054],[-100.19902,39.61033]]],[[[-101.22628,39.60619],[-101.22638,39.59717],[-101.24507,39.59733],[-101.24486,39.61181],[-101.22622,39.61164],[-101.22628,39.60619]]],[[[-101.3193,39.61201],[-101.31956,39.59761],[-101.33822,39.59758],[-101.33803,39.61205],[-101.3193,39.61201]]],[[[-101.3193,39.61201],[-101.31901,39.62648],[-101.30024,39.62648],[-101.30059,39.61188],[-101.3193,39.61201]]],[[[-101.37482,39.62658],[-101.3752,39.6121],[-101.43189,39.61191],[-101.43211,39.59745],[-101.4696,39.59746],[-101.46928,39.61196],[-101.45055,39.61201],[-101.45023,39.62653],[-101.37482,39.62658]]],[[[-100.90812,39.62607],[-100.92671,39.626],[-100.92669,39.64052],[-100.90805,39.64046],[-100.90812,39.62607]]],[[[-101.18793,39.6408],[-101.1882,39.62642],[-101.20692,39.62628],[-101.20668,39.6407],[-101.18793,39.6408]]],[[[-100.85218,39.65496],[-100.85225,39.64048],[-100.87099,39.64042],[-100.87083,39.65502],[-100.85218,39.65496]]],[[[-101.24406,39.65526],[-101.24443,39.64084],[-101.26298,39.64089],[-101.26264,39.6553],[-101.24406,39.65526]]],[[[-101.95665,39.62615],[-101.95677,39.64067],[-101.93783,39.64085],[-101.93796,39.62626],[-101.95665,39.62615]]],[[[-101.37482,39.62658],[-101.37458,39.64097],[-101.35602,39.64104],[-101.3557,39.65538],[-101.33702,39.65533],[-101.33779,39.62654],[-101.37482,39.62658]]],[[[-100.7596,39.66941],[-100.75957,39.65523],[-100.77799,39.65503],[-100.77816,39.66919],[-100.7596,39.66941]]],[[[-100.85218,39.65496],[-100.85212,39.66926],[-100.83378,39.66919],[-100.83376,39.65498],[-100.85218,39.65496]]],[[[-100.92671,39.626],[-100.9267,39.61158],[-100.90823,39.61162],[-100.90812,39.62607],[-100.88951,39.62592],[-100.88934,39.64043],[-100.87099,39.64042],[-100.87098,39.62607],[-100.83404,39.62601],[-100.83399,39.64051],[-100.81529,39.64056],[-100.81515,39.65499],[-100.77799,39.65503],[-100.778,39.64057],[-100.79667,39.64058],[-100.79665,39.62595],[-100.81504,39.62597],[-100.81529,39.61154],[-100.87113,39.6116],[-100.87112,39.58266],[-100.88972,39.58256],[-100.88972,39.56807],[-100.9244,39.56817],[-100.92461,39.55389],[-100.94227,39.55375],[-100.94236,39.53924],[-100.97973,39.53935],[-100.97979,39.52491],[-100.99867,39.52498],[-100.99871,39.51043],[-101.03579,39.51026],[-101.03582,39.49574],[-101.07273,39.49598],[-101.0728,39.48138],[-101.1105,39.48173],[-101.11036,39.4672],[-101.12917,39.46728],[-101.12941,39.45267],[-101.14826,39.45308],[-101.14825,39.43852],[-101.18502,39.43879],[-101.18489,39.42439],[-101.22251,39.42446],[-101.22238,39.40995],[-101.2413,39.41014],[-101.24153,39.39556],[-101.33455,39.39578],[-101.33434,39.42471],[-101.2783,39.42467],[-101.27819,39.43918],[-101.24119,39.43902],[-101.24147,39.45356],[-101.22273,39.45341],[-101.2225,39.46787],[-101.20368,39.46786],[-101.20348,39.48234],[-101.16605,39.48213],[-101.16607,39.49667],[-101.14782,39.49645],[-101.14782,39.51098],[-101.05396,39.51031],[-101.05394,39.56808],[-101.07214,39.56807],[-101.07233,39.55409],[-101.14749,39.55441],[-101.14741,39.56826],[-101.16541,39.56827],[-101.16559,39.55461],[-101.18427,39.55476],[-101.18434,39.5403],[-101.20309,39.54031],[-101.20324,39.51136],[-101.24086,39.5116],[-101.24092,39.49698],[-101.25933,39.49697],[-101.25967,39.48253],[-101.2968,39.48258],[-101.29689,39.46811],[-101.33435,39.46815],[-101.33446,39.45373],[-101.37194,39.45373],[-101.37201,39.43917],[-101.39024,39.4393],[-101.39022,39.42467],[-101.44656,39.42443],[-101.44664,39.40995],[-101.48414,39.40983],[-101.4842,39.39526],[-101.55855,39.39506],[-101.55852,39.40957],[-101.52117,39.40973],[-101.52109,39.42414],[-101.46543,39.42437],[-101.46539,39.43895],[-101.44654,39.43894],[-101.44644,39.45341],[-101.42769,39.45344],[-101.42776,39.43894],[-101.40909,39.43902],[-101.40904,39.4535],[-101.39019,39.45378],[-101.39011,39.46823],[-101.37188,39.46823],[-101.37176,39.48269],[-101.33423,39.48262],[-101.33413,39.49715],[-101.29669,39.49705],[-101.29654,39.51158],[-101.27792,39.51152],[-101.27793,39.52603],[-101.24077,39.52599],[-101.24047,39.54043],[-101.22178,39.54041],[-101.22171,39.55462],[-101.20295,39.55483],[-101.2027,39.56831],[-101.17039,39.56827],[-101.17012,39.5827],[-101.15143,39.58257],[-101.15101,39.61158],[-101.09488,39.61153],[-101.09463,39.62597],[-101.05722,39.62583],[-101.05704,39.64038],[-101.01975,39.64036],[-101.01921,39.66923],[-100.9451,39.66937],[-100.94516,39.65495],[-101.00077,39.65479],[-101.0014,39.62584],[-101.0386,39.62586],[-101.03899,39.59687],[-101.05758,39.59694],[-101.0574,39.6114],[-101.076,39.61147],[-101.07629,39.59703],[-101.13239,39.59712],[-101.1329,39.56826],[-101.11435,39.56814],[-101.11408,39.58266],[-101.02039,39.58248],[-101.0203,39.59687],[-101.00166,39.59702],[-101.00151,39.61139],[-100.9826,39.61151],[-100.98243,39.62588],[-100.92671,39.626]]],[[[-100.96407,39.59706],[-100.96434,39.5826],[-101.00182,39.58251],[-101.00197,39.56805],[-101.01718,39.56805],[-101.01731,39.55383],[-100.96081,39.55375],[-100.96095,39.56806],[-100.94594,39.56807],[-100.94574,39.58257],[-100.92703,39.5826],[-100.92681,39.59707],[-100.96407,39.59706]]],[[[-101.20621,39.66981],[-101.20641,39.65522],[-101.2254,39.65527],[-101.22484,39.66979],[-101.20621,39.66981]]],[[[-101.29924,39.66986],[-101.29952,39.65529],[-101.31831,39.65532],[-101.31794,39.66971],[-101.29924,39.66986]]],[[[-101.95665,39.62615],[-101.95657,39.61181],[-101.97535,39.61174],[-101.97537,39.5973],[-102.01276,39.59704],[-102.01278,39.58273],[-102.05002,39.58259],[-102.05009,39.64047],[-101.99401,39.64058],[-101.994,39.65497],[-101.97525,39.65507],[-101.9753,39.6261],[-101.95665,39.62615]]],[[[-102.00047,39.61168],[-101.99396,39.61172],[-101.99403,39.62616],[-102.03151,39.62595],[-102.03147,39.61147],[-102.00047,39.61168]]],[[[-100.74089,39.68369],[-100.74096,39.6693],[-100.7596,39.66941],[-100.75948,39.68382],[-100.74089,39.68369]]],[[[-101.18729,39.68417],[-101.18755,39.66978],[-101.20621,39.66981],[-101.20578,39.68416],[-101.18729,39.68417]]],[[[-101.91902,39.66973],[-101.91899,39.65525],[-101.93768,39.65528],[-101.93768,39.66973],[-101.91902,39.66973]]],[[[-100.77825,39.69071],[-100.77824,39.68353],[-100.83388,39.68337],[-100.83398,39.69786],[-100.77826,39.69798],[-100.77825,39.69071]]],[[[-100.98154,39.69816],[-100.88961,39.69808],[-100.88945,39.66934],[-100.92664,39.66947],[-100.92663,39.68381],[-100.98172,39.68377],[-100.98154,39.69816]]],[[[-99.90901,39.71157],[-99.88959,39.71181],[-99.88971,39.6973],[-99.90912,39.69705],[-99.90901,39.71157]]],[[[-101.07491,39.69821],[-101.07526,39.66939],[-101.09403,39.66932],[-101.09425,39.65498],[-101.13163,39.65509],[-101.13186,39.64051],[-101.18793,39.6408],[-101.1877,39.65531],[-101.15036,39.65512],[-101.15021,39.66961],[-101.1315,39.6694],[-101.13136,39.68392],[-101.09375,39.68375],[-101.09365,39.69821],[-101.07491,39.69821]]],[[[-100.72232,39.71272],[-100.72233,39.68382],[-100.74089,39.68369],[-100.74089,39.69809],[-100.75963,39.69831],[-100.75958,39.71276],[-100.72232,39.71272]]],[[[-101.65592,39.66971],[-101.65613,39.65529],[-101.67496,39.65521],[-101.6744,39.69857],[-101.65562,39.69865],[-101.65592,39.66971]]],[[[-101.01868,39.71243],[-101.01861,39.69798],[-101.03753,39.69826],[-101.03773,39.68384],[-101.01884,39.68374],[-101.01921,39.66923],[-101.05673,39.66935],[-101.05646,39.69827],[-101.07491,39.69821],[-101.07484,39.71263],[-101.01868,39.71243]]],[[[-101.15005,39.71308],[-101.15016,39.68407],[-101.18729,39.68417],[-101.18705,39.69861],[-101.16871,39.69851],[-101.16868,39.71303],[-101.15005,39.71308]]],[[[-101.22442,39.70576],[-101.22467,39.68427],[-101.26206,39.6842],[-101.26232,39.66977],[-101.28104,39.66975],[-101.28035,39.69871],[-101.24329,39.69849],[-101.24301,39.71303],[-101.22429,39.713],[-101.22442,39.70576]]],[[[-101.91902,39.66973],[-101.91883,39.68414],[-101.90004,39.68419],[-101.89998,39.6987],[-101.88116,39.69883],[-101.8814,39.66985],[-101.91902,39.66973]]],[[[-101.52569,39.59742],[-101.56328,39.59734],[-101.56352,39.58282],[-101.73199,39.58286],[-101.73193,39.59732],[-101.67567,39.59739],[-101.67549,39.61187],[-101.65683,39.61193],[-101.65659,39.62638],[-101.58157,39.62646],[-101.58136,39.64093],[-101.56266,39.6409],[-101.5629,39.62637],[-101.54406,39.62624],[-101.54387,39.6409],[-101.48733,39.64089],[-101.48688,39.65532],[-101.46823,39.65535],[-101.46791,39.66993],[-101.48657,39.66998],[-101.48641,39.68443],[-101.44869,39.68434],[-101.4484,39.6988],[-101.42978,39.69891],[-101.42966,39.71337],[-101.39253,39.71343],[-101.3926,39.69902],[-101.4112,39.69891],[-101.41146,39.68445],[-101.42999,39.68444],[-101.43033,39.66999],[-101.44894,39.66994],[-101.44983,39.64094],[-101.46862,39.64093],[-101.46906,39.62644],[-101.52535,39.62645],[-101.52569,39.59742]]],[[[-101.60061,39.61191],[-101.61934,39.61188],[-101.61945,39.59741],[-101.58207,39.59744],[-101.58189,39.61194],[-101.60061,39.61191]]],[[[-101.01868,39.71243],[-101.01894,39.72708],[-100.9625,39.7272],[-100.9626,39.71266],[-101.01868,39.71243]]],[[[-100.09621,39.74079],[-100.09663,39.71182],[-100.13395,39.71171],[-100.13395,39.69728],[-100.02091,39.69722],[-100.02092,39.68273],[-100.03967,39.68274],[-100.03973,39.66828],[-100.05835,39.66844],[-100.05844,39.68292],[-100.11515,39.68277],[-100.11504,39.65374],[-100.15254,39.65382],[-100.15259,39.63935],[-100.0779,39.63942],[-100.07794,39.62484],[-100.11566,39.6247],[-100.11542,39.60999],[-100.15251,39.61031],[-100.15262,39.59594],[-100.1712,39.59605],[-100.17121,39.63944],[-100.19885,39.63939],[-100.19876,39.65397],[-100.21738,39.65392],[-100.21736,39.66849],[-100.17993,39.66839],[-100.17995,39.68281],[-100.15252,39.68263],[-100.1526,39.69712],[-100.18004,39.69742],[-100.17995,39.68281],[-100.23623,39.68291],[-100.23611,39.66851],[-100.27356,39.66863],[-100.27346,39.68305],[-100.25489,39.68316],[-100.25496,39.69759],[-100.21761,39.69755],[-100.2176,39.71203],[-100.18013,39.71193],[-100.1802,39.72618],[-100.17107,39.72629],[-100.17124,39.74065],[-100.15241,39.74073],[-100.15252,39.72636],[-100.13384,39.72632],[-100.13362,39.74075],[-100.09621,39.74079]]],[[[-101.15005,39.71308],[-101.14982,39.72747],[-101.13096,39.72716],[-101.1312,39.71283],[-101.15005,39.71308]]],[[[-101.82488,39.70606],[-101.82486,39.69874],[-101.80613,39.69862],[-101.80642,39.6698],[-101.82517,39.66979],[-101.82501,39.68427],[-101.86261,39.68442],[-101.86259,39.69891],[-101.84371,39.69884],[-101.84374,39.71335],[-101.82492,39.71331],[-101.82488,39.70606]]],[[[-101.18665,39.72758],[-101.18691,39.71306],[-101.2054,39.71317],[-101.20536,39.7274],[-101.18665,39.72758]]],[[[-100.29192,39.73402],[-100.2919,39.71221],[-100.32981,39.71201],[-100.32956,39.69747],[-100.3486,39.69754],[-100.34862,39.7121],[-100.38573,39.71224],[-100.38561,39.7268],[-100.36748,39.72682],[-100.36703,39.74111],[-100.29223,39.7412],[-100.29192,39.73402]]],[[[-101.33552,39.72784],[-101.31664,39.72778],[-101.3171,39.71325],[-101.33597,39.71328],[-101.33552,39.72784]]],[[[-101.35459,39.72775],[-101.35506,39.69873],[-101.37399,39.69873],[-101.37343,39.72766],[-101.35459,39.72775]]],[[[-100.88949,39.727],[-100.92671,39.72703],[-100.92639,39.74152],[-100.88929,39.74142],[-100.88949,39.727]]],[[[-101.18665,39.72758],[-101.18652,39.74188],[-101.16813,39.74182],[-101.16845,39.72763],[-101.18665,39.72758]]],[[[-101.2796,39.73114],[-101.27965,39.7277],[-101.29778,39.72772],[-101.29763,39.74246],[-101.27936,39.74203],[-101.2796,39.73114]]],[[[-102.04981,39.72728],[-102.05005,39.71272],[-102.05076,39.71274],[-102.05084,39.72729],[-102.04981,39.72728]]],[[[-100.62794,39.75001],[-100.62794,39.74179],[-100.64675,39.74173],[-100.64665,39.75628],[-100.62789,39.75632],[-100.62794,39.75001]]],[[[-100.72232,39.71272],[-100.72246,39.72713],[-100.70363,39.72747],[-100.70347,39.74167],[-100.6846,39.74167],[-100.68447,39.75623],[-100.66538,39.75626],[-100.66561,39.72744],[-100.68479,39.72727],[-100.68486,39.71287],[-100.72232,39.71272]]],[[[-101.0565,39.75607],[-101.03773,39.75617],[-101.03779,39.74168],[-101.05653,39.74162],[-101.0565,39.75607]]],[[[-101.07461,39.75594],[-101.07473,39.72708],[-101.09337,39.7271],[-101.09322,39.75614],[-101.07461,39.75594]]],[[[-101.7683,39.74198],[-101.76822,39.72748],[-101.74939,39.72746],[-101.74935,39.74187],[-101.71176,39.74208],[-101.71203,39.69864],[-101.73081,39.6986],[-101.73055,39.71305],[-101.74972,39.71303],[-101.74988,39.69861],[-101.76865,39.69864],[-101.76855,39.71308],[-101.80609,39.71318],[-101.80603,39.7275],[-101.78698,39.72753],[-101.78709,39.7421],[-101.7683,39.74198]]],[[[-101.22318,39.75624],[-101.2239,39.74174],[-101.2606,39.74209],[-101.26059,39.75605],[-101.22318,39.75624]]],[[[-101.33552,39.72784],[-101.35459,39.72775],[-101.35382,39.75673],[-101.31622,39.75671],[-101.31644,39.74229],[-101.33515,39.74226],[-101.33552,39.72784]]],[[[-100.75947,39.74156],[-100.75956,39.72701],[-100.85199,39.72677],[-100.85203,39.71235],[-100.88965,39.71258],[-100.88949,39.727],[-100.87086,39.72696],[-100.87079,39.73418],[-100.87061,39.756],[-100.88918,39.75602],[-100.8891,39.77042],[-100.85192,39.77041],[-100.85187,39.74109],[-100.83418,39.74113],[-100.83414,39.75592],[-100.82486,39.75598],[-100.8155,39.75602],[-100.81549,39.74131],[-100.75947,39.74156]]],[[[-99.72105,39.78454],[-99.72161,39.75548],[-99.75867,39.75562],[-99.75816,39.7703],[-99.73941,39.76997],[-99.73947,39.78452],[-99.72105,39.78454]]],[[[-101.05635,39.77061],[-101.0565,39.75607],[-101.07461,39.75594],[-101.07462,39.77042],[-101.05635,39.77061]]],[[[-100.29197,39.77013],[-100.2363,39.76995],[-100.23621,39.78419],[-100.21746,39.7842],[-100.21764,39.75531],[-100.23636,39.75535],[-100.23644,39.74091],[-100.27397,39.74113],[-100.27388,39.75563],[-100.29216,39.75569],[-100.29197,39.77013]]],[[[-101.18611,39.77052],[-101.14882,39.77058],[-101.14929,39.75618],[-101.18627,39.75623],[-101.18611,39.77052]]],[[[-101.27926,39.77088],[-101.27933,39.75626],[-101.29757,39.7565],[-101.29752,39.77098],[-101.27926,39.77088]]],[[[-100.59055,39.78488],[-100.59059,39.77038],[-100.62797,39.77057],[-100.62785,39.78514],[-100.59055,39.78488]]],[[[-99.85187,39.78392],[-99.85227,39.75479],[-99.88969,39.75479],[-99.88952,39.7263],[-99.90886,39.72603],[-99.90901,39.71157],[-99.94623,39.71175],[-99.94627,39.6829],[-99.96494,39.68282],[-99.96481,39.69728],[-99.98334,39.69753],[-99.98367,39.66844],[-100.00217,39.66822],[-100.00214,39.65371],[-100.02104,39.65383],[-100.02092,39.68273],[-100.00211,39.68262],[-100.00213,39.72613],[-100.03974,39.72623],[-100.03965,39.71177],[-100.05854,39.71179],[-100.05852,39.7263],[-100.07738,39.7264],[-100.07736,39.74086],[-100.09621,39.74079],[-100.09622,39.75521],[-100.05868,39.75522],[-100.05856,39.74075],[-100.02102,39.74085],[-100.02098,39.75525],[-99.96462,39.75504],[-99.96461,39.74061],[-99.98335,39.74059],[-99.98315,39.71197],[-99.96469,39.71171],[-99.96461,39.74061],[-99.94619,39.74057],[-99.94626,39.72619],[-99.92741,39.72611],[-99.92743,39.74052],[-99.94619,39.74057],[-99.946,39.76944],[-99.92706,39.76939],[-99.927,39.78394],[-99.90858,39.7839],[-99.90869,39.79836],[-99.88981,39.79826],[-99.88985,39.78377],[-99.85187,39.78392]]],[[[-101.05635,39.77061],[-101.05625,39.78488],[-101.01875,39.78499],[-101.0188,39.7706],[-101.05635,39.77061]]],[[[-101.1117,39.7848],[-101.11181,39.77047],[-101.13039,39.77045],[-101.13036,39.78491],[-101.1117,39.7848]]],[[[-101.18574,39.78504],[-101.18611,39.77052],[-101.20452,39.77058],[-101.2042,39.78516],[-101.18574,39.78504]]],[[[-101.86221,39.77146],[-101.86229,39.75696],[-101.88107,39.75683],[-101.8811,39.74241],[-101.91855,39.74217],[-101.91852,39.72775],[-101.9374,39.7276],[-101.93729,39.71302],[-101.95612,39.71296],[-101.95627,39.72753],[-101.97514,39.72738],[-101.97513,39.71299],[-101.95612,39.71296],[-101.95621,39.69861],[-101.99397,39.69845],[-101.9939,39.68397],[-102.01265,39.68389],[-102.01267,39.71289],[-101.99385,39.71294],[-101.99367,39.74173],[-101.93742,39.74208],[-101.93734,39.75648],[-101.89984,39.7567],[-101.89959,39.77117],[-101.86221,39.77146]]],[[[-101.18574,39.78504],[-101.18538,39.79954],[-101.16708,39.79951],[-101.16726,39.78493],[-101.18574,39.78504]]],[[[-101.22272,39.79968],[-101.22293,39.77074],[-101.26057,39.77068],[-101.26048,39.78542],[-101.24149,39.78537],[-101.24136,39.79962],[-101.22272,39.79968]]],[[[-101.86221,39.77146],[-101.86201,39.78597],[-101.84287,39.78584],[-101.84303,39.77138],[-101.86221,39.77146]]],[[[-101.05631,39.80644],[-101.05633,39.79934],[-101.07467,39.79917],[-101.07453,39.81376],[-101.05628,39.81369],[-101.05631,39.80644]]],[[[-101.09304,39.81398],[-101.09307,39.79936],[-101.14812,39.79944],[-101.14801,39.81381],[-101.09304,39.81398]]],[[[-101.20372,39.81408],[-101.20385,39.79956],[-101.22272,39.79968],[-101.22251,39.8141],[-101.20372,39.81408]]],[[[-100.29197,39.77013],[-100.3482,39.77014],[-100.34831,39.75569],[-100.38546,39.75576],[-100.38553,39.74115],[-100.4226,39.74119],[-100.42274,39.7267],[-100.44152,39.72675],[-100.4414,39.7412],[-100.46016,39.7412],[-100.46026,39.72674],[-100.44152,39.72675],[-100.44163,39.71223],[-100.46041,39.71225],[-100.46056,39.69768],[-100.47902,39.69761],[-100.47908,39.6832],[-100.49794,39.68322],[-100.49799,39.66868],[-100.55363,39.6689],[-100.55371,39.65441],[-100.59124,39.65471],[-100.59151,39.62567],[-100.62873,39.62592],[-100.62875,39.61153],[-100.66619,39.61168],[-100.66613,39.62617],[-100.68485,39.6262],[-100.68498,39.61159],[-100.70358,39.61163],[-100.70355,39.59718],[-100.685,39.5971],[-100.68499,39.5826],[-100.7595,39.58268],[-100.75948,39.5681],[-100.75716,39.56807],[-100.75726,39.55425],[-100.72003,39.55404],[-100.72005,39.56806],[-100.66614,39.56807],[-100.6663,39.58259],[-100.64755,39.58257],[-100.6476,39.56803],[-100.66397,39.56808],[-100.66414,39.55335],[-100.70135,39.55379],[-100.70163,39.53925],[-100.75736,39.53984],[-100.75747,39.51068],[-100.795,39.51077],[-100.79511,39.49642],[-100.81385,39.49606],[-100.8139,39.4815],[-100.85068,39.48143],[-100.85075,39.46678],[-100.81399,39.46694],[-100.8139,39.4815],[-100.77661,39.48154],[-100.77671,39.46703],[-100.7952,39.46698],[-100.79555,39.43793],[-100.77684,39.43801],[-100.77678,39.45251],[-100.75812,39.45258],[-100.75795,39.47426],[-100.75791,39.48167],[-100.77661,39.48154],[-100.7764,39.49632],[-100.72024,39.49602],[-100.72048,39.48142],[-100.66451,39.4809],[-100.66449,39.50997],[-100.68318,39.51013],[-100.68322,39.49572],[-100.72024,39.49602],[-100.72012,39.5104],[-100.70201,39.51027],[-100.70184,39.52477],[-100.64577,39.52431],[-100.64556,39.55332],[-100.5903,39.55313],[-100.59003,39.56801],[-100.57279,39.56799],[-100.57304,39.5823],[-100.55457,39.58206],[-100.55442,39.59659],[-100.51681,39.59651],[-100.51662,39.61096],[-100.44206,39.61079],[-100.44191,39.59644],[-100.42362,39.59642],[-100.42351,39.61101],[-100.44206,39.61079],[-100.44201,39.6254],[-100.42343,39.62549],[-100.42333,39.63986],[-100.40473,39.63998],[-100.40463,39.65442],[-100.36724,39.65436],[-100.36726,39.63998],[-100.38606,39.63996],[-100.38609,39.6255],[-100.40481,39.62546],[-100.40476,39.59656],[-100.3674,39.59656],[-100.36725,39.6256],[-100.34827,39.62555],[-100.34836,39.63994],[-100.32965,39.64],[-100.32974,39.65441],[-100.29215,39.65436],[-100.29206,39.66879],[-100.27356,39.66863],[-100.27367,39.65421],[-100.25484,39.6541],[-100.25493,39.6396],[-100.27375,39.63974],[-100.27381,39.6253],[-100.32965,39.62561],[-100.32961,39.61114],[-100.25492,39.61072],[-100.25498,39.62519],[-100.23631,39.62487],[-100.23626,39.61047],[-100.19902,39.61033],[-100.19892,39.59595],[-100.2176,39.59606],[-100.2177,39.58146],[-100.31101,39.58198],[-100.31096,39.59646],[-100.32952,39.5967],[-100.32979,39.56763],[-100.36661,39.56766],[-100.36726,39.53844],[-100.40402,39.53865],[-100.4041,39.52418],[-100.46004,39.524],[-100.46032,39.50975],[-100.47899,39.5095],[-100.47891,39.524],[-100.49724,39.52399],[-100.49725,39.50953],[-100.53459,39.50979],[-100.53451,39.4663],[-100.5532,39.46639],[-100.55318,39.48082],[-100.57179,39.48082],[-100.57179,39.46632],[-100.5532,39.46639],[-100.55315,39.45182],[-100.62699,39.45169],[-100.627,39.43738],[-100.70187,39.43762],[-100.70194,39.42306],[-100.75804,39.42379],[-100.75798,39.40926],[-100.7768,39.40899],[-100.77682,39.39426],[-100.81436,39.39427],[-100.81452,39.37972],[-100.85119,39.37967],[-100.85135,39.36523],[-100.86974,39.36526],[-100.87013,39.37967],[-100.88847,39.37983],[-100.88858,39.3653],[-100.90742,39.36533],[-100.90761,39.35079],[-100.98059,39.35075],[-100.98048,39.36528],[-100.96172,39.36525],[-100.96134,39.37979],[-100.94269,39.37987],[-100.94256,39.39431],[-100.90695,39.39434],[-100.90689,39.42337],[-100.88819,39.42337],[-100.88816,39.43082],[-100.88817,39.43787],[-100.90684,39.43788],[-100.90682,39.45243],[-100.86942,39.45232],[-100.86941,39.48145],[-100.88813,39.48147],[-100.88809,39.46683],[-100.92561,39.46693],[-100.92551,39.48144],[-100.94251,39.48143],[-100.94251,39.46689],[-100.92561,39.46693],[-100.92567,39.45243],[-100.94251,39.45243],[-100.94259,39.43784],[-100.90684,39.43788],[-100.90689,39.42337],[-100.96116,39.42344],[-100.96128,39.4088],[-100.99897,39.40879],[-100.99903,39.3943],[-101.03639,39.39422],[-101.03658,39.37977],[-101.05484,39.37967],[-101.05474,39.39423],[-101.09225,39.3944],[-101.09228,39.37996],[-101.12993,39.3803],[-101.13009,39.36581],[-101.14873,39.3663],[-101.14845,39.39505],[-101.12973,39.395],[-101.12973,39.4238],[-101.07319,39.42342],[-101.07302,39.43788],[-101.05435,39.43769],[-101.0545,39.4233],[-101.03605,39.42321],[-101.03596,39.43772],[-100.99882,39.43788],[-100.99882,39.45237],[-100.98004,39.45247],[-100.98004,39.46692],[-100.96125,39.46691],[-100.96123,39.48146],[-100.99865,39.48143],[-100.99861,39.49595],[-100.9612,39.496],[-100.96112,39.51044],[-100.92524,39.51051],[-100.92501,39.52487],[-100.88759,39.525],[-100.88749,39.5395],[-100.86861,39.53941],[-100.86837,39.5539],[-100.84969,39.554],[-100.84936,39.56812],[-100.83387,39.56789],[-100.83418,39.59705],[-100.7964,39.59713],[-100.79642,39.6115],[-100.77798,39.61193],[-100.77787,39.59726],[-100.75948,39.59739],[-100.75948,39.61202],[-100.77798,39.61193],[-100.77817,39.62612],[-100.75944,39.62651],[-100.7595,39.64063],[-100.74093,39.6407],[-100.74091,39.65511],[-100.72239,39.65508],[-100.72249,39.66937],[-100.70359,39.66949],[-100.70367,39.69835],[-100.66562,39.6986],[-100.66608,39.66959],[-100.68473,39.6697],[-100.68481,39.65506],[-100.70356,39.65507],[-100.70347,39.64051],[-100.6661,39.64064],[-100.66614,39.65508],[-100.64736,39.6551],[-100.64742,39.64049],[-100.62865,39.64041],[-100.62855,39.65492],[-100.64736,39.6551],[-100.64724,39.66949],[-100.59107,39.6692],[-100.59098,39.68367],[-100.55356,39.68339],[-100.55355,39.6979],[-100.49787,39.69782],[-100.49788,39.71229],[-100.51618,39.71215],[-100.51599,39.74111],[-100.53463,39.74125],[-100.53515,39.71223],[-100.55374,39.71238],[-100.55351,39.74136],[-100.57209,39.74149],[-100.57193,39.71253],[-100.60982,39.71277],[-100.60976,39.69828],[-100.66562,39.6986],[-100.66565,39.71289],[-100.6467,39.71287],[-100.64667,39.72742],[-100.60974,39.72707],[-100.60962,39.74163],[-100.5909,39.74155],[-100.59075,39.75603],[-100.57203,39.75589],[-100.57171,39.77038],[-100.55332,39.77021],[-100.55317,39.78473],[-100.53445,39.7846],[-100.53426,39.79904],[-100.51565,39.79907],[-100.51577,39.78455],[-100.49743,39.78472],[-100.49727,39.81368],[-100.47867,39.81373],[-100.4785,39.82806],[-100.44093,39.82815],[-100.44135,39.79935],[-100.45996,39.79933],[-100.46003,39.77041],[-100.42248,39.77029],[-100.42257,39.78483],[-100.40368,39.78485],[-100.40378,39.77042],[-100.38532,39.77023],[-100.38527,39.78479],[-100.34816,39.78469],[-100.34825,39.79918],[-100.32929,39.79916],[-100.32941,39.78456],[-100.29184,39.78466],[-100.29197,39.77013]]],[[[-100.74089,39.60451],[-100.74089,39.59722],[-100.7222,39.5972],[-100.72224,39.6117],[-100.74088,39.61175],[-100.74089,39.60451]]],[[[-100.59056,39.50237],[-100.59061,39.50973],[-100.60839,39.50974],[-100.60838,39.52424],[-100.62719,39.5243],[-100.62712,39.50979],[-100.64584,39.50984],[-100.64575,39.49533],[-100.59054,39.49517],[-100.59056,39.50237]]],[[[-100.42241,39.56631],[-100.42246,39.56764],[-100.38593,39.56768],[-100.38602,39.58213],[-100.42359,39.58197],[-100.42348,39.56765],[-100.53391,39.56786],[-100.5341,39.55313],[-100.49705,39.55293],[-100.49704,39.53846],[-100.45994,39.53833],[-100.45981,39.55288],[-100.44116,39.55278],[-100.44133,39.53828],[-100.42268,39.5385],[-100.42241,39.56631]]],[[[-99.68348,39.81365],[-99.68343,39.79918],[-99.70242,39.79901],[-99.70254,39.7846],[-99.72105,39.78454],[-99.721,39.79904],[-99.73936,39.799],[-99.73947,39.78452],[-99.75811,39.78475],[-99.75816,39.7703],[-99.79596,39.76985],[-99.79632,39.75526],[-99.81468,39.75526],[-99.81513,39.72618],[-99.85236,39.72614],[-99.85227,39.75479],[-99.83356,39.75517],[-99.83335,39.76969],[-99.81448,39.76992],[-99.81441,39.78438],[-99.85187,39.78392],[-99.85163,39.79843],[-99.87011,39.79852],[-99.87012,39.81314],[-99.81439,39.81321],[-99.81397,39.82783],[-99.78589,39.82805],[-99.77649,39.828],[-99.7766,39.81349],[-99.75793,39.81345],[-99.75781,39.828],[-99.73913,39.82802],[-99.73923,39.84251],[-99.72095,39.84249],[-99.72089,39.81349],[-99.68348,39.81365]]],[[[-100.96267,39.82848],[-100.96251,39.7851],[-100.98107,39.78521],[-100.98112,39.79975],[-101.03754,39.79945],[-101.03738,39.81389],[-100.98111,39.8139],[-100.98124,39.82831],[-100.96267,39.82848]]],[[[-101.88071,39.80022],[-101.88087,39.78603],[-101.91833,39.78556],[-101.91858,39.77109],[-102.01229,39.77083],[-102.01221,39.78536],[-101.99337,39.78539],[-101.99347,39.79987],[-101.97473,39.79981],[-101.97465,39.8144],[-101.95582,39.81446],[-101.95575,39.79994],[-101.88071,39.80022]]],[[[-100.90778,39.84314],[-100.90773,39.82835],[-100.92646,39.8285],[-100.92633,39.81395],[-100.94492,39.81397],[-100.94472,39.82853],[-100.96267,39.82848],[-100.96254,39.84303],[-100.90778,39.84314]]],[[[-101.67301,39.82904],[-101.67363,39.7856],[-101.6924,39.78548],[-101.69257,39.7709],[-101.71128,39.77098],[-101.71096,39.7855],[-101.7298,39.78556],[-101.73036,39.75649],[-101.74938,39.75654],[-101.74871,39.79991],[-101.69218,39.80003],[-101.69193,39.81453],[-101.71062,39.81445],[-101.71027,39.82881],[-101.67301,39.82904]]],[[[-99.96369,39.85662],[-99.96375,39.84212],[-99.98298,39.84222],[-99.98269,39.85665],[-99.96369,39.85662]]],[[[-101.03725,39.84277],[-101.03725,39.82811],[-101.05624,39.82817],[-101.05598,39.84263],[-101.03725,39.84277]]],[[[-101.16684,39.82847],[-101.16695,39.84293],[-101.14848,39.84283],[-101.14826,39.82831],[-101.16684,39.82847]]],[[[-101.16684,39.82847],[-101.16686,39.81389],[-101.20372,39.81408],[-101.20357,39.82852],[-101.22255,39.82858],[-101.2226,39.84301],[-101.18491,39.84282],[-101.18491,39.82844],[-101.16684,39.82847]]],[[[-101.24133,39.84294],[-101.24128,39.82865],[-101.26014,39.82874],[-101.26028,39.81405],[-101.31624,39.81469],[-101.31627,39.84337],[-101.24133,39.84294]]],[[[-100.51535,39.85699],[-100.49719,39.85699],[-100.49724,39.84254],[-100.51553,39.84254],[-100.51535,39.85699]]],[[[-100.53426,39.85698],[-100.53426,39.82798],[-100.55299,39.82813],[-100.55311,39.8136],[-100.57159,39.81374],[-100.57185,39.7992],[-100.60941,39.79939],[-100.60945,39.8138],[-100.64648,39.81415],[-100.64657,39.82841],[-100.57178,39.82818],[-100.57175,39.85722],[-100.53426,39.85698]]],[[[-100.8516,39.85742],[-100.83387,39.85727],[-100.834,39.84283],[-100.85159,39.84282],[-100.8516,39.85742]]],[[[-100.8707,39.85762],[-100.87027,39.81379],[-100.88898,39.81377],[-100.88914,39.84296],[-100.90778,39.84314],[-100.90768,39.85764],[-100.8707,39.85762]]],[[[-101.05598,39.84263],[-101.1299,39.84253],[-101.13006,39.85702],[-101.05604,39.85706],[-101.05598,39.84263]]],[[[-100.19792,39.8709],[-100.19794,39.85651],[-100.21676,39.85657],[-100.2167,39.87112],[-100.19792,39.8709]]],[[[-101.22229,39.85745],[-101.2226,39.84301],[-101.24133,39.84294],[-101.24139,39.85736],[-101.22229,39.85745]]],[[[-100.51535,39.85699],[-100.53426,39.85698],[-100.53426,39.87151],[-100.51542,39.87152],[-100.51535,39.85699]]],[[[-100.85165,39.87187],[-100.8516,39.85742],[-100.8707,39.85762],[-100.87024,39.87201],[-100.85165,39.87187]]],[[[-101.67301,39.82904],[-101.673,39.84361],[-101.65441,39.84367],[-101.65433,39.85813],[-101.63563,39.85819],[-101.6356,39.82929],[-101.67301,39.82904]]],[[[-100.17918,39.87091],[-100.19792,39.8709],[-100.19794,39.88546],[-100.17907,39.8854],[-100.17918,39.87091]]],[[[-100.3664,39.88625],[-100.36648,39.82824],[-100.38515,39.82833],[-100.38498,39.8571],[-100.40337,39.85723],[-100.40341,39.82832],[-100.42222,39.82827],[-100.42194,39.8429],[-100.45958,39.84268],[-100.45949,39.85719],[-100.44072,39.8573],[-100.44081,39.87172],[-100.38507,39.87147],[-100.38513,39.88596],[-100.3664,39.88625]]],[[[-100.53392,39.88592],[-100.53426,39.87151],[-100.57177,39.87164],[-100.57175,39.85722],[-100.59045,39.85727],[-100.59047,39.84277],[-100.60912,39.84278],[-100.6093,39.88632],[-100.53392,39.88592]]],[[[-100.79652,39.88652],[-100.79659,39.87208],[-100.85165,39.87187],[-100.85164,39.88622],[-100.79652,39.88652]]],[[[-101.22229,39.85745],[-101.22289,39.87183],[-101.18526,39.87157],[-101.18538,39.88607],[-101.16725,39.88601],[-101.16682,39.87152],[-101.14898,39.8715],[-101.14867,39.85728],[-101.22229,39.85745]]],[[[-100.64625,39.89358],[-100.64629,39.88628],[-100.66518,39.8862],[-100.66516,39.90064],[-100.64627,39.90068],[-100.64625,39.89358]]],[[[-100.64657,39.82841],[-100.70313,39.82841],[-100.70316,39.79946],[-100.68426,39.79968],[-100.68435,39.78513],[-100.74064,39.78501],[-100.74073,39.77049],[-100.72224,39.77036],[-100.72225,39.75613],[-100.74079,39.75614],[-100.7409,39.74163],[-100.75947,39.74156],[-100.75944,39.75602],[-100.77808,39.75604],[-100.77794,39.7996],[-100.74059,39.79948],[-100.74048,39.81391],[-100.72212,39.81388],[-100.72197,39.82843],[-100.74043,39.82843],[-100.74035,39.8429],[-100.75899,39.84289],[-100.75926,39.8285],[-100.77794,39.82841],[-100.77806,39.84285],[-100.79666,39.84296],[-100.79665,39.8575],[-100.77803,39.85714],[-100.77758,39.88614],[-100.7588,39.88616],[-100.75878,39.85731],[-100.74025,39.85731],[-100.74017,39.87178],[-100.722,39.87178],[-100.72191,39.90081],[-100.703,39.90076],[-100.70305,39.88628],[-100.68432,39.88623],[-100.68411,39.86451],[-100.68424,39.85718],[-100.70324,39.85726],[-100.7032,39.84278],[-100.64642,39.843],[-100.64657,39.82841]]],[[[-100.77758,39.88614],[-100.79652,39.88652],[-100.7963,39.90074],[-100.7774,39.90053],[-100.77758,39.88614]]],[[[-99.34717,39.91503],[-99.34699,39.90056],[-99.36592,39.90052],[-99.36597,39.91504],[-99.34717,39.91503]]],[[[-101.74844,39.88673],[-101.74848,39.87232],[-101.76716,39.87226],[-101.76703,39.85784],[-101.78566,39.85789],[-101.78607,39.82898],[-101.80473,39.82908],[-101.80473,39.84352],[-101.82362,39.84361],[-101.82365,39.82915],[-101.80473,39.82908],[-101.80486,39.81455],[-101.84257,39.81484],[-101.84271,39.80032],[-101.88071,39.80022],[-101.88051,39.82917],[-101.89929,39.82909],[-101.89924,39.84356],[-101.84225,39.84373],[-101.84214,39.85822],[-101.8234,39.85802],[-101.82357,39.87243],[-101.80463,39.87243],[-101.80505,39.88695],[-101.74844,39.88673]]],[[[-101.89887,39.88716],[-101.88021,39.88713],[-101.88034,39.87272],[-101.89904,39.87256],[-101.89887,39.88716]]],[[[-99.32851,39.92947],[-99.32845,39.91498],[-99.34717,39.91503],[-99.34719,39.92956],[-99.32851,39.92947]]],[[[-101.74844,39.88673],[-101.7485,39.90119],[-101.72964,39.90131],[-101.7296,39.88691],[-101.74844,39.88673]]],[[[-101.89887,39.88716],[-101.95526,39.88698],[-101.95505,39.90162],[-101.89869,39.90167],[-101.89887,39.88716]]],[[[-100.49713,39.92936],[-100.49731,39.91492],[-100.51534,39.91493],[-100.51535,39.90041],[-100.49722,39.90038],[-100.49736,39.88586],[-100.53392,39.88592],[-100.53388,39.92935],[-100.49713,39.92936]]],[[[-100.60908,39.92975],[-100.60922,39.91517],[-100.64622,39.91521],[-100.64593,39.92959],[-100.60908,39.92975]]],[[[-101.46686,39.91611],[-101.46669,39.90173],[-101.48545,39.90183],[-101.48524,39.88728],[-101.50406,39.88728],[-101.504,39.87289],[-101.57878,39.8727],[-101.57862,39.90174],[-101.54114,39.90164],[-101.54115,39.88717],[-101.52221,39.88732],[-101.52226,39.90168],[-101.50413,39.9017],[-101.5041,39.91607],[-101.46686,39.91611]]],[[[-99.4782,39.90076],[-99.49683,39.90081],[-99.49679,39.88646],[-99.51511,39.88628],[-99.51521,39.87207],[-99.55275,39.87218],[-99.55264,39.85757],[-99.62709,39.85719],[-99.62735,39.79919],[-99.64613,39.79914],[-99.64606,39.81355],[-99.68348,39.81365],[-99.68331,39.82822],[-99.70213,39.82814],[-99.70218,39.87123],[-99.6831,39.87146],[-99.68337,39.85703],[-99.6644,39.85693],[-99.66454,39.8282],[-99.64589,39.82813],[-99.646,39.886],[-99.62722,39.88608],[-99.62713,39.87157],[-99.60901,39.8717],[-99.60851,39.88606],[-99.57151,39.88614],[-99.57132,39.90063],[-99.53357,39.90099],[-99.53374,39.91518],[-99.51515,39.91533],[-99.51523,39.94423],[-99.49699,39.94417],[-99.49682,39.91519],[-99.47809,39.91513],[-99.4782,39.90076]]],[[[-100.85105,39.92971],[-100.85152,39.90071],[-100.88888,39.90084],[-100.88905,39.88631],[-100.92626,39.88632],[-100.92634,39.87207],[-100.98101,39.87168],[-100.98085,39.85715],[-100.9995,39.85723],[-100.9996,39.84274],[-101.03725,39.84277],[-101.03719,39.85736],[-101.01819,39.85724],[-101.01803,39.87178],[-100.99961,39.8716],[-100.99978,39.90044],[-100.9811,39.90069],[-100.98105,39.88629],[-100.94513,39.88667],[-100.94496,39.90125],[-100.90749,39.90101],[-100.90719,39.92969],[-100.88851,39.92972],[-100.88874,39.91524],[-100.8701,39.91522],[-100.86984,39.92973],[-100.85105,39.92971]]],[[[-101.09306,39.90744],[-101.09301,39.9003],[-101.11174,39.90042],[-101.11156,39.92947],[-101.09291,39.92941],[-101.09306,39.90744]]],[[[-101.78618,39.91593],[-101.78629,39.90139],[-101.84248,39.90161],[-101.84251,39.91617],[-101.78618,39.91593]]],[[[-100.2167,39.87112],[-100.23561,39.87102],[-100.2356,39.85661],[-100.21676,39.85657],[-100.21687,39.84212],[-100.27341,39.84248],[-100.27336,39.857],[-100.25461,39.85668],[-100.25441,39.88571],[-100.23566,39.88548],[-100.23566,39.90004],[-100.25436,39.90021],[-100.2543,39.91462],[-100.2909,39.91503],[-100.29087,39.90056],[-100.32839,39.90081],[-100.3285,39.87192],[-100.34726,39.87203],[-100.34728,39.8864],[-100.3664,39.88625],[-100.36616,39.90093],[-100.34721,39.90089],[-100.34707,39.91525],[-100.3283,39.91517],[-100.32806,39.92962],[-100.29071,39.92948],[-100.29054,39.94388],[-100.25394,39.94341],[-100.25408,39.92903],[-100.25043,39.92901],[-100.23524,39.92895],[-100.2352,39.94331],[-100.21636,39.94337],[-100.21661,39.92891],[-100.19769,39.9289],[-100.19751,39.94331],[-100.16989,39.94332],[-100.17034,39.91431],[-100.19783,39.91443],[-100.19793,39.89996],[-100.21679,39.89996],[-100.2167,39.87112]]],[[[-100.47828,39.9294],[-100.49713,39.92936],[-100.49691,39.94391],[-100.47818,39.94386],[-100.47828,39.9294]]],[[[-99.32851,39.92947],[-99.32854,39.94387],[-99.29082,39.94386],[-99.29077,39.95832],[-99.27279,39.95832],[-99.27281,39.94382],[-99.23542,39.94381],[-99.23543,39.92931],[-99.32851,39.92947]]],[[[-100.83327,39.9296],[-100.85105,39.92971],[-100.85109,39.94416],[-100.83319,39.94411],[-100.83327,39.9296]]],[[[-99.17034,39.94436],[-99.17926,39.94418],[-99.17917,39.95866],[-99.161,39.95893],[-99.16105,39.94449],[-99.17034,39.94436]]],[[[-99.10472,39.95907],[-99.10475,39.9447],[-99.14226,39.94445],[-99.14217,39.95884],[-99.10472,39.95907]]],[[[-99.7013,39.95817],[-99.68254,39.95824],[-99.68275,39.94374],[-99.70154,39.94366],[-99.7013,39.95817]]],[[[-101.95505,39.90162],[-101.99274,39.90152],[-101.99265,39.91595],[-101.97388,39.91613],[-101.97375,39.93051],[-101.89848,39.93066],[-101.89872,39.91618],[-101.95522,39.91611],[-101.95505,39.90162]]],[[[-101.33603,39.93729],[-101.33589,39.93009],[-101.35469,39.93021],[-101.35459,39.9158],[-101.37324,39.916],[-101.37367,39.94475],[-101.33607,39.94455],[-101.33603,39.93729]]],[[[-100.60908,39.92975],[-100.60902,39.94416],[-100.59042,39.94406],[-100.59041,39.95848],[-100.55263,39.9583],[-100.55279,39.94403],[-100.57152,39.94406],[-100.57173,39.91499],[-100.5904,39.91512],[-100.59041,39.9297],[-100.60908,39.92975]]],[[[-101.50429,39.94177],[-101.50419,39.93056],[-101.52245,39.9305],[-101.52272,39.94506],[-101.50433,39.94502],[-101.50429,39.94177]]],[[[-100.83327,39.9296],[-100.81451,39.92964],[-100.81405,39.95861],[-100.79535,39.9585],[-100.79561,39.94408],[-100.77684,39.94416],[-100.77709,39.92966],[-100.79584,39.92971],[-100.79605,39.91519],[-100.83345,39.91521],[-100.83327,39.9296]]],[[[-99.34719,39.92956],[-99.36607,39.92955],[-99.36597,39.91504],[-99.38486,39.91513],[-99.38472,39.90065],[-99.42183,39.90079],[-99.42192,39.88613],[-99.47818,39.88631],[-99.4782,39.90076],[-99.45959,39.90066],[-99.45936,39.91517],[-99.4218,39.91534],[-99.4222,39.97303],[-99.40336,39.97296],[-99.40323,39.94415],[-99.38503,39.94405],[-99.38484,39.95855],[-99.36616,39.95848],[-99.36597,39.94394],[-99.34727,39.94394],[-99.34719,39.92956]]],[[[-99.44096,39.9731],[-99.44081,39.95868],[-99.45964,39.95862],[-99.45968,39.97312],[-99.44096,39.9731]]],[[[-101.57877,39.94495],[-101.57859,39.91608],[-101.59723,39.91603],[-101.59738,39.90177],[-101.61591,39.90162],[-101.6161,39.87264],[-101.67327,39.87247],[-101.67328,39.88698],[-101.65437,39.88702],[-101.65428,39.90151],[-101.63552,39.90175],[-101.63536,39.91606],[-101.61595,39.91607],[-101.61614,39.9307],[-101.59748,39.93064],[-101.59749,39.94495],[-101.57877,39.94495]]],[[[-101.73007,39.94473],[-101.72992,39.93018],[-101.74857,39.93018],[-101.74864,39.94471],[-101.73007,39.94473]]],[[[-100.72124,39.94967],[-100.72157,39.92971],[-100.75846,39.92969],[-100.75825,39.94412],[-100.73951,39.94401],[-100.73909,39.97306],[-100.72103,39.97305],[-100.72124,39.94967]]],[[[-99.10472,39.95907],[-99.10468,39.97365],[-99.08579,39.97369],[-99.08571,39.98815],[-99.0484,39.98827],[-99.0485,39.97374],[-99.01071,39.97355],[-99.01096,39.94468],[-99.02974,39.94484],[-99.02967,39.95932],[-99.10472,39.95907]]],[[[-101.26212,39.97319],[-101.26196,39.95862],[-101.28088,39.95864],[-101.28097,39.97325],[-101.26212,39.97319]]],[[[-101.33631,39.96562],[-101.33621,39.95904],[-101.35522,39.95913],[-101.35516,39.97346],[-101.33642,39.97337],[-101.33631,39.96562]]],[[[-100.45923,39.97304],[-100.45935,39.95849],[-100.53382,39.95833],[-100.53364,39.97283],[-100.55239,39.97275],[-100.55253,39.9872],[-100.47788,39.98726],[-100.47799,39.97283],[-100.45923,39.97304]]],[[[-101.4485,39.96669],[-101.44842,39.95944],[-101.46712,39.95943],[-101.46723,39.97375],[-101.44859,39.97372],[-101.4485,39.96669]]],[[[-101.48576,39.97376],[-101.48572,39.95939],[-101.50446,39.95943],[-101.5048,39.9738],[-101.48576,39.97376]]],[[[-101.57877,39.94495],[-101.57911,39.95942],[-101.56028,39.95942],[-101.56038,39.97391],[-101.52311,39.97393],[-101.52285,39.95957],[-101.54153,39.95949],[-101.54128,39.93051],[-101.55992,39.93049],[-101.56002,39.94491],[-101.57877,39.94495]]],[[[-99.58823,40.00001],[-99.58841,39.98756],[-99.60715,39.98747],[-99.60692,40.00196],[-99.58813,40.00196],[-99.58823,40.00001]]],[[[-99.7013,39.95817],[-99.71992,39.95811],[-99.7199,39.97262],[-99.77574,39.9726],[-99.77611,39.94365],[-99.81388,39.94349],[-99.81413,39.90003],[-99.83287,39.90004],[-99.83281,39.91455],[-99.94496,39.91448],[-99.94519,39.89998],[-99.96373,39.89999],[-99.96366,39.88552],[-99.98261,39.8856],[-99.98273,39.87121],[-100.00159,39.87109],[-100.00157,39.84219],[-100.02024,39.84218],[-100.02021,39.85666],[-100.03913,39.85673],[-100.03912,39.84223],[-100.05846,39.84216],[-100.05846,39.85666],[-100.07654,39.85689],[-100.07632,39.87137],[-100.11388,39.87107],[-100.11439,39.84208],[-100.0956,39.84215],[-100.09566,39.8276],[-100.1145,39.82761],[-100.1146,39.7986],[-100.13333,39.79855],[-100.13332,39.81303],[-100.15219,39.81292],[-100.15228,39.79834],[-100.17983,39.79846],[-100.18004,39.78399],[-100.17109,39.78393],[-100.17121,39.76954],[-100.19885,39.76962],[-100.19881,39.79856],[-100.25482,39.7991],[-100.25475,39.78456],[-100.27364,39.7846],[-100.27358,39.79913],[-100.29165,39.79916],[-100.29156,39.81367],[-100.2735,39.81346],[-100.2735,39.82786],[-100.25474,39.82783],[-100.2547,39.8135],[-100.20794,39.81314],[-100.19855,39.81313],[-100.19832,39.82757],[-100.17959,39.82752],[-100.1797,39.81297],[-100.17087,39.81291],[-100.17051,39.84191],[-100.13302,39.84201],[-100.13246,39.87101],[-100.15141,39.87106],[-100.15157,39.85643],[-100.17929,39.85637],[-100.17918,39.87091],[-100.17042,39.87096],[-100.17023,39.88547],[-100.13256,39.88553],[-100.13255,39.89997],[-100.11374,39.9],[-100.11387,39.91456],[-100.13272,39.91449],[-100.13242,39.92903],[-100.11389,39.92911],[-100.11351,39.94364],[-100.13218,39.94355],[-100.13192,39.95793],[-100.09428,39.95811],[-100.09501,39.90028],[-100.07609,39.9003],[-100.07541,39.95818],[-100.05742,39.95811],[-100.05775,39.91473],[-100.03892,39.91473],[-100.03887,39.90027],[-100.01088,39.90003],[-100.00158,39.90005],[-100.00134,39.91454],[-99.98253,39.91459],[-99.98222,39.92901],[-99.94491,39.92923],[-99.94483,39.94375],[-99.96349,39.9437],[-99.96333,39.95805],[-99.88868,39.95802],[-99.88877,39.94351],[-99.86983,39.94351],[-99.86949,39.97245],[-99.85053,39.97253],[-99.85046,39.98713],[-99.83204,39.98698],[-99.8323,39.95797],[-99.81353,39.95798],[-99.81369,39.97217],[-99.79522,39.97256],[-99.79521,39.98711],[-99.75675,39.98723],[-99.75667,40.00185],[-99.73769,40.00182],[-99.73797,39.98719],[-99.70111,39.98723],[-99.70073,40.00187],[-99.64418,40.00187],[-99.64491,39.97286],[-99.62583,39.97293],[-99.62603,39.95832],[-99.66361,39.95825],[-99.66336,39.97275],[-99.68231,39.97275],[-99.70119,39.97263],[-99.7013,39.95817]]],[[[-101.63606,39.97405],[-101.63585,39.95951],[-101.65477,39.95946],[-101.6546,39.94488],[-101.69239,39.94494],[-101.69218,39.93046],[-101.71094,39.93034],[-101.71137,39.95923],[-101.67367,39.95932],[-101.67369,39.9739],[-101.63606,39.97405]]],[[[-100.96237,39.97329],[-100.9624,39.9589],[-101.01862,39.95868],[-101.01862,39.92959],[-101.05611,39.92925],[-101.05605,39.97269],[-101.0376,39.9729],[-101.03747,39.98739],[-101.01852,39.98757],[-101.0186,39.97318],[-100.96237,39.97329]]],[[[-100.34631,39.98768],[-100.30921,39.98763],[-100.3089,40.00176],[-100.17808,40.00164],[-100.17814,39.98695],[-100.27228,39.98722],[-100.27244,39.97276],[-100.3468,39.97324],[-100.34631,39.98768]]],[[[-100.34631,39.98768],[-100.3657,39.98741],[-100.36572,40.00179],[-100.34636,40.0018],[-100.34631,39.98768]]],[[[-100.3657,39.98741],[-100.36579,39.97298],[-100.38472,39.9728],[-100.38493,39.92973],[-100.40297,39.9297],[-100.4028,39.94418],[-100.42182,39.94409],[-100.42188,39.92959],[-100.40297,39.9297],[-100.40314,39.90073],[-100.42199,39.90065],[-100.42193,39.91513],[-100.45963,39.91501],[-100.45961,39.90056],[-100.4407,39.90069],[-100.44059,39.88622],[-100.47871,39.88588],[-100.47859,39.90052],[-100.49722,39.90038],[-100.49731,39.91492],[-100.47846,39.91499],[-100.47828,39.9294],[-100.45954,39.92949],[-100.4594,39.944],[-100.44103,39.94402],[-100.44043,39.97296],[-100.45923,39.97304],[-100.45915,39.98021],[-100.45901,39.98746],[-100.44041,39.98744],[-100.44021,40.00184],[-100.42124,40.00189],[-100.4214,39.98737],[-100.40262,39.98732],[-100.40256,40.00182],[-100.38478,40.00182],[-100.38476,39.98728],[-100.3657,39.98741]]],[[[-100.4097,39.95855],[-100.40272,39.95853],[-100.40262,39.97298],[-100.42159,39.97304],[-100.4217,39.95846],[-100.4097,39.95855]]],[[[-100.59017,40.00001],[-100.59046,39.97304],[-100.60895,39.97312],[-100.60903,39.95863],[-100.646,39.95862],[-100.64581,39.94392],[-100.66474,39.94415],[-100.66463,39.95865],[-100.68335,39.95888],[-100.68365,39.94432],[-100.70253,39.94404],[-100.70223,39.97309],[-100.627,39.97309],[-100.62679,39.98759],[-100.60887,39.98762],[-100.60892,40.00189],[-100.59017,40.00198],[-100.59017,40.00001]]],[[[-101.61729,39.98845],[-101.61694,39.97395],[-101.63606,39.97405],[-101.63643,39.98855],[-101.61729,39.98845]]],[[[-100.96237,39.97329],[-100.96235,39.98774],[-100.94441,39.98774],[-100.94461,40.00225],[-100.92516,40.00218],[-100.92558,39.98784],[-100.90681,39.98788],[-100.90692,39.97329],[-100.92569,39.97331],[-100.92583,39.95876],[-100.94445,39.95888],[-100.94425,39.97324],[-100.96237,39.97329]]],[[[-100.98124,40.00001],[-100.98126,39.98756],[-101.00003,39.98769],[-101.00012,40.0023],[-100.98126,40.00227],[-100.98124,40.00001]]],[[[-101.22451,39.98746],[-101.18684,39.98751],[-101.18686,40.00257],[-101.13057,40.00265],[-101.13051,39.98744],[-101.14972,39.98761],[-101.14959,39.97301],[-101.18664,39.97309],[-101.18619,39.92943],[-101.22374,39.92959],[-101.22398,39.9585],[-101.20534,39.95847],[-101.20548,39.97301],[-101.22424,39.97298],[-101.22451,39.98746]]],[[[-101.22451,39.98746],[-101.24343,39.98747],[-101.24311,39.97311],[-101.26212,39.97319],[-101.26233,39.98762],[-101.28124,39.98767],[-101.28113,40.00261],[-101.22463,40.00257],[-101.22451,39.98746]]],[[[-101.4863,40],[-101.48598,39.98828],[-101.52327,39.98844],[-101.52356,40.00268],[-101.48639,40.00266],[-101.4863,40]]],[[[-101.61729,39.98845],[-101.61742,40],[-101.61677,40.00275],[-101.59861,40.00274],[-101.59832,39.98842],[-101.61729,39.98845]]],[[[-101.71214,40],[-101.71167,39.98829],[-101.73058,39.9881],[-101.73077,40.00289],[-101.71219,40.00291],[-101.71214,40]]]]},"properties":{"OBJECTID":3,"dtw_2022_2024_MANUAL_RANGE":"100.000001 - 150.000000","name":"Depth to water: 100 to 150","classLabel":"100 to 150","color":"#f7bc41","hasValue":true,"period":"2022\u20132024"}},{"type":"Feature","id":4,"geometry":{"type":"MultiPolygon","coordinates":[[[[-100.72366,37.01012],[-100.72372,36.9996],[-100.74144,36.99938],[-100.74147,37.00986],[-100.72366,37.01012]]],[[[-101.26592,37.00003],[-101.26598,36.99687],[-101.28417,36.99676],[-101.28403,37.0105],[-101.26576,37.01058],[-101.26592,37.00003]]],[[[-100.63304,37.02488],[-100.63323,37.01037],[-100.65107,37.01028],[-100.65105,37.02479],[-100.63304,37.02488]]],[[[-102.02592,37.01041],[-102.02588,36.99586],[-102.04216,36.99587],[-102.04224,37.01056],[-102.02592,37.01041]]],[[[-101.98973,37.02488],[-101.98961,37.01044],[-102.02592,37.01041],[-102.02596,37.02488],[-101.98973,37.02488]]],[[[-100.52472,37.05389],[-100.52426,37.03943],[-100.56041,37.03935],[-100.56074,37.05378],[-100.52472,37.05389]]],[[[-100.65155,37.05376],[-100.65103,37.03936],[-100.66936,37.03919],[-100.66958,37.05372],[-100.65155,37.05376]]],[[[-100.70645,37.06819],[-100.68826,37.06822],[-100.68762,37.05365],[-100.70605,37.05354],[-100.70645,37.06819]]],[[[-100.61573,37.08286],[-100.59766,37.08277],[-100.59716,37.05382],[-100.61527,37.0538],[-100.61573,37.08286]]],[[[-100.70645,37.06819],[-100.72452,37.06792],[-100.72474,37.08232],[-100.7069,37.08252],[-100.70645,37.06819]]],[[[-100.92228,37.07603],[-100.92234,37.0688],[-100.88633,37.06898],[-100.88634,37.05442],[-100.83228,37.05416],[-100.83224,37.03963],[-100.81412,37.03952],[-100.81409,37.01054],[-100.7957,37.01024],[-100.79633,36.99922],[-101.01269,36.99825],[-101.0126,37.0251],[-100.9764,37.02512],[-100.97624,37.06881],[-100.94052,37.06874],[-100.94052,37.08329],[-100.92234,37.08329],[-100.92228,37.07603]]],[[[-100.39829,37.09701],[-100.39818,37.06834],[-100.416,37.06834],[-100.41591,37.05398],[-100.43416,37.0539],[-100.43456,37.08287],[-100.41617,37.0828],[-100.41639,37.09711],[-100.39829,37.09701]]],[[[-100.50737,37.0972],[-100.50693,37.0683],[-100.48861,37.06829],[-100.48821,37.03952],[-100.50634,37.03945],[-100.50666,37.05393],[-100.52472,37.05389],[-100.52538,37.09723],[-100.50737,37.0972]]],[[[-100.61573,37.08286],[-100.6523,37.08283],[-100.65282,37.09738],[-100.61613,37.09733],[-100.61573,37.08286]]],[[[-100.72474,37.08232],[-100.74184,37.08238],[-100.74194,37.09693],[-100.72528,37.09695],[-100.72474,37.08232]]],[[[-100.65282,37.09738],[-100.67097,37.09729],[-100.67141,37.11212],[-100.65316,37.11201],[-100.65282,37.09738]]],[[[-100.74194,37.09693],[-100.7599,37.09725],[-100.75991,37.11185],[-100.74207,37.1118],[-100.74194,37.09693]]],[[[-101.60972,37.09801],[-101.60976,37.08352],[-101.62774,37.08352],[-101.62782,37.06894],[-101.66417,37.06905],[-101.66412,37.03994],[-101.77266,37.03975],[-101.77265,37.02526],[-101.98973,37.02488],[-101.98978,37.03948],[-101.8994,37.0396],[-101.89963,37.05409],[-101.86337,37.0541],[-101.86318,37.0396],[-101.84512,37.03963],[-101.84521,37.05413],[-101.75465,37.05447],[-101.75448,37.06899],[-101.73642,37.06903],[-101.7365,37.0835],[-101.70047,37.08355],[-101.70028,37.09835],[-101.60972,37.09801]]],[[[-100.75991,37.11185],[-100.77796,37.11175],[-100.77821,37.12623],[-100.76018,37.12607],[-100.75991,37.11185]]],[[[-100.83269,37.14114],[-100.81457,37.14096],[-100.81437,37.12646],[-100.83249,37.12661],[-100.83269,37.14114]]],[[[-100.72618,37.15523],[-100.70787,37.15517],[-100.70793,37.14072],[-100.72617,37.14068],[-100.72618,37.15523]]],[[[-100.83269,37.14114],[-100.85028,37.14134],[-100.85033,37.15582],[-100.8327,37.15571],[-100.83269,37.14114]]],[[[-100.34435,37.16922],[-100.34438,37.15463],[-100.36267,37.15472],[-100.36266,37.16929],[-100.34435,37.16922]]],[[[-100.72618,37.15523],[-100.74209,37.15517],[-100.7422,37.16982],[-100.72603,37.16981],[-100.72618,37.15523]]],[[[-100.50737,37.0972],[-100.50721,37.15527],[-100.48922,37.15528],[-100.4891,37.18424],[-100.47087,37.18428],[-100.47113,37.14067],[-100.4892,37.14067],[-100.48921,37.09718],[-100.50737,37.0972]]],[[[-101.97178,37.12503],[-101.9717,37.11192],[-102.04202,37.1121],[-102.04203,37.15623],[-102.00841,37.156],[-102.00827,37.14127],[-101.97192,37.14146],[-101.97178,37.12503]]],[[[-100.79683,37.17555],[-100.79674,37.17004],[-100.81478,37.17019],[-100.81483,37.18472],[-100.79696,37.18457],[-100.79683,37.17555]]],[[[-100.81524,37.20554],[-100.81515,37.19935],[-100.8332,37.1994],[-100.83341,37.2137],[-100.81535,37.21363],[-100.81524,37.20554]]],[[[-100.90509,37.2137],[-100.86864,37.21375],[-100.86833,37.18499],[-100.90474,37.18456],[-100.90509,37.2137]]],[[[-100.90509,37.2137],[-100.92312,37.21368],[-100.923,37.22817],[-100.90493,37.22832],[-100.90509,37.2137]]],[[[-100.90484,37.2573],[-100.88684,37.25738],[-100.88673,37.24286],[-100.90494,37.24303],[-100.90484,37.2573]]],[[[-100.94125,37.25003],[-100.94122,37.24246],[-100.95923,37.24263],[-100.95934,37.25717],[-100.94121,37.25716],[-100.94125,37.25003]]],[[[-101.30284,37.23567],[-101.30282,37.2281],[-101.33889,37.2282],[-101.33913,37.25727],[-101.30293,37.25718],[-101.30284,37.23567]]],[[[-101.60972,37.09801],[-101.60966,37.11263],[-101.59189,37.11253],[-101.59189,37.12698],[-101.57388,37.12692],[-101.57389,37.14138],[-101.53765,37.14122],[-101.53772,37.19924],[-101.55579,37.19937],[-101.5559,37.21397],[-101.5922,37.2142],[-101.59293,37.2286],[-101.51972,37.22824],[-101.51986,37.25753],[-101.50165,37.25724],[-101.50145,37.19902],[-101.48367,37.19897],[-101.48341,37.15555],[-101.50129,37.15551],[-101.50137,37.14103],[-101.51962,37.14105],[-101.51953,37.11195],[-101.53768,37.11203],[-101.53738,37.08299],[-101.5556,37.08312],[-101.55585,37.09769],[-101.60972,37.09801]]],[[[-100.90484,37.2573],[-100.92293,37.25718],[-100.92296,37.27177],[-100.90492,37.27171],[-100.90484,37.2573]]],[[[-101.53805,37.25732],[-101.53813,37.24296],[-101.64661,37.24346],[-101.64652,37.25787],[-101.53805,37.25732]]],[[[-100.23608,37.27084],[-100.23606,37.25625],[-100.25405,37.25647],[-100.25392,37.24185],[-100.27198,37.24189],[-100.27203,37.25643],[-100.2904,37.25644],[-100.2906,37.28561],[-100.23612,37.28538],[-100.23608,37.27084]]],[[[-100.92296,37.27177],[-100.94147,37.27167],[-100.94137,37.28615],[-100.92303,37.28618],[-100.92296,37.27177]]],[[[-100.97726,37.28605],[-100.95918,37.28618],[-100.95926,37.27172],[-100.9773,37.27163],[-100.97726,37.28605]]],[[[-101.81005,37.25981],[-101.81001,37.24357],[-101.82772,37.24341],[-101.82767,37.22885],[-101.88179,37.22904],[-101.88202,37.25805],[-101.86405,37.25798],[-101.86406,37.27259],[-101.81021,37.27246],[-101.81005,37.25981]]],[[[-100.41701,37.28553],[-100.41702,37.27099],[-100.45329,37.27109],[-100.45329,37.25653],[-100.43516,37.25651],[-100.43511,37.24187],[-100.41691,37.24185],[-100.41688,37.22725],[-100.43504,37.22717],[-100.43497,37.21274],[-100.45305,37.21283],[-100.453,37.19828],[-100.48918,37.19884],[-100.48931,37.22757],[-100.45332,37.22725],[-100.45327,37.24185],[-100.47151,37.24182],[-100.47147,37.30046],[-100.43517,37.30019],[-100.4351,37.28559],[-100.41701,37.28553]]],[[[-101.52003,37.28638],[-101.51986,37.25753],[-101.53805,37.25732],[-101.53812,37.28648],[-101.52003,37.28638]]],[[[-100.97726,37.28605],[-100.99528,37.28603],[-100.99558,37.30093],[-100.97745,37.30075],[-100.97726,37.28605]]],[[[-100.381,37.31457],[-100.38105,37.28546],[-100.41701,37.28553],[-100.41701,37.30008],[-100.3992,37.3],[-100.39924,37.31451],[-100.381,37.31457]]],[[[-100.94148,37.31544],[-100.94168,37.30082],[-100.95924,37.30085],[-100.95917,37.31522],[-100.94148,37.31544]]],[[[-101.01412,37.31503],[-101.01395,37.30087],[-101.03207,37.30057],[-101.03218,37.31498],[-101.01412,37.31503]]],[[[-100.9774,37.32249],[-100.97751,37.31517],[-100.99559,37.31497],[-100.99571,37.32936],[-100.97755,37.3296],[-100.9774,37.32249]]],[[[-101.23086,37.32961],[-101.23074,37.31503],[-101.24875,37.31503],[-101.24884,37.32962],[-101.23086,37.32961]]],[[[-101.24875,37.31503],[-101.24888,37.3005],[-101.26709,37.30053],[-101.26699,37.28607],[-101.28464,37.28613],[-101.28463,37.30067],[-101.30293,37.30072],[-101.30283,37.3298],[-101.28474,37.32977],[-101.28467,37.31522],[-101.24875,37.31503]]],[[[-101.46601,37.33008],[-101.46584,37.3154],[-101.48417,37.31543],[-101.484,37.27179],[-101.50166,37.27179],[-101.50172,37.28639],[-101.52003,37.28638],[-101.51998,37.31557],[-101.50182,37.31548],[-101.50189,37.33008],[-101.46601,37.33008]]],[[[-101.46601,37.33008],[-101.46596,37.34462],[-101.44782,37.34455],[-101.44781,37.33002],[-101.46601,37.33008]]],[[[-101.28499,37.37352],[-101.28489,37.34434],[-101.30288,37.34433],[-101.30328,37.37348],[-101.28499,37.37352]]],[[[-99.19296,37.39788],[-99.19264,37.38334],[-99.21109,37.3833],[-99.2112,37.39776],[-99.19296,37.39788]]],[[[-99.8481,37.38981],[-99.84768,37.38261],[-99.83392,37.38233],[-99.83419,37.35326],[-99.85215,37.35385],[-99.85195,37.36818],[-99.87008,37.36821],[-99.87019,37.35378],[-99.92476,37.35429],[-99.92453,37.33973],[-100.01877,37.34169],[-100.01886,37.35631],[-100.00089,37.35587],[-100.00091,37.37051],[-99.96199,37.36996],[-99.96215,37.38445],[-99.88488,37.38322],[-99.88523,37.39742],[-99.84846,37.39702],[-99.8481,37.38981]]],[[[-100.12585,37.40175],[-100.10739,37.40173],[-100.1074,37.38715],[-100.0916,37.38693],[-100.09165,37.37234],[-100.1099,37.37269],[-100.11001,37.38714],[-100.12589,37.38715],[-100.12585,37.40175]]],[[[-101.0713,37.4024],[-101.03489,37.40248],[-101.03485,37.38781],[-101.03222,37.38781],[-101.03236,37.3727],[-101.01414,37.37285],[-101.01403,37.34387],[-101.03213,37.34379],[-101.03226,37.32922],[-101.05023,37.32938],[-101.05042,37.38768],[-101.07118,37.38776],[-101.0713,37.4024]]],[[[-100.12585,37.40175],[-100.1441,37.40179],[-100.14403,37.43108],[-100.12572,37.43109],[-100.12585,37.40175]]],[[[-101.16219,37.41696],[-101.16229,37.4024],[-101.18016,37.40241],[-101.17972,37.417],[-101.16219,37.41696]]],[[[-101.0713,37.4024],[-101.12573,37.4023],[-101.12589,37.3879],[-101.16208,37.38789],[-101.16229,37.4024],[-101.1443,37.40244],[-101.14396,37.41694],[-101.16219,37.41696],[-101.16204,37.43128],[-101.12566,37.4315],[-101.12582,37.41692],[-101.07106,37.41686],[-101.0713,37.4024]]],[[[-101.23086,37.32961],[-101.23099,37.37332],[-101.28499,37.37352],[-101.28509,37.38807],[-101.25299,37.38801],[-101.25291,37.40251],[-101.23475,37.40239],[-101.23456,37.41701],[-101.271,37.41693],[-101.27102,37.43122],[-101.21642,37.43119],[-101.21653,37.4169],[-101.19843,37.41668],[-101.19844,37.40235],[-101.2166,37.40236],[-101.21668,37.38796],[-101.21291,37.38795],[-101.21257,37.32955],[-101.23086,37.32961]]],[[[-101.28903,37.43115],[-101.28932,37.41686],[-101.34392,37.41706],[-101.34387,37.43152],[-101.28903,37.43115]]],[[[-101.27102,37.43122],[-101.28903,37.43115],[-101.28899,37.44574],[-101.27097,37.44584],[-101.27102,37.43122]]],[[[-102.01721,37.44769],[-102.01724,37.43308],[-102.04184,37.43326],[-102.04188,37.44784],[-102.01721,37.44769]]],[[[-101.64661,37.24346],[-101.64665,37.2289],[-101.66486,37.22901],[-101.66443,37.21438],[-101.68273,37.21442],[-101.68246,37.19984],[-101.70075,37.19991],[-101.70094,37.18538],[-101.77346,37.18541],[-101.77351,37.21436],[-101.75521,37.21436],[-101.75542,37.24342],[-101.73713,37.24333],[-101.73696,37.25797],[-101.71892,37.25799],[-101.71903,37.27249],[-101.68249,37.27247],[-101.68277,37.28685],[-101.71912,37.2869],[-101.71921,37.31607],[-101.77391,37.31621],[-101.77385,37.3308],[-101.79172,37.33074],[-101.79176,37.34517],[-101.88255,37.34525],[-101.88251,37.35988],[-101.86407,37.35989],[-101.86406,37.37433],[-101.84591,37.37448],[-101.84612,37.38896],[-101.87163,37.38898],[-101.87161,37.40348],[-101.92618,37.40371],[-101.92611,37.41817],[-101.94422,37.41821],[-101.94403,37.4474],[-102.01721,37.44769],[-102.01709,37.4623],[-101.98052,37.46217],[-101.98057,37.47679],[-101.96218,37.47667],[-101.96222,37.49107],[-101.90746,37.4909],[-101.90751,37.47647],[-101.87106,37.47624],[-101.8713,37.44717],[-101.85308,37.44713],[-101.85315,37.43254],[-101.76234,37.43224],[-101.76248,37.41766],[-101.78076,37.41791],[-101.78075,37.38881],[-101.737,37.38872],[-101.73741,37.37438],[-101.70182,37.37423],[-101.70151,37.34494],[-101.68328,37.34499],[-101.68308,37.31584],[-101.66478,37.31589],[-101.66474,37.30146],[-101.64644,37.30138],[-101.64642,37.28694],[-101.66462,37.28699],[-101.66481,37.24358],[-101.64661,37.24346]]],[[[-99.42957,37.48315],[-99.41116,37.48311],[-99.41124,37.49803],[-99.42955,37.49799],[-99.42957,37.48315],[-99.4477,37.48306],[-99.48415,37.48302],[-99.48421,37.4977],[-99.50041,37.49771],[-99.50228,37.4977],[-99.50215,37.46807],[-99.61065,37.46759],[-99.61095,37.4823],[-99.62913,37.4822],[-99.62881,37.46743],[-99.64704,37.46727],[-99.6468,37.43841],[-99.68314,37.43832],[-99.68345,37.46719],[-99.66514,37.46714],[-99.6654,37.48198],[-99.64738,37.48219],[-99.64761,37.4972],[-99.62938,37.49719],[-99.62965,37.51215],[-99.5932,37.51249],[-99.59333,37.52742],[-99.55681,37.5276],[-99.5568,37.52681],[-99.48428,37.52719],[-99.48438,37.54189],[-99.41189,37.54218],[-99.39364,37.5422],[-99.39334,37.52746],[-99.35706,37.52765],[-99.35747,37.55714],[-99.32117,37.55727],[-99.3209,37.54254],[-99.3028,37.5426],[-99.3026,37.52791],[-99.32065,37.5278],[-99.32043,37.51309],[-99.35674,37.51302],[-99.35612,37.48355],[-99.39284,37.48328],[-99.39274,37.46852],[-99.42943,37.46798],[-99.42957,37.48315]]],[[[-99.23012,37.55759],[-99.2302,37.52813],[-99.24833,37.52804],[-99.24835,37.5428],[-99.28471,37.54268],[-99.28479,37.55742],[-99.23012,37.55759]]],[[[-101.98019,37.52048],[-101.98036,37.50578],[-101.99869,37.50589],[-101.99855,37.52047],[-101.98019,37.52048]]],[[[-99.90644,37.51477],[-99.92467,37.51522],[-99.9247,37.5005],[-99.90649,37.50003],[-99.90644,37.51477],[-99.86938,37.51406],[-99.86937,37.49928],[-99.8316,37.49835],[-99.83185,37.52782],[-99.85074,37.52838],[-99.85064,37.51369],[-99.86938,37.51406],[-99.86946,37.54356],[-99.83196,37.54261],[-99.83218,37.55752],[-99.81354,37.55713],[-99.81374,37.57188],[-99.77609,37.57119],[-99.77587,37.55646],[-99.73962,37.55647],[-99.7395,37.54166],[-99.72125,37.54168],[-99.72098,37.52679],[-99.70279,37.52678],[-99.70213,37.49697],[-99.72035,37.49704],[-99.72073,37.51196],[-99.77541,37.51195],[-99.77506,37.49711],[-99.75686,37.49713],[-99.75655,37.48221],[-99.83144,37.4836],[-99.83092,37.45446],[-99.84989,37.45479],[-99.85011,37.46931],[-99.86893,37.46973],[-99.8688,37.45531],[-99.92439,37.45632],[-99.92477,37.47103],[-99.9431,37.47146],[-99.94304,37.48613],[-99.96118,37.48655],[-99.96123,37.50135],[-99.94306,37.5009],[-99.94289,37.5303],[-99.92471,37.5299],[-99.92473,37.54455],[-99.90648,37.54421],[-99.90622,37.55892],[-99.88817,37.55848],[-99.8882,37.52914],[-99.90645,37.52953],[-99.90644,37.51477]]],[[[-99.97938,37.54578],[-99.9793,37.57512],[-99.96106,37.57475],[-99.96116,37.54536],[-99.97938,37.54578]]],[[[-101.98019,37.52048],[-101.98012,37.53495],[-101.99836,37.53504],[-101.99855,37.52047],[-102.01671,37.52058],[-102.01647,37.54955],[-101.94348,37.5493],[-101.94362,37.56383],[-101.88883,37.56373],[-101.88893,37.54927],[-101.92541,37.54928],[-101.92524,37.53458],[-101.96184,37.5347],[-101.96202,37.52017],[-101.98019,37.52048]]],[[[-101.32699,37.58372],[-101.32676,37.54739],[-101.4171,37.54762],[-101.41712,37.56209],[-101.39966,37.56207],[-101.39989,37.57661],[-101.34521,37.57647],[-101.34526,37.591],[-101.32702,37.59096],[-101.32699,37.58372]]],[[[-99.90642,37.61794],[-99.86982,37.61729],[-99.86976,37.60256],[-99.9064,37.6032],[-99.90642,37.61794]]],[[[-99.96072,37.76479],[-99.92429,37.76444],[-99.92439,37.75003],[-99.96065,37.75035],[-99.96072,37.76479]]],[[[-100.63359,37.78025],[-100.61536,37.78022],[-100.61588,37.73661],[-100.63393,37.73648],[-100.63359,37.78025]]],[[[-99.96072,37.76479],[-100.06957,37.76579],[-100.06976,37.79482],[-100.03332,37.79478],[-100.0331,37.78019],[-99.99653,37.77988],[-99.9967,37.79465],[-99.9789,37.79425],[-99.97907,37.77966],[-99.96076,37.77937],[-99.96072,37.76479]]],[[[-101.36391,37.77995],[-101.364,37.75072],[-101.38237,37.75075],[-101.3824,37.77996],[-101.36391,37.77995]]],[[[-101.77962,37.76641],[-101.79796,37.76665],[-101.79795,37.781],[-101.77965,37.78087],[-101.77962,37.76641]]],[[[-101.79795,37.781],[-101.83464,37.78147],[-101.83455,37.79597],[-101.79788,37.79551],[-101.79795,37.781]]],[[[-101.77962,37.76641],[-101.76141,37.76621],[-101.76139,37.7517],[-101.74331,37.75153],[-101.7433,37.73698],[-101.70846,37.73691],[-101.7085,37.72242],[-101.69021,37.72245],[-101.68998,37.70796],[-101.72679,37.70793],[-101.7267,37.69341],[-101.7614,37.69361],[-101.76151,37.67918],[-101.77981,37.67953],[-101.77978,37.70841],[-101.85217,37.709],[-101.85215,37.72357],[-101.8888,37.72361],[-101.88856,37.76724],[-101.90686,37.76733],[-101.90681,37.78171],[-101.88856,37.78181],[-101.88834,37.81068],[-101.8518,37.81042],[-101.85195,37.79594],[-101.87022,37.79628],[-101.87008,37.75268],[-101.81624,37.75227],[-101.81612,37.73777],[-101.77951,37.73736],[-101.77962,37.76641]]],[[[-101.40046,37.82829],[-101.40027,37.80905],[-101.43612,37.80924],[-101.43619,37.82816],[-101.40046,37.82829]]],[[[-101.88834,37.81068],[-101.90667,37.81076],[-101.90676,37.82693],[-101.88835,37.82691],[-101.88834,37.81068]]],[[[-101.92648,37.84137],[-101.90818,37.84143],[-101.90832,37.82695],[-101.92512,37.82697],[-101.92509,37.81087],[-101.94347,37.811],[-101.94347,37.82699],[-101.92655,37.82698],[-101.92648,37.84137]]],[[[-100.50163,37.85678],[-100.53777,37.85675],[-100.53761,37.87141],[-100.50147,37.87137],[-100.50163,37.85678]]],[[[-99.90642,37.61794],[-99.96101,37.61879],[-99.96103,37.60401],[-99.99719,37.60466],[-99.99709,37.61932],[-100.05213,37.61991],[-100.05207,37.63449],[-100.14301,37.63521],[-100.14325,37.62076],[-100.10675,37.62044],[-100.10689,37.6059],[-100.08882,37.60571],[-100.08885,37.59112],[-100.01517,37.59027],[-100.0152,37.5757],[-99.99712,37.57545],[-99.99729,37.54615],[-99.97938,37.54578],[-99.97952,37.50169],[-100.03417,37.5028],[-100.03432,37.51742],[-100.07088,37.51798],[-100.07086,37.54719],[-100.18012,37.54795],[-100.18039,37.51876],[-100.19875,37.51879],[-100.19878,37.50424],[-100.23424,37.50425],[-100.23435,37.48973],[-100.25247,37.48969],[-100.2526,37.47517],[-100.23451,37.47525],[-100.23453,37.44576],[-100.25258,37.44576],[-100.25261,37.43102],[-100.30698,37.43111],[-100.30703,37.41656],[-100.34342,37.41663],[-100.34353,37.40189],[-100.32515,37.4018],[-100.32555,37.38719],[-100.32689,37.38719],[-100.32649,37.358],[-100.34476,37.35792],[-100.34468,37.31444],[-100.381,37.31457],[-100.38106,37.34346],[-100.36289,37.34339],[-100.36288,37.37247],[-100.38101,37.37252],[-100.38096,37.38718],[-100.36168,37.38713],[-100.36168,37.40186],[-100.37965,37.40184],[-100.37967,37.41654],[-100.36155,37.4166],[-100.36122,37.43122],[-100.3251,37.43113],[-100.32516,37.44566],[-100.3796,37.44581],[-100.37956,37.46024],[-100.41588,37.46001],[-100.41587,37.47473],[-100.47018,37.47479],[-100.47036,37.50392],[-100.50672,37.50397],[-100.5068,37.51843],[-100.54321,37.51851],[-100.54317,37.54749],[-100.56145,37.54746],[-100.56142,37.56224],[-100.59783,37.56217],[-100.59778,37.57671],[-100.57971,37.57661],[-100.57952,37.59129],[-100.54319,37.59135],[-100.54321,37.57688],[-100.5253,37.5769],[-100.52507,37.60596],[-100.50678,37.60591],[-100.50681,37.62037],[-100.48851,37.62038],[-100.48861,37.60596],[-100.47029,37.6059],[-100.47031,37.59132],[-100.48864,37.59135],[-100.48857,37.57685],[-100.50689,37.57685],[-100.50686,37.56227],[-100.47026,37.56224],[-100.47039,37.57683],[-100.45203,37.57678],[-100.452,37.54755],[-100.47032,37.54759],[-100.47033,37.53306],[-100.43369,37.53301],[-100.43371,37.51848],[-100.41583,37.51846],[-100.4159,37.50378],[-100.39789,37.50369],[-100.39787,37.4892],[-100.36131,37.48934],[-100.3613,37.47477],[-100.3431,37.47483],[-100.34309,37.50388],[-100.27064,37.5042],[-100.27057,37.51878],[-100.25245,37.51883],[-100.2523,37.53332],[-100.23405,37.53334],[-100.23384,37.56253],[-100.21571,37.5626],[-100.21555,37.57727],[-100.16181,37.57731],[-100.16175,37.59185],[-100.14348,37.59173],[-100.14349,37.57711],[-100.12531,37.577],[-100.12512,37.60609],[-100.16157,37.60634],[-100.16148,37.62084],[-100.17942,37.62094],[-100.17939,37.63533],[-100.21526,37.63544],[-100.21509,37.66452],[-100.10633,37.66412],[-100.10636,37.67865],[-100.19724,37.67895],[-100.19705,37.69353],[-100.25141,37.69348],[-100.2514,37.67902],[-100.30658,37.67906],[-100.30668,37.66457],[-100.32451,37.6646],[-100.32441,37.67918],[-100.3426,37.67931],[-100.34262,37.66448],[-100.41565,37.66429],[-100.41567,37.64969],[-100.45186,37.64969],[-100.45189,37.66424],[-100.48829,37.66403],[-100.48835,37.69317],[-100.47004,37.69318],[-100.4701,37.67863],[-100.45183,37.67878],[-100.4518,37.69317],[-100.41556,37.69344],[-100.41564,37.7081],[-100.39732,37.7082],[-100.39711,37.73728],[-100.37891,37.73735],[-100.37892,37.75192],[-100.54283,37.75152],[-100.54272,37.76607],[-100.56092,37.76597],[-100.56074,37.78047],[-100.57897,37.78028],[-100.57878,37.79513],[-100.54243,37.79527],[-100.5423,37.80987],[-100.5969,37.80983],[-100.59689,37.82857],[-100.63318,37.82867],[-100.63359,37.78025],[-100.65197,37.78037],[-100.65179,37.80968],[-100.66986,37.80971],[-100.67002,37.795],[-100.68809,37.79502],[-100.68795,37.80973],[-100.76115,37.80959],[-100.7608,37.82911],[-100.79276,37.82928],[-100.79261,37.84382],[-100.81083,37.84391],[-100.81071,37.85848],[-100.77426,37.85824],[-100.77417,37.87274],[-100.73785,37.87269],[-100.73779,37.85837],[-100.70134,37.85816],[-100.70139,37.84346],[-100.62873,37.84329],[-100.62858,37.85742],[-100.61034,37.85754],[-100.61051,37.8431],[-100.57393,37.84263],[-100.57414,37.82838],[-100.50653,37.82805],[-100.50633,37.80985],[-100.4699,37.80994],[-100.46976,37.79537],[-100.4334,37.7956],[-100.43347,37.78096],[-100.32407,37.78107],[-100.32406,37.76648],[-100.306,37.76647],[-100.30601,37.73725],[-100.26964,37.73712],[-100.26965,37.72262],[-100.17897,37.72244],[-100.17899,37.70793],[-100.16076,37.70795],[-100.16068,37.72243],[-100.14247,37.72247],[-100.14258,37.70808],[-100.10614,37.70773],[-100.10623,37.69321],[-100.07,37.69292],[-100.07011,37.67837],[-100.05182,37.67828],[-100.05183,37.66371],[-100.03358,37.66359],[-100.03354,37.67818],[-100.01523,37.67801],[-100.01531,37.66339],[-99.97921,37.66305],[-99.97911,37.64856],[-99.96102,37.64828],[-99.96099,37.63353],[-99.90644,37.63266],[-99.90642,37.61794]]],[[[-100.30641,37.72272],[-100.32427,37.72278],[-100.32415,37.7083],[-100.3064,37.70815],[-100.30641,37.72272]]],[[[-100.3072,37.4603],[-100.28886,37.46033],[-100.28896,37.47503],[-100.30702,37.4749],[-100.3072,37.4603]]],[[[-101.92648,37.84137],[-101.94476,37.84135],[-101.94487,37.827],[-101.96299,37.82696],[-101.96302,37.84142],[-101.99959,37.84132],[-101.99965,37.85584],[-101.92637,37.85601],[-101.92648,37.84137]]],[[[-100.64668,37.88655],[-100.57375,37.88607],[-100.57373,37.87162],[-100.64678,37.87212],[-100.64668,37.88655]]],[[[-101.19477,37.90102],[-101.19514,37.87207],[-101.21314,37.87207],[-101.21306,37.85743],[-101.23135,37.85736],[-101.23148,37.84282],[-101.26777,37.84287],[-101.26756,37.82833],[-101.2716,37.82833],[-101.27187,37.79396],[-101.34575,37.79441],[-101.34559,37.7799],[-101.36391,37.77995],[-101.3639,37.7944],[-101.38226,37.79448],[-101.38196,37.8091],[-101.32742,37.80891],[-101.32746,37.82818],[-101.3227,37.82818],[-101.32264,37.84261],[-101.30443,37.84268],[-101.30429,37.85714],[-101.26772,37.85735],[-101.26776,37.8718],[-101.24965,37.87188],[-101.24949,37.88641],[-101.23146,37.88647],[-101.23129,37.90092],[-101.19477,37.90102]]],[[[-101.15813,37.91578],[-101.15823,37.90137],[-101.19477,37.90102],[-101.19475,37.91546],[-101.15813,37.91578]]],[[[-100.77417,37.87274],[-100.82878,37.87301],[-100.82911,37.88783],[-100.84736,37.88814],[-100.84711,37.90213],[-100.88367,37.90253],[-100.88359,37.91702],[-100.92019,37.91691],[-100.92014,37.93146],[-100.93805,37.93115],[-100.93853,37.94579],[-100.97526,37.94566],[-100.97485,37.96],[-100.90176,37.96037],[-100.90179,37.94586],[-100.86545,37.94595],[-100.86539,37.93155],[-100.82892,37.93136],[-100.8295,37.90217],[-100.79258,37.90216],[-100.79251,37.88743],[-100.77403,37.88727],[-100.77417,37.87274]]],[[[-100.97485,37.96],[-100.99322,37.96012],[-100.99301,37.94559],[-101.06642,37.94517],[-101.06657,37.93068],[-101.10302,37.93042],[-101.10297,37.91605],[-101.15813,37.91578],[-101.15797,37.9303],[-101.12125,37.93036],[-101.12124,37.94496],[-101.08478,37.94496],[-101.08469,37.95965],[-101.0482,37.95991],[-101.04831,37.97438],[-100.97516,37.97439],[-100.97485,37.96]]],[[[-101.30422,37.95882],[-101.30434,37.94418],[-101.34033,37.94414],[-101.34043,37.9295],[-101.32222,37.92963],[-101.32218,37.91512],[-101.3403,37.91503],[-101.34056,37.90046],[-101.37737,37.90036],[-101.3772,37.91508],[-101.35877,37.91493],[-101.3591,37.94415],[-101.37718,37.9442],[-101.37714,37.95875],[-101.34033,37.95863],[-101.3403,37.9732],[-101.32992,37.97323],[-101.32211,37.97324],[-101.32222,37.95864],[-101.30422,37.95882]]],[[[-101.3772,37.91508],[-101.43175,37.91515],[-101.43178,37.92968],[-101.45013,37.9296],[-101.45002,37.94402],[-101.46823,37.94395],[-101.46835,37.97311],[-101.45016,37.97334],[-101.45009,37.95875],[-101.43178,37.95886],[-101.43186,37.94407],[-101.41368,37.94412],[-101.4137,37.92975],[-101.37708,37.92963],[-101.3772,37.91508]]],[[[-101.26767,37.98782],[-101.26775,37.97316],[-101.28618,37.97325],[-101.28613,37.95873],[-101.30422,37.95882],[-101.30423,37.9878],[-101.26767,37.98782]]],[[[-101.26767,37.98782],[-101.26777,38.00235],[-101.24946,38.00237],[-101.24942,37.98795],[-101.26767,37.98782]]],[[[-101.46835,37.97311],[-101.48671,37.97294],[-101.48666,37.95849],[-101.52333,37.95855],[-101.52324,37.98766],[-101.54135,37.98758],[-101.54125,38.03129],[-101.52327,38.03148],[-101.52331,38.01681],[-101.48656,38.01693],[-101.48668,37.98755],[-101.46846,37.98767],[-101.46835,37.97311]]],[[[-101.24907,38.04629],[-101.21261,38.0464],[-101.21266,38.03177],[-101.1945,38.03194],[-101.19457,38.01739],[-101.21276,38.01717],[-101.21293,38.00252],[-101.23113,38.00244],[-101.23095,38.03166],[-101.24922,38.0317],[-101.24907,38.04629]]],[[[-99.67925,38.07293],[-99.64298,38.07281],[-99.64304,38.05816],[-99.62467,38.05818],[-99.62464,38.02902],[-99.64303,38.02909],[-99.64304,38.01464],[-99.6614,38.01468],[-99.6613,38.04381],[-99.67925,38.04387],[-99.67925,38.07293]]],[[[-99.53356,38.09472],[-99.53353,38.08777],[-99.55188,38.0875],[-99.55191,38.1022],[-99.53357,38.10221],[-99.53356,38.09472]]],[[[-99.58789,38.102],[-99.58776,38.08735],[-99.60626,38.08735],[-99.60622,38.0728],[-99.62463,38.07278],[-99.62462,38.1021],[-99.58789,38.102]]],[[[-99.67925,38.07293],[-99.69783,38.07291],[-99.69755,38.10243],[-99.67915,38.10202],[-99.67925,38.07293]]],[[[-99.58789,38.102],[-99.58798,38.11658],[-99.60638,38.11655],[-99.60639,38.13112],[-99.56968,38.13124],[-99.5696,38.10214],[-99.58789,38.102]]],[[[-101.41398,38.14755],[-101.41398,38.13321],[-101.39567,38.13324],[-101.39562,38.11869],[-101.37717,38.11877],[-101.3771,38.09],[-101.34046,38.09009],[-101.34035,38.07524],[-101.32218,38.07546],[-101.32214,38.06086],[-101.24905,38.06084],[-101.24907,38.04629],[-101.34046,38.0461],[-101.34044,38.06075],[-101.35881,38.06075],[-101.35873,38.07538],[-101.41375,38.0753],[-101.41378,38.08983],[-101.4683,38.08973],[-101.46842,38.10428],[-101.48672,38.10421],[-101.48683,38.11865],[-101.46849,38.11871],[-101.46855,38.14762],[-101.45015,38.14756],[-101.45026,38.16219],[-101.43199,38.16225],[-101.43185,38.14766],[-101.41398,38.14755]]],[[[-100.50163,37.85678],[-100.465,37.8567],[-100.46501,37.87107],[-100.48325,37.87117],[-100.48297,37.90004],[-100.51914,37.90023],[-100.51914,37.91455],[-100.55535,37.91477],[-100.55516,37.94368],[-100.60989,37.94419],[-100.61006,37.92971],[-100.62837,37.9299],[-100.62808,37.95884],[-100.64648,37.95899],[-100.64678,37.93],[-100.66457,37.93012],[-100.66471,37.91566],[-100.64689,37.91547],[-100.64668,37.88655],[-100.68321,37.88685],[-100.68327,37.90135],[-100.71948,37.90163],[-100.7197,37.91617],[-100.7563,37.91658],[-100.75626,37.94552],[-100.79254,37.94568],[-100.79234,37.97469],[-100.81066,37.97469],[-100.81088,38.01834],[-100.79257,38.01826],[-100.7926,38.00369],[-100.77419,38.00359],[-100.77413,38.03258],[-100.79245,38.03269],[-100.79237,38.0472],[-100.80155,38.04726],[-100.81073,38.04728],[-100.81088,38.01834],[-100.82929,38.01836],[-100.82924,38.03281],[-100.84762,38.03281],[-100.84688,38.1055],[-100.84747,38.16348],[-100.82907,38.16332],[-100.82917,38.17784],[-100.79246,38.17751],[-100.7924,38.14849],[-100.77412,38.14835],[-100.77396,38.13393],[-100.75599,38.13389],[-100.75575,38.04657],[-100.73736,38.04656],[-100.73725,38.0321],[-100.71912,38.03189],[-100.71916,38.01747],[-100.70092,38.01715],[-100.70092,38.00288],[-100.64632,38.00238],[-100.64635,37.98783],[-100.57318,37.98737],[-100.57319,37.97292],[-100.53717,37.97264],[-100.5372,37.95807],[-100.48249,37.9578],[-100.48257,37.94334],[-100.40988,37.94315],[-100.40998,37.92869],[-100.3917,37.9287],[-100.39183,37.91423],[-100.37352,37.91424],[-100.3736,37.8998],[-100.35545,37.89974],[-100.35551,37.87089],[-100.33719,37.87084],[-100.33726,37.85627],[-100.28265,37.85612],[-100.28271,37.84171],[-100.20949,37.84135],[-100.20937,37.82686],[-100.19735,37.82677],[-100.19743,37.79515],[-100.21502,37.79515],[-100.21479,37.80972],[-100.39723,37.80996],[-100.39733,37.82756],[-100.4653,37.82777],[-100.4651,37.84229],[-100.5015,37.84239],[-100.50163,37.85678]]],[[[-101.35905,38.16262],[-101.35909,38.1769],[-101.32234,38.177],[-101.32232,38.16253],[-101.35905,38.16262]]],[[[-101.35905,38.16262],[-101.35894,38.14821],[-101.24923,38.148],[-101.24917,38.13346],[-101.23069,38.13355],[-101.23063,38.11915],[-101.21237,38.11918],[-101.2122,38.10462],[-101.19461,38.10474],[-101.19445,38.11925],[-101.17614,38.11934],[-101.17608,38.10484],[-101.1393,38.10484],[-101.13933,38.13388],[-101.04827,38.13416],[-101.0481,38.11968],[-101.02975,38.11979],[-101.02989,38.13429],[-100.95678,38.13441],[-100.95685,38.11993],[-100.90183,38.12002],[-100.90182,38.09112],[-100.88346,38.09114],[-100.88344,38.0476],[-100.86588,38.04749],[-100.86579,38.00395],[-101.06667,38.00334],[-101.06637,38.01779],[-101.12135,38.01792],[-101.12132,38.03243],[-101.1577,38.03204],[-101.15763,38.0903],[-101.17599,38.09024],[-101.17616,38.06113],[-101.19441,38.06107],[-101.1943,38.07572],[-101.24893,38.07545],[-101.24894,38.09011],[-101.32221,38.09008],[-101.32216,38.1046],[-101.35888,38.10458],[-101.35891,38.13358],[-101.39567,38.13324],[-101.39573,38.14779],[-101.41398,38.14755],[-101.41409,38.17675],[-101.37748,38.17691],[-101.37729,38.16267],[-101.35905,38.16262]]],[[[-101.08449,38.09049],[-101.08452,38.07592],[-101.06622,38.07589],[-101.06618,38.09056],[-101.08449,38.09049],[-101.0848,38.105],[-101.09393,38.10499],[-101.10269,38.10491],[-101.10256,38.09045],[-101.08449,38.09049]]],[[[-100.99278,38.09793],[-100.99279,38.09074],[-101.01112,38.09068],[-101.01111,38.07621],[-101.04798,38.07606],[-101.04796,38.0615],[-101.01117,38.06169],[-101.01106,38.04713],[-100.99309,38.04724],[-100.993,38.06172],[-100.97523,38.0617],[-100.97517,38.10527],[-100.99283,38.10526],[-100.99278,38.09793]]],[[[-101.13933,38.13388],[-101.23069,38.13355],[-101.23071,38.14802],[-101.21248,38.14812],[-101.21276,38.16272],[-101.17639,38.16281],[-101.17669,38.19183],[-101.15827,38.19189],[-101.15838,38.2064],[-101.14005,38.2063],[-101.13989,38.17736],[-101.12142,38.17736],[-101.12122,38.1629],[-101.1396,38.16292],[-101.13933,38.13388]]],[[[-100.81293,38.272],[-100.8129,38.26476],[-100.83122,38.26481],[-100.83173,38.29401],[-100.81325,38.29397],[-100.81293,38.272]]],[[[-101.10802,38.30819],[-101.10705,38.26452],[-101.14382,38.26448],[-101.14431,38.29351],[-101.12587,38.29356],[-101.12608,38.30817],[-101.10802,38.30819]]],[[[-99.23484,38.39394],[-99.23458,38.37941],[-99.26968,38.37943],[-99.27034,38.39395],[-99.25257,38.39421],[-99.2528,38.40868],[-99.235,38.40842],[-99.23484,38.39394]]],[[[-101.56734,38.3356],[-101.56736,38.29207],[-101.54901,38.29217],[-101.54904,38.2777],[-101.56742,38.27767],[-101.56746,38.26314],[-101.54229,38.26322],[-101.54236,38.2489],[-101.56079,38.24881],[-101.56055,38.21986],[-101.46902,38.22011],[-101.469,38.20571],[-101.56049,38.20536],[-101.56033,38.19062],[-101.57915,38.19086],[-101.57875,38.17599],[-101.59718,38.17592],[-101.59682,38.16151],[-101.61542,38.16134],[-101.6157,38.17584],[-101.65199,38.17563],[-101.65221,38.20463],[-101.68927,38.20452],[-101.68931,38.21903],[-101.74451,38.21896],[-101.74464,38.26255],[-101.73326,38.26263],[-101.7331,38.29149],[-101.7148,38.29152],[-101.71481,38.30594],[-101.67804,38.30629],[-101.67804,38.32068],[-101.65941,38.32077],[-101.65943,38.37882],[-101.64087,38.37867],[-101.64092,38.36437],[-101.60409,38.36442],[-101.60413,38.34987],[-101.56719,38.3501],[-101.56734,38.3356]]],[[[-100.98124,38.55474],[-100.98123,38.54026],[-101.01752,38.54023],[-101.01744,38.52579],[-101.03586,38.52571],[-101.03587,38.54013],[-101.05422,38.54008],[-101.05419,38.55454],[-100.98124,38.55474]]],[[[-101.69712,38.56718],[-101.67832,38.5673],[-101.6784,38.55281],[-101.69714,38.55267],[-101.69712,38.56718]]],[[[-100.90729,38.55493],[-100.92582,38.55487],[-100.92583,38.54045],[-100.96305,38.54026],[-100.9632,38.55471],[-100.94452,38.55485],[-100.94456,38.5838],[-100.92594,38.58376],[-100.92595,38.56932],[-100.9074,38.56943],[-100.90729,38.55493]]],[[[-101.91973,38.56732],[-101.91965,38.55283],[-101.938,38.55274],[-101.93821,38.5673],[-101.91973,38.56732]]],[[[-101.20172,38.57642],[-101.20183,38.56906],[-101.12792,38.56897],[-101.12786,38.55439],[-101.09144,38.55451],[-101.09139,38.54006],[-101.12773,38.54001],[-101.12773,38.52552],[-101.22023,38.52532],[-101.22031,38.51098],[-101.23862,38.51089],[-101.23833,38.52527],[-101.25713,38.52522],[-101.25687,38.51072],[-101.31273,38.51061],[-101.31265,38.49618],[-101.40464,38.49583],[-101.40426,38.46679],[-101.44109,38.46683],[-101.4413,38.48114],[-101.4763,38.48116],[-101.47644,38.49574],[-101.51328,38.4955],[-101.51334,38.51006],[-101.55008,38.50983],[-101.55032,38.53893],[-101.51337,38.53912],[-101.51333,38.56817],[-101.4234,38.56855],[-101.42336,38.55392],[-101.41408,38.55393],[-101.38636,38.5541],[-101.38633,38.56863],[-101.34945,38.56879],[-101.34948,38.55416],[-101.3128,38.55432],[-101.3128,38.56903],[-101.27565,38.56955],[-101.27569,38.58438],[-101.25044,38.58362],[-101.20161,38.58372],[-101.20172,38.57642]]],[[[-101.7906,38.6111],[-101.80919,38.6111],[-101.80927,38.62549],[-101.79064,38.62552],[-101.7906,38.6111]]],[[[-101.5321,38.64075],[-101.53197,38.62619],[-101.55052,38.62608],[-101.55051,38.64062],[-101.5321,38.64075]]],[[[-100.92583,38.54045],[-100.90719,38.54048],[-100.90729,38.55493],[-100.88906,38.55512],[-100.88932,38.56963],[-100.87075,38.56981],[-100.8716,38.64236],[-100.88977,38.64193],[-100.88994,38.65652],[-100.87139,38.6567],[-100.87151,38.67112],[-100.85335,38.67101],[-100.85306,38.64228],[-100.83455,38.64246],[-100.83415,38.62802],[-100.81574,38.62813],[-100.81559,38.59924],[-100.79699,38.59921],[-100.79691,38.58468],[-100.77918,38.58467],[-100.77889,38.56963],[-100.79682,38.57011],[-100.7967,38.55559],[-100.81522,38.55543],[-100.81516,38.54094],[-100.87048,38.54073],[-100.87044,38.51171],[-100.88881,38.5115],[-100.88875,38.52601],[-100.92565,38.52589],[-100.92583,38.54045]]],[[[-101.82802,38.65456],[-101.82791,38.64006],[-101.86491,38.63999],[-101.86504,38.65453],[-101.82802,38.65456]]],[[[-100.99949,38.67076],[-101.00019,38.68518],[-100.98167,38.68498],[-100.98106,38.67067],[-100.99949,38.67076]]],[[[-100.99949,38.67076],[-100.99955,38.65617],[-100.96298,38.6561],[-100.96258,38.64156],[-100.94435,38.64148],[-100.94408,38.62713],[-100.96238,38.62706],[-100.96304,38.56923],[-100.98133,38.56919],[-100.9815,38.58366],[-101.036,38.58361],[-101.036,38.59813],[-101.07307,38.59807],[-101.07296,38.58348],[-101.14644,38.58341],[-101.14667,38.59809],[-101.2205,38.59847],[-101.22071,38.61295],[-101.23878,38.61293],[-101.23875,38.62756],[-101.25717,38.62739],[-101.25721,38.64212],[-101.27563,38.64201],[-101.27552,38.67117],[-101.23864,38.67136],[-101.23866,38.65685],[-101.2023,38.6566],[-101.20245,38.67134],[-101.14666,38.67058],[-101.1467,38.68519],[-101.11042,38.68539],[-101.11035,38.67074],[-101.09174,38.67093],[-101.09179,38.68543],[-101.0734,38.68501],[-101.07356,38.67044],[-101.05499,38.67051],[-101.05501,38.68509],[-101.01785,38.6851],[-101.01795,38.67069],[-100.99949,38.67076]]],[[[-101.39115,38.72987],[-101.35434,38.73031],[-101.35456,38.7158],[-101.39131,38.71524],[-101.39115,38.72987]]],[[[-101.29877,38.74495],[-101.29887,38.73039],[-101.31773,38.73042],[-101.31725,38.74513],[-101.29877,38.74495]]],[[[-101.29877,38.74495],[-101.29839,38.75949],[-101.27994,38.75952],[-101.28029,38.74501],[-101.29877,38.74495]]],[[[-101.83453,38.81422],[-101.79779,38.81429],[-101.79802,38.79986],[-101.83485,38.79972],[-101.83453,38.81422]]],[[[-101.83453,38.81422],[-101.87171,38.8143],[-101.87152,38.82877],[-101.85299,38.82873],[-101.85273,38.84319],[-101.79762,38.84341],[-101.79777,38.8289],[-101.83434,38.82871],[-101.83453,38.81422]]],[[[-101.72323,38.8438],[-101.72293,38.85831],[-101.70415,38.85829],[-101.70464,38.84389],[-101.72323,38.8438]]],[[[-101.72323,38.8438],[-101.72335,38.82928],[-101.70499,38.82941],[-101.70523,38.80033],[-101.66806,38.80056],[-101.66778,38.81511],[-101.64932,38.81518],[-101.649,38.82966],[-101.59339,38.83004],[-101.59322,38.84454],[-101.55636,38.84485],[-101.55655,38.83033],[-101.53794,38.8304],[-101.53776,38.84493],[-101.5193,38.84507],[-101.51946,38.83051],[-101.50107,38.83062],[-101.50084,38.81618],[-101.51949,38.81608],[-101.51973,38.80153],[-101.55693,38.80128],[-101.55676,38.81578],[-101.57523,38.81564],[-101.57524,38.80101],[-101.59391,38.80097],[-101.59422,38.78645],[-101.61269,38.78633],[-101.61292,38.77186],[-101.59442,38.77194],[-101.59496,38.74297],[-101.53899,38.74338],[-101.53913,38.7288],[-101.52076,38.72887],[-101.5212,38.71437],[-101.46563,38.71474],[-101.46535,38.7293],[-101.48384,38.72916],[-101.48305,38.77264],[-101.44581,38.77263],[-101.44629,38.75827],[-101.42774,38.75829],[-101.42787,38.74386],[-101.39092,38.74433],[-101.39115,38.72987],[-101.44679,38.72942],[-101.44719,38.70046],[-101.38618,38.70084],[-101.38618,38.68489],[-101.29415,38.68531],[-101.29419,38.65623],[-101.31276,38.65626],[-101.3128,38.67079],[-101.34932,38.67071],[-101.34935,38.6561],[-101.31276,38.65626],[-101.31287,38.64169],[-101.27563,38.64201],[-101.27566,38.62738],[-101.25717,38.62739],[-101.25725,38.61293],[-101.23878,38.61293],[-101.23867,38.59852],[-101.29418,38.59889],[-101.31288,38.59811],[-101.31284,38.58358],[-101.3312,38.5833],[-101.3494,38.58325],[-101.34947,38.59773],[-101.38636,38.59763],[-101.38627,38.58316],[-101.44194,38.58294],[-101.44198,38.59759],[-101.45803,38.59748],[-101.45808,38.61205],[-101.49503,38.61186],[-101.495,38.64081],[-101.51362,38.6407],[-101.51357,38.65518],[-101.55054,38.65509],[-101.55078,38.68421],[-101.56715,38.68406],[-101.56723,38.6997],[-101.59561,38.69943],[-101.59543,38.71393],[-101.65109,38.71343],[-101.65071,38.72797],[-101.66937,38.72791],[-101.66959,38.71331],[-101.65109,38.71343],[-101.65149,38.69901],[-101.62236,38.6992],[-101.62233,38.68391],[-101.6595,38.68388],[-101.65944,38.69896],[-101.71539,38.69864],[-101.71543,38.68367],[-101.6595,38.68388],[-101.65957,38.66926],[-101.62242,38.66936],[-101.62233,38.68391],[-101.60398,38.68394],[-101.604,38.66941],[-101.56716,38.66951],[-101.56717,38.65493],[-101.58555,38.65491],[-101.5857,38.64037],[-101.56718,38.64047],[-101.56711,38.62594],[-101.65962,38.62567],[-101.65958,38.64025],[-101.71538,38.64011],[-101.7156,38.61091],[-101.67844,38.61104],[-101.67834,38.58188],[-101.69708,38.58171],[-101.69712,38.56718],[-101.7339,38.56731],[-101.73411,38.55282],[-101.75244,38.55287],[-101.75245,38.56725],[-101.77124,38.56735],[-101.77069,38.5238],[-101.82743,38.52389],[-101.82745,38.53845],[-101.86458,38.53834],[-101.86463,38.55279],[-101.90114,38.55287],[-101.90133,38.56738],[-101.8831,38.56726],[-101.88301,38.58184],[-101.90144,38.5819],[-101.90133,38.56738],[-101.91973,38.56732],[-101.9201,38.58188],[-101.93838,38.58187],[-101.93856,38.59621],[-101.95691,38.59625],[-101.95673,38.56725],[-101.97531,38.56719],[-101.97547,38.58165],[-101.99383,38.5816],[-101.99428,38.61067],[-102.04514,38.61069],[-102.04521,38.66881],[-102.01199,38.66879],[-102.01186,38.65428],[-101.95712,38.65438],[-101.95704,38.62541],[-101.93865,38.62545],[-101.93864,38.61092],[-101.92018,38.61093],[-101.92029,38.5964],[-101.82751,38.59642],[-101.82755,38.58186],[-101.77143,38.58182],[-101.77136,38.59652],[-101.79054,38.59649],[-101.7906,38.6111],[-101.75237,38.61094],[-101.75237,38.62555],[-101.77116,38.62557],[-101.771,38.63993],[-101.80919,38.64003],[-101.80935,38.65463],[-101.75213,38.65465],[-101.75218,38.66921],[-101.82805,38.66901],[-101.82804,38.698],[-101.8177,38.698],[-101.81751,38.71246],[-101.79954,38.71257],[-101.79925,38.74166],[-101.78053,38.74183],[-101.78029,38.7563],[-101.79881,38.75617],[-101.79857,38.77079],[-101.78011,38.77094],[-101.77952,38.79995],[-101.76097,38.80005],[-101.76129,38.78553],[-101.74268,38.78561],[-101.74208,38.81458],[-101.76069,38.81456],[-101.76019,38.85829],[-101.74161,38.85829],[-101.7418,38.84367],[-101.72323,38.8438]]],[[[-101.72415,38.78575],[-101.72469,38.75656],[-101.70599,38.75672],[-101.70639,38.74229],[-101.66908,38.74245],[-101.66859,38.77158],[-101.70583,38.77126],[-101.70551,38.78584],[-101.72415,38.78575]]],[[[-101.7249,38.74221],[-101.74341,38.74208],[-101.74394,38.71293],[-101.70686,38.71323],[-101.70666,38.72763],[-101.72503,38.72741],[-101.7249,38.74221]]],[[[-101.85273,38.84319],[-101.87129,38.84326],[-101.87132,38.85777],[-101.88972,38.85777],[-101.88944,38.87217],[-101.85246,38.87216],[-101.85273,38.84319]]],[[[-101.88915,38.90115],[-101.88926,38.88684],[-101.92621,38.88674],[-101.92617,38.90122],[-101.88915,38.90115]]],[[[-101.96333,38.89365],[-101.96345,38.88666],[-101.98188,38.88658],[-101.98167,38.901],[-101.96326,38.90111],[-101.96333,38.89365]]],[[[-102.037,38.92979],[-102.03725,38.91537],[-102.00009,38.91548],[-102.00027,38.90093],[-102.04571,38.90079],[-102.04586,38.9296],[-102.037,38.92979]]],[[[-102.037,38.92979],[-102.03686,38.94412],[-102.01844,38.94441],[-102.0183,38.95885],[-101.99977,38.95899],[-101.99991,38.94449],[-101.98132,38.94465],[-101.98148,38.93004],[-102.037,38.92979]]],[[[-102.03686,38.94412],[-102.04597,38.94411],[-102.04602,38.9587],[-102.03671,38.95873],[-102.03686,38.94412]]],[[[-101.94363,38.98102],[-101.94368,38.97374],[-101.92508,38.97374],[-101.92522,38.9592],[-101.98102,38.95926],[-101.98079,38.9736],[-101.9623,38.97367],[-101.96203,38.98827],[-101.94345,38.98821],[-101.94363,38.98102]]],[[[-101.22053,39.06295],[-101.1835,39.06214],[-101.1838,39.04775],[-101.22103,39.0484],[-101.22053,39.06295]]],[[[-101.22053,39.06295],[-101.23934,39.06332],[-101.23909,39.07782],[-101.22043,39.07745],[-101.22053,39.06295]]],[[[-100.97954,39.09983],[-100.9796,39.09017],[-100.99809,39.09015],[-100.99787,39.10479],[-100.97948,39.10474],[-100.97954,39.09983]]],[[[-101.49739,39.10204],[-101.49733,39.092],[-101.51611,39.09182],[-101.5162,39.0775],[-101.44225,39.07781],[-101.44236,39.06329],[-101.4611,39.06314],[-101.46105,39.04884],[-101.47923,39.04867],[-101.4791,39.0631],[-101.53498,39.06271],[-101.53486,39.07717],[-101.57207,39.07693],[-101.57169,39.10587],[-101.49738,39.10657],[-101.49739,39.10204]]],[[[-102.0343,39.10388],[-102.03449,39.08944],[-102.04696,39.08948],[-102.04701,39.10394],[-102.0343,39.10388]]],[[[-101.09047,39.12502],[-101.09048,39.11924],[-101.10907,39.11931],[-101.10908,39.13342],[-101.09047,39.13328],[-101.09047,39.12502]]],[[[-101.01928,39.14748],[-100.98207,39.14756],[-100.98221,39.13307],[-101.03789,39.13307],[-101.03766,39.14749],[-101.01928,39.14748]]],[[[-101.8203,39.14781],[-101.82039,39.1333],[-101.83895,39.13327],[-101.83899,39.14761],[-101.8203,39.14781]]],[[[-101.68963,39.14822],[-101.68972,39.13384],[-101.7462,39.13357],[-101.74552,39.16236],[-101.76418,39.16259],[-101.76395,39.17724],[-101.70811,39.17728],[-101.7081,39.16279],[-101.68923,39.16286],[-101.68963,39.14822]]],[[[-101.83881,39.17674],[-101.83886,39.16235],[-101.85718,39.16231],[-101.85716,39.17671],[-101.83881,39.17674]]],[[[-100.81475,39.21303],[-100.81457,39.2058],[-100.85149,39.20564],[-100.85176,39.22034],[-100.81496,39.22025],[-100.81475,39.21303]]],[[[-100.62864,39.23445],[-100.62869,39.21989],[-100.66598,39.21999],[-100.66587,39.23449],[-100.62864,39.23445]]],[[[-100.77778,39.23467],[-100.75883,39.23462],[-100.7589,39.22021],[-100.77757,39.22014],[-100.77778,39.23467]]],[[[-100.62864,39.23445],[-100.62841,39.24893],[-100.6098,39.24903],[-100.60988,39.23448],[-100.62864,39.23445]]],[[[-100.68444,39.24176],[-100.68451,39.2345],[-100.70313,39.23452],[-100.70299,39.24904],[-100.68438,39.24902],[-100.68444,39.24176]]],[[[-100.77778,39.23467],[-100.79612,39.2347],[-100.796,39.24897],[-100.77743,39.24906],[-100.77778,39.23467]]],[[[-100.42409,39.26357],[-100.40546,39.26363],[-100.40549,39.24918],[-100.42414,39.24915],[-100.42409,39.26357]]],[[[-100.42409,39.26357],[-100.44255,39.26357],[-100.44219,39.27804],[-100.42347,39.27819],[-100.42409,39.26357]]],[[[-100.44255,39.26357],[-100.44276,39.24917],[-100.49848,39.249],[-100.49853,39.23453],[-100.55442,39.23442],[-100.5542,39.2489],[-100.51707,39.249],[-100.51682,39.26346],[-100.47988,39.26357],[-100.47933,39.27804],[-100.4608,39.27797],[-100.46114,39.26351],[-100.44255,39.26357]]],[[[-101.55895,39.2647],[-101.57758,39.26459],[-101.57745,39.27912],[-101.55884,39.27912],[-101.55895,39.2647]]],[[[-101.74426,39.39461],[-101.74484,39.38002],[-101.7632,39.38007],[-101.76292,39.39461],[-101.74426,39.39461]]],[[[-100.23725,39.42191],[-100.23715,39.40732],[-100.27448,39.40746],[-100.27424,39.39306],[-100.29298,39.39311],[-100.29312,39.40757],[-100.31167,39.40765],[-100.31171,39.42219],[-100.23725,39.42191]]],[[[-102.00488,39.40847],[-102.00489,39.39404],[-102.02337,39.39398],[-102.02338,39.40841],[-102.00488,39.40847]]],[[[-100.90689,39.42337],[-100.90684,39.43788],[-100.88817,39.43787],[-100.88819,39.42337],[-100.90689,39.42337]]],[[[-100.14393,39.45088],[-100.14407,39.4364],[-100.16203,39.43647],[-100.16215,39.45095],[-100.14393,39.45088]]],[[[-100.75795,39.47426],[-100.75812,39.45258],[-100.77678,39.45251],[-100.77684,39.43801],[-100.79555,39.43793],[-100.7952,39.46698],[-100.77671,39.46703],[-100.77661,39.48154],[-100.75791,39.48167],[-100.75795,39.47426]]],[[[-101.12973,39.4238],[-101.12959,39.43821],[-101.11086,39.43804],[-101.11054,39.45261],[-101.07296,39.45242],[-101.07292,39.46694],[-100.9987,39.46687],[-100.99865,39.48143],[-100.96123,39.48146],[-100.96125,39.46691],[-100.98004,39.46692],[-100.98004,39.45247],[-100.99882,39.45237],[-100.99882,39.43788],[-101.03596,39.43772],[-101.03605,39.42321],[-101.0545,39.4233],[-101.05435,39.43769],[-101.07302,39.43788],[-101.07319,39.42342],[-101.12973,39.4238]]],[[[-100.66447,39.50001],[-100.66451,39.4809],[-100.72048,39.48142],[-100.72024,39.49602],[-100.68322,39.49572],[-100.68318,39.51013],[-100.66449,39.50997],[-100.66447,39.50001]]],[[[-100.60838,39.51696],[-100.60839,39.50974],[-100.59061,39.50973],[-100.59054,39.49517],[-100.64575,39.49533],[-100.64584,39.50984],[-100.62712,39.50979],[-100.62719,39.5243],[-100.60838,39.52424],[-100.60838,39.51696]]],[[[-100.38598,39.57482],[-100.38593,39.56768],[-100.42246,39.56764],[-100.42268,39.5385],[-100.44133,39.53828],[-100.44116,39.55278],[-100.45981,39.55288],[-100.45994,39.53833],[-100.49704,39.53846],[-100.49705,39.55293],[-100.5341,39.55313],[-100.53391,39.56786],[-100.42348,39.56765],[-100.42359,39.58197],[-100.38602,39.58213],[-100.38598,39.57482]]],[[[-101.91034,39.56105],[-101.91036,39.5536],[-101.94748,39.55358],[-101.94728,39.56837],[-101.91015,39.56838],[-101.91034,39.56105]]],[[[-100.92691,39.58978],[-100.92703,39.5826],[-100.94574,39.58257],[-100.94594,39.56807],[-100.96095,39.56806],[-100.96081,39.55375],[-101.01731,39.55383],[-101.01718,39.56805],[-101.00197,39.56805],[-101.00182,39.58251],[-100.96434,39.5826],[-100.96407,39.59706],[-100.92681,39.59707],[-100.92691,39.58978]]],[[[-101.88179,39.57568],[-101.88181,39.56836],[-101.90063,39.56839],[-101.90055,39.58291],[-101.88174,39.58286],[-101.88179,39.57568]]],[[[-100.44206,39.61079],[-100.42351,39.61101],[-100.42362,39.59642],[-100.44191,39.59644],[-100.44206,39.61079]]],[[[-100.72224,39.6117],[-100.7222,39.5972],[-100.74089,39.59722],[-100.74088,39.61175],[-100.72224,39.6117]]],[[[-100.75947,39.60472],[-100.75948,39.59739],[-100.77787,39.59726],[-100.77798,39.61193],[-100.75948,39.61202],[-100.75947,39.60472]]],[[[-101.73193,39.59732],[-101.73199,39.58286],[-101.56387,39.58281],[-101.56328,39.59734],[-101.52569,39.59742],[-101.5261,39.56839],[-101.51995,39.56842],[-101.51992,39.55453],[-101.53872,39.55448],[-101.53883,39.53995],[-101.59525,39.53988],[-101.59543,39.52537],[-101.61357,39.52515],[-101.61322,39.55411],[-101.63199,39.55408],[-101.63228,39.52502],[-101.68847,39.52513],[-101.68854,39.51057],[-101.70701,39.51063],[-101.70711,39.49614],[-101.68849,39.49617],[-101.68859,39.48161],[-101.70727,39.48161],[-101.70744,39.46712],[-101.78144,39.46705],[-101.78149,39.45253],[-101.81893,39.45241],[-101.81894,39.43794],[-101.85516,39.43757],[-101.85509,39.45222],[-101.87398,39.45211],[-101.87411,39.43771],[-101.93028,39.43752],[-101.93012,39.45198],[-101.9115,39.45201],[-101.91125,39.48107],[-101.94819,39.48093],[-101.9483,39.4664],[-101.98555,39.46636],[-101.9857,39.45195],[-102.00446,39.45192],[-102.00465,39.43746],[-102.04197,39.43743],[-102.04206,39.42295],[-102.04913,39.42287],[-102.04931,39.45177],[-102.02311,39.45184],[-102.02292,39.46636],[-102.00428,39.46641],[-102.00408,39.4809],[-101.9669,39.48091],[-101.96676,39.49539],[-101.92972,39.49544],[-101.92956,39.51003],[-101.91083,39.51009],[-101.91071,39.52453],[-101.87331,39.52484],[-101.8731,39.53936],[-101.85452,39.53936],[-101.85405,39.56839],[-101.84474,39.56843],[-101.84454,39.58285],[-101.78838,39.58296],[-101.78823,39.59743],[-101.73193,39.59732]]],[[[-101.83548,39.55384],[-101.83562,39.53952],[-101.8182,39.53944],[-101.81816,39.5539],[-101.83548,39.55384]]],[[[-101.85469,39.51766],[-101.85478,39.51034],[-101.87335,39.5103],[-101.87345,39.49568],[-101.81857,39.49602],[-101.81833,39.52497],[-101.85465,39.52497],[-101.85469,39.51766]]],[[[-101.79977,39.51057],[-101.78119,39.51058],[-101.7809,39.525],[-101.79956,39.52499],[-101.79977,39.51057]]],[[[-101.97537,39.5973],[-101.97542,39.58273],[-101.99412,39.58267],[-101.99413,39.56829],[-101.96595,39.56833],[-101.96638,39.53904],[-101.98488,39.53914],[-101.98509,39.52458],[-102.04113,39.52461],[-102.04115,39.50999],[-102.04955,39.50996],[-102.04967,39.53906],[-102.02241,39.53908],[-102.02235,39.55365],[-102.04102,39.5537],[-102.0407,39.56827],[-102.04993,39.56823],[-102.05002,39.58259],[-102.01278,39.58273],[-102.01276,39.59704],[-101.97537,39.5973]]],[[[-101.93796,39.62626],[-101.93792,39.59732],[-101.97537,39.5973],[-101.97535,39.61174],[-101.95657,39.61181],[-101.95665,39.62615],[-101.93796,39.62626]]],[[[-101.99401,39.625],[-101.99396,39.61172],[-102.03147,39.61147],[-102.03151,39.62595],[-101.99403,39.62616],[-101.99401,39.625]]],[[[-100.64736,39.6551],[-100.62855,39.65492],[-100.62865,39.64041],[-100.64742,39.64049],[-100.64736,39.6551]]],[[[-100.17995,39.68281],[-100.17993,39.66839],[-100.21736,39.66849],[-100.21738,39.65392],[-100.19876,39.65397],[-100.19885,39.63939],[-100.17121,39.63944],[-100.17124,39.61053],[-100.18018,39.61054],[-100.18009,39.62501],[-100.19906,39.6249],[-100.19902,39.61033],[-100.23626,39.61047],[-100.23631,39.62487],[-100.25498,39.62519],[-100.25492,39.61072],[-100.32961,39.61114],[-100.32965,39.62561],[-100.27381,39.6253],[-100.27375,39.63974],[-100.25493,39.6396],[-100.25484,39.6541],[-100.27367,39.65421],[-100.27356,39.66863],[-100.23611,39.66851],[-100.23623,39.68291],[-100.17995,39.68281]]],[[[-101.01921,39.66923],[-101.01884,39.68374],[-100.92663,39.68381],[-100.92664,39.66947],[-101.01921,39.66923]]],[[[-100.17995,39.68281],[-100.18004,39.69742],[-100.1526,39.69712],[-100.15252,39.68263],[-100.17995,39.68281]]],[[[-101.8814,39.66985],[-101.88162,39.6409],[-101.91912,39.64077],[-101.91921,39.62628],[-101.93796,39.62626],[-101.93768,39.65528],[-101.91899,39.65525],[-101.91902,39.66973],[-101.8814,39.66985]]],[[[-100.74089,39.69809],[-100.74089,39.68369],[-100.75948,39.68382],[-100.7596,39.66941],[-100.77816,39.66919],[-100.77799,39.65503],[-100.81515,39.65499],[-100.81529,39.64056],[-100.83399,39.64051],[-100.83404,39.62601],[-100.87098,39.62607],[-100.87099,39.64042],[-100.85225,39.64048],[-100.85218,39.65496],[-100.83376,39.65498],[-100.83388,39.68337],[-100.77824,39.68353],[-100.77826,39.69798],[-100.74089,39.69809]]],[[[-101.80642,39.6698],[-101.80661,39.65532],[-101.84405,39.65545],[-101.84374,39.68434],[-101.82501,39.68427],[-101.82517,39.66979],[-101.80642,39.6698]]],[[[-101.37406,39.6699],[-101.41163,39.66993],[-101.41185,39.6554],[-101.37435,39.65541],[-101.37406,39.6699],[-101.31794,39.66971],[-101.31831,39.65532],[-101.3557,39.65538],[-101.35602,39.64104],[-101.37458,39.64097],[-101.37482,39.62658],[-101.45023,39.62653],[-101.45055,39.61201],[-101.46928,39.61196],[-101.4696,39.59746],[-101.52569,39.59742],[-101.52535,39.62645],[-101.46906,39.62644],[-101.46862,39.64093],[-101.44983,39.64094],[-101.44894,39.66994],[-101.43033,39.66999],[-101.42999,39.68444],[-101.41146,39.68445],[-101.4112,39.69891],[-101.37399,39.69873],[-101.37406,39.6699]]],[[[-101.56172,39.6916],[-101.56185,39.68434],[-101.58072,39.68433],[-101.58058,39.69885],[-101.56165,39.69882],[-101.56172,39.6916]]],[[[-101.8814,39.66985],[-101.88116,39.69883],[-101.86259,39.69891],[-101.86269,39.67002],[-101.8814,39.66985]]],[[[-101.33615,39.70593],[-101.33622,39.69873],[-101.35506,39.69873],[-101.35484,39.71329],[-101.33597,39.71328],[-101.33615,39.70593]]],[[[-99.92742,39.73328],[-99.92741,39.72611],[-99.94626,39.72619],[-99.94619,39.74057],[-99.92743,39.74052],[-99.92742,39.73328]]],[[[-99.96471,39.71894],[-99.96469,39.71171],[-99.98315,39.71197],[-99.98335,39.74059],[-99.96461,39.74061],[-99.96471,39.71894]]],[[[-100.09621,39.74079],[-100.07736,39.74086],[-100.07738,39.7264],[-100.05852,39.7263],[-100.05854,39.71179],[-100.03965,39.71177],[-100.03974,39.72623],[-100.00213,39.72613],[-100.00211,39.68262],[-100.02092,39.68273],[-100.02091,39.69722],[-100.13395,39.69728],[-100.13395,39.71171],[-100.09663,39.71182],[-100.09621,39.74079]]],[[[-100.64736,39.6551],[-100.66614,39.65508],[-100.6661,39.64064],[-100.70347,39.64051],[-100.70356,39.65507],[-100.68481,39.65506],[-100.68473,39.6697],[-100.66608,39.66959],[-100.66562,39.6986],[-100.60976,39.69828],[-100.60982,39.71277],[-100.57193,39.71253],[-100.57209,39.74149],[-100.55351,39.74136],[-100.55374,39.71238],[-100.53515,39.71223],[-100.53463,39.74125],[-100.51599,39.74111],[-100.51618,39.71215],[-100.49788,39.71229],[-100.49787,39.69782],[-100.55355,39.6979],[-100.55356,39.68339],[-100.59098,39.68367],[-100.59107,39.6692],[-100.64724,39.66949],[-100.64736,39.6551]]],[[[-100.64665,39.75628],[-100.64675,39.74173],[-100.6656,39.74175],[-100.66538,39.75626],[-100.64665,39.75628]]],[[[-101.99367,39.74173],[-101.99385,39.71294],[-102.01267,39.71289],[-102.01264,39.69831],[-102.03137,39.69824],[-102.03132,39.71276],[-102.05005,39.71272],[-102.04981,39.72728],[-102.01254,39.72734],[-102.01246,39.7418],[-101.99367,39.74173]]],[[[-102.04981,39.72728],[-102.05084,39.72729],[-102.05086,39.74174],[-102.04993,39.74175],[-102.04981,39.72728]]],[[[-100.64665,39.75628],[-100.64648,39.77075],[-100.60944,39.77041],[-100.60953,39.75594],[-100.64665,39.75628]]],[[[-99.73947,39.78452],[-99.73941,39.76997],[-99.75816,39.7703],[-99.75811,39.78475],[-99.73947,39.78452]]],[[[-99.85187,39.78392],[-99.81441,39.78438],[-99.81448,39.76992],[-99.83335,39.76969],[-99.83356,39.75517],[-99.85227,39.75479],[-99.85187,39.78392]]],[[[-101.01901,39.7563],[-101.0565,39.75607],[-101.05635,39.77061],[-101.0188,39.7706],[-101.01901,39.7563]]],[[[-101.18611,39.77052],[-101.18627,39.75623],[-101.16781,39.75623],[-101.16813,39.74182],[-101.18652,39.74188],[-101.18665,39.72758],[-101.20536,39.7274],[-101.2054,39.71317],[-101.24301,39.71303],[-101.24329,39.69849],[-101.28035,39.69871],[-101.28104,39.66975],[-101.31794,39.66971],[-101.31664,39.72778],[-101.27965,39.7277],[-101.27936,39.74203],[-101.2239,39.74174],[-101.22318,39.75624],[-101.20483,39.75633],[-101.20452,39.77058],[-101.18611,39.77052]]],[[[-100.40368,39.78485],[-100.38527,39.78479],[-100.38532,39.77023],[-100.40378,39.77042],[-100.40368,39.78485]]],[[[-101.99367,39.74173],[-101.99365,39.75638],[-101.97496,39.75644],[-101.9751,39.74195],[-101.99367,39.74173]]],[[[-101.29752,39.77098],[-101.29757,39.7565],[-101.35382,39.75673],[-101.35459,39.72775],[-101.37343,39.72766],[-101.37377,39.71324],[-101.41086,39.7134],[-101.41048,39.74233],[-101.39174,39.74225],[-101.39147,39.77114],[-101.29752,39.77098]]],[[[-99.73947,39.78452],[-99.73936,39.799],[-99.721,39.79904],[-99.72105,39.78454],[-99.73947,39.78452]]],[[[-101.65495,39.77125],[-101.63617,39.77128],[-101.6364,39.74225],[-101.65518,39.74224],[-101.65495,39.77125]]],[[[-99.85187,39.78392],[-99.87007,39.78399],[-99.87011,39.79852],[-99.85163,39.79843],[-99.85187,39.78392]]],[[[-101.8997,39.76402],[-101.89984,39.7567],[-101.93734,39.75648],[-101.93742,39.74208],[-101.95614,39.74188],[-101.956,39.77096],[-101.89959,39.77117],[-101.8997,39.76402]]],[[[-100.94538,39.78489],[-100.94518,39.77044],[-100.96252,39.7708],[-100.96245,39.7562],[-101.00017,39.75636],[-100.99993,39.78516],[-101.03754,39.78519],[-101.03754,39.79945],[-100.98112,39.79975],[-100.98107,39.78521],[-100.94538,39.78489]]],[[[-101.69257,39.7709],[-101.69295,39.74211],[-101.67409,39.74216],[-101.67414,39.7277],[-101.65514,39.72771],[-101.65562,39.69865],[-101.6744,39.69857],[-101.67496,39.65521],[-101.65613,39.65529],[-101.65562,39.69865],[-101.63687,39.69874],[-101.63715,39.68428],[-101.59953,39.68429],[-101.59961,39.6698],[-101.58086,39.6698],[-101.58121,39.65533],[-101.53423,39.65537],[-101.52482,39.65538],[-101.52414,39.69875],[-101.46727,39.69894],[-101.46704,39.71333],[-101.42966,39.71337],[-101.42978,39.69891],[-101.4484,39.6988],[-101.44869,39.68434],[-101.48641,39.68443],[-101.48657,39.66998],[-101.46791,39.66993],[-101.46823,39.65535],[-101.48688,39.65532],[-101.48733,39.64089],[-101.54387,39.6409],[-101.54406,39.62624],[-101.55338,39.62624],[-101.5629,39.62637],[-101.56266,39.6409],[-101.58136,39.64093],[-101.58157,39.62646],[-101.65659,39.62638],[-101.65683,39.61193],[-101.67549,39.61187],[-101.67567,39.59739],[-101.73193,39.59732],[-101.7317,39.61185],[-101.69428,39.61181],[-101.69379,39.64077],[-101.73134,39.64081],[-101.73118,39.65524],[-101.75028,39.65524],[-101.75012,39.66957],[-101.80642,39.6698],[-101.80609,39.71318],[-101.76855,39.71308],[-101.76865,39.69864],[-101.74988,39.69861],[-101.74972,39.71303],[-101.73055,39.71305],[-101.73081,39.6986],[-101.71203,39.69864],[-101.71176,39.74208],[-101.7303,39.74197],[-101.7298,39.78556],[-101.71096,39.7855],[-101.71128,39.77098],[-101.69257,39.7709]]],[[[-101.09307,39.79936],[-101.09303,39.78498],[-101.13036,39.78491],[-101.13039,39.77045],[-101.18611,39.77052],[-101.18574,39.78504],[-101.16726,39.78493],[-101.16708,39.79951],[-101.09307,39.79936]]],[[[-100.85176,39.81381],[-100.85179,39.79936],[-100.87022,39.79949],[-100.8703,39.77045],[-100.8891,39.77042],[-100.88918,39.75602],[-100.87061,39.756],[-100.87086,39.72696],[-100.88949,39.727],[-100.88929,39.74142],[-100.92639,39.74152],[-100.92671,39.72703],[-101.01894,39.72708],[-101.01868,39.71243],[-101.07484,39.71263],[-101.07491,39.69821],[-101.09365,39.69821],[-101.09375,39.68375],[-101.13136,39.68392],[-101.1315,39.6694],[-101.15021,39.66961],[-101.15036,39.65512],[-101.1877,39.65531],[-101.18793,39.6408],[-101.20668,39.6407],[-101.20692,39.62628],[-101.1882,39.62642],[-101.18793,39.6408],[-101.13186,39.64051],[-101.13163,39.65509],[-101.09425,39.65498],[-101.09403,39.66932],[-101.07526,39.66939],[-101.07508,39.68386],[-101.05654,39.6838],[-101.05673,39.66935],[-101.01921,39.66923],[-101.01975,39.64036],[-101.05704,39.64038],[-101.05722,39.62583],[-101.09463,39.62597],[-101.09488,39.61153],[-101.15101,39.61158],[-101.15143,39.58257],[-101.17012,39.5827],[-101.17039,39.56827],[-101.2027,39.56831],[-101.20295,39.55483],[-101.22171,39.55462],[-101.22178,39.54041],[-101.24047,39.54043],[-101.24077,39.52599],[-101.27793,39.52603],[-101.27792,39.51152],[-101.29654,39.51158],[-101.29669,39.49705],[-101.33413,39.49715],[-101.33423,39.48262],[-101.37176,39.48269],[-101.37188,39.46823],[-101.39011,39.46823],[-101.39019,39.45378],[-101.40904,39.4535],[-101.40909,39.43902],[-101.42776,39.43894],[-101.42769,39.45344],[-101.44644,39.45341],[-101.44654,39.43894],[-101.46539,39.43895],[-101.46543,39.42437],[-101.52109,39.42414],[-101.52117,39.40973],[-101.55852,39.40957],[-101.55855,39.39506],[-101.4842,39.39526],[-101.48414,39.40983],[-101.44664,39.40995],[-101.44656,39.42443],[-101.39022,39.42467],[-101.39024,39.4393],[-101.37201,39.43917],[-101.37194,39.45373],[-101.33446,39.45373],[-101.33435,39.46815],[-101.29689,39.46811],[-101.2968,39.48258],[-101.25967,39.48253],[-101.25933,39.49697],[-101.24092,39.49698],[-101.24086,39.5116],[-101.20324,39.51136],[-101.20318,39.52591],[-101.16572,39.52566],[-101.16556,39.54018],[-101.14761,39.54002],[-101.14749,39.55441],[-101.07233,39.55409],[-101.07214,39.56807],[-101.05394,39.56808],[-101.05396,39.51031],[-101.14782,39.51098],[-101.14782,39.49645],[-101.16607,39.49667],[-101.16605,39.48213],[-101.20348,39.48234],[-101.20368,39.46786],[-101.2225,39.46787],[-101.22273,39.45341],[-101.24147,39.45356],[-101.24119,39.43902],[-101.27819,39.43918],[-101.2783,39.42467],[-101.33434,39.42471],[-101.33455,39.39578],[-101.40929,39.39563],[-101.40943,39.381],[-101.46555,39.38089],[-101.46564,39.3663],[-101.54013,39.36601],[-101.54014,39.35157],[-101.44705,39.35189],[-101.44714,39.33753],[-101.52139,39.33707],[-101.52142,39.32254],[-101.54013,39.32252],[-101.54011,39.30807],[-101.55887,39.30803],[-101.55885,39.29358],[-101.5962,39.2935],[-101.59616,39.27893],[-101.61452,39.27896],[-101.61436,39.29351],[-101.63311,39.29355],[-101.63316,39.27906],[-101.61452,39.27896],[-101.61456,39.26453],[-101.59633,39.26456],[-101.59638,39.25001],[-101.61461,39.25001],[-101.61471,39.23552],[-101.5778,39.23559],[-101.57762,39.25012],[-101.48464,39.25044],[-101.48477,39.26476],[-101.42869,39.26504],[-101.42857,39.29405],[-101.39127,39.29438],[-101.39143,39.26533],[-101.31662,39.2657],[-101.31666,39.25131],[-101.26104,39.25089],[-101.26104,39.23661],[-101.22364,39.23617],[-101.22356,39.25063],[-101.18645,39.25043],[-101.18621,39.26476],[-101.31662,39.2657],[-101.31654,39.28036],[-101.33559,39.28026],[-101.33576,39.29466],[-101.31656,39.29463],[-101.31654,39.30898],[-101.26066,39.30886],[-101.2602,39.3235],[-101.22287,39.32336],[-101.22283,39.33761],[-101.18546,39.33749],[-101.1857,39.35191],[-101.22288,39.35211],[-101.22289,39.36659],[-101.20427,39.36653],[-101.20411,39.39536],[-101.18533,39.39526],[-101.18502,39.40982],[-101.14845,39.40951],[-101.14843,39.42412],[-101.12973,39.4238],[-101.12973,39.395],[-101.14845,39.39505],[-101.14873,39.3663],[-101.16679,39.36622],[-101.16687,39.35177],[-101.14873,39.3518],[-101.14873,39.3663],[-101.13009,39.36581],[-101.12993,39.3803],[-101.09228,39.37996],[-101.09225,39.3944],[-101.05474,39.39423],[-101.05484,39.37967],[-101.03658,39.37977],[-101.03639,39.39422],[-100.99903,39.3943],[-100.99897,39.40879],[-100.96128,39.4088],[-100.96116,39.42344],[-100.90689,39.42337],[-100.90695,39.39434],[-100.94256,39.39431],[-100.94269,39.37987],[-100.96134,39.37979],[-100.96172,39.36525],[-100.98048,39.36528],[-100.98059,39.35075],[-100.99938,39.35056],[-100.99949,39.33601],[-100.98069,39.33617],[-100.98059,39.35075],[-100.90761,39.35079],[-100.90742,39.36533],[-100.88858,39.3653],[-100.88847,39.37983],[-100.87013,39.37967],[-100.86974,39.36526],[-100.85135,39.36523],[-100.85119,39.37967],[-100.81452,39.37972],[-100.81436,39.39427],[-100.77682,39.39426],[-100.7768,39.40899],[-100.75798,39.40926],[-100.75804,39.42379],[-100.70194,39.42306],[-100.70204,39.40852],[-100.6457,39.40841],[-100.6457,39.42287],[-100.70194,39.42306],[-100.70187,39.43762],[-100.627,39.43738],[-100.62699,39.45169],[-100.55315,39.45182],[-100.5532,39.46639],[-100.53451,39.4663],[-100.53458,39.48071],[-100.46065,39.48089],[-100.46062,39.46636],[-100.42344,39.46637],[-100.42344,39.48081],[-100.36802,39.48058],[-100.36791,39.49497],[-100.33046,39.4948],[-100.3303,39.5093],[-100.31163,39.5092],[-100.31146,39.52377],[-100.29283,39.5236],[-100.29297,39.50912],[-100.27408,39.509],[-100.274,39.52353],[-100.25565,39.52352],[-100.25547,39.53794],[-100.23687,39.53805],[-100.23693,39.52353],[-100.21815,39.52352],[-100.218,39.53805],[-100.19949,39.53789],[-100.19947,39.50912],[-100.18077,39.50903],[-100.18079,39.52352],[-100.14411,39.52345],[-100.14372,39.53791],[-100.1063,39.53785],[-100.10625,39.5524],[-100.08782,39.55253],[-100.08801,39.52355],[-100.10626,39.52336],[-100.10639,39.50885],[-100.14416,39.509],[-100.14399,39.4945],[-100.18083,39.49457],[-100.18097,39.48004],[-100.19962,39.47997],[-100.19956,39.49452],[-100.2278,39.49461],[-100.23729,39.49453],[-100.23734,39.48002],[-100.33063,39.48033],[-100.33048,39.46589],[-100.34919,39.46597],[-100.34914,39.45143],[-100.2931,39.45112],[-100.29313,39.43662],[-100.34913,39.43698],[-100.34901,39.39344],[-100.36778,39.39354],[-100.36758,39.40811],[-100.38603,39.40821],[-100.38602,39.3937],[-100.44191,39.39391],[-100.4419,39.37925],[-100.46052,39.37925],[-100.46071,39.36477],[-100.47932,39.36481],[-100.47917,39.37931],[-100.49723,39.37934],[-100.49752,39.3504],[-100.59026,39.3502],[-100.59041,39.33566],[-100.66498,39.33599],[-100.66486,39.35045],[-100.68353,39.35058],[-100.68362,39.33606],[-100.66498,39.33599],[-100.66507,39.32161],[-100.59065,39.32139],[-100.59109,39.29247],[-100.64663,39.29237],[-100.64672,39.27789],[-100.70281,39.27799],[-100.7027,39.29258],[-100.7212,39.2926],[-100.72114,39.30707],[-100.70264,39.30704],[-100.70253,39.32156],[-100.72112,39.32162],[-100.72105,39.33612],[-100.75845,39.33612],[-100.75852,39.35083],[-100.81477,39.35083],[-100.81427,39.33622],[-100.79551,39.33629],[-100.79573,39.30701],[-100.81462,39.30702],[-100.81451,39.32162],[-100.92668,39.32169],[-100.9268,39.30721],[-100.96217,39.30719],[-100.96224,39.29262],[-100.94351,39.29276],[-100.94354,39.27815],[-100.98096,39.27814],[-100.98094,39.26369],[-100.99959,39.26369],[-100.99973,39.27809],[-101.01826,39.27799],[-101.01856,39.26363],[-100.99959,39.26369],[-100.99974,39.24922],[-101.11155,39.24963],[-101.1118,39.23507],[-101.13055,39.23535],[-101.13072,39.22081],[-101.01867,39.22013],[-101.01869,39.23467],[-100.99998,39.23469],[-100.99974,39.24922],[-100.90767,39.24932],[-100.90737,39.23479],[-100.87007,39.2348],[-100.87042,39.22034],[-100.88847,39.22035],[-100.88865,39.20565],[-100.94404,39.20565],[-100.94397,39.22019],[-100.96275,39.22022],[-100.96298,39.1765],[-100.94449,39.17664],[-100.94467,39.16201],[-100.98201,39.16206],[-100.98169,39.17658],[-101.07484,39.17659],[-101.14929,39.17759],[-101.14929,39.19196],[-101.16799,39.19217],[-101.16796,39.20672],[-101.2051,39.20716],[-101.20508,39.22157],[-101.29818,39.22229],[-101.29815,39.2078],[-101.31688,39.20776],[-101.31706,39.1933],[-101.26123,39.19326],[-101.26118,39.17875],[-101.27969,39.1789],[-101.27975,39.15006],[-101.22408,39.14942],[-101.22399,39.16386],[-101.20539,39.16364],[-101.20545,39.14911],[-101.13086,39.14828],[-101.13098,39.13367],[-101.16393,39.13413],[-101.16402,39.11987],[-101.12761,39.11947],[-101.12757,39.10499],[-101.23867,39.10682],[-101.23849,39.12133],[-101.25634,39.12152],[-101.25621,39.13526],[-101.27501,39.13542],[-101.27508,39.12169],[-101.29367,39.12182],[-101.2942,39.10731],[-101.36725,39.10747],[-101.36713,39.12195],[-101.3859,39.12179],[-101.38545,39.13518],[-101.37315,39.13524],[-101.37294,39.14966],[-101.3544,39.14974],[-101.35418,39.17879],[-101.37272,39.17868],[-101.37273,39.16417],[-101.39161,39.16408],[-101.39171,39.14964],[-101.41022,39.14958],[-101.41048,39.13504],[-101.44745,39.13482],[-101.44745,39.14948],[-101.48505,39.14908],[-101.48491,39.16352],[-101.52232,39.1635],[-101.52201,39.19226],[-101.55946,39.1923],[-101.55936,39.2069],[-101.57791,39.20679],[-101.57776,39.22108],[-101.61479,39.22103],[-101.61493,39.20658],[-101.68943,39.20629],[-101.68934,39.22082],[-101.70804,39.22067],[-101.70787,39.23524],[-101.74495,39.23501],[-101.74511,39.22048],[-101.80109,39.22038],[-101.8011,39.20583],[-101.87566,39.20572],[-101.87546,39.22025],[-101.89428,39.22028],[-101.89426,39.20578],[-101.94997,39.20577],[-101.95014,39.19129],[-101.96887,39.19129],[-101.96902,39.17675],[-101.98771,39.17681],[-101.98751,39.19125],[-102.00614,39.19125],[-102.00623,39.17683],[-102.04746,39.17679],[-102.04856,39.30743],[-102.04218,39.30744],[-102.04226,39.29292],[-102.005,39.29285],[-102.00521,39.27821],[-102.02384,39.27821],[-102.02418,39.24931],[-102.00549,39.24919],[-102.00538,39.26375],[-101.94937,39.2639],[-101.94903,39.29289],[-101.93087,39.29273],[-101.93099,39.27829],[-101.91241,39.27824],[-101.91227,39.29272],[-101.89356,39.29279],[-101.89347,39.30731],[-101.94889,39.30737],[-101.94903,39.29289],[-102.005,39.29285],[-102.00484,39.30739],[-101.98627,39.30738],[-101.98619,39.31966],[-101.98618,39.32188],[-102.00485,39.32196],[-102.00483,39.33639],[-102.02333,39.33644],[-102.02338,39.32191],[-102.00485,39.32196],[-102.00484,39.30739],[-102.04218,39.30744],[-102.04207,39.32186],[-102.04863,39.32183],[-102.04889,39.35079],[-102.04197,39.35081],[-102.0419,39.36532],[-102.02335,39.36531],[-102.0234,39.37975],[-102.0048,39.37979],[-102.00489,39.39404],[-101.98633,39.394],[-101.98622,39.40851],[-102.00488,39.40847],[-102.00479,39.42298],[-101.98604,39.42298],[-101.98586,39.43749],[-101.96725,39.43749],[-101.96713,39.45196],[-101.94842,39.45197],[-101.94851,39.43752],[-101.93028,39.43752],[-101.93047,39.42315],[-101.89296,39.42316],[-101.89306,39.40867],[-101.91169,39.40866],[-101.91175,39.39419],[-101.93059,39.39416],[-101.93066,39.37966],[-101.94896,39.37964],[-101.94889,39.36518],[-101.96757,39.36521],[-101.96759,39.35072],[-101.98624,39.35076],[-101.98617,39.33624],[-101.96753,39.33626],[-101.96759,39.35072],[-101.93064,39.35072],[-101.93065,39.36519],[-101.91176,39.36522],[-101.91183,39.37971],[-101.89311,39.37978],[-101.89314,39.39421],[-101.87432,39.39422],[-101.87434,39.40879],[-101.8555,39.40871],[-101.8556,39.39428],[-101.81885,39.39445],[-101.81885,39.40888],[-101.8002,39.409],[-101.80023,39.42351],[-101.78168,39.42353],[-101.78157,39.43807],[-101.76281,39.43816],[-101.76292,39.39461],[-101.78155,39.39459],[-101.7817,39.38009],[-101.80021,39.38002],[-101.80049,39.36547],[-101.83714,39.36533],[-101.83722,39.35074],[-101.81928,39.35083],[-101.81944,39.33643],[-101.87464,39.33634],[-101.87474,39.32177],[-101.81953,39.32183],[-101.81963,39.30741],[-101.80088,39.30749],[-101.80088,39.32195],[-101.81953,39.32183],[-101.81944,39.33643],[-101.8008,39.3364],[-101.80068,39.35093],[-101.7822,39.35093],[-101.7817,39.38009],[-101.7632,39.38007],[-101.76337,39.36561],[-101.74464,39.36572],[-101.74484,39.38002],[-101.72573,39.38017],[-101.7256,39.39468],[-101.74426,39.39461],[-101.74421,39.40919],[-101.6889,39.40928],[-101.68873,39.43826],[-101.65144,39.43845],[-101.65137,39.4529],[-101.61396,39.45286],[-101.61388,39.48174],[-101.57696,39.48196],[-101.57688,39.49655],[-101.53961,39.49665],[-101.53953,39.51105],[-101.50204,39.51111],[-101.50172,39.52541],[-101.48315,39.52575],[-101.48284,39.54015],[-101.46434,39.54027],[-101.46403,39.55466],[-101.44536,39.55474],[-101.44539,39.56842],[-101.43262,39.56836],[-101.43247,39.58274],[-101.37599,39.58287],[-101.3765,39.56834],[-101.42659,39.56835],[-101.427,39.54034],[-101.40823,39.54046],[-101.40799,39.5549],[-101.37096,39.55499],[-101.37082,39.56838],[-101.35777,39.56834],[-101.35728,39.58319],[-101.37599,39.58287],[-101.37565,39.59763],[-101.31956,39.59761],[-101.3193,39.61201],[-101.30059,39.61188],[-101.30024,39.62648],[-101.28177,39.6265],[-101.28151,39.64099],[-101.22601,39.64085],[-101.2254,39.65527],[-101.20641,39.65522],[-101.20621,39.66981],[-101.18755,39.66978],[-101.18729,39.68417],[-101.15016,39.68407],[-101.15005,39.71308],[-101.1312,39.71283],[-101.13069,39.74156],[-101.11187,39.74158],[-101.11181,39.75611],[-101.09322,39.75614],[-101.09337,39.7271],[-101.07473,39.72708],[-101.07461,39.75594],[-101.0565,39.75607],[-101.05653,39.74162],[-101.01894,39.7417],[-101.01901,39.7563],[-101.00017,39.75636],[-101.00018,39.7417],[-100.94502,39.7415],[-100.94498,39.75602],[-100.92654,39.75597],[-100.92662,39.78489],[-100.90786,39.78502],[-100.90768,39.79946],[-100.88913,39.79933],[-100.88898,39.81377],[-100.85176,39.81381]]],[[[-101.24504,39.6006],[-101.24507,39.59733],[-101.22638,39.59717],[-101.22622,39.61164],[-101.24486,39.61181],[-101.24504,39.6006]]],[[[-101.72594,39.35548],[-101.72599,39.35121],[-101.74478,39.35116],[-101.74499,39.30769],[-101.70766,39.3078],[-101.70766,39.32229],[-101.68886,39.32232],[-101.68863,39.36586],[-101.72585,39.36569],[-101.72594,39.35548]]],[[[-101.83769,39.29868],[-101.83762,39.30728],[-101.85616,39.30727],[-101.85631,39.29266],[-101.87488,39.29282],[-101.87496,39.27829],[-101.89369,39.27829],[-101.89386,39.26379],[-101.93106,39.26388],[-101.93116,39.24923],[-101.94968,39.24936],[-101.9497,39.23489],[-101.85664,39.23481],[-101.85693,39.22026],[-101.83835,39.22024],[-101.83811,39.2349],[-101.81956,39.23491],[-101.81957,39.24939],[-101.78219,39.2495],[-101.78212,39.26403],[-101.74473,39.26414],[-101.74481,39.27869],[-101.80083,39.27852],[-101.80088,39.29306],[-101.81957,39.29293],[-101.81952,39.2784],[-101.83783,39.27831],[-101.83769,39.29868]]],[[[-101.7077,39.2833],[-101.70771,39.27885],[-101.68913,39.27896],[-101.68908,39.29341],[-101.70768,39.29337],[-101.7077,39.2833]]],[[[-101.44763,39.17831],[-101.42903,39.17845],[-101.42895,39.20732],[-101.46638,39.20705],[-101.46636,39.17817],[-101.44763,39.17831]]],[[[-101.05539,39.30718],[-101.01827,39.30714],[-101.01819,39.32162],[-101.0553,39.32166],[-101.05539,39.30718],[-101.09287,39.30747],[-101.09281,39.2929],[-101.05553,39.29261],[-101.05539,39.30718]]],[[[-101.13004,39.29331],[-101.1301,39.30779],[-101.11153,39.30765],[-101.1115,39.32216],[-101.09283,39.32195],[-101.09267,39.33656],[-101.07385,39.33634],[-101.07381,39.35085],[-101.13013,39.35121],[-101.13011,39.33691],[-101.16688,39.33721],[-101.16714,39.3082],[-101.14899,39.30797],[-101.14868,39.29353],[-101.13004,39.29331]]],[[[-100.59044,39.37501],[-100.59048,39.37925],[-100.53466,39.37956],[-100.53445,39.42281],[-100.55317,39.42284],[-100.55322,39.40834],[-100.59056,39.40851],[-100.59058,39.39389],[-100.68316,39.39395],[-100.68346,39.36512],[-100.59034,39.36471],[-100.59044,39.37501]]],[[[-100.49709,39.39389],[-100.47905,39.39384],[-100.47902,39.40825],[-100.49714,39.40831],[-100.49709,39.39389]]],[[[-100.49722,39.45896],[-100.4973,39.4662],[-100.51579,39.46628],[-100.51577,39.45184],[-100.49711,39.45169],[-100.49722,39.45896]]],[[[-100.92633,39.81395],[-100.92662,39.78489],[-100.94538,39.78489],[-100.94492,39.81397],[-100.92633,39.81395]]],[[[-101.09307,39.79936],[-101.09304,39.81398],[-101.07453,39.81376],[-101.07467,39.79917],[-101.09307,39.79936]]],[[[-100.94492,39.81397],[-100.96252,39.81401],[-100.96267,39.82848],[-100.94472,39.82853],[-100.94492,39.81397]]],[[[-100.77794,39.82841],[-100.75926,39.8285],[-100.75899,39.84289],[-100.74035,39.8429],[-100.74043,39.82843],[-100.72197,39.82843],[-100.72212,39.81388],[-100.74048,39.81391],[-100.74059,39.79948],[-100.77794,39.7996],[-100.77808,39.75604],[-100.75944,39.75602],[-100.75947,39.74156],[-100.81549,39.74131],[-100.8155,39.75602],[-100.82486,39.75598],[-100.83414,39.75592],[-100.83418,39.74113],[-100.85187,39.74109],[-100.85192,39.77041],[-100.81556,39.77038],[-100.81549,39.78493],[-100.79682,39.78492],[-100.79686,39.79947],[-100.81529,39.79929],[-100.81527,39.81383],[-100.77794,39.81398],[-100.77794,39.82841]]],[[[-100.77794,39.82841],[-100.79673,39.82838],[-100.79666,39.84296],[-100.77806,39.84285],[-100.77794,39.82841]]],[[[-100.88898,39.81377],[-100.92633,39.81395],[-100.92646,39.8285],[-100.90773,39.82835],[-100.90778,39.84314],[-100.88914,39.84296],[-100.88898,39.81377]]],[[[-101.16686,39.83567],[-101.16684,39.82847],[-101.18491,39.82844],[-101.18491,39.84282],[-101.16695,39.84293],[-101.16686,39.83567]]],[[[-100.36648,39.82824],[-100.36663,39.8138],[-100.40351,39.81391],[-100.40368,39.78485],[-100.42257,39.78483],[-100.42248,39.77029],[-100.46003,39.77041],[-100.45996,39.79933],[-100.44135,39.79935],[-100.44093,39.82815],[-100.45986,39.82811],[-100.45958,39.84268],[-100.42194,39.8429],[-100.42222,39.82827],[-100.40341,39.82832],[-100.40337,39.85723],[-100.38498,39.8571],[-100.38515,39.82833],[-100.36648,39.82824]]],[[[-101.99365,39.75638],[-102.04981,39.75624],[-102.04974,39.77066],[-102.03085,39.7708],[-102.03078,39.79979],[-102.01223,39.79982],[-102.01224,39.81428],[-101.99337,39.81429],[-101.99338,39.82882],[-101.97456,39.82884],[-101.97473,39.79981],[-101.99347,39.79987],[-101.99337,39.78539],[-102.01221,39.78536],[-102.01229,39.77083],[-101.99356,39.77091],[-101.99365,39.75638]]],[[[-100.8516,39.85742],[-100.85159,39.84282],[-100.834,39.84283],[-100.83391,39.81386],[-100.85176,39.81381],[-100.85169,39.8282],[-100.87038,39.82815],[-100.8707,39.85762],[-100.8516,39.85742]]],[[[-101.89924,39.84356],[-101.89929,39.82909],[-101.88051,39.82917],[-101.88071,39.80022],[-101.95575,39.79994],[-101.95571,39.82893],[-101.93695,39.82898],[-101.93699,39.81457],[-101.91818,39.81457],[-101.91803,39.84352],[-101.89924,39.84356]]],[[[-100.3285,39.87192],[-100.32883,39.85747],[-100.30982,39.85704],[-100.30997,39.84254],[-100.32878,39.84308],[-100.32893,39.82817],[-100.36648,39.82824],[-100.3664,39.88625],[-100.34728,39.8864],[-100.34726,39.87203],[-100.3285,39.87192]]],[[[-100.79666,39.84296],[-100.81527,39.84297],[-100.81522,39.85753],[-100.8516,39.85742],[-100.85165,39.87187],[-100.79659,39.87208],[-100.79652,39.88652],[-100.77758,39.88614],[-100.77803,39.85714],[-100.79665,39.8575],[-100.79666,39.84296]]],[[[-101.82357,39.87243],[-101.8234,39.85802],[-101.84214,39.85822],[-101.84225,39.84373],[-101.89924,39.84356],[-101.8991,39.8581],[-101.86161,39.85833],[-101.86146,39.87282],[-101.82357,39.87243]]],[[[-102.03073,39.86219],[-102.03069,39.85794],[-102.04946,39.85791],[-102.04929,39.8724],[-102.03062,39.87247],[-102.03073,39.86219]]],[[[-100.36663,39.8138],[-100.31023,39.81363],[-100.30997,39.84254],[-100.29139,39.84251],[-100.29102,39.87154],[-100.3285,39.87192],[-100.32839,39.90081],[-100.29087,39.90056],[-100.29091,39.886],[-100.27347,39.88588],[-100.27338,39.9004],[-100.29087,39.90056],[-100.2909,39.91503],[-100.2543,39.91462],[-100.25436,39.90021],[-100.23566,39.90004],[-100.23566,39.88548],[-100.25441,39.88571],[-100.25461,39.85668],[-100.27336,39.857],[-100.27341,39.84248],[-100.21687,39.84212],[-100.21676,39.85657],[-100.19794,39.85651],[-100.19792,39.8709],[-100.17918,39.87091],[-100.17929,39.85637],[-100.15157,39.85643],[-100.15141,39.87106],[-100.13246,39.87101],[-100.13302,39.84201],[-100.17051,39.84191],[-100.17087,39.81291],[-100.1797,39.81297],[-100.17959,39.82752],[-100.19832,39.82757],[-100.19855,39.81313],[-100.2547,39.8135],[-100.25474,39.82783],[-100.2735,39.82786],[-100.2735,39.81346],[-100.29156,39.81367],[-100.29165,39.79916],[-100.27358,39.79913],[-100.27364,39.7846],[-100.23621,39.78419],[-100.2363,39.76995],[-100.29197,39.77013],[-100.29184,39.78466],[-100.32941,39.78456],[-100.32929,39.79916],[-100.34825,39.79918],[-100.34816,39.78469],[-100.36685,39.78488],[-100.36663,39.8138]]],[[[-101.55986,39.84378],[-101.55979,39.85833],[-101.57872,39.85834],[-101.57884,39.84379],[-101.55986,39.84378],[-101.56038,39.81498],[-101.5978,39.81481],[-101.59743,39.82931],[-101.6162,39.82927],[-101.61701,39.80033],[-101.63589,39.80029],[-101.63573,39.81482],[-101.65456,39.81475],[-101.65495,39.77125],[-101.69257,39.7709],[-101.6924,39.78548],[-101.67363,39.7856],[-101.67301,39.82904],[-101.6356,39.82929],[-101.63563,39.85819],[-101.65433,39.85813],[-101.65434,39.87262],[-101.6161,39.87264],[-101.61623,39.85824],[-101.59749,39.85824],[-101.59745,39.88736],[-101.57867,39.88734],[-101.57878,39.8727],[-101.504,39.87289],[-101.50406,39.88728],[-101.48524,39.88728],[-101.48545,39.90183],[-101.46669,39.90173],[-101.46657,39.87262],[-101.48525,39.87276],[-101.48526,39.85828],[-101.50407,39.85838],[-101.50405,39.84382],[-101.55986,39.84378]]],[[[-99.34722,39.92228],[-99.34717,39.91503],[-99.36597,39.91504],[-99.36607,39.92955],[-99.34719,39.92956],[-99.34722,39.92228]]],[[[-101.59738,39.90177],[-101.59745,39.88736],[-101.61607,39.8872],[-101.61591,39.90162],[-101.59738,39.90177]]],[[[-101.82357,39.87243],[-101.8237,39.90162],[-101.7485,39.90119],[-101.74844,39.88673],[-101.80505,39.88695],[-101.80463,39.87243],[-101.82357,39.87243]]],[[[-101.84248,39.90161],[-101.84239,39.88714],[-101.88021,39.88713],[-101.88,39.90163],[-101.84248,39.90161]]],[[[-100.47828,39.9294],[-100.47846,39.91499],[-100.49731,39.91492],[-100.49713,39.92936],[-100.47828,39.9294]]],[[[-101.8991,39.8581],[-101.9368,39.85803],[-101.93679,39.87258],[-101.97416,39.87248],[-101.97403,39.88702],[-101.99287,39.88699],[-101.99274,39.90152],[-101.95505,39.90162],[-101.95526,39.88698],[-101.89887,39.88716],[-101.8991,39.8581]]],[[[-101.54117,39.91607],[-101.54114,39.90164],[-101.55987,39.90169],[-101.55992,39.91602],[-101.54117,39.91607]]],[[[-100.83327,39.9296],[-100.83345,39.91521],[-100.85121,39.91521],[-100.85105,39.92971],[-100.83327,39.9296]]],[[[-101.57859,39.91608],[-101.57862,39.90174],[-101.59738,39.90177],[-101.59723,39.91603],[-101.57859,39.91608]]],[[[-101.01862,39.92959],[-101.01862,39.91509],[-101.05603,39.91487],[-101.05611,39.92925],[-101.01862,39.92959]]],[[[-101.33575,39.91557],[-101.35459,39.9158],[-101.35469,39.93021],[-101.33589,39.93009],[-101.33575,39.91557]]],[[[-101.99265,39.91595],[-101.99274,39.90152],[-102.0116,39.90157],[-102.01156,39.91603],[-101.99265,39.91595]]],[[[-101.35459,39.9158],[-101.35452,39.90126],[-101.39186,39.90162],[-101.39216,39.9305],[-101.37321,39.93032],[-101.37324,39.916],[-101.35459,39.9158]]],[[[-101.99265,39.91595],[-101.99255,39.93049],[-101.97375,39.93051],[-101.97388,39.91613],[-101.99265,39.91595]]],[[[-101.55992,39.91602],[-101.57859,39.91608],[-101.57877,39.94495],[-101.56002,39.94491],[-101.55992,39.91602]]],[[[-100.40268,39.96573],[-100.40272,39.95853],[-100.4217,39.95846],[-100.42159,39.97304],[-100.40262,39.97298],[-100.40268,39.96573]]],[[[-100.47828,39.9294],[-100.47818,39.94386],[-100.49691,39.94391],[-100.49713,39.92936],[-100.53388,39.92935],[-100.53392,39.88592],[-100.6093,39.88632],[-100.6091,39.90092],[-100.62729,39.90077],[-100.62743,39.8863],[-100.6093,39.88632],[-100.60912,39.84278],[-100.59047,39.84277],[-100.59045,39.85727],[-100.57175,39.85722],[-100.57178,39.82818],[-100.64657,39.82841],[-100.64642,39.843],[-100.7032,39.84278],[-100.70324,39.85726],[-100.68424,39.85718],[-100.68421,39.90066],[-100.66516,39.90064],[-100.66518,39.8862],[-100.64629,39.88628],[-100.64622,39.91521],[-100.60922,39.91517],[-100.60908,39.92975],[-100.59041,39.9297],[-100.5904,39.91512],[-100.57173,39.91499],[-100.57173,39.90072],[-100.55294,39.90026],[-100.55289,39.91494],[-100.57173,39.91499],[-100.57172,39.92963],[-100.57152,39.94406],[-100.55279,39.94403],[-100.55239,39.97275],[-100.53364,39.97283],[-100.53382,39.95833],[-100.47806,39.95835],[-100.45935,39.95849],[-100.45923,39.97304],[-100.44043,39.97296],[-100.44103,39.94402],[-100.4594,39.944],[-100.45954,39.92949],[-100.47828,39.9294]]],[[[-100.64632,39.86479],[-100.64631,39.85735],[-100.62755,39.8574],[-100.62743,39.87187],[-100.64636,39.87196],[-100.64632,39.86479]]],[[[-100.70223,39.97309],[-100.70232,39.95866],[-100.72115,39.95859],[-100.72103,39.97305],[-100.70223,39.97309]]],[[[-101.54117,39.91607],[-101.54153,39.95949],[-101.52285,39.95957],[-101.52218,39.91604],[-101.54117,39.91607]]],[[[-100.90692,39.97329],[-100.90708,39.95864],[-100.92583,39.95876],[-100.92569,39.97331],[-100.90692,39.97329]]],[[[-101.14959,39.97301],[-101.14949,39.95838],[-101.16823,39.95857],[-101.16811,39.94399],[-101.18627,39.94397],[-101.18664,39.97309],[-101.14959,39.97301]]],[[[-101.22398,39.9585],[-101.22424,39.97298],[-101.20548,39.97301],[-101.20534,39.95847],[-101.22398,39.9585]]],[[[-101.35522,39.95913],[-101.35488,39.94473],[-101.39248,39.94481],[-101.3929,39.97358],[-101.37438,39.97352],[-101.37408,39.95907],[-101.35522,39.95913]]],[[[-100.72103,39.97305],[-100.73909,39.97306],[-100.73951,39.94401],[-100.75825,39.94412],[-100.75846,39.92969],[-100.77709,39.92966],[-100.77684,39.94416],[-100.79561,39.94408],[-100.79535,39.9585],[-100.75804,39.95859],[-100.75749,39.98752],[-100.72072,39.98746],[-100.72103,39.97305]]],[[[-100.79535,39.9585],[-100.81405,39.95861],[-100.81451,39.92964],[-100.83327,39.9296],[-100.83319,39.94411],[-100.85109,39.94416],[-100.85105,39.92971],[-100.86984,39.92973],[-100.8701,39.91522],[-100.88874,39.91524],[-100.88851,39.92972],[-100.90719,39.92969],[-100.90749,39.90101],[-100.94496,39.90125],[-100.94459,39.94423],[-100.96244,39.94439],[-100.96246,39.92984],[-100.98126,39.92969],[-100.98118,39.91524],[-100.96244,39.91531],[-100.96244,39.9008],[-100.94496,39.90125],[-100.94513,39.88667],[-100.98105,39.88629],[-100.9811,39.90069],[-100.99978,39.90044],[-100.99961,39.8716],[-101.01803,39.87178],[-101.01819,39.85724],[-101.03719,39.85736],[-101.03725,39.84277],[-101.05598,39.84263],[-101.05604,39.85706],[-101.14867,39.85728],[-101.14898,39.8715],[-101.16682,39.87152],[-101.16725,39.88601],[-101.18538,39.88607],[-101.18526,39.87157],[-101.22289,39.87183],[-101.22229,39.85745],[-101.24139,39.85736],[-101.24143,39.87191],[-101.26027,39.87169],[-101.26088,39.88621],[-101.27987,39.88627],[-101.27952,39.87172],[-101.26027,39.87169],[-101.26007,39.85728],[-101.24139,39.85736],[-101.24133,39.84294],[-101.31627,39.84337],[-101.31624,39.81469],[-101.24124,39.81423],[-101.24128,39.82865],[-101.20357,39.82852],[-101.20372,39.81408],[-101.22251,39.8141],[-101.22272,39.79968],[-101.24136,39.79962],[-101.24149,39.78537],[-101.26048,39.78542],[-101.26057,39.77068],[-101.29752,39.77098],[-101.29745,39.78555],[-101.279,39.78553],[-101.27889,39.79966],[-101.35394,39.80036],[-101.35369,39.82922],[-101.37241,39.82927],[-101.37237,39.84373],[-101.33508,39.84355],[-101.3353,39.87227],[-101.29775,39.87214],[-101.29794,39.88661],[-101.33568,39.88667],[-101.33575,39.91557],[-101.31709,39.91558],[-101.31736,39.94447],[-101.29869,39.9444],[-101.29907,39.97325],[-101.28097,39.97325],[-101.28088,39.95864],[-101.26196,39.95862],[-101.26212,39.97319],[-101.24311,39.97311],[-101.24294,39.95857],[-101.22398,39.9585],[-101.22374,39.92959],[-101.20495,39.92951],[-101.20477,39.91503],[-101.14907,39.91498],[-101.14916,39.9294],[-101.13043,39.92943],[-101.13053,39.94389],[-101.09274,39.94385],[-101.09291,39.92941],[-101.11156,39.92947],[-101.11151,39.8715],[-101.03719,39.87171],[-101.03737,39.90057],[-101.01828,39.90055],[-101.01862,39.91509],[-100.99994,39.91514],[-100.99994,39.92961],[-101.01862,39.92959],[-101.01862,39.95868],[-100.9624,39.9589],[-100.96237,39.97329],[-100.94425,39.97324],[-100.94445,39.95888],[-100.92583,39.95876],[-100.92598,39.94429],[-100.88846,39.9441],[-100.88843,39.95865],[-100.83308,39.95854],[-100.833,39.97317],[-100.81384,39.97311],[-100.81381,39.98748],[-100.79494,39.98751],[-100.79535,39.9585]]],[[[-101.27993,39.90802],[-101.28,39.91529],[-101.26122,39.91503],[-101.26139,39.92981],[-101.24253,39.92967],[-101.24271,39.94409],[-101.28065,39.94425],[-101.28037,39.9299],[-101.29837,39.92998],[-101.29807,39.90097],[-101.27993,39.90083],[-101.27993,39.90802]]],[[[-101.03747,39.98739],[-101.0376,39.9729],[-101.05605,39.97269],[-101.05619,39.98722],[-101.03747,39.98739]]],[[[-101.67369,39.9739],[-101.67367,39.95932],[-101.71137,39.95923],[-101.71094,39.93034],[-101.72992,39.93018],[-101.73007,39.94473],[-101.74864,39.94471],[-101.74871,39.95922],[-101.73014,39.95929],[-101.73053,39.97363],[-101.67369,39.9739]]],[[[-101.14959,39.97301],[-101.14972,39.98761],[-101.13051,39.98744],[-101.13044,39.97292],[-101.14959,39.97301]]],[[[-101.22424,39.97298],[-101.24311,39.97311],[-101.24343,39.98747],[-101.22451,39.98746],[-101.22424,39.97298]]],[[[-100.30894,40.00001],[-100.30921,39.98763],[-100.34631,39.98768],[-100.34636,40.0018],[-100.3089,40.00176],[-100.30894,40.00001]]],[[[-100.3657,39.98741],[-100.38476,39.98728],[-100.38478,40.00182],[-100.36572,40.00179],[-100.3657,39.98741]]],[[[-101.26212,39.97319],[-101.28097,39.97325],[-101.28124,39.98767],[-101.26233,39.98762],[-101.26212,39.97319]]],[[[-100.70223,39.97309],[-100.70201,40.00217],[-100.6833,40.00207],[-100.68322,39.98785],[-100.64569,39.98763],[-100.64546,40.00183],[-100.60892,40.00189],[-100.60887,39.98762],[-100.62679,39.98759],[-100.627,39.97309],[-100.70223,39.97309]]],[[[-101.42959,39.94218],[-101.42934,39.93048],[-101.46704,39.93051],[-101.46686,39.91611],[-101.48554,39.91612],[-101.48576,39.97376],[-101.5048,39.9738],[-101.50525,39.98828],[-101.46736,39.98822],[-101.46704,39.94498],[-101.42961,39.94495],[-101.42959,39.94218]]],[[[-100.90692,39.97329],[-100.90702,40.00218],[-100.8882,40.00219],[-100.88818,39.97322],[-100.90692,39.97329]]],[[[-101.03747,39.98739],[-101.03742,40.0024],[-101.00012,40.0023],[-101.00003,39.98769],[-101.03747,39.98739]]],[[[-101.67369,39.9739],[-101.67388,39.98845],[-101.65501,39.98847],[-101.65538,40.00286],[-101.61677,40.00275],[-101.61742,40],[-101.61729,39.98845],[-101.63643,39.98855],[-101.63606,39.97405],[-101.67369,39.9739]]],[[[-101.6932,40],[-101.69287,39.98824],[-101.71167,39.98829],[-101.71219,40.00291],[-101.69326,40.00287],[-101.6932,40]]]]},"properties":{"OBJECTID":4,"dtw_2022_2024_MANUAL_RANGE":"150.000001 - 200.000000","name":"Depth to water: 150 to 200","classLabel":"150 to 200","color":"#f2a72e","hasValue":true,"period":"2022\u20132024"}},{"type":"Feature","id":5,"geometry":{"type":"MultiPolygon","coordinates":[[[[-101.98961,37.01044],[-101.98945,36.99322],[-102.04216,36.9931],[-102.04216,36.99587],[-102.02588,36.99586],[-102.02592,37.01041],[-101.98961,37.01044]]],[[[-101.53738,37.08299],[-101.53762,37.06844],[-101.55559,37.06852],[-101.55559,37.05397],[-101.57372,37.05418],[-101.57364,37.03955],[-101.6278,37.03997],[-101.62775,37.02541],[-101.64581,37.02541],[-101.64577,37.01099],[-101.66397,37.0108],[-101.66408,36.99619],[-101.75433,36.99629],[-101.75433,36.99445],[-101.80868,36.9941],[-101.80879,37.01063],[-101.98961,37.01044],[-101.98973,37.02488],[-101.77265,37.02526],[-101.77266,37.03975],[-101.66412,37.03994],[-101.66417,37.06905],[-101.62782,37.06894],[-101.62774,37.08352],[-101.60976,37.08352],[-101.60972,37.09801],[-101.55585,37.09769],[-101.5556,37.08312],[-101.53738,37.08299]]],[[[-101.51953,37.11195],[-101.51956,37.08291],[-101.53738,37.08299],[-101.53768,37.11203],[-101.51953,37.11195]]],[[[-100.81535,37.21363],[-100.83341,37.2137],[-100.83338,37.22814],[-100.81545,37.22816],[-100.81535,37.21363]]],[[[-100.83338,37.22814],[-100.85041,37.2282],[-100.85053,37.24267],[-100.83385,37.24276],[-100.83338,37.22814]]],[[[-100.85053,37.24267],[-100.88673,37.24286],[-100.88684,37.25738],[-100.90484,37.2573],[-100.90492,37.27171],[-100.86895,37.27171],[-100.86823,37.25727],[-100.85069,37.2572],[-100.85053,37.24267]]],[[[-100.83249,37.12661],[-100.85024,37.12673],[-100.85004,37.11232],[-100.86818,37.11225],[-100.8683,37.12676],[-100.90444,37.12672],[-100.90425,37.11239],[-100.88624,37.1123],[-100.88627,37.0979],[-100.81436,37.09755],[-100.81417,37.11214],[-100.83248,37.11232],[-100.83249,37.12661],[-100.77821,37.12623],[-100.77796,37.11175],[-100.75991,37.11185],[-100.7599,37.09725],[-100.74194,37.09693],[-100.74184,37.08238],[-100.72474,37.08232],[-100.72452,37.06792],[-100.70645,37.06819],[-100.70605,37.05354],[-100.66958,37.05372],[-100.66936,37.03919],[-100.65103,37.03936],[-100.65107,37.01028],[-100.63323,37.01037],[-100.63328,37.00013],[-100.72372,36.9996],[-100.72366,37.01012],[-100.74147,37.00986],[-100.74144,36.99938],[-100.79633,36.99922],[-100.7957,37.01024],[-100.81409,37.01054],[-100.81412,37.03952],[-100.83224,37.03963],[-100.83228,37.05416],[-100.88634,37.05442],[-100.88633,37.06898],[-100.92234,37.0688],[-100.92234,37.08329],[-100.94052,37.08329],[-100.94052,37.06874],[-100.97624,37.06881],[-100.9764,37.02512],[-101.0126,37.0251],[-101.01257,37.01062],[-101.03064,37.0106],[-101.03073,36.99812],[-101.26598,36.99687],[-101.26576,37.01058],[-101.28403,37.0105],[-101.28417,36.99676],[-101.35646,36.99631],[-101.35674,37.06846],[-101.21185,37.06866],[-101.21168,37.05417],[-101.19367,37.05416],[-101.1935,37.0397],[-101.06694,37.0395],[-101.06695,37.05402],[-101.04875,37.05401],[-101.04876,37.06853],[-101.01255,37.06857],[-101.0129,37.12672],[-100.99464,37.12676],[-100.99515,37.18473],[-101.01335,37.18472],[-101.01327,37.17032],[-101.04951,37.17024],[-101.04967,37.19913],[-101.06774,37.19913],[-101.06765,37.18457],[-101.13998,37.18465],[-101.14,37.19896],[-101.15822,37.19913],[-101.15817,37.21358],[-101.13999,37.21365],[-101.14003,37.22816],[-101.12203,37.22827],[-101.12201,37.25704],[-101.10389,37.25702],[-101.10377,37.24263],[-101.0858,37.24262],[-101.08578,37.22828],[-101.04995,37.22801],[-101.04981,37.21365],[-100.95889,37.2137],[-100.95908,37.22817],[-100.97712,37.22809],[-100.97731,37.24262],[-100.9773,37.27163],[-100.95926,37.27172],[-100.95923,37.24263],[-100.94122,37.24246],[-100.94118,37.22799],[-100.923,37.22817],[-100.92312,37.21368],[-100.90509,37.2137],[-100.90474,37.18456],[-100.86833,37.18499],[-100.86823,37.17021],[-100.85027,37.17026],[-100.85028,37.14134],[-100.83269,37.14114],[-100.83249,37.12661]]],[[[-100.9409,37.17014],[-100.95876,37.17014],[-100.95872,37.15571],[-100.94091,37.15571],[-100.9409,37.17014]]],[[[-100.90492,37.27171],[-100.92296,37.27177],[-100.92303,37.28618],[-100.90502,37.28605],[-100.90492,37.27171]]],[[[-101.14033,37.28579],[-101.14023,37.27141],[-101.15838,37.2714],[-101.15849,37.28582],[-101.14033,37.28579]]],[[[-100.92303,37.28618],[-100.94137,37.28615],[-100.94148,37.31544],[-100.9233,37.31529],[-100.92303,37.28618]]],[[[-100.94148,37.31544],[-100.97751,37.31517],[-100.97755,37.3296],[-100.94131,37.32992],[-100.94148,37.31544]]],[[[-101.05023,37.32938],[-101.03226,37.32922],[-101.03207,37.30057],[-100.99558,37.30093],[-100.99528,37.28603],[-101.06791,37.28597],[-101.06796,37.3004],[-101.05021,37.30043],[-101.05023,37.32938]]],[[[-100.99575,37.34393],[-100.99571,37.32936],[-101.01409,37.32916],[-101.01403,37.34387],[-100.99575,37.34393]]],[[[-101.05023,37.32938],[-101.08601,37.32927],[-101.08616,37.34394],[-101.05027,37.34386],[-101.05023,37.32938]]],[[[-99.85195,37.36818],[-99.85215,37.35385],[-99.87019,37.35378],[-99.87008,37.36821],[-99.85195,37.36818]]],[[[-101.05044,37.37503],[-101.05043,37.37286],[-101.0682,37.37328],[-101.06815,37.38776],[-101.05042,37.38768],[-101.05044,37.37503]]],[[[-101.01419,37.37503],[-101.01414,37.37285],[-101.03236,37.3727],[-101.03222,37.38781],[-101.03485,37.38781],[-101.03489,37.40248],[-101.01675,37.4025],[-101.01672,37.38783],[-101.01427,37.38783],[-101.01419,37.37503]]],[[[-101.0713,37.4024],[-101.07118,37.38776],[-101.08944,37.38785],[-101.08942,37.40237],[-101.0713,37.4024]]],[[[-101.0713,37.4024],[-101.07106,37.41686],[-101.05303,37.41687],[-101.05298,37.40241],[-101.0713,37.4024]]],[[[-101.16229,37.4024],[-101.16219,37.41696],[-101.14396,37.41694],[-101.1443,37.40244],[-101.16229,37.4024]]],[[[-101.28932,37.41686],[-101.28932,37.4025],[-101.27107,37.40247],[-101.271,37.41693],[-101.23456,37.41701],[-101.23475,37.40239],[-101.25291,37.40251],[-101.25299,37.38801],[-101.28509,37.38807],[-101.28499,37.37352],[-101.30328,37.37348],[-101.30293,37.30072],[-101.28463,37.30067],[-101.28464,37.28613],[-101.26699,37.28607],[-101.26709,37.30053],[-101.24888,37.3005],[-101.24875,37.31503],[-101.23074,37.31503],[-101.23086,37.32961],[-101.21257,37.32955],[-101.21291,37.38795],[-101.21668,37.38796],[-101.2166,37.40236],[-101.19844,37.40235],[-101.19843,37.41668],[-101.17972,37.417],[-101.18016,37.40241],[-101.16229,37.4024],[-101.16208,37.38789],[-101.12589,37.3879],[-101.12573,37.4023],[-101.10769,37.40238],[-101.10778,37.3879],[-101.12294,37.38791],[-101.1223,37.37284],[-101.14049,37.37294],[-101.14052,37.35856],[-101.1765,37.35878],[-101.17669,37.38787],[-101.19476,37.38785],[-101.1944,37.31489],[-101.21256,37.31497],[-101.21256,37.30044],[-101.23082,37.30048],[-101.23073,37.28601],[-101.24888,37.28608],[-101.24887,37.27154],[-101.26685,37.27163],[-101.26694,37.21353],[-101.24829,37.21356],[-101.24851,37.19898],[-101.26681,37.19882],[-101.26676,37.18454],[-101.28458,37.18443],[-101.28446,37.16995],[-101.33899,37.16989],[-101.33889,37.15539],[-101.39305,37.1556],[-101.39301,37.17009],[-101.41115,37.17],[-101.4111,37.15547],[-101.46548,37.15554],[-101.46546,37.14106],[-101.48355,37.14101],[-101.4836,37.12643],[-101.50139,37.1265],[-101.50135,37.11189],[-101.51953,37.11195],[-101.51962,37.14105],[-101.50137,37.14103],[-101.50129,37.15551],[-101.48341,37.15555],[-101.48367,37.19897],[-101.50145,37.19902],[-101.50178,37.25003],[-101.50166,37.27179],[-101.484,37.27179],[-101.48417,37.31543],[-101.46584,37.3154],[-101.46601,37.33008],[-101.42985,37.33005],[-101.42963,37.30092],[-101.44777,37.30101],[-101.44775,37.28622],[-101.46614,37.28622],[-101.46593,37.27178],[-101.42957,37.27177],[-101.42957,37.28631],[-101.39334,37.28643],[-101.37545,37.28636],[-101.37544,37.27183],[-101.35739,37.27178],[-101.35744,37.28612],[-101.33914,37.28631],[-101.33929,37.32979],[-101.32107,37.32979],[-101.32139,37.38815],[-101.32564,37.38816],[-101.32576,37.4026],[-101.34391,37.40254],[-101.34385,37.38814],[-101.41183,37.38837],[-101.41183,37.3591],[-101.42982,37.35917],[-101.42968,37.34449],[-101.46596,37.34462],[-101.46607,37.35916],[-101.44787,37.35923],[-101.44806,37.3737],[-101.42982,37.37372],[-101.43012,37.38829],[-101.41666,37.38839],[-101.41666,37.40267],[-101.362,37.40259],[-101.36217,37.41704],[-101.28932,37.41686]]],[[[-101.31132,37.22809],[-101.30282,37.2281],[-101.30293,37.25718],[-101.33913,37.25727],[-101.33889,37.2282],[-101.31132,37.22809]]],[[[-101.12566,37.4315],[-101.08954,37.43147],[-101.08953,37.41688],[-101.12582,37.41692],[-101.12566,37.4315]]],[[[-101.27102,37.43122],[-101.271,37.41693],[-101.28932,37.41686],[-101.28903,37.43115],[-101.27102,37.43122]]],[[[-101.27102,37.43122],[-101.27097,37.44584],[-101.25276,37.44566],[-101.25297,37.43127],[-101.27102,37.43122]]],[[[-101.28903,37.43115],[-101.32572,37.4315],[-101.32585,37.44599],[-101.28899,37.44574],[-101.28903,37.43115]]],[[[-99.4112,37.49057],[-99.41116,37.48311],[-99.42957,37.48315],[-99.42955,37.49799],[-99.41124,37.49803],[-99.4112,37.49057]]],[[[-99.83185,37.52782],[-99.8316,37.49835],[-99.86937,37.49928],[-99.86938,37.51406],[-99.85064,37.51369],[-99.85074,37.52838],[-99.83185,37.52782]]],[[[-100.32475,37.60624],[-100.32475,37.5916],[-100.34301,37.59155],[-100.34292,37.6061],[-100.32475,37.60624]]],[[[-101.81654,37.49057],[-101.83446,37.49062],[-101.83469,37.47614],[-101.81663,37.47605],[-101.81654,37.49057],[-101.79831,37.4905],[-101.79846,37.47596],[-101.7802,37.47584],[-101.78068,37.44687],[-101.72614,37.44668],[-101.72619,37.43224],[-101.70799,37.43232],[-101.70792,37.41762],[-101.67152,37.41752],[-101.67149,37.40294],[-101.65325,37.40294],[-101.65323,37.3885],[-101.64715,37.3885],[-101.64694,37.35939],[-101.62866,37.35938],[-101.6288,37.37392],[-101.59289,37.37402],[-101.59289,37.38852],[-101.56232,37.38848],[-101.56231,37.40305],[-101.54402,37.40295],[-101.5439,37.38842],[-101.52033,37.3884],[-101.52014,37.35933],[-101.50201,37.35927],[-101.50198,37.34464],[-101.46596,37.34462],[-101.46601,37.33008],[-101.50189,37.33008],[-101.50182,37.31548],[-101.51998,37.31557],[-101.52003,37.28638],[-101.53812,37.28648],[-101.53805,37.25732],[-101.64652,37.25787],[-101.64661,37.24346],[-101.66481,37.24358],[-101.66462,37.28699],[-101.64642,37.28694],[-101.64644,37.30138],[-101.66474,37.30146],[-101.66478,37.31589],[-101.68308,37.31584],[-101.68328,37.34499],[-101.70151,37.34494],[-101.70182,37.37423],[-101.73741,37.37438],[-101.737,37.38872],[-101.78075,37.38881],[-101.78076,37.41791],[-101.76248,37.41766],[-101.76234,37.43224],[-101.85315,37.43254],[-101.85308,37.44713],[-101.8713,37.44717],[-101.87106,37.47624],[-101.90751,37.47647],[-101.90746,37.4909],[-101.96222,37.49107],[-101.96218,37.47667],[-101.98057,37.47679],[-101.98019,37.52048],[-101.96202,37.52017],[-101.96184,37.5347],[-101.92524,37.53458],[-101.92541,37.54928],[-101.88893,37.54927],[-101.88883,37.56373],[-101.94362,37.56383],[-101.94348,37.5493],[-102.01647,37.54955],[-102.01653,37.53512],[-102.03502,37.53513],[-102.03477,37.56427],[-101.99824,37.56414],[-101.99814,37.57867],[-101.96157,37.5785],[-101.96146,37.59309],[-101.9434,37.59297],[-101.94346,37.57846],[-101.90702,37.57828],[-101.88876,37.57821],[-101.88869,37.59284],[-101.83434,37.59244],[-101.83441,37.56329],[-101.85253,37.56349],[-101.85258,37.54893],[-101.87074,37.54911],[-101.87085,37.53451],[-101.889,37.53444],[-101.88919,37.50537],[-101.8709,37.50534],[-101.87099,37.49071],[-101.85271,37.49073],[-101.85277,37.50532],[-101.81655,37.50513],[-101.81654,37.49057]]],[[[-102.01617,37.64762],[-102.0162,37.6369],[-102.04166,37.63696],[-102.04172,37.65137],[-102.01617,37.65131],[-102.01617,37.64762]]],[[[-101.63525,37.65695],[-101.63521,37.64971],[-101.65337,37.64974],[-101.65339,37.66426],[-101.63527,37.66428],[-101.63525,37.65695]]],[[[-101.3824,37.77996],[-101.38237,37.75075],[-101.364,37.75072],[-101.36391,37.77995],[-101.34559,37.7799],[-101.34561,37.73615],[-101.36389,37.73617],[-101.3638,37.69273],[-101.30894,37.69258],[-101.30831,37.53293],[-101.27176,37.5328],[-101.27152,37.51826],[-101.25326,37.51834],[-101.25288,37.50375],[-101.23465,37.50357],[-101.2346,37.48917],[-101.16214,37.48933],[-101.16205,37.47477],[-101.14388,37.47485],[-101.14381,37.44609],[-101.12563,37.4461],[-101.12566,37.4315],[-101.18017,37.43122],[-101.18008,37.44555],[-101.16211,37.44584],[-101.16188,37.46042],[-101.19847,37.46025],[-101.19861,37.47466],[-101.25281,37.47476],[-101.25273,37.48928],[-101.27104,37.48919],[-101.27103,37.50376],[-101.28936,37.50377],[-101.28964,37.51833],[-101.32634,37.51847],[-101.32657,37.5329],[-101.3449,37.53282],[-101.3446,37.51828],[-101.3627,37.51826],[-101.36289,37.53277],[-101.41703,37.533],[-101.41699,37.51857],[-101.43509,37.51867],[-101.43503,37.5041],[-101.45317,37.5041],[-101.45311,37.47517],[-101.48974,37.47529],[-101.48934,37.46072],[-101.50751,37.46112],[-101.50774,37.48978],[-101.47142,37.48973],[-101.4714,37.51864],[-101.45322,37.51862],[-101.4535,37.56211],[-101.47178,37.56203],[-101.47185,37.57665],[-101.49005,37.57669],[-101.48993,37.60566],[-101.4172,37.60567],[-101.41729,37.62019],[-101.40032,37.62021],[-101.40013,37.60571],[-101.38175,37.60561],[-101.38186,37.62019],[-101.32727,37.62008],[-101.32727,37.67811],[-101.3638,37.67819],[-101.36379,37.66366],[-101.3821,37.66369],[-101.3821,37.67818],[-101.40029,37.67815],[-101.40057,37.69264],[-101.41761,37.69261],[-101.41767,37.70717],[-101.43586,37.70721],[-101.43577,37.69265],[-101.47242,37.69284],[-101.47252,37.70737],[-101.45435,37.70727],[-101.45452,37.72188],[-101.43607,37.72188],[-101.43638,37.75081],[-101.40064,37.75078],[-101.40075,37.77984],[-101.3824,37.77996]]],[[[-101.34522,37.58384],[-101.34521,37.57647],[-101.39989,37.57661],[-101.39966,37.56207],[-101.41712,37.56209],[-101.4171,37.54762],[-101.32676,37.54739],[-101.32702,37.59096],[-101.34526,37.591],[-101.34522,37.58384]]],[[[-101.74331,37.75153],[-101.76139,37.7517],[-101.76141,37.76621],[-101.77962,37.76641],[-101.77965,37.78087],[-101.74306,37.78081],[-101.74331,37.75153]]],[[[-101.36391,37.77995],[-101.3824,37.77996],[-101.38226,37.79448],[-101.3639,37.7944],[-101.36391,37.77995]]],[[[-101.77965,37.78087],[-101.79795,37.781],[-101.79788,37.79551],[-101.7796,37.79533],[-101.77965,37.78087]]],[[[-101.38226,37.79448],[-101.43615,37.79465],[-101.43612,37.80924],[-101.38196,37.8091],[-101.38226,37.79448]]],[[[-101.79788,37.79551],[-101.85195,37.79594],[-101.8518,37.81042],[-101.79756,37.81019],[-101.79788,37.79551]]],[[[-101.92648,37.84137],[-101.92655,37.82698],[-101.94347,37.82699],[-101.94347,37.811],[-101.92509,37.81087],[-101.92512,37.82697],[-101.90832,37.82695],[-101.90818,37.84143],[-101.87161,37.84133],[-101.87166,37.82693],[-101.85171,37.82695],[-101.8518,37.81042],[-101.88834,37.81068],[-101.88835,37.82691],[-101.90676,37.82693],[-101.90667,37.81076],[-101.88834,37.81068],[-101.88856,37.78181],[-101.90681,37.78171],[-101.90686,37.76733],[-101.88856,37.76724],[-101.8888,37.72361],[-101.85215,37.72357],[-101.85217,37.709],[-101.77978,37.70841],[-101.77981,37.67953],[-101.76151,37.67918],[-101.7614,37.69361],[-101.7267,37.69341],[-101.72679,37.70793],[-101.68998,37.70796],[-101.69021,37.72245],[-101.7085,37.72242],[-101.70846,37.73691],[-101.7433,37.73698],[-101.74331,37.75153],[-101.69039,37.75151],[-101.6904,37.73693],[-101.67213,37.73695],[-101.67199,37.72246],[-101.63544,37.72241],[-101.63535,37.70782],[-101.59979,37.70768],[-101.59949,37.69319],[-101.63535,37.69341],[-101.63528,37.67878],[-101.67174,37.6788],[-101.67169,37.66434],[-101.70835,37.66444],[-101.70831,37.6499],[-101.74348,37.64991],[-101.74344,37.63536],[-101.83457,37.6363],[-101.83459,37.65096],[-101.85251,37.65101],[-101.85243,37.68014],[-101.87098,37.68033],[-101.87106,37.69469],[-101.9253,37.69471],[-101.92526,37.70905],[-101.94345,37.70927],[-101.9435,37.73841],[-101.96142,37.73851],[-101.96137,37.75299],[-102.04223,37.75284],[-102.0424,37.76733],[-102.01624,37.7675],[-102.01631,37.78228],[-102.04264,37.78201],[-102.0429,37.7965],[-101.99784,37.79664],[-101.99772,37.82687],[-101.99955,37.82688],[-101.99959,37.84132],[-101.96302,37.84142],[-101.96299,37.82696],[-101.96123,37.82695],[-101.94487,37.827],[-101.94476,37.84135],[-101.92648,37.84137]]],[[[-101.90818,37.84143],[-101.92648,37.84137],[-101.92637,37.85601],[-101.90806,37.85598],[-101.90818,37.84143]]],[[[-101.9448,37.8632],[-101.9448,37.85591],[-101.96309,37.85595],[-101.96307,37.87038],[-101.94482,37.87048],[-101.9448,37.8632]]],[[[-101.10297,37.91605],[-101.10344,37.90148],[-101.12156,37.90145],[-101.12188,37.8869],[-101.15846,37.88668],[-101.15856,37.85764],[-101.1768,37.85761],[-101.17693,37.82854],[-101.18112,37.82851],[-101.18092,37.78014],[-101.21709,37.7799],[-101.21703,37.76488],[-101.23511,37.76495],[-101.23522,37.77979],[-101.34559,37.7799],[-101.34575,37.79441],[-101.27187,37.79396],[-101.2716,37.82833],[-101.26756,37.82833],[-101.26777,37.84287],[-101.23148,37.84282],[-101.23135,37.85736],[-101.21306,37.85743],[-101.21314,37.87207],[-101.19514,37.87207],[-101.19477,37.90102],[-101.15823,37.90137],[-101.15813,37.91578],[-101.10297,37.91605]]],[[[-100.62825,37.94435],[-100.62837,37.9299],[-100.62543,37.92984],[-100.61006,37.92971],[-100.60989,37.94419],[-100.55516,37.94368],[-100.55535,37.91477],[-100.51914,37.91455],[-100.51914,37.90023],[-100.48297,37.90004],[-100.48325,37.87117],[-100.46501,37.87107],[-100.465,37.8567],[-100.50163,37.85678],[-100.50147,37.87137],[-100.57373,37.87162],[-100.57375,37.88607],[-100.64668,37.88655],[-100.64689,37.91547],[-100.66471,37.91566],[-100.66457,37.93012],[-100.64678,37.93],[-100.64648,37.95899],[-100.62808,37.95884],[-100.62825,37.94435]]],[[[-100.63359,37.78025],[-100.63393,37.73648],[-100.61588,37.73661],[-100.61536,37.78022],[-100.63359,37.78025],[-100.63318,37.82867],[-100.59689,37.82857],[-100.5969,37.80983],[-100.5423,37.80987],[-100.54243,37.79527],[-100.57878,37.79513],[-100.57897,37.78028],[-100.56074,37.78047],[-100.56092,37.76597],[-100.54272,37.76607],[-100.54283,37.75152],[-100.37892,37.75192],[-100.37891,37.73735],[-100.39711,37.73728],[-100.39732,37.7082],[-100.41564,37.7081],[-100.41556,37.69344],[-100.4518,37.69317],[-100.45183,37.67878],[-100.4701,37.67863],[-100.47004,37.69318],[-100.48835,37.69317],[-100.48829,37.66403],[-100.45189,37.66424],[-100.45186,37.64969],[-100.41567,37.64969],[-100.41565,37.66429],[-100.34262,37.66448],[-100.3426,37.67931],[-100.32441,37.67918],[-100.32451,37.6646],[-100.30668,37.66457],[-100.30658,37.67906],[-100.2514,37.67902],[-100.25141,37.69348],[-100.19705,37.69353],[-100.19724,37.67895],[-100.10636,37.67865],[-100.10633,37.66412],[-100.21509,37.66452],[-100.21526,37.63544],[-100.17939,37.63533],[-100.17942,37.62094],[-100.16148,37.62084],[-100.16157,37.60634],[-100.12512,37.60609],[-100.12531,37.577],[-100.14349,37.57711],[-100.14348,37.59173],[-100.16175,37.59185],[-100.16181,37.57731],[-100.21555,37.57727],[-100.21571,37.5626],[-100.23384,37.56253],[-100.23405,37.53334],[-100.2523,37.53332],[-100.25245,37.51883],[-100.27057,37.51878],[-100.27064,37.5042],[-100.28887,37.50432],[-100.28882,37.53334],[-100.27052,37.53331],[-100.27037,37.56253],[-100.25206,37.56254],[-100.25208,37.5771],[-100.27022,37.57705],[-100.27016,37.59161],[-100.21553,37.59174],[-100.21533,37.6209],[-100.2336,37.62089],[-100.23368,37.6063],[-100.25194,37.60624],[-100.25181,37.62085],[-100.27012,37.62088],[-100.27009,37.63544],[-100.28854,37.63552],[-100.2887,37.62102],[-100.36102,37.62075],[-100.3612,37.60608],[-100.39747,37.60601],[-100.39758,37.59139],[-100.41585,37.59142],[-100.41579,37.54752],[-100.39786,37.5476],[-100.39793,37.51847],[-100.36123,37.51854],[-100.36126,37.50391],[-100.34309,37.50388],[-100.3431,37.47483],[-100.3613,37.47477],[-100.36131,37.48934],[-100.39787,37.4892],[-100.39789,37.50369],[-100.4159,37.50378],[-100.41583,37.51846],[-100.43371,37.51848],[-100.43369,37.53301],[-100.47033,37.53306],[-100.47032,37.54759],[-100.452,37.54755],[-100.45203,37.57678],[-100.47039,37.57683],[-100.47026,37.56224],[-100.50686,37.56227],[-100.50689,37.57685],[-100.48857,37.57685],[-100.48864,37.59135],[-100.47031,37.59132],[-100.47029,37.6059],[-100.48861,37.60596],[-100.48851,37.62038],[-100.50681,37.62037],[-100.50678,37.60591],[-100.52507,37.60596],[-100.5253,37.5769],[-100.54321,37.57688],[-100.54319,37.59135],[-100.57952,37.59129],[-100.57971,37.57661],[-100.59778,37.57671],[-100.59783,37.56217],[-100.56142,37.56224],[-100.56145,37.54746],[-100.54317,37.54749],[-100.54321,37.51851],[-100.5068,37.51843],[-100.50672,37.50397],[-100.47036,37.50392],[-100.47018,37.47479],[-100.41587,37.47473],[-100.41588,37.46001],[-100.37956,37.46024],[-100.3796,37.44581],[-100.32516,37.44566],[-100.3251,37.43113],[-100.36122,37.43122],[-100.36155,37.4166],[-100.37967,37.41654],[-100.37965,37.40184],[-100.36168,37.40186],[-100.36168,37.38713],[-100.38096,37.38718],[-100.38101,37.37252],[-100.36288,37.37247],[-100.36289,37.34339],[-100.38106,37.34346],[-100.381,37.31457],[-100.39924,37.31451],[-100.3992,37.3],[-100.41701,37.30008],[-100.41701,37.28553],[-100.4351,37.28559],[-100.43517,37.30019],[-100.47147,37.30046],[-100.47151,37.24182],[-100.45327,37.24185],[-100.45332,37.22725],[-100.48931,37.22757],[-100.48922,37.15528],[-100.50721,37.15527],[-100.50737,37.0972],[-100.52538,37.09723],[-100.52472,37.05389],[-100.56074,37.05378],[-100.56041,37.03935],[-100.57876,37.03936],[-100.57904,37.05359],[-100.59716,37.05382],[-100.59766,37.08277],[-100.61573,37.08286],[-100.61613,37.09733],[-100.65282,37.09738],[-100.65316,37.11201],[-100.68955,37.11182],[-100.69001,37.12622],[-100.70828,37.12618],[-100.70787,37.15517],[-100.72618,37.15523],[-100.72603,37.16981],[-100.79674,37.17004],[-100.79696,37.18457],[-100.81483,37.18472],[-100.81535,37.21363],[-100.79712,37.21357],[-100.79705,37.19909],[-100.77882,37.19885],[-100.77877,37.18434],[-100.76041,37.18413],[-100.76052,37.19874],[-100.70782,37.1989],[-100.70782,37.18432],[-100.67169,37.18447],[-100.67184,37.15539],[-100.63548,37.15562],[-100.63541,37.17012],[-100.59881,37.16999],[-100.5986,37.141],[-100.58042,37.14087],[-100.58052,37.15543],[-100.56236,37.15535],[-100.56216,37.12634],[-100.54411,37.12626],[-100.54442,37.16977],[-100.52618,37.16971],[-100.52622,37.18423],[-100.5444,37.18427],[-100.54438,37.19882],[-100.52621,37.19877],[-100.52622,37.2132],[-100.54441,37.21334],[-100.54437,37.30032],[-100.52626,37.3002],[-100.52617,37.3148],[-100.54422,37.31482],[-100.54394,37.34384],[-100.52584,37.34383],[-100.52522,37.40191],[-100.50701,37.40196],[-100.50701,37.41652],[-100.48886,37.4165],[-100.4885,37.47477],[-100.5067,37.47483],[-100.50671,37.48938],[-100.52498,37.48935],[-100.52506,37.50395],[-100.56135,37.50395],[-100.56129,37.4894],[-100.5796,37.48938],[-100.57952,37.53306],[-100.59777,37.53303],[-100.59784,37.54762],[-100.616,37.54762],[-100.61586,37.56215],[-100.6343,37.56214],[-100.63425,37.57674],[-100.65235,37.57668],[-100.65234,37.60566],[-100.57957,37.60577],[-100.57957,37.62037],[-100.56124,37.62055],[-100.56115,37.63509],[-100.543,37.63509],[-100.54296,37.67894],[-100.57969,37.67864],[-100.57963,37.69309],[-100.68899,37.6929],[-100.68872,37.72189],[-100.72529,37.72191],[-100.7251,37.75111],[-100.74334,37.75114],[-100.74326,37.78038],[-100.76132,37.78028],[-100.76125,37.79481],[-100.83458,37.79506],[-100.83447,37.80962],[-100.85271,37.80961],[-100.85274,37.82953],[-100.86557,37.82959],[-100.86549,37.84409],[-100.88367,37.84411],[-100.8837,37.85869],[-100.86543,37.85873],[-100.86529,37.86821],[-100.8653,37.87329],[-100.88369,37.87331],[-100.88375,37.88792],[-100.95666,37.88769],[-100.95661,37.90214],[-101.02932,37.90203],[-101.02937,37.91653],[-101.10297,37.91605],[-101.10302,37.93042],[-101.06657,37.93068],[-101.06642,37.94517],[-100.99301,37.94559],[-100.99322,37.96012],[-100.97485,37.96],[-100.97526,37.94566],[-100.93853,37.94579],[-100.93805,37.93115],[-100.92014,37.93146],[-100.92019,37.91691],[-100.88359,37.91702],[-100.88367,37.90253],[-100.84711,37.90213],[-100.84736,37.88814],[-100.82911,37.88783],[-100.82878,37.87301],[-100.77417,37.87274],[-100.77426,37.85824],[-100.81071,37.85848],[-100.81083,37.84391],[-100.79261,37.84382],[-100.79276,37.82928],[-100.7608,37.82911],[-100.76115,37.80959],[-100.68795,37.80973],[-100.68809,37.79502],[-100.67002,37.795],[-100.66986,37.80971],[-100.65179,37.80968],[-100.65197,37.78037],[-100.63359,37.78025]]],[[[-100.45209,37.44551],[-100.45228,37.43099],[-100.47055,37.43105],[-100.47055,37.40195],[-100.48875,37.40193],[-100.48888,37.38731],[-100.47118,37.38728],[-100.47125,37.37306],[-100.45319,37.37282],[-100.45308,37.38729],[-100.43424,37.38726],[-100.43403,37.44553],[-100.45209,37.44551]]],[[[-100.42577,37.3291],[-100.41691,37.32911],[-100.41688,37.34358],[-100.43508,37.34361],[-100.43513,37.32907],[-100.42577,37.3291]]],[[[-100.5803,37.1264],[-100.59844,37.1264],[-100.59788,37.0973],[-100.57976,37.09726],[-100.5803,37.1264]]],[[[-101.46835,37.97311],[-101.46823,37.94395],[-101.48669,37.94396],[-101.48671,37.97294],[-101.46835,37.97311]]],[[[-100.77422,38.01813],[-100.77419,38.00359],[-100.7926,38.00369],[-100.79257,38.01826],[-100.81088,38.01834],[-100.81073,38.04728],[-100.79237,38.0472],[-100.79245,38.03269],[-100.77413,38.03258],[-100.77422,38.01813]]],[[[-101.08449,38.09049],[-101.06618,38.09056],[-101.06622,38.07589],[-101.08452,38.07592],[-101.08449,38.09049]]],[[[-100.9751,38.09795],[-100.97523,38.0617],[-100.993,38.06172],[-100.99309,38.04724],[-101.01106,38.04713],[-101.01117,38.06169],[-101.04796,38.0615],[-101.04798,38.07606],[-101.01111,38.07621],[-101.01112,38.09068],[-100.99279,38.09074],[-100.99283,38.10526],[-100.97517,38.10527],[-100.9751,38.09795]]],[[[-101.08449,38.09049],[-101.10256,38.09045],[-101.10269,38.10491],[-101.0848,38.105],[-101.08449,38.09049]]],[[[-101.46835,37.97311],[-101.46846,37.98767],[-101.48668,37.98755],[-101.48656,38.01693],[-101.52331,38.01681],[-101.52327,38.03148],[-101.54125,38.03129],[-101.54119,38.06052],[-101.52326,38.06052],[-101.52327,38.07506],[-101.48661,38.07518],[-101.48672,38.10421],[-101.46842,38.10428],[-101.4683,38.08973],[-101.41378,38.08983],[-101.41375,38.0753],[-101.35873,38.07538],[-101.35881,38.06075],[-101.34044,38.06075],[-101.34046,38.0461],[-101.24907,38.04629],[-101.24922,38.0317],[-101.23095,38.03166],[-101.23113,38.00244],[-101.26777,38.00235],[-101.26767,37.98782],[-101.30423,37.9878],[-101.30422,37.95882],[-101.32222,37.95864],[-101.32211,37.97324],[-101.32992,37.97323],[-101.3403,37.9732],[-101.34033,37.95863],[-101.37714,37.95875],[-101.37718,37.9442],[-101.3591,37.94415],[-101.35877,37.91493],[-101.3772,37.91508],[-101.37708,37.92963],[-101.4137,37.92975],[-101.41368,37.94412],[-101.43186,37.94407],[-101.43178,37.95886],[-101.45009,37.95875],[-101.45016,37.97334],[-101.46835,37.97311]]],[[[-101.6157,38.17584],[-101.61542,38.16134],[-101.68876,38.16103],[-101.68885,38.17555],[-101.72568,38.17546],[-101.72595,38.2044],[-101.74454,38.20442],[-101.74451,38.21896],[-101.68931,38.21903],[-101.68927,38.20452],[-101.65221,38.20463],[-101.65199,38.17563],[-101.6157,38.17584]]],[[[-101.70666,38.72763],[-101.70686,38.71323],[-101.74394,38.71293],[-101.74341,38.74208],[-101.7249,38.74221],[-101.72503,38.72741],[-101.70666,38.72763]]],[[[-101.66885,38.75214],[-101.66908,38.74245],[-101.70639,38.74229],[-101.70599,38.75672],[-101.72469,38.75656],[-101.72415,38.78575],[-101.70551,38.78584],[-101.70583,38.77126],[-101.66859,38.77158],[-101.66885,38.75214]]],[[[-102.00145,38.80655],[-102.00155,38.79928],[-102.02,38.79918],[-102.01968,38.82822],[-102.00117,38.82832],[-102.00145,38.80655]]],[[[-101.7906,38.6111],[-101.79064,38.62552],[-101.80927,38.62549],[-101.80919,38.6111],[-101.7906,38.6111],[-101.79054,38.59649],[-101.77136,38.59652],[-101.77143,38.58182],[-101.82755,38.58186],[-101.82751,38.59642],[-101.92029,38.5964],[-101.92018,38.61093],[-101.93864,38.61092],[-101.93865,38.62545],[-101.95704,38.62541],[-101.95712,38.65438],[-102.01186,38.65428],[-102.01199,38.66879],[-102.04521,38.66881],[-102.04523,38.69785],[-102.02139,38.69784],[-102.02139,38.71241],[-102.0452,38.71214],[-102.04516,38.72648],[-102.00253,38.72713],[-102.00272,38.71245],[-101.96571,38.71242],[-101.96586,38.69781],[-101.92896,38.69789],[-101.92881,38.71241],[-101.87311,38.7123],[-101.87288,38.72692],[-101.89133,38.7269],[-101.89091,38.75605],[-101.90959,38.75617],[-101.9094,38.77069],[-101.92777,38.77063],[-101.92763,38.78519],[-101.89064,38.78525],[-101.89077,38.77065],[-101.83512,38.77063],[-101.83485,38.79972],[-101.79802,38.79986],[-101.79779,38.81422],[-101.83453,38.81422],[-101.83434,38.82871],[-101.79777,38.8289],[-101.79762,38.84341],[-101.76048,38.84371],[-101.76069,38.81456],[-101.74208,38.81458],[-101.74268,38.78561],[-101.76129,38.78553],[-101.76097,38.80005],[-101.77952,38.79995],[-101.78011,38.77094],[-101.79857,38.77079],[-101.79881,38.75617],[-101.78029,38.7563],[-101.78053,38.74183],[-101.79925,38.74166],[-101.79954,38.71257],[-101.81751,38.71246],[-101.8177,38.698],[-101.82804,38.698],[-101.82805,38.66901],[-101.75218,38.66921],[-101.75213,38.65465],[-101.80935,38.65463],[-101.80919,38.64003],[-101.771,38.63993],[-101.77116,38.62557],[-101.75237,38.62555],[-101.75237,38.61094],[-101.7906,38.6111]]],[[[-101.82791,38.64006],[-101.82802,38.65456],[-101.86504,38.65453],[-101.86491,38.63999],[-101.82791,38.64006]]],[[[-101.83453,38.81422],[-101.83485,38.79972],[-101.92751,38.79977],[-101.92728,38.81415],[-101.94582,38.81399],[-101.94559,38.82857],[-101.9271,38.82868],[-101.92664,38.85767],[-101.94515,38.85759],[-101.94509,38.8723],[-102.00064,38.87202],[-102.00028,38.88655],[-102.01887,38.88642],[-102.01917,38.87189],[-102.00064,38.87202],[-102.00079,38.85749],[-102.0379,38.85723],[-102.03843,38.82812],[-102.04551,38.82805],[-102.04571,38.90079],[-101.98167,38.901],[-101.98188,38.88658],[-101.87089,38.88672],[-101.871,38.87217],[-101.88944,38.87217],[-101.88972,38.85777],[-101.87132,38.85777],[-101.87129,38.84326],[-101.85273,38.84319],[-101.85299,38.82873],[-101.87152,38.82877],[-101.87171,38.8143],[-101.83453,38.81422]]],[[[-102.01841,38.95166],[-102.01844,38.94441],[-102.03686,38.94412],[-102.03671,38.95873],[-102.0183,38.95885],[-102.01841,38.95166]]],[[[-101.96203,38.98827],[-101.9623,38.97367],[-101.98079,38.9736],[-101.98048,38.98817],[-101.96203,38.98827]]],[[[-101.42917,39.18572],[-101.42903,39.17845],[-101.46636,39.17817],[-101.46638,39.20705],[-101.42895,39.20732],[-101.42917,39.18572]]],[[[-101.01864,39.24917],[-100.99974,39.24922],[-100.99998,39.23469],[-101.01869,39.23467],[-101.01867,39.22013],[-101.13072,39.22081],[-101.13055,39.23535],[-101.1118,39.23507],[-101.11155,39.24963],[-101.01864,39.24917]]],[[[-101.6891,39.28968],[-101.68913,39.27896],[-101.70771,39.27885],[-101.70768,39.29337],[-101.68908,39.29341],[-101.6891,39.28968]]],[[[-101.05539,39.30718],[-101.05553,39.29261],[-101.09281,39.2929],[-101.09287,39.30747],[-101.05539,39.30718]]],[[[-101.94903,39.29289],[-101.94937,39.2639],[-102.00538,39.26375],[-102.00549,39.24919],[-102.02418,39.24931],[-102.02384,39.27821],[-102.00521,39.27821],[-102.005,39.29285],[-101.94903,39.29289]]],[[[-101.05539,39.30718],[-101.0553,39.32166],[-101.01819,39.32162],[-101.01827,39.30714],[-101.05539,39.30718]]],[[[-101.83769,39.29868],[-101.83783,39.27831],[-101.81952,39.2784],[-101.81957,39.29293],[-101.80088,39.29306],[-101.80083,39.27852],[-101.74481,39.27869],[-101.74473,39.26414],[-101.78212,39.26403],[-101.78219,39.2495],[-101.81957,39.24939],[-101.81956,39.23491],[-101.83811,39.2349],[-101.83835,39.22024],[-101.85693,39.22026],[-101.85664,39.23481],[-101.9497,39.23489],[-101.94968,39.24936],[-101.93116,39.24923],[-101.93106,39.26388],[-101.89386,39.26379],[-101.89369,39.27829],[-101.87496,39.27829],[-101.87488,39.29282],[-101.85631,39.29266],[-101.85616,39.30727],[-101.83762,39.30728],[-101.83769,39.29868]]],[[[-101.94903,39.29289],[-101.94889,39.30737],[-101.89347,39.30731],[-101.89356,39.29279],[-101.91227,39.29272],[-101.91241,39.27824],[-101.93099,39.27829],[-101.93087,39.29273],[-101.94903,39.29289]]],[[[-102.00484,39.30739],[-102.005,39.29285],[-102.04226,39.29292],[-102.04218,39.30744],[-102.00484,39.30739]]],[[[-101.80088,39.30749],[-101.81963,39.30741],[-101.81953,39.32183],[-101.80088,39.32195],[-101.80088,39.30749]]],[[[-102.00484,39.30739],[-102.00485,39.32196],[-101.98618,39.32188],[-101.98627,39.30738],[-102.00484,39.30739]]],[[[-101.07381,39.35085],[-101.07385,39.33634],[-101.09267,39.33656],[-101.09283,39.32195],[-101.1115,39.32216],[-101.11153,39.30765],[-101.1301,39.30779],[-101.13004,39.29331],[-101.14868,39.29353],[-101.14899,39.30797],[-101.16714,39.3082],[-101.16688,39.33721],[-101.13011,39.33691],[-101.13013,39.35121],[-101.07381,39.35085]]],[[[-101.6886,39.35868],[-101.68886,39.32232],[-101.70766,39.32229],[-101.70766,39.3078],[-101.74499,39.30769],[-101.74478,39.35116],[-101.72599,39.35121],[-101.72585,39.36569],[-101.68863,39.36586],[-101.6886,39.35868]]],[[[-101.74484,39.38002],[-101.74464,39.36572],[-101.76337,39.36561],[-101.7632,39.38007],[-101.74484,39.38002]]],[[[-100.47902,39.40102],[-100.47905,39.39384],[-100.49709,39.39389],[-100.49714,39.40831],[-100.47902,39.40825],[-100.47902,39.40102]]],[[[-101.74484,39.38002],[-101.74426,39.39461],[-101.7256,39.39468],[-101.72573,39.38017],[-101.74484,39.38002]]],[[[-100.53449,39.41558],[-100.53466,39.37956],[-100.59048,39.37925],[-100.59034,39.36471],[-100.68346,39.36512],[-100.68316,39.39395],[-100.59058,39.39389],[-100.59056,39.40851],[-100.55322,39.40834],[-100.55317,39.42284],[-100.53445,39.42281],[-100.53449,39.41558]]],[[[-100.6457,39.41567],[-100.6457,39.40841],[-100.70204,39.40852],[-100.70194,39.42306],[-100.6457,39.42287],[-100.6457,39.41567]]],[[[-102.00489,39.39404],[-102.00488,39.40847],[-101.98622,39.40851],[-101.98633,39.394],[-102.00489,39.39404]]],[[[-100.49722,39.45896],[-100.49711,39.45169],[-100.51577,39.45184],[-100.51579,39.46628],[-100.4973,39.4662],[-100.49722,39.45896]]],[[[-102.00488,39.40847],[-102.02338,39.40841],[-102.02337,39.39398],[-102.00489,39.39404],[-102.0048,39.37979],[-102.0234,39.37975],[-102.02335,39.36531],[-102.0419,39.36532],[-102.04197,39.35081],[-102.04889,39.35079],[-102.04913,39.42287],[-102.04206,39.42295],[-102.04197,39.43743],[-102.00465,39.43746],[-102.00446,39.45192],[-101.9857,39.45195],[-101.98555,39.46636],[-101.9483,39.4664],[-101.94819,39.48093],[-101.91125,39.48107],[-101.9115,39.45201],[-101.93012,39.45198],[-101.93028,39.43752],[-101.94851,39.43752],[-101.94842,39.45197],[-101.96713,39.45196],[-101.96725,39.43749],[-101.98586,39.43749],[-101.98604,39.42298],[-102.00479,39.42298],[-102.00488,39.40847]]],[[[-101.78113,39.5178],[-101.78119,39.51058],[-101.79977,39.51057],[-101.79956,39.52499],[-101.7809,39.525],[-101.78113,39.5178]]],[[[-101.81833,39.52497],[-101.81857,39.49602],[-101.87345,39.49568],[-101.87335,39.5103],[-101.85478,39.51034],[-101.85465,39.52497],[-101.81833,39.52497]]],[[[-101.81816,39.5539],[-101.8182,39.53944],[-101.83562,39.53952],[-101.83548,39.55384],[-101.81816,39.5539]]],[[[-101.35728,39.58319],[-101.35777,39.56834],[-101.37082,39.56838],[-101.37096,39.55499],[-101.40799,39.5549],[-101.40823,39.54046],[-101.427,39.54034],[-101.42659,39.56835],[-101.3765,39.56834],[-101.37599,39.58287],[-101.35728,39.58319]]],[[[-102.02235,39.55365],[-102.02241,39.53908],[-102.04967,39.53906],[-102.04993,39.56823],[-102.0407,39.56827],[-102.04102,39.5537],[-102.02235,39.55365]]],[[[-101.37406,39.6699],[-101.37435,39.65541],[-101.41185,39.6554],[-101.41163,39.66993],[-101.37406,39.6699]]],[[[-101.84374,39.68434],[-101.84405,39.65545],[-101.80661,39.65532],[-101.80642,39.6698],[-101.75012,39.66957],[-101.75028,39.65524],[-101.73118,39.65524],[-101.73134,39.64081],[-101.69379,39.64077],[-101.69428,39.61181],[-101.7317,39.61185],[-101.73193,39.59732],[-101.78823,39.59743],[-101.78838,39.58296],[-101.84454,39.58285],[-101.84474,39.56843],[-101.85405,39.56839],[-101.85452,39.53936],[-101.8731,39.53936],[-101.87331,39.52484],[-101.91071,39.52453],[-101.91083,39.51009],[-101.92956,39.51003],[-101.92972,39.49544],[-101.96676,39.49539],[-101.9669,39.48091],[-102.00408,39.4809],[-102.00428,39.46641],[-102.02292,39.46636],[-102.02311,39.45184],[-102.04931,39.45177],[-102.04955,39.50996],[-102.04115,39.50999],[-102.04113,39.52461],[-101.98509,39.52458],[-101.98488,39.53914],[-101.96638,39.53904],[-101.96595,39.56833],[-101.99413,39.56829],[-101.99412,39.58267],[-101.97542,39.58273],[-101.97537,39.5973],[-101.93792,39.59732],[-101.93796,39.62626],[-101.91921,39.62628],[-101.91912,39.64077],[-101.88162,39.6409],[-101.8814,39.66985],[-101.86269,39.67002],[-101.86261,39.68442],[-101.84374,39.68434]]],[[[-101.86283,39.64094],[-101.86288,39.62643],[-101.88161,39.62642],[-101.88159,39.61197],[-101.82555,39.612],[-101.82545,39.62641],[-101.84416,39.6265],[-101.84412,39.64096],[-101.86283,39.64094]]],[[[-101.90055,39.57564],[-101.90063,39.56839],[-101.88181,39.56836],[-101.88174,39.58286],[-101.90055,39.58291],[-101.90055,39.57564]]],[[[-101.93823,39.56837],[-101.94728,39.56837],[-101.94748,39.55358],[-101.91036,39.5536],[-101.91015,39.56838],[-101.93823,39.56837]]],[[[-101.37406,39.6699],[-101.37399,39.69873],[-101.33622,39.69873],[-101.33597,39.71328],[-101.3171,39.71325],[-101.31794,39.66971],[-101.37406,39.6699]]],[[[-101.01901,39.7563],[-101.01894,39.7417],[-101.03779,39.74168],[-101.03773,39.75617],[-101.01901,39.7563]]],[[[-101.99365,39.75638],[-101.99367,39.74173],[-102.01246,39.7418],[-102.01254,39.72734],[-102.04981,39.72728],[-102.04981,39.75624],[-101.99365,39.75638]]],[[[-100.92662,39.78489],[-100.92654,39.75597],[-100.94498,39.75602],[-100.94502,39.7415],[-101.00018,39.7417],[-101.00017,39.75636],[-100.96245,39.7562],[-100.96252,39.7708],[-100.94518,39.77044],[-100.94538,39.78489],[-100.92662,39.78489]]],[[[-101.00017,39.75636],[-101.01901,39.7563],[-101.01875,39.78499],[-100.99993,39.78516],[-101.00017,39.75636]]],[[[-101.99365,39.75638],[-101.99356,39.77091],[-101.956,39.77096],[-101.95614,39.74188],[-101.9751,39.74195],[-101.97496,39.75644],[-101.99365,39.75638]]],[[[-100.81549,39.78493],[-100.81529,39.79929],[-100.79686,39.79947],[-100.79682,39.78492],[-100.81549,39.78493]]],[[[-100.38522,39.80661],[-100.38524,39.79929],[-100.40355,39.79935],[-100.40351,39.81391],[-100.38521,39.81389],[-100.38522,39.80661]]],[[[-100.92662,39.78489],[-100.92633,39.81395],[-100.88898,39.81377],[-100.88913,39.79933],[-100.90768,39.79946],[-100.90786,39.78502],[-100.92662,39.78489]]],[[[-100.94538,39.78489],[-100.96251,39.7851],[-100.96252,39.81401],[-100.94492,39.81397],[-100.94538,39.78489]]],[[[-100.85176,39.81381],[-100.87027,39.81379],[-100.87038,39.82815],[-100.85169,39.8282],[-100.85176,39.81381]]],[[[-100.30997,39.84254],[-100.31023,39.81363],[-100.36663,39.8138],[-100.36648,39.82824],[-100.32893,39.82817],[-100.32878,39.84308],[-100.30997,39.84254]]],[[[-100.81529,39.79929],[-100.83392,39.79942],[-100.83399,39.79164],[-100.83401,39.78495],[-100.81549,39.78493],[-100.81556,39.77038],[-100.8703,39.77045],[-100.87022,39.79949],[-100.85179,39.79936],[-100.85176,39.81381],[-100.83391,39.81386],[-100.83387,39.85727],[-100.81522,39.85753],[-100.81527,39.84297],[-100.79666,39.84296],[-100.79673,39.82838],[-100.77794,39.82841],[-100.77794,39.81398],[-100.81527,39.81383],[-100.81529,39.79929]]],[[[-100.30997,39.84254],[-100.30982,39.85704],[-100.32883,39.85747],[-100.3285,39.87192],[-100.29102,39.87154],[-100.29139,39.84251],[-100.30997,39.84254]]],[[[-100.62743,39.87187],[-100.62755,39.8574],[-100.64631,39.85735],[-100.64636,39.87196],[-100.62743,39.87187]]],[[[-101.55986,39.84378],[-101.57884,39.84379],[-101.57872,39.85834],[-101.55979,39.85833],[-101.55986,39.84378]]],[[[-101.26027,39.87169],[-101.24143,39.87191],[-101.24139,39.85736],[-101.26007,39.85728],[-101.26027,39.87169]]],[[[-100.27343,39.89303],[-100.27347,39.88588],[-100.29091,39.886],[-100.29087,39.90056],[-100.27338,39.9004],[-100.27343,39.89303]]],[[[-101.26027,39.87169],[-101.27952,39.87172],[-101.27987,39.88627],[-101.26088,39.88621],[-101.26027,39.87169]]],[[[-100.60921,39.89363],[-100.6093,39.88632],[-100.62743,39.8863],[-100.62729,39.90077],[-100.6091,39.90092],[-100.60921,39.89363]]],[[[-101.59745,39.88736],[-101.59749,39.85824],[-101.61623,39.85824],[-101.61607,39.8872],[-101.59745,39.88736]]],[[[-100.55289,39.90739],[-100.55294,39.90026],[-100.57173,39.90072],[-100.57173,39.91499],[-100.55289,39.91494],[-100.55289,39.90739]]],[[[-101.57862,39.90174],[-101.57867,39.88734],[-101.59745,39.88736],[-101.59738,39.90177],[-101.57862,39.90174]]],[[[-101.01862,39.91509],[-101.01828,39.90055],[-101.03737,39.90057],[-101.03719,39.87171],[-101.11151,39.8715],[-101.11174,39.90042],[-101.05594,39.90046],[-101.05603,39.91487],[-101.01862,39.91509]]],[[[-101.8991,39.8581],[-101.89904,39.87256],[-101.88034,39.87272],[-101.88021,39.88713],[-101.84239,39.88714],[-101.84248,39.90161],[-101.8237,39.90162],[-101.82357,39.87243],[-101.86146,39.87282],[-101.86161,39.85833],[-101.8991,39.8581]]],[[[-101.8991,39.8581],[-101.89924,39.84356],[-101.91803,39.84352],[-101.91818,39.81457],[-101.93699,39.81457],[-101.93695,39.82898],[-101.95571,39.82893],[-101.95582,39.81446],[-101.97465,39.8144],[-101.97456,39.82884],[-101.99338,39.82882],[-101.99337,39.81429],[-102.01224,39.81428],[-102.01223,39.79982],[-102.03078,39.79979],[-102.03085,39.7708],[-102.04974,39.77066],[-102.04983,39.81421],[-102.03095,39.81424],[-102.03106,39.82878],[-102.04984,39.82885],[-102.04946,39.85791],[-102.03069,39.85794],[-102.02983,39.90152],[-101.99274,39.90152],[-101.99287,39.88699],[-101.97403,39.88702],[-101.97416,39.87248],[-101.93679,39.87258],[-101.9368,39.85803],[-101.8991,39.8581]]],[[[-101.33575,39.91557],[-101.33568,39.88667],[-101.29794,39.88661],[-101.29775,39.87214],[-101.3353,39.87227],[-101.33508,39.84355],[-101.37237,39.84373],[-101.37241,39.82927],[-101.35369,39.82922],[-101.35394,39.80036],[-101.27889,39.79966],[-101.279,39.78553],[-101.29745,39.78555],[-101.29752,39.77098],[-101.39147,39.77114],[-101.39174,39.74225],[-101.41048,39.74233],[-101.41086,39.7134],[-101.46704,39.71333],[-101.46727,39.69894],[-101.52414,39.69875],[-101.52482,39.65538],[-101.58121,39.65533],[-101.58086,39.6698],[-101.59961,39.6698],[-101.59953,39.68429],[-101.63715,39.68428],[-101.63687,39.69874],[-101.65562,39.69865],[-101.65514,39.72771],[-101.67414,39.7277],[-101.67409,39.74216],[-101.69295,39.74211],[-101.69257,39.7709],[-101.65495,39.77125],[-101.65518,39.74224],[-101.6364,39.74225],[-101.63617,39.77128],[-101.65495,39.77125],[-101.65456,39.81475],[-101.63573,39.81482],[-101.63589,39.80029],[-101.61701,39.80033],[-101.61739,39.7713],[-101.59861,39.77136],[-101.5981,39.80033],[-101.61701,39.80033],[-101.6162,39.82927],[-101.59743,39.82931],[-101.5978,39.81481],[-101.56038,39.81498],[-101.55986,39.84378],[-101.50405,39.84382],[-101.50407,39.85838],[-101.48526,39.85828],[-101.48525,39.87276],[-101.46657,39.87262],[-101.46655,39.88723],[-101.42921,39.88715],[-101.42921,39.90172],[-101.41039,39.90169],[-101.41052,39.91612],[-101.39193,39.91605],[-101.39186,39.90162],[-101.35452,39.90126],[-101.35459,39.9158],[-101.33575,39.91557]]],[[[-101.57134,39.68431],[-101.56185,39.68434],[-101.56165,39.69882],[-101.58058,39.69885],[-101.58072,39.68433],[-101.57134,39.68431]]],[[[-101.55992,39.91602],[-101.55987,39.90169],[-101.57862,39.90174],[-101.57859,39.91608],[-101.55992,39.91602]]],[[[-101.01862,39.91509],[-101.01862,39.92959],[-100.99994,39.92961],[-100.99994,39.91514],[-101.01862,39.91509]]],[[[-101.42921,39.90172],[-101.46669,39.90173],[-101.46704,39.93051],[-101.42934,39.93048],[-101.42921,39.90172]]],[[[-101.55992,39.91602],[-101.55992,39.93049],[-101.54128,39.93051],[-101.54117,39.91607],[-101.55992,39.91602]]],[[[-100.94475,39.93025],[-100.94496,39.90125],[-100.96244,39.9008],[-100.96244,39.91531],[-100.98118,39.91524],[-100.98126,39.92969],[-100.96246,39.92984],[-100.96244,39.94439],[-100.94459,39.94423],[-100.94475,39.93025]]],[[[-101.28065,39.94425],[-101.24271,39.94409],[-101.24253,39.92967],[-101.26139,39.92981],[-101.26122,39.91503],[-101.28,39.91529],[-101.27993,39.90083],[-101.29807,39.90097],[-101.29837,39.92998],[-101.28037,39.9299],[-101.28065,39.94425]]],[[[-101.37323,39.931],[-101.37321,39.93032],[-101.41063,39.93053],[-101.41089,39.95932],[-101.39274,39.9593],[-101.39248,39.94481],[-101.37367,39.94475],[-101.37323,39.931]]],[[[-101.22424,39.97298],[-101.22398,39.9585],[-101.24294,39.95857],[-101.24311,39.97311],[-101.22424,39.97298]]],[[[-101.29907,39.97325],[-101.29869,39.9444],[-101.31736,39.94447],[-101.31709,39.91558],[-101.33575,39.91557],[-101.33642,39.97337],[-101.29907,39.97325]]],[[[-100.833,39.97317],[-100.83289,39.98766],[-100.81381,39.98748],[-100.81384,39.97311],[-100.833,39.97317]]],[[[-100.833,39.97317],[-100.83308,39.95854],[-100.88843,39.95865],[-100.88846,39.9441],[-100.92598,39.94429],[-100.92583,39.95876],[-100.90708,39.95864],[-100.90692,39.97329],[-100.88818,39.97322],[-100.88814,39.98785],[-100.86946,39.98776],[-100.86954,39.97327],[-100.833,39.97317]]],[[[-101.73053,39.97363],[-101.73014,39.95929],[-101.74871,39.95922],[-101.74886,39.97381],[-101.73053,39.97363]]],[[[-101.11185,39.98742],[-101.11159,39.94396],[-101.13053,39.94389],[-101.13043,39.92943],[-101.14916,39.9294],[-101.14907,39.91498],[-101.20477,39.91503],[-101.20495,39.92951],[-101.18619,39.92943],[-101.18627,39.94397],[-101.16811,39.94399],[-101.16823,39.95857],[-101.14949,39.95838],[-101.14959,39.97301],[-101.13044,39.97292],[-101.13051,39.98744],[-101.11185,39.98742]]],[[[-101.29907,39.97325],[-101.29927,39.98769],[-101.28124,39.98767],[-101.28097,39.97325],[-101.29907,39.97325]]],[[[-100.64559,40.00001],[-100.64569,39.98763],[-100.68322,39.98785],[-100.6833,40.00207],[-100.64546,40.00183],[-100.64559,40.00001]]],[[[-100.75749,39.98752],[-100.75734,40.00226],[-100.70201,40.00217],[-100.70223,39.97309],[-100.72103,39.97305],[-100.72072,39.98746],[-100.75749,39.98752]]],[[[-100.75749,39.98752],[-100.75804,39.95859],[-100.79535,39.9585],[-100.7951,40.00213],[-100.77559,40.0022],[-100.77583,39.98744],[-100.75749,39.98752]]],[[[-101.73053,39.97363],[-101.73058,39.9881],[-101.69287,39.98824],[-101.69326,40.00287],[-101.65538,40.00286],[-101.65501,39.98847],[-101.67388,39.98845],[-101.67369,39.9739],[-101.73053,39.97363]]]]},"properties":{"OBJECTID":5,"dtw_2022_2024_MANUAL_RANGE":"200.000001 - 250.000000","name":"Depth to water: 200 to 250","classLabel":"200 to 250","color":"#ce7b20","hasValue":true,"period":"2022\u20132024"}},{"type":"Feature","id":6,"geometry":{"type":"MultiPolygon","coordinates":[[[[-100.45185,37.01043],[-100.45185,37.00128],[-100.48804,37.00091],[-100.48811,37.01046],[-100.45185,37.01043]]],[[[-100.59652,37.01063],[-100.59642,37.00033],[-100.61451,37.00026],[-100.6151,37.01019],[-100.59652,37.01063]]],[[[-100.54225,37.01863],[-100.5422,37.01045],[-100.57841,37.01022],[-100.57842,37.02467],[-100.54227,37.02496],[-100.54225,37.01863]]],[[[-100.6334,37.05377],[-100.6331,37.03939],[-100.65103,37.03936],[-100.65155,37.05376],[-100.6334,37.05377]]],[[[-100.32541,37.06785],[-100.32535,37.05323],[-100.3434,37.05344],[-100.34359,37.06807],[-100.32541,37.06785]]],[[[-100.6334,37.05377],[-100.63363,37.06822],[-100.61555,37.06817],[-100.61527,37.0538],[-100.6334,37.05377]]],[[[-100.32541,37.06785],[-100.32551,37.08213],[-100.30741,37.08193],[-100.30736,37.06767],[-100.32541,37.06785]]],[[[-100.36192,37.08235],[-100.36177,37.06814],[-100.38002,37.06797],[-100.38009,37.08249],[-100.36192,37.08235]]],[[[-100.63363,37.06822],[-100.65174,37.06832],[-100.6523,37.08283],[-100.63394,37.08282],[-100.63363,37.06822]]],[[[-100.68874,37.08268],[-100.67047,37.08297],[-100.67002,37.0684],[-100.68826,37.06822],[-100.68874,37.08268]]],[[[-101.98975,37.06816],[-101.98989,37.05381],[-102.02595,37.05397],[-102.02599,37.06848],[-101.98975,37.06816]]],[[[-100.68874,37.08268],[-100.7069,37.08252],[-100.70732,37.09706],[-100.68911,37.09715],[-100.68874,37.08268]]],[[[-100.30782,37.11101],[-100.30771,37.0965],[-100.32575,37.09659],[-100.32598,37.11106],[-100.30782,37.11101]]],[[[-100.34375,37.10393],[-100.34375,37.09673],[-100.3619,37.09679],[-100.3621,37.11125],[-100.3438,37.11105],[-100.34375,37.10393]]],[[[-101.97171,37.08287],[-101.95368,37.08289],[-101.95313,37.06836],[-101.97158,37.06829],[-101.97171,37.08287]]],[[[-101.89983,37.09753],[-101.89971,37.08325],[-101.93572,37.08309],[-101.9357,37.09761],[-101.89983,37.09753]]],[[[-101.9718,37.09748],[-101.97171,37.08287],[-101.98981,37.0829],[-101.98985,37.09763],[-101.9718,37.09748]]],[[[-100.72631,37.12611],[-100.70828,37.12618],[-100.7078,37.11176],[-100.72608,37.11178],[-100.72631,37.12611]]],[[[-100.2902,37.14014],[-100.29025,37.12545],[-100.30833,37.12536],[-100.30826,37.14012],[-100.2902,37.14014]]],[[[-101.84584,37.11218],[-101.84566,37.09782],[-101.89983,37.09753],[-101.89988,37.11218],[-101.84584,37.11218]]],[[[-101.9357,37.09761],[-101.9718,37.09748],[-101.9717,37.11192],[-101.93556,37.11213],[-101.9357,37.09761]]],[[[-101.80945,37.12703],[-101.8096,37.11246],[-101.84584,37.11218],[-101.84543,37.12709],[-101.80945,37.12703]]],[[[-100.38055,37.1547],[-100.3806,37.14005],[-100.39889,37.14017],[-100.39859,37.12572],[-100.38038,37.12562],[-100.38031,37.11126],[-100.41661,37.11147],[-100.41663,37.15482],[-100.38055,37.1547]]],[[[-100.72631,37.12611],[-100.76018,37.12607],[-100.76022,37.14062],[-100.81457,37.14096],[-100.81459,37.15563],[-100.74209,37.15517],[-100.74209,37.14061],[-100.72617,37.14068],[-100.72631,37.12611]]],[[[-101.7911,37.14156],[-101.79124,37.12703],[-101.80945,37.12703],[-101.80928,37.14164],[-101.7911,37.14156]]],[[[-100.81459,37.15563],[-100.8327,37.15571],[-100.83293,37.17026],[-100.81478,37.17019],[-100.81459,37.15563]]],[[[-101.77318,37.15626],[-101.77311,37.14157],[-101.7911,37.14156],[-101.79134,37.1562],[-101.77318,37.15626]]],[[[-100.1999,37.17632],[-100.19974,37.16888],[-100.21822,37.16908],[-100.21802,37.18362],[-100.19981,37.18348],[-100.1999,37.17632]]],[[[-101.80928,37.14164],[-101.84537,37.14166],[-101.84536,37.15629],[-101.80929,37.15627],[-101.80928,37.14164]]],[[[-100.39898,37.1838],[-100.39906,37.16921],[-100.41677,37.1692],[-100.41682,37.18374],[-100.39898,37.1838]]],[[[-100.83293,37.17026],[-100.85027,37.17026],[-100.85029,37.18473],[-100.83295,37.18468],[-100.83293,37.17026]]],[[[-101.77318,37.15626],[-101.77336,37.1708],[-101.71859,37.17081],[-101.71855,37.15639],[-101.77318,37.15626]]],[[[-100.39898,37.1838],[-100.39887,37.19832],[-100.38062,37.19832],[-100.38061,37.18383],[-100.39898,37.1838]]],[[[-99.30946,37.19332],[-99.3273,37.19314],[-99.32779,37.20773],[-99.31003,37.20803],[-99.30946,37.19332]]],[[[-99.27373,37.23738],[-99.27269,37.17911],[-99.29069,37.179],[-99.29199,37.2373],[-99.27373,37.23738]]],[[[-99.16495,37.22359],[-99.18321,37.22349],[-99.18321,37.238],[-99.16502,37.23814],[-99.16495,37.22359]]],[[[-100.1455,37.23397],[-100.14553,37.21219],[-100.19974,37.21249],[-100.19977,37.22704],[-100.1638,37.22691],[-100.16379,37.24141],[-100.14554,37.2413],[-100.1455,37.23397]]],[[[-99.21916,37.2523],[-99.20144,37.25234],[-99.20139,37.23788],[-99.21908,37.2378],[-99.21916,37.2523]]],[[[-99.31015,37.23716],[-99.32791,37.2368],[-99.32815,37.26595],[-99.31045,37.26621],[-99.31015,37.23716]]],[[[-99.21916,37.2523],[-99.23727,37.25226],[-99.23695,37.2376],[-99.27373,37.23738],[-99.27391,37.26645],[-99.21917,37.26679],[-99.21916,37.2523]]],[[[-99.20144,37.25234],[-99.2015,37.26687],[-99.18341,37.26698],[-99.18321,37.25245],[-99.20144,37.25234]]],[[[-100.1279,37.25597],[-100.16388,37.25599],[-100.16399,37.27066],[-100.12797,37.27052],[-100.1279,37.25597]]],[[[-100.32638,37.27098],[-100.32629,37.24201],[-100.36248,37.24193],[-100.36255,37.22753],[-100.38065,37.2273],[-100.38084,37.25651],[-100.3445,37.25653],[-100.34452,37.27104],[-100.32638,37.27098]]],[[[-100.12788,37.29969],[-100.12819,37.28519],[-100.14597,37.28521],[-100.14599,37.29977],[-100.12788,37.29969]]],[[[-99.32808,37.29506],[-99.3462,37.29491],[-99.34602,37.30943],[-99.32802,37.30953],[-99.32808,37.29506]]],[[[-100.12788,37.29969],[-100.12805,37.31429],[-100.10982,37.31447],[-100.1099,37.29969],[-100.12788,37.29969]]],[[[-99.36423,37.32381],[-99.36444,37.29474],[-99.40081,37.2946],[-99.40058,37.32344],[-99.36423,37.32381]]],[[[-100.07373,37.32819],[-100.07357,37.31361],[-100.09182,37.3141],[-100.09172,37.32856],[-100.07373,37.32819]]],[[[-99.21891,37.33952],[-99.18351,37.33995],[-99.18326,37.31111],[-99.20088,37.31095],[-99.20118,37.3254],[-99.21915,37.32502],[-99.21891,37.33952]]],[[[-98.45885,37.34049],[-98.44059,37.34051],[-98.44046,37.32617],[-98.45926,37.32625],[-98.45885,37.34049]]],[[[-99.36423,37.32381],[-99.36388,37.35294],[-99.34566,37.35302],[-99.34602,37.32396],[-99.36423,37.32381]]],[[[-99.21891,37.33952],[-99.25515,37.33932],[-99.25508,37.35391],[-99.21877,37.35406],[-99.21891,37.33952]]],[[[-98.36761,37.34049],[-98.36756,37.32597],[-98.38538,37.32609],[-98.38597,37.35504],[-98.36768,37.35504],[-98.36761,37.34049]]],[[[-101.24893,37.34415],[-101.24884,37.32962],[-101.26699,37.32967],[-101.26725,37.35881],[-101.24891,37.35872],[-101.24893,37.34415]]],[[[-99.5431,37.38112],[-99.54334,37.36653],[-99.56131,37.3664],[-99.56116,37.38096],[-99.5431,37.38112]]],[[[-99.79708,37.37503],[-99.79728,37.36698],[-99.81551,37.36706],[-99.81528,37.3815],[-99.79691,37.38094],[-99.79708,37.37503]]],[[[-98.40424,37.3695],[-98.40416,37.35501],[-98.42249,37.35506],[-98.42256,37.36958],[-98.44083,37.36946],[-98.44057,37.38399],[-98.34948,37.38395],[-98.34945,37.36944],[-98.40424,37.3695]]],[[[-98.31331,37.36952],[-98.33164,37.36952],[-98.33175,37.38402],[-98.29523,37.38411],[-98.29513,37.3696],[-98.31331,37.36952]]],[[[-99.64647,37.39497],[-99.64644,37.38062],[-99.66442,37.38041],[-99.66458,37.39488],[-99.64647,37.39497]]],[[[-99.61016,37.39512],[-99.61005,37.38067],[-99.61575,37.38071],[-99.61612,37.36614],[-99.63404,37.36614],[-99.63393,37.3807],[-99.62821,37.38074],[-99.62835,37.39509],[-99.61016,37.39512]]],[[[-100.1804,37.40187],[-100.18004,37.38716],[-100.18262,37.38713],[-100.18263,37.37258],[-100.21816,37.37261],[-100.2184,37.38723],[-100.19817,37.38717],[-100.19853,37.40193],[-100.1804,37.40187]]],[[[-99.62835,37.39509],[-99.64647,37.39497],[-99.64658,37.40948],[-99.62842,37.40961],[-99.62835,37.39509]]],[[[-99.50136,37.39582],[-99.5194,37.39566],[-99.51968,37.42433],[-99.50164,37.42445],[-99.50136,37.39582]]],[[[-99.53762,37.41709],[-99.53746,37.40988],[-99.55572,37.40986],[-99.55577,37.42441],[-99.53775,37.42423],[-99.53762,37.41709]]],[[[-99.61016,37.39512],[-99.6104,37.42413],[-99.59211,37.42428],[-99.59207,37.40977],[-99.57378,37.40985],[-99.57349,37.38087],[-99.57944,37.38083],[-99.57983,37.36632],[-99.59798,37.36615],[-99.59784,37.38074],[-99.59194,37.38083],[-99.59204,37.39521],[-99.61016,37.39512]]],[[[-99.83029,37.4257],[-99.82989,37.4112],[-99.84885,37.4115],[-99.84935,37.42597],[-99.83029,37.4257]]],[[[-98.40983,37.41312],[-98.40983,37.42769],[-98.33678,37.42775],[-98.33684,37.41318],[-98.40983,37.41312]]],[[[-97.76949,37.41551],[-97.76925,37.40093],[-97.78748,37.40092],[-97.78759,37.41547],[-97.80725,37.4155],[-97.80737,37.43005],[-97.76968,37.43006],[-97.76949,37.41551]]],[[[-99.24721,37.44083],[-99.21164,37.44072],[-99.21136,37.42639],[-99.24762,37.42639],[-99.24721,37.44083]]],[[[-99.24721,37.44083],[-99.26554,37.44059],[-99.2657,37.45507],[-99.24752,37.45534],[-99.24721,37.44083]]],[[[-98.79321,37.45603],[-98.79324,37.42707],[-98.77521,37.42711],[-98.77536,37.41267],[-98.8116,37.41266],[-98.81157,37.42709],[-98.82984,37.4269],[-98.83,37.45604],[-98.79321,37.45603]]],[[[-98.86644,37.45603],[-98.86646,37.44158],[-98.88486,37.44166],[-98.88467,37.42729],[-98.90285,37.42722],[-98.90295,37.45612],[-98.86644,37.45603]]],[[[-98.77498,37.45606],[-98.75674,37.45606],[-98.75678,37.44163],[-98.7751,37.44152],[-98.77498,37.45606]]],[[[-98.66552,37.45631],[-98.6656,37.44176],[-98.68382,37.44178],[-98.68381,37.45633],[-98.66552,37.45631]]],[[[-98.59276,37.44183],[-98.6109,37.44185],[-98.61077,37.4564],[-98.59248,37.45653],[-98.59276,37.44183]]],[[[-98.40983,37.41312],[-98.41003,37.39858],[-98.48322,37.39856],[-98.48332,37.38403],[-98.5136,37.38402],[-98.51419,37.35523],[-98.45877,37.35496],[-98.45885,37.34049],[-98.53239,37.34078],[-98.5318,37.38403],[-98.55653,37.38412],[-98.55621,37.39853],[-98.57445,37.39856],[-98.57437,37.41296],[-98.55611,37.41303],[-98.5561,37.42753],[-98.59255,37.42734],[-98.59276,37.44183],[-98.53792,37.44204],[-98.53782,37.45645],[-98.50133,37.45643],[-98.50133,37.42761],[-98.46476,37.42751],[-98.46485,37.41303],[-98.40983,37.41312]]],[[[-98.51963,37.41304],[-98.51971,37.39855],[-98.51052,37.39854],[-98.50145,37.39854],[-98.50142,37.41303],[-98.51963,37.41304],[-98.51963,37.4276],[-98.53782,37.4276],[-98.53784,37.41307],[-98.51963,37.41304]]],[[[-99.15783,37.47004],[-99.15745,37.4553],[-99.17556,37.45511],[-99.176,37.46969],[-99.15783,37.47004]]],[[[-98.77498,37.45606],[-98.79321,37.45603],[-98.79326,37.47044],[-98.7749,37.47049],[-98.77498,37.45606]]],[[[-98.75674,37.45606],[-98.75671,37.4705],[-98.73835,37.47063],[-98.73851,37.45616],[-98.75674,37.45606]]],[[[-98.66552,37.45631],[-98.66548,37.47061],[-98.64729,37.47051],[-98.64738,37.45627],[-98.66552,37.45631]]],[[[-98.68381,37.45633],[-98.70199,37.45628],[-98.70199,37.4707],[-98.68359,37.4707],[-98.68381,37.45633]]],[[[-98.61077,37.4564],[-98.62914,37.45623],[-98.62911,37.47057],[-98.61085,37.47063],[-98.61077,37.4564]]],[[[-98.59248,37.45653],[-98.59259,37.47069],[-98.57424,37.47069],[-98.5743,37.45637],[-98.59248,37.45653]]],[[[-98.40983,37.42769],[-98.42805,37.42759],[-98.4281,37.44211],[-98.44646,37.44212],[-98.44653,37.45668],[-98.46461,37.45666],[-98.46467,37.47107],[-98.42825,37.47119],[-98.42816,37.45672],[-98.37343,37.45663],[-98.35515,37.45677],[-98.35515,37.47129],[-98.33692,37.47137],[-98.33683,37.4568],[-98.30033,37.45678],[-98.30016,37.42764],[-98.31856,37.42759],[-98.31853,37.44229],[-98.39172,37.44235],[-98.40988,37.44229],[-98.40983,37.42769]]],[[[-99.28391,37.46907],[-99.31972,37.46898],[-99.31993,37.48369],[-99.28407,37.48372],[-99.28391,37.46907]]],[[[-99.15783,37.47004],[-99.15786,37.48447],[-99.13986,37.4847],[-99.1396,37.47017],[-99.15783,37.47004]]],[[[-98.93924,37.48488],[-98.93915,37.47038],[-98.95733,37.4703],[-98.9576,37.45619],[-98.99403,37.45644],[-98.99382,37.47039],[-98.97552,37.47033],[-98.976,37.48492],[-98.93924,37.48488]]],[[[-99.24752,37.45534],[-99.24816,37.48373],[-99.26612,37.48371],[-99.2662,37.4984],[-99.23019,37.49852],[-99.23014,37.46829],[-99.22934,37.45541],[-99.24752,37.45534]]],[[[-98.93924,37.48488],[-98.93947,37.49947],[-98.90277,37.49945],[-98.90282,37.48481],[-98.93924,37.48488]]],[[[-98.70199,37.4707],[-98.72047,37.47067],[-98.72036,37.48529],[-98.73858,37.4851],[-98.73881,37.49968],[-98.7022,37.49988],[-98.70199,37.4707]]],[[[-97.93548,37.50284],[-97.91738,37.50278],[-97.91711,37.48802],[-97.9355,37.48792],[-97.93548,37.50284]]],[[[-99.18972,37.4987],[-99.1941,37.49869],[-99.19424,37.52814],[-99.17594,37.52818],[-99.17614,37.49883],[-99.18972,37.4987]]],[[[-98.95847,37.52846],[-98.94001,37.52857],[-98.93987,37.51405],[-98.9582,37.51402],[-98.95847,37.52846]]],[[[-98.42832,37.51513],[-98.41009,37.51455],[-98.41013,37.5291],[-98.39189,37.52915],[-98.3919,37.50025],[-98.42834,37.50058],[-98.42832,37.51513]]],[[[-98.42832,37.51513],[-98.44673,37.51492],[-98.44689,37.52949],[-98.42836,37.52949],[-98.42832,37.51513]]],[[[-98.26405,37.5298],[-98.2639,37.50054],[-98.28231,37.50078],[-98.28245,37.53005],[-98.26405,37.5298]]],[[[-98.95847,37.52846],[-98.9769,37.52832],[-98.97709,37.54283],[-98.95866,37.54289],[-98.95847,37.52846]]],[[[-99.14015,37.54273],[-99.1043,37.54293],[-99.10377,37.51393],[-99.14009,37.51365],[-99.14015,37.54273]]],[[[-98.39189,37.52915],[-98.39184,37.54363],[-98.37355,37.54344],[-98.37375,37.52901],[-98.39189,37.52915]]],[[[-98.13548,37.54585],[-98.13548,37.53113],[-98.15381,37.53082],[-98.15408,37.50135],[-98.17249,37.5013],[-98.17225,37.51618],[-98.1907,37.516],[-98.19076,37.53066],[-98.17217,37.53084],[-98.17213,37.54545],[-98.13548,37.54585]]],[[[-99.03211,37.55693],[-99.03146,37.52846],[-99.01349,37.52849],[-99.01316,37.51406],[-99.04936,37.51398],[-99.04966,37.52845],[-99.06053,37.52847],[-99.06784,37.52844],[-99.06752,37.51398],[-99.08573,37.51402],[-99.08615,37.54295],[-99.04994,37.54292],[-99.05017,37.55695],[-99.03211,37.55693]]],[[[-99.14015,37.54273],[-99.17605,37.5427],[-99.17627,37.55725],[-99.14017,37.55704],[-99.14015,37.54273]]],[[[-98.39184,37.54363],[-98.41011,37.54358],[-98.41013,37.5291],[-98.42836,37.52949],[-98.42834,37.54376],[-98.43771,37.54377],[-98.44688,37.54371],[-98.44689,37.52949],[-98.50144,37.52893],[-98.5014,37.51433],[-98.46483,37.51467],[-98.46467,37.47107],[-98.48297,37.47098],[-98.48299,37.48549],[-98.50119,37.48541],[-98.50128,37.49988],[-98.51972,37.49992],[-98.51967,37.51441],[-98.5563,37.51436],[-98.55641,37.52884],[-98.51978,37.5289],[-98.51983,37.54336],[-98.46485,37.5434],[-98.46486,37.5579],[-98.39184,37.55803],[-98.39184,37.54363]]],[[[-98.28245,37.53005],[-98.33698,37.52933],[-98.337,37.51483],[-98.31878,37.51503],[-98.31873,37.50053],[-98.37355,37.5001],[-98.37362,37.51455],[-98.35514,37.51469],[-98.35526,37.54359],[-98.31863,37.54392],[-98.31883,37.55801],[-98.3005,37.55818],[-98.30058,37.54418],[-98.2825,37.54478],[-98.28245,37.53005]]],[[[-98.44674,37.58721],[-98.41025,37.58701],[-98.41013,37.57253],[-98.4467,37.57255],[-98.44674,37.58721]]],[[[-98.37351,37.58712],[-98.37353,37.57254],[-98.39192,37.57251],[-98.39202,37.58699],[-98.37351,37.58712]]],[[[-98.50037,37.58708],[-98.48319,37.58703],[-98.48321,37.57246],[-98.50153,37.57247],[-98.50151,37.55789],[-98.53824,37.55786],[-98.53819,37.54334],[-98.55654,37.54333],[-98.55653,37.55783],[-98.57471,37.55786],[-98.57467,37.57248],[-98.53823,37.5725],[-98.53829,37.58711],[-98.51996,37.58709],[-98.52003,37.60173],[-98.50168,37.60173],[-98.50161,37.58709],[-98.50037,37.58708]]],[[[-98.35524,37.58701],[-98.37351,37.58712],[-98.37375,37.60157],[-98.3554,37.60159],[-98.35524,37.58701]]],[[[-98.09941,37.58969],[-98.11763,37.58937],[-98.11795,37.60383],[-98.13575,37.60383],[-98.13579,37.61828],[-98.09952,37.61842],[-98.09941,37.58969]]],[[[-97.93548,37.50284],[-97.99035,37.5026],[-97.99028,37.53225],[-98.00877,37.53207],[-98.00878,37.51722],[-98.02687,37.51666],[-98.02685,37.53128],[-98.04489,37.53128],[-98.04487,37.5165],[-98.11744,37.51653],[-98.11748,37.54592],[-98.09917,37.54592],[-98.09924,37.53115],[-98.08099,37.53124],[-98.08098,37.54596],[-98.09917,37.54592],[-98.09917,37.56078],[-98.11741,37.56061],[-98.11748,37.54592],[-98.13548,37.54585],[-98.13547,37.5604],[-98.17219,37.56012],[-98.17221,37.57466],[-98.15386,37.57478],[-98.1539,37.58934],[-98.13552,37.58938],[-98.13543,37.57489],[-98.09933,37.5753],[-98.09941,37.58969],[-98.08106,37.58977],[-98.08118,37.61851],[-98.06293,37.61863],[-98.06289,37.58974],[-98.04477,37.58968],[-98.04475,37.60422],[-97.99063,37.60425],[-97.99054,37.58992],[-98.00869,37.58984],[-98.00862,37.5755],[-98.0448,37.57537],[-98.0447,37.56098],[-98.06278,37.56088],[-98.06283,37.54617],[-98.02676,37.54596],[-98.0266,37.56105],[-98.00856,37.56112],[-98.00886,37.54691],[-97.99031,37.54694],[-97.99034,37.56126],[-97.95399,37.56118],[-97.95394,37.54648],[-97.97207,37.54693],[-97.97183,37.53253],[-97.95386,37.53186],[-97.95375,37.51733],[-97.9355,37.51749],[-97.93548,37.50284]]],[[[-98.79447,37.63038],[-98.79439,37.60127],[-98.81276,37.60124],[-98.81289,37.63033],[-98.79447,37.63038]]],[[[-98.64787,37.63098],[-98.64789,37.61644],[-98.70262,37.61637],[-98.70255,37.63096],[-98.64787,37.63098]]],[[[-98.59312,37.63099],[-98.57481,37.631],[-98.57473,37.61629],[-98.59311,37.61641],[-98.59312,37.63099]]],[[[-98.26405,37.5298],[-98.26381,37.5582],[-98.28212,37.55825],[-98.28201,37.57274],[-98.31888,37.57255],[-98.31883,37.55801],[-98.33706,37.55791],[-98.33708,37.57247],[-98.35516,37.57244],[-98.35524,37.58701],[-98.33705,37.58705],[-98.33714,37.60171],[-98.31901,37.60166],[-98.31889,37.58718],[-98.28211,37.58731],[-98.28214,37.60178],[-98.30059,37.60171],[-98.3006,37.61618],[-98.28226,37.61636],[-98.28239,37.63085],[-98.26394,37.63101],[-98.26386,37.61648],[-98.24582,37.61641],[-98.24571,37.6018],[-98.17226,37.60371],[-98.17219,37.58922],[-98.24565,37.58727],[-98.2455,37.57279],[-98.22698,37.57333],[-98.22706,37.55884],[-98.2087,37.55937],[-98.20908,37.51574],[-98.22741,37.51524],[-98.22723,37.52979],[-98.24556,37.52926],[-98.26405,37.5298]]],[[[-99.66775,37.63093],[-99.64991,37.63108],[-99.6495,37.61615],[-99.72188,37.61619],[-99.72212,37.63118],[-99.66775,37.63093]]],[[[-98.64787,37.63098],[-98.64778,37.64555],[-98.62955,37.64557],[-98.62953,37.63099],[-98.64787,37.63098]]],[[[-98.7577,37.6458],[-98.73947,37.64601],[-98.73946,37.61621],[-98.75774,37.61625],[-98.7577,37.6458]]],[[[-98.59312,37.63099],[-98.61131,37.63101],[-98.61132,37.64565],[-98.5931,37.64564],[-98.59312,37.63099]]],[[[-98.55669,37.63106],[-98.57481,37.631],[-98.57478,37.64561],[-98.55678,37.64559],[-98.55669,37.63106]]],[[[-98.44674,37.58721],[-98.46497,37.58691],[-98.46509,37.60157],[-98.48339,37.60166],[-98.48344,37.61608],[-98.53833,37.6164],[-98.53832,37.60173],[-98.55665,37.60158],[-98.55669,37.63106],[-98.50185,37.63083],[-98.50176,37.64547],[-98.50037,37.64548],[-98.44701,37.64529],[-98.44714,37.63087],[-98.41043,37.63076],[-98.41039,37.61614],[-98.39227,37.61605],[-98.3922,37.60145],[-98.44694,37.60165],[-98.44674,37.58721]]],[[[-97.95405,37.64719],[-97.95386,37.63284],[-97.93587,37.63271],[-97.93573,37.61842],[-97.97238,37.61852],[-97.97235,37.63287],[-98.00899,37.63307],[-98.00889,37.64742],[-97.95405,37.64719]]],[[[-99.59591,37.66001],[-99.5948,37.63121],[-99.63152,37.63103],[-99.63189,37.64592],[-99.61372,37.6457],[-99.61397,37.66036],[-99.59591,37.66001]]],[[[-98.17242,37.6466],[-98.19025,37.64633],[-98.19036,37.66013],[-98.17196,37.66028],[-98.17242,37.6466]]],[[[-99.6861,37.64691],[-99.68609,37.64594],[-99.72216,37.64607],[-99.72416,37.65087],[-99.72402,37.66176],[-99.68739,37.66166],[-99.6875,37.65174],[-99.6861,37.64691]]],[[[-99.76049,37.66186],[-99.76065,37.64609],[-99.74032,37.6461],[-99.74022,37.63118],[-99.77709,37.63104],[-99.77763,37.64591],[-99.79717,37.64563],[-99.79716,37.66193],[-99.76049,37.66186]]],[[[-98.02681,37.66099],[-98.02671,37.64692],[-98.06318,37.64745],[-98.06325,37.66081],[-98.02681,37.66099]]],[[[-98.7577,37.6458],[-98.77591,37.64533],[-98.77613,37.63054],[-98.79447,37.63038],[-98.79355,37.66081],[-98.83008,37.66084],[-98.86754,37.65962],[-98.86732,37.67441],[-98.82955,37.67554],[-98.77525,37.67533],[-98.77572,37.66078],[-98.75747,37.6607],[-98.7577,37.6458]]],[[[-99.59591,37.66001],[-99.59575,37.67446],[-99.57731,37.67386],[-99.5768,37.6593],[-99.59591,37.66001]]],[[[-99.65072,37.67578],[-99.65064,37.66128],[-99.66859,37.6617],[-99.66869,37.67619],[-99.65072,37.67578]]],[[[-98.14457,37.66038],[-98.15372,37.66039],[-98.15382,37.67477],[-98.13541,37.67496],[-98.13537,37.66044],[-98.14457,37.66038]]],[[[-99.76049,37.66186],[-99.76049,37.67642],[-99.74223,37.67633],[-99.74224,37.66189],[-99.76049,37.66186]]],[[[-97.9726,37.66135],[-97.99091,37.66134],[-97.99088,37.67585],[-97.97258,37.67589],[-97.9726,37.66135]]],[[[-98.57459,37.67477],[-98.59152,37.67462],[-98.59138,37.68917],[-98.57453,37.68904],[-98.57459,37.67477]]],[[[-98.44657,37.68887],[-98.44673,37.67459],[-98.51993,37.67451],[-98.52003,37.65992],[-98.53829,37.66008],[-98.53815,37.689],[-98.44657,37.68887]]],[[[-98.40972,37.67433],[-98.42826,37.67431],[-98.42811,37.68884],[-98.4097,37.6889],[-98.40972,37.67433]]],[[[-98.35519,37.67446],[-98.35567,37.65985],[-98.37379,37.65983],[-98.37335,37.67443],[-98.39146,37.67432],[-98.3915,37.68887],[-98.35544,37.68897],[-98.35519,37.67446]]],[[[-99.65072,37.67578],[-99.65087,37.69032],[-99.63246,37.68984],[-99.63237,37.67527],[-99.65072,37.67578]]],[[[-99.79716,37.66193],[-99.81555,37.66193],[-99.81516,37.6909],[-99.77865,37.69097],[-99.77872,37.67633],[-99.79707,37.6764],[-99.79716,37.66193]]],[[[-98.08111,37.66804],[-98.08096,37.66086],[-98.09925,37.66103],[-98.09929,37.67524],[-98.11755,37.67545],[-98.11774,37.68959],[-98.04509,37.68989],[-98.04501,37.67544],[-98.08114,37.6753],[-98.08111,37.66804]]],[[[-99.55888,37.69016],[-99.55888,37.6883],[-99.57739,37.68848],[-99.57742,37.70305],[-99.55895,37.70261],[-99.55888,37.69016]]],[[[-98.31925,37.68875],[-98.33753,37.68889],[-98.33759,37.70337],[-98.31929,37.70331],[-98.31925,37.68875]]],[[[-99.85218,37.69721],[-99.85235,37.6911],[-99.90663,37.69144],[-99.90626,37.70596],[-99.92481,37.7063],[-99.92469,37.721],[-99.88826,37.72056],[-99.88835,37.70576],[-99.8519,37.70562],[-99.85218,37.69721]]],[[[-98.42844,37.71789],[-98.42856,37.73244],[-98.39211,37.73247],[-98.39198,37.71794],[-98.42844,37.71789]]],[[[-99.70557,37.73435],[-99.67179,37.73435],[-99.61418,37.73295],[-99.61416,37.70395],[-99.65096,37.70488],[-99.65101,37.71939],[-99.70543,37.71987],[-99.70557,37.73435]]],[[[-97.93639,37.73381],[-97.88121,37.73354],[-97.88075,37.71879],[-97.86237,37.71884],[-97.86231,37.7043],[-97.8441,37.70436],[-97.84396,37.68983],[-97.88105,37.68998],[-97.88086,37.70439],[-97.89972,37.70479],[-97.89975,37.69022],[-97.91814,37.69038],[-97.91807,37.71939],[-97.93629,37.71938],[-97.93639,37.73381]]],[[[-99.94267,37.72497],[-99.94273,37.72118],[-99.96074,37.72143],[-99.9606,37.73589],[-99.94258,37.73576],[-99.94267,37.72497]]],[[[-98.39211,37.73247],[-98.39216,37.74713],[-98.3738,37.74692],[-98.37387,37.7325],[-98.39211,37.73247]]],[[[-99.70557,37.73435],[-99.7605,37.73441],[-99.76045,37.74895],[-99.70556,37.74904],[-99.70557,37.73435]]],[[[-97.93639,37.73381],[-97.95468,37.73377],[-97.95464,37.74832],[-97.93642,37.74835],[-97.93639,37.73381]]],[[[-99.99663,37.75003],[-99.99658,37.73633],[-100.06979,37.73667],[-100.06967,37.75121],[-99.99663,37.75083],[-99.99663,37.75003]]],[[[-97.57229,37.76444],[-97.55403,37.76456],[-97.55419,37.75041],[-97.57244,37.75019],[-97.57229,37.76444]]],[[[-99.23208,37.7691],[-99.23214,37.76254],[-99.2504,37.76281],[-99.25017,37.77734],[-99.23198,37.77706],[-99.23208,37.7691]]],[[[-98.31925,37.68875],[-98.28278,37.68887],[-98.28273,37.70344],[-98.22732,37.70363],[-98.22739,37.73278],[-98.26455,37.73251],[-98.26453,37.74706],[-98.24623,37.74716],[-98.24612,37.76173],[-98.21,37.76166],[-98.21055,37.77632],[-98.1737,37.77641],[-98.17335,37.76177],[-98.19214,37.76208],[-98.19098,37.73269],[-98.20921,37.73276],[-98.20905,37.70381],[-98.1725,37.70365],[-98.17222,37.67466],[-98.20887,37.67457],[-98.20888,37.64602],[-98.22714,37.64571],[-98.22701,37.65996],[-98.24609,37.65992],[-98.24597,37.67446],[-98.30107,37.67433],[-98.3007,37.64531],[-98.3193,37.64529],[-98.31923,37.65982],[-98.33752,37.65986],[-98.33748,37.67435],[-98.3192,37.67431],[-98.31925,37.68875]]],[[[-98.41055,37.77642],[-98.41063,37.79105],[-98.39215,37.79084],[-98.39206,37.7763],[-98.41055,37.77642]]],[[[-98.31934,37.79065],[-98.31928,37.7616],[-98.35544,37.76148],[-98.35518,37.77612],[-98.33754,37.77616],[-98.33753,37.79077],[-98.31934,37.79065]]],[[[-98.37376,37.82461],[-98.37374,37.80538],[-98.41056,37.80567],[-98.41043,37.82445],[-98.37376,37.82461]]],[[[-98.26453,37.74706],[-98.2829,37.74694],[-98.28285,37.73253],[-98.26455,37.73251],[-98.26454,37.71798],[-98.33757,37.7179],[-98.33766,37.73258],[-98.30104,37.73253],[-98.30114,37.74694],[-98.31945,37.74689],[-98.31928,37.7616],[-98.30093,37.76158],[-98.30107,37.7909],[-98.31934,37.79065],[-98.31886,37.80521],[-98.30063,37.80552],[-98.30017,37.82454],[-98.22834,37.82496],[-98.22878,37.80537],[-98.24578,37.80546],[-98.24581,37.79085],[-98.28244,37.79078],[-98.28252,37.7762],[-98.26429,37.77616],[-98.26453,37.74706]]],[[[-97.57229,37.76444],[-97.60808,37.76416],[-97.60815,37.77888],[-97.6263,37.77871],[-97.62636,37.79328],[-97.64475,37.79319],[-97.64488,37.80778],[-97.66358,37.80764],[-97.66383,37.82511],[-97.62663,37.82508],[-97.62648,37.80792],[-97.59004,37.80808],[-97.5896,37.77899],[-97.57259,37.77909],[-97.57229,37.76444]]],[[[-97.53674,37.80846],[-97.53626,37.79388],[-97.55443,37.79374],[-97.55466,37.80833],[-97.57304,37.80818],[-97.57324,37.82522],[-97.53654,37.82513],[-97.53674,37.80846]]],[[[-99.58889,37.84021],[-99.58883,37.82566],[-99.63237,37.82567],[-99.63295,37.77794],[-99.68716,37.77796],[-99.68708,37.79253],[-99.65106,37.79248],[-99.65077,37.80703],[-99.66874,37.80705],[-99.66847,37.82576],[-99.64356,37.82569],[-99.64364,37.84027],[-99.58889,37.84021]]],[[[-99.68708,37.79253],[-99.70541,37.79245],[-99.70573,37.77794],[-99.68716,37.77796],[-99.68728,37.76336],[-99.7604,37.76349],[-99.76028,37.77804],[-99.72367,37.77791],[-99.72365,37.79237],[-99.74198,37.79232],[-99.74183,37.807],[-99.76009,37.80674],[-99.76028,37.77804],[-99.7782,37.77815],[-99.77821,37.7636],[-99.7604,37.76349],[-99.76045,37.74895],[-99.8151,37.7491],[-99.81487,37.76366],[-99.79667,37.7636],[-99.79647,37.80674],[-99.77816,37.80662],[-99.77816,37.82576],[-99.75327,37.82582],[-99.7532,37.84044],[-99.71679,37.84035],[-99.71668,37.82584],[-99.68687,37.82579],[-99.68708,37.79253]]],[[[-98.10066,37.80587],[-98.10052,37.82487],[-98.08694,37.8248],[-98.08686,37.83939],[-98.06865,37.83936],[-98.06848,37.82478],[-98.08221,37.82475],[-98.08234,37.80605],[-98.10066,37.80587]]],[[[-98.1737,37.77641],[-98.17372,37.79093],[-98.15543,37.7912],[-98.15544,37.80565],[-98.13701,37.80572],[-98.13686,37.82505],[-98.11877,37.82488],[-98.11887,37.80604],[-98.10066,37.80587],[-98.10069,37.79126],[-98.06409,37.7917],[-98.06411,37.77699],[-98.046,37.77716],[-98.04603,37.79187],[-98.06409,37.7917],[-98.06399,37.8248],[-98.0136,37.82463],[-98.01367,37.83925],[-97.95867,37.83931],[-97.95867,37.82476],[-97.95466,37.82477],[-97.95493,37.80711],[-97.99166,37.80676],[-97.99158,37.79198],[-97.93646,37.79201],[-97.93643,37.76278],[-97.97311,37.76276],[-97.97288,37.74821],[-98.00939,37.74794],[-98.00968,37.76266],[-98.02745,37.76265],[-98.02751,37.74781],[-98.04569,37.74785],[-98.04546,37.73325],[-98.0636,37.73327],[-98.06417,37.76242],[-98.11892,37.76201],[-98.1188,37.7767],[-98.1737,37.77641]]],[[[-97.79328,37.83952],[-97.77497,37.83955],[-97.77541,37.82503],[-97.79379,37.82496],[-97.79328,37.83952]]],[[[-99.51474,37.85468],[-99.51507,37.84016],[-99.55156,37.83999],[-99.55155,37.85459],[-99.51474,37.85468]]],[[[-99.82629,37.86942],[-99.8263,37.85491],[-99.84478,37.85492],[-99.84479,37.86936],[-99.82629,37.86942]]],[[[-97.79336,37.85414],[-97.79312,37.86868],[-97.77471,37.86872],[-97.77496,37.85418],[-97.79336,37.85414]]],[[[-99.64353,37.86219],[-99.64361,37.85479],[-99.66178,37.85503],[-99.6618,37.86949],[-99.68004,37.86948],[-99.67988,37.88413],[-99.64355,37.88392],[-99.64353,37.86219]]],[[[-99.9546,37.87503],[-99.95451,37.86953],[-99.99122,37.86935],[-99.99142,37.88394],[-99.95468,37.88402],[-99.9546,37.87503]]],[[[-97.77471,37.86872],[-97.77476,37.88314],[-97.6837,37.88337],[-97.68366,37.86872],[-97.66541,37.86873],[-97.66563,37.82511],[-97.684,37.82509],[-97.68388,37.8397],[-97.70217,37.83971],[-97.70212,37.8542],[-97.72002,37.85423],[-97.71992,37.86881],[-97.77471,37.86872]]],[[[-101.34101,37.87147],[-101.34098,37.85695],[-101.35905,37.85707],[-101.35909,37.87151],[-101.34101,37.87147]]],[[[-99.82629,37.86942],[-99.82634,37.89836],[-99.79019,37.89848],[-99.78996,37.88397],[-99.80805,37.88391],[-99.80797,37.86944],[-99.82629,37.86942]]],[[[-101.3773,37.87503],[-101.37728,37.87187],[-101.41377,37.87168],[-101.41369,37.88581],[-101.37732,37.88586],[-101.3773,37.87503]]],[[[-98.21547,37.91207],[-98.21484,37.89762],[-98.28893,37.89742],[-98.28894,37.91201],[-98.21547,37.91207]]],[[[-99.66157,37.90584],[-99.66162,37.8986],[-99.67976,37.89868],[-99.67969,37.91336],[-99.66153,37.91319],[-99.66157,37.90584]]],[[[-97.79312,37.86868],[-97.81166,37.86853],[-97.81166,37.85399],[-97.79336,37.85414],[-97.79328,37.83952],[-97.81166,37.83938],[-97.8121,37.8249],[-97.83048,37.82488],[-97.83,37.83921],[-97.84835,37.83938],[-97.84844,37.85404],[-97.83001,37.85382],[-97.82998,37.8684],[-97.84831,37.86856],[-97.84844,37.85404],[-97.86678,37.85398],[-97.86656,37.88305],[-97.84844,37.88314],[-97.84831,37.89767],[-97.82993,37.89756],[-97.83008,37.91222],[-97.79382,37.91223],[-97.79306,37.90477],[-97.79312,37.86868]]],[[[-97.40874,37.91231],[-97.37204,37.91216],[-97.37197,37.85405],[-97.39031,37.854],[-97.3904,37.89778],[-97.4088,37.89775],[-97.40874,37.91231]]],[[[-101.4321,37.88826],[-101.43214,37.88589],[-101.45052,37.88566],[-101.45039,37.90045],[-101.43184,37.90052],[-101.4321,37.88826]]],[[[-99.91798,37.92782],[-99.9181,37.9133],[-99.93654,37.91332],[-99.93656,37.92774],[-99.91798,37.92782]]],[[[-100.06397,37.92769],[-100.06411,37.9131],[-100.08237,37.91325],[-100.08253,37.92769],[-100.06397,37.92769]]],[[[-99.44153,37.94242],[-99.4415,37.92798],[-99.47781,37.92757],[-99.478,37.94221],[-99.44153,37.94242]]],[[[-99.69791,37.93476],[-99.69791,37.9278],[-99.73457,37.92772],[-99.73476,37.86969],[-99.75269,37.86965],[-99.75283,37.9421],[-99.69789,37.94225],[-99.69791,37.93476]]],[[[-99.77109,37.92023],[-99.77108,37.91308],[-99.79017,37.91303],[-99.78993,37.94207],[-99.7711,37.94208],[-99.77109,37.92023]]],[[[-101.26781,37.92959],[-101.26775,37.9153],[-101.28603,37.91525],[-101.28571,37.90061],[-101.3041,37.9005],[-101.30402,37.88606],[-101.32227,37.88616],[-101.32249,37.87184],[-101.34101,37.87147],[-101.34056,37.90046],[-101.32219,37.90053],[-101.32218,37.91512],[-101.30426,37.91521],[-101.30429,37.92974],[-101.26781,37.92959]]],[[[-99.44153,37.94242],[-99.44162,37.95694],[-99.42379,37.95687],[-99.42356,37.94235],[-99.44153,37.94242]]],[[[-99.478,37.94221],[-99.49635,37.94206],[-99.49623,37.8987],[-99.51464,37.89845],[-99.5144,37.88365],[-99.49618,37.88397],[-99.49662,37.85464],[-99.51474,37.85468],[-99.51452,37.86919],[-99.55156,37.86916],[-99.55155,37.85459],[-99.5703,37.85467],[-99.5704,37.84013],[-99.58889,37.84021],[-99.58851,37.86931],[-99.60687,37.86933],[-99.60663,37.92749],[-99.58834,37.92739],[-99.58827,37.94187],[-99.56986,37.94173],[-99.56995,37.92728],[-99.53298,37.92757],[-99.53301,37.95635],[-99.47788,37.95686],[-99.478,37.94221]]],[[[-99.93656,37.92774],[-99.97317,37.92767],[-99.97306,37.91311],[-99.99149,37.91305],[-99.99147,37.92766],[-100.00937,37.92749],[-100.00941,37.94212],[-99.97326,37.94213],[-99.97305,37.9565],[-99.95466,37.95666],[-99.95517,37.94218],[-99.93644,37.94227],[-99.93656,37.92774]]],[[[-99.91798,37.92782],[-99.91798,37.95697],[-99.89959,37.95714],[-99.89964,37.92798],[-99.91798,37.92782]]],[[[-100.19052,37.95739],[-100.19057,37.94289],[-100.20913,37.94298],[-100.20907,37.95745],[-100.19052,37.95739]]],[[[-101.23119,37.94412],[-101.23119,37.93005],[-101.26781,37.92959],[-101.2679,37.94417],[-101.23119,37.94412]]],[[[-99.84478,37.97132],[-99.84462,37.95675],[-99.88137,37.95714],[-99.8814,37.97167],[-99.84478,37.97132]]],[[[-101.23119,37.94412],[-101.23119,37.95885],[-101.19479,37.95897],[-101.19484,37.94455],[-101.23119,37.94412]]],[[[-99.40545,37.9716],[-99.42381,37.97144],[-99.42376,37.98598],[-99.40549,37.98609],[-99.40545,37.9716]]],[[[-99.7527,37.98564],[-99.75276,37.97118],[-99.77108,37.97096],[-99.771,37.9855],[-99.7527,37.98564]]],[[[-99.84478,37.97132],[-99.84479,37.98587],[-99.82646,37.98568],[-99.82645,37.97124],[-99.84478,37.97132]]],[[[-97.86656,37.88305],[-97.88517,37.88301],[-97.88509,37.89761],[-97.92202,37.8976],[-97.92201,37.91221],[-97.88516,37.91218],[-97.88527,37.92641],[-97.92197,37.92673],[-97.92201,37.91221],[-97.97695,37.91199],[-97.97747,37.92546],[-97.94043,37.92643],[-97.94044,37.941],[-97.92206,37.94122],[-97.92203,37.98477],[-97.86671,37.98459],[-97.86696,37.97012],[-97.84856,37.97021],[-97.84844,37.94101],[-97.84845,37.92658],[-97.86667,37.92662],[-97.86656,37.88305]]],[[[-97.88517,37.95542],[-97.88515,37.96997],[-97.90354,37.97012],[-97.90363,37.95554],[-97.88517,37.95542],[-97.88522,37.94095],[-97.86671,37.94109],[-97.86686,37.9556],[-97.88517,37.95542]]],[[[-100.13551,37.98608],[-100.1356,37.95715],[-100.15404,37.95731],[-100.15404,37.94277],[-100.17239,37.94287],[-100.17236,37.95735],[-100.19052,37.95739],[-100.19041,37.97188],[-100.20875,37.97193],[-100.20853,37.98636],[-100.13551,37.98608]]],[[[-101.12119,37.96914],[-101.12121,37.95947],[-101.17623,37.959],[-101.1762,37.97364],[-101.12118,37.97393],[-101.12119,37.96914]]],[[[-99.36866,37.98631],[-99.38715,37.98628],[-99.38716,38.00067],[-99.36874,38.00075],[-99.36866,37.98631]]],[[[-98.67331,37.98459],[-98.69181,37.98464],[-98.69211,38.01376],[-98.67377,38.01361],[-98.67331,37.98459]]],[[[-98.12392,37.99937],[-98.12447,38.01323],[-98.10586,38.01378],[-98.10553,37.99932],[-98.12392,37.99937]]],[[[-99.77108,38.00021],[-99.80794,38.0002],[-99.80795,38.01462],[-99.77107,38.01474],[-99.77108,38.00021]]],[[[-100.13551,37.98608],[-100.13538,38.00061],[-100.15363,38.00078],[-100.15366,38.01516],[-100.11694,38.01502],[-100.11706,38.00057],[-100.10031,38.00059],[-100.10041,37.98592],[-100.13551,37.98608]]],[[[-99.67934,38.00748],[-99.67939,38.00036],[-99.6976,38.00036],[-99.69768,38.02933],[-99.67921,38.02928],[-99.67934,38.00748]]],[[[-99.73443,38.02174],[-99.73441,38.0148],[-99.75272,38.01481],[-99.75275,38.02931],[-99.7344,38.02932],[-99.73443,38.02174]]],[[[-98.39996,38.04246],[-98.38155,38.04247],[-98.38086,37.9845],[-98.41749,37.98446],[-98.41754,37.96996],[-98.43581,37.96979],[-98.4542,37.96977],[-98.45419,37.98422],[-98.47232,37.98416],[-98.47204,37.94054],[-98.52697,37.94032],[-98.52716,37.95508],[-98.50884,37.95508],[-98.509,37.98403],[-98.49059,37.98411],[-98.49065,37.99855],[-98.47233,37.99863],[-98.47238,38.01315],[-98.45428,38.01323],[-98.45415,37.9987],[-98.43574,37.99878],[-98.43593,38.01323],[-98.41753,38.01336],[-98.41745,37.99888],[-98.39924,37.99898],[-98.39996,38.04246]]],[[[-98.32588,38.04269],[-98.32586,38.02811],[-98.34424,38.02799],[-98.34437,38.04262],[-98.32588,38.04269]]],[[[-99.82583,38.04386],[-99.82603,38.02937],[-99.84434,38.02947],[-99.84431,38.04401],[-99.82583,38.04386]]],[[[-99.99104,38.0441],[-99.99122,38.02963],[-99.95452,38.02966],[-99.95463,38.00042],[-99.97312,38.00039],[-99.97298,38.01514],[-99.99138,38.01498],[-99.99139,38.00022],[-100.00934,38.00022],[-100.00921,38.04386],[-99.99104,38.0441]]],[[[-100.20822,38.04451],[-100.20842,38.02989],[-100.22645,38.03002],[-100.22621,38.04471],[-100.20822,38.04451]]],[[[-100.49996,38.04455],[-100.49998,38.0303],[-100.5183,38.03032],[-100.51845,38.04492],[-100.49996,38.04455]]],[[[-98.78469,38.04325],[-98.78459,38.05775],[-98.76608,38.05766],[-98.76613,38.04316],[-98.78469,38.04325]]],[[[-98.39996,38.04246],[-98.41771,38.04226],[-98.41776,38.0568],[-98.3998,38.057],[-98.39996,38.04246]]],[[[-99.82583,38.04386],[-99.826,38.05842],[-99.80763,38.05825],[-99.80762,38.04378],[-99.82583,38.04386]]],[[[-99.89891,38.04454],[-99.89874,38.05922],[-99.8808,38.05898],[-99.88091,38.04433],[-99.89891,38.04454]]],[[[-99.89891,38.04454],[-99.89923,38.01547],[-99.93619,38.01499],[-99.93582,38.05892],[-99.91732,38.05921],[-99.91739,38.04455],[-99.89891,38.04454]]],[[[-99.99104,38.0441],[-99.99094,38.05868],[-99.97246,38.05883],[-99.97266,38.04432],[-99.99104,38.0441]]],[[[-100.18985,38.05887],[-100.18998,38.04449],[-100.20822,38.04451],[-100.20808,38.05879],[-100.18985,38.05887]]],[[[-97.42716,38.04301],[-97.44564,38.04299],[-97.44577,38.05753],[-97.42722,38.05758],[-97.42716,38.04301]]],[[[-99.25904,38.07269],[-99.25905,38.05819],[-99.27742,38.05824],[-99.27741,38.07278],[-99.25904,38.07269]]],[[[-99.73437,38.07283],[-99.71606,38.07288],[-99.71605,38.05833],[-99.7344,38.05833],[-99.73437,38.07283]]],[[[-98.03198,38.04268],[-98.05041,38.04268],[-98.05036,38.02801],[-98.03192,38.02817],[-98.03198,38.04268],[-97.97708,38.04274],[-97.97674,38.01345],[-97.94012,38.0133],[-97.94036,37.99931],[-97.92202,37.99938],[-97.92203,37.98477],[-97.97712,37.98407],[-97.97796,37.96954],[-97.99568,37.96989],[-97.99547,37.95532],[-98.01382,37.9555],[-98.01381,37.96998],[-98.03197,37.97004],[-98.03192,37.95548],[-98.06885,37.95532],[-98.06834,37.94131],[-98.08705,37.94129],[-98.08701,37.92671],[-98.10547,37.92665],[-98.10531,37.91205],[-98.08688,37.912],[-98.08712,37.89763],[-98.0319,37.89734],[-98.03187,37.88284],[-98.10507,37.88329],[-98.10526,37.86864],[-98.12354,37.86872],[-98.12379,37.92664],[-98.142,37.92673],[-98.14193,37.8832],[-98.16027,37.88369],[-98.16054,37.92679],[-98.17885,37.92674],[-98.17906,37.9558],[-98.16066,37.95581],[-98.16077,37.97046],[-98.14218,37.97042],[-98.14233,37.99946],[-98.12392,37.99937],[-98.12396,37.97025],[-98.08763,37.97033],[-98.08703,37.98498],[-98.06861,37.98439],[-98.06929,38.01324],[-98.10586,38.01378],[-98.10585,38.02829],[-98.06929,38.02795],[-98.06897,38.0572],[-98.05043,38.05724],[-98.05039,38.07183],[-98.03202,38.07176],[-98.03198,38.04268]]],[[[-99.84447,38.07326],[-99.84449,38.05861],[-99.86256,38.05877],[-99.86256,38.07333],[-99.84447,38.07326]]],[[[-100.10026,38.06957],[-100.10024,38.05833],[-100.1351,38.05861],[-100.13501,38.07308],[-100.10027,38.0728],[-100.10026,38.06957]]],[[[-100.18985,38.05887],[-100.18969,38.07335],[-100.17136,38.0733],[-100.17168,38.05876],[-100.18985,38.05887]]],[[[-99.25904,38.07269],[-99.25909,38.08711],[-99.24069,38.08702],[-99.24069,38.07253],[-99.25904,38.07269]]],[[[-97.86696,38.08649],[-97.84848,38.08651],[-97.84855,38.07206],[-97.86691,38.07221],[-97.86696,38.08649]]],[[[-97.81165,38.08643],[-97.7938,38.08649],[-97.79384,38.07211],[-97.77537,38.07199],[-97.77537,38.05735],[-97.83026,38.05748],[-97.83031,38.07204],[-97.81171,38.07199],[-97.81165,38.08643]]],[[[-97.70198,38.05771],[-97.75709,38.05729],[-97.75701,38.0718],[-97.72028,38.07222],[-97.72024,38.08665],[-97.70175,38.08671],[-97.70198,38.05771]]],[[[-97.70198,38.05771],[-97.66552,38.05777],[-97.66565,38.0866],[-97.62892,38.08681],[-97.62886,38.07228],[-97.59203,38.07233],[-97.59205,38.05775],[-97.57378,38.0579],[-97.57376,38.04336],[-97.55542,38.04342],[-97.55525,38.02864],[-97.53691,38.02858],[-97.53707,37.98499],[-97.51871,37.98512],[-97.51876,37.97044],[-97.59198,37.97051],[-97.59196,38.01416],[-97.61031,38.0141],[-97.61034,38.02869],[-97.62876,38.02871],[-97.62878,38.0433],[-97.70185,38.04316],[-97.70198,38.05771]]],[[[-100.59161,38.05236],[-100.59158,38.0455],[-100.6096,38.04569],[-100.60948,38.08926],[-100.59109,38.08912],[-100.59161,38.05236]]],[[[-99.7343,38.10225],[-99.73437,38.07283],[-99.8258,38.07309],[-99.8257,38.08761],[-99.84407,38.08775],[-99.84398,38.1023],[-99.80734,38.10191],[-99.80731,38.08744],[-99.78904,38.08725],[-99.75258,38.08739],[-99.75262,38.10192],[-99.7343,38.10225]]],[[[-97.86696,38.08649],[-97.8853,38.08652],[-97.88541,38.10103],[-97.86704,38.10102],[-97.86696,38.08649]]],[[[-97.81165,38.08643],[-97.84848,38.08651],[-97.84863,38.10109],[-97.81166,38.10103],[-97.81165,38.08643]]],[[[-97.66565,38.0866],[-97.68386,38.08665],[-97.68398,38.10126],[-97.66568,38.10118],[-97.66565,38.0866]]],[[[-99.86237,38.10242],[-99.86243,38.08797],[-99.88065,38.08813],[-99.88065,38.11701],[-99.86231,38.11685],[-99.86237,38.10242]]],[[[-97.84863,38.10109],[-97.86704,38.10102],[-97.86697,38.1156],[-97.84849,38.11567],[-97.84863,38.10109]]],[[[-100.59082,38.11805],[-100.59106,38.1037],[-100.60927,38.1038],[-100.60932,38.11827],[-100.59082,38.11805]]],[[[-97.9592,38.14452],[-97.94052,38.14391],[-97.94066,38.12938],[-97.9592,38.12942],[-97.9592,38.14452]]],[[[-99.49023,38.14609],[-99.49709,38.14602],[-99.49695,38.16059],[-99.47851,38.16068],[-99.47863,38.14616],[-99.49023,38.14609]]],[[[-98.17904,38.14457],[-98.21588,38.14422],[-98.21595,38.15874],[-98.17916,38.15912],[-98.17904,38.14457]]],[[[-97.9592,38.14452],[-97.97744,38.14391],[-97.97741,38.15854],[-97.95907,38.15887],[-97.9592,38.14452]]],[[[-97.86697,38.1156],[-97.88535,38.11572],[-97.88541,38.10103],[-97.90377,38.10105],[-97.90372,38.11566],[-97.92209,38.1156],[-97.92216,38.15918],[-97.90396,38.15932],[-97.90395,38.1303],[-97.86689,38.13025],[-97.86697,38.1156]]],[[[-97.81171,38.14457],[-97.83018,38.14463],[-97.83013,38.15923],[-97.81174,38.15913],[-97.81171,38.14457]]],[[[-98.17904,38.14457],[-98.12456,38.14481],[-98.1246,38.1302],[-98.10564,38.13027],[-98.10562,38.10111],[-98.1423,38.10123],[-98.14225,38.07214],[-98.16088,38.07208],[-98.16065,38.10121],[-98.21589,38.10051],[-98.21588,38.08635],[-98.23434,38.08633],[-98.23437,38.10027],[-98.25212,38.10084],[-98.25216,38.07177],[-98.2707,38.07193],[-98.27064,38.0283],[-98.23436,38.02828],[-98.23416,37.99904],[-98.19734,37.99927],[-98.19736,37.98503],[-98.28896,37.98469],[-98.28886,37.99921],[-98.27048,37.99928],[-98.27059,38.01378],[-98.30756,38.01371],[-98.30751,38.02821],[-98.28909,38.02829],[-98.28908,38.04285],[-98.32588,38.04269],[-98.32595,38.07172],[-98.30761,38.07184],[-98.30753,38.10083],[-98.28907,38.10096],[-98.28911,38.11543],[-98.2521,38.11535],[-98.25223,38.14442],[-98.32584,38.14436],[-98.32596,38.12999],[-98.34452,38.1299],[-98.34442,38.11548],[-98.36302,38.11541],[-98.3631,38.12993],[-98.38183,38.12989],[-98.38095,38.15895],[-98.3626,38.15909],[-98.36225,38.17379],[-98.27063,38.17353],[-98.27065,38.15904],[-98.23461,38.15858],[-98.23455,38.12945],[-98.17915,38.1301],[-98.17904,38.14457]]],[[[-97.92216,38.15918],[-97.94046,38.15932],[-97.9405,38.17371],[-97.92219,38.17371],[-97.92216,38.15918]]],[[[-99.09569,38.18886],[-99.09574,38.17436],[-99.16831,38.1742],[-99.1685,38.18872],[-99.09569,38.18886]]],[[[-99.1685,38.18872],[-99.2409,38.18872],[-99.24118,38.20319],[-99.16865,38.20328],[-99.1685,38.18872]]],[[[-98.785,38.20328],[-98.76642,38.203],[-98.76648,38.18842],[-98.78505,38.18869],[-98.785,38.20328]]],[[[-97.9405,38.17371],[-97.97748,38.17305],[-97.97741,38.18754],[-97.95899,38.18768],[-97.95893,38.20215],[-97.94052,38.20273],[-97.9405,38.17371]]],[[[-99.09569,38.18886],[-99.09562,38.21792],[-99.07725,38.21792],[-99.07721,38.18891],[-99.09569,38.18886]]],[[[-99.24118,38.20319],[-99.25949,38.20315],[-99.25973,38.21788],[-99.24131,38.21753],[-99.24118,38.20319]]],[[[-98.00034,38.20243],[-98.01424,38.20253],[-98.0142,38.21702],[-97.99575,38.21679],[-97.99568,38.20245],[-98.00034,38.20243]]],[[[-99.25973,38.21788],[-99.27805,38.21816],[-99.27825,38.23272],[-99.25993,38.23247],[-99.25973,38.21788]]],[[[-97.97763,38.2316],[-97.95766,38.23128],[-97.95897,38.21673],[-97.97731,38.21661],[-97.97763,38.2316]]],[[[-97.83002,38.20282],[-97.83016,38.18824],[-97.8485,38.18825],[-97.84843,38.23197],[-97.82998,38.23196],[-97.83002,38.20282]]],[[[-100.61044,38.23484],[-100.61024,38.22042],[-100.62851,38.22063],[-100.62854,38.23513],[-100.61044,38.23484]]],[[[-99.09603,38.2469],[-99.0958,38.23239],[-99.13205,38.23245],[-99.13196,38.21787],[-99.15043,38.21786],[-99.15049,38.23229],[-99.16885,38.23236],[-99.16898,38.24683],[-99.09603,38.2469]]],[[[-98.44546,38.23135],[-98.45468,38.2313],[-98.45448,38.24598],[-98.43608,38.24603],[-98.43631,38.23153],[-98.44546,38.23135]]],[[[-98.05087,38.24645],[-98.03245,38.24622],[-98.03236,38.23169],[-98.05078,38.23177],[-98.05087,38.24645]]],[[[-99.09603,38.2469],[-99.09619,38.26134],[-99.04101,38.2612],[-99.04084,38.24694],[-99.09603,38.2469]]],[[[-98.05087,38.24645],[-98.0692,38.24659],[-98.06943,38.2606],[-98.05093,38.26066],[-98.05087,38.24645]]],[[[-97.97763,38.2316],[-97.996,38.2315],[-97.99611,38.2606],[-97.9776,38.26067],[-97.97763,38.2316]]],[[[-98.97696,38.27576],[-98.97695,38.26132],[-98.9954,38.26126],[-98.9954,38.27574],[-98.97696,38.27576]]],[[[-98.47985,38.27532],[-98.47981,38.26079],[-98.49827,38.26093],[-98.49828,38.27531],[-98.47985,38.27532]]],[[[-98.64561,38.27555],[-98.51664,38.2756],[-98.51677,38.26104],[-98.54584,38.26136],[-98.54593,38.24613],[-98.56408,38.24658],[-98.56435,38.21717],[-98.60104,38.2172],[-98.60138,38.14398],[-98.54634,38.14364],[-98.54639,38.12915],[-98.50957,38.12904],[-98.50946,38.1147],[-98.52805,38.11451],[-98.52794,38.09992],[-98.58273,38.10016],[-98.58279,38.11474],[-98.60116,38.11497],[-98.61938,38.11501],[-98.61948,38.1004],[-98.67448,38.10081],[-98.67487,38.15895],[-98.65656,38.15879],[-98.65656,38.18781],[-98.63828,38.18772],[-98.63794,38.20249],[-98.61966,38.20253],[-98.61924,38.23186],[-98.63748,38.2318],[-98.63759,38.26101],[-98.64555,38.26099],[-98.64561,38.27555]]],[[[-98.25735,38.268],[-98.25744,38.26073],[-98.27594,38.26081],[-98.27559,38.27525],[-98.25727,38.27526],[-98.25735,38.268]]],[[[-99.27805,38.21816],[-99.27758,38.1891],[-99.296,38.18936],[-99.29584,38.17489],[-99.2773,38.17463],[-99.27746,38.15985],[-99.25912,38.15978],[-99.2592,38.14518],[-99.20492,38.14521],[-99.20525,38.08707],[-99.22349,38.08702],[-99.22344,38.13067],[-99.24085,38.13057],[-99.24079,38.11613],[-99.29591,38.11634],[-99.29595,38.13089],[-99.31425,38.13111],[-99.31428,38.11658],[-99.3327,38.11675],[-99.33272,38.13136],[-99.36878,38.13159],[-99.36864,38.17549],[-99.42392,38.17551],[-99.42399,38.1899],[-99.57005,38.18944],[-99.56984,38.17497],[-99.58814,38.17499],[-99.58808,38.16026],[-99.62486,38.16035],[-99.62483,38.14573],[-99.67934,38.14575],[-99.67928,38.13123],[-99.69761,38.13149],[-99.69755,38.10243],[-99.7343,38.10225],[-99.73446,38.14563],[-99.69766,38.14597],[-99.69767,38.16047],[-99.67931,38.1603],[-99.67936,38.17477],[-99.62502,38.17492],[-99.62528,38.20388],[-99.6618,38.20399],[-99.66202,38.21844],[-99.67987,38.21837],[-99.67999,38.23301],[-99.6984,38.23293],[-99.69857,38.24745],[-99.75381,38.24726],[-99.75414,38.26178],[-99.73145,38.26178],[-99.73164,38.27623],[-99.69474,38.27643],[-99.69456,38.26189],[-99.6803,38.26191],[-99.68016,38.24753],[-99.66218,38.24754],[-99.66225,38.23303],[-99.62535,38.233],[-99.62531,38.21844],[-99.58864,38.21866],[-99.58846,38.20396],[-99.55228,38.20403],[-99.55247,38.21848],[-99.53401,38.21856],[-99.53412,38.23311],[-99.44292,38.23339],[-99.44285,38.21889],[-99.42808,38.21887],[-99.4244,38.21891],[-99.4245,38.23343],[-99.40612,38.23342],[-99.40599,38.21889],[-99.38761,38.21888],[-99.38772,38.23334],[-99.36943,38.23328],[-99.36924,38.21886],[-99.35084,38.21881],[-99.35119,38.23325],[-99.31508,38.23304],[-99.31463,38.20406],[-99.29623,38.20383],[-99.29641,38.21841],[-99.27805,38.21816]]],[[[-98.09121,38.275],[-98.07279,38.27501],[-98.07292,38.26058],[-98.09131,38.26054],[-98.09121,38.275]]],[[[-98.97696,38.27576],[-98.97695,38.29025],[-98.95841,38.29029],[-98.95853,38.27577],[-98.97696,38.27576]]],[[[-98.41591,38.27475],[-98.42502,38.27473],[-98.42471,38.28938],[-98.40633,38.28936],[-98.40672,38.27476],[-98.41591,38.27475]]],[[[-98.33075,38.28976],[-98.33097,38.27522],[-98.38793,38.27489],[-98.38788,38.28948],[-98.33075,38.28976]]],[[[-98.2296,38.27518],[-98.23887,38.27519],[-98.23884,38.28973],[-98.22036,38.28968],[-98.22037,38.27514],[-98.2296,38.27518]]],[[[-98.09121,38.275],[-98.10975,38.275],[-98.10984,38.28963],[-98.09113,38.28952],[-98.09121,38.275]]],[[[-99.73164,38.27623],[-99.74999,38.27626],[-99.75027,38.29074],[-99.73182,38.2908],[-99.73164,38.27623]]],[[[-97.99895,38.27522],[-97.99912,38.26057],[-98.01742,38.26062],[-98.01736,38.28963],[-97.99885,38.28968],[-97.99895,38.27522]]],[[[-98.785,38.20328],[-98.8027,38.20328],[-98.80272,38.1742],[-98.82114,38.17421],[-98.82113,38.15963],[-98.80268,38.1596],[-98.80261,38.11603],[-98.72928,38.11569],[-98.72916,38.08669],[-98.76606,38.08676],[-98.76603,38.07219],[-98.82116,38.07242],[-98.82116,38.058],[-98.85802,38.05813],[-98.85802,38.0292],[-98.83964,38.02907],[-98.83959,38.04361],[-98.78469,38.04325],[-98.78478,38.02866],[-98.80293,38.02882],[-98.80295,37.99983],[-98.82136,37.99995],[-98.82119,37.97068],[-98.8396,37.97071],[-98.83957,37.95614],[-98.87648,37.95635],[-98.8762,37.92731],[-98.85773,37.92724],[-98.85758,37.91271],[-98.87596,37.91269],[-98.87597,37.89817],[-98.89428,37.89821],[-98.89423,37.88365],[-98.93097,37.88345],[-98.93076,37.91267],[-98.89439,37.91271],[-98.89451,37.9273],[-98.91262,37.92726],[-98.91264,37.94184],[-98.93102,37.94189],[-98.93094,37.92731],[-98.96753,37.92732],[-98.96762,37.8689],[-99.11426,37.8689],[-99.1143,37.85433],[-99.13256,37.85435],[-99.13262,37.83976],[-99.07806,37.83959],[-99.07787,37.82535],[-99.05008,37.82537],[-99.05015,37.80586],[-99.08687,37.8058],[-99.08693,37.79131],[-99.05005,37.7913],[-99.05015,37.80586],[-98.99539,37.80576],[-98.99541,37.82528],[-98.91244,37.82533],[-98.91247,37.83986],[-98.89413,37.83988],[-98.89438,37.85441],[-98.8575,37.85436],[-98.85747,37.86901],[-98.82072,37.86891],[-98.82077,37.88353],[-98.80259,37.88354],[-98.80264,37.89807],[-98.78422,37.89801],[-98.78455,37.97066],[-98.74701,37.97037],[-98.74705,37.98478],[-98.72863,37.98483],[-98.72886,37.99933],[-98.71048,37.99928],[-98.7101,37.9702],[-98.69169,37.9701],[-98.69149,37.95561],[-98.71005,37.95567],[-98.71007,37.92661],[-98.7286,37.92674],[-98.72848,37.8977],[-98.71012,37.89749],[-98.71007,37.92661],[-98.69142,37.92648],[-98.69145,37.94103],[-98.67325,37.94082],[-98.67331,37.98459],[-98.65522,37.98437],[-98.65534,38.01344],[-98.63709,38.01326],[-98.63701,37.98419],[-98.60051,37.98394],[-98.6002,37.92572],[-98.63677,37.92603],[-98.63683,37.88237],[-98.67348,37.88263],[-98.67383,37.85357],[-98.69213,37.85369],[-98.69228,37.83916],[-98.76563,37.8397],[-98.76567,37.82511],[-98.72126,37.82485],[-98.72141,37.79167],[-98.70309,37.79166],[-98.70304,37.80616],[-98.68468,37.80601],[-98.6847,37.82461],[-98.64827,37.82431],[-98.64817,37.80602],[-98.62979,37.80579],[-98.62983,37.82427],[-98.61911,37.82428],[-98.61894,37.83881],[-98.58232,37.8388],[-98.58218,37.85324],[-98.56382,37.85336],[-98.56391,37.83883],[-98.52721,37.83898],[-98.52712,37.86794],[-98.5088,37.86798],[-98.50888,37.85354],[-98.49052,37.85354],[-98.49026,37.86797],[-98.45384,37.8682],[-98.45373,37.89718],[-98.41746,37.89717],[-98.41732,37.92639],[-98.38071,37.92644],[-98.38069,37.94102],[-98.30735,37.94087],[-98.30734,37.92646],[-98.32562,37.9261],[-98.32561,37.89705],[-98.36262,37.89742],[-98.36238,37.86834],[-98.32511,37.86807],[-98.32464,37.85365],[-98.36232,37.85373],[-98.36228,37.83912],[-98.38052,37.83906],[-98.38096,37.88289],[-98.39905,37.88277],[-98.39907,37.86822],[-98.41726,37.86813],[-98.41728,37.85354],[-98.43564,37.85353],[-98.43561,37.8245],[-98.46503,37.82448],[-98.46482,37.79096],[-98.44738,37.79125],[-98.44751,37.77661],[-98.41055,37.77642],[-98.41038,37.76177],[-98.42893,37.76184],[-98.42877,37.74709],[-98.44723,37.74712],[-98.44667,37.71799],[-98.42844,37.71789],[-98.4282,37.70333],[-98.48302,37.70345],[-98.48305,37.71806],[-98.46487,37.71809],[-98.46485,37.73265],[-98.48311,37.73257],[-98.48314,37.74714],[-98.51976,37.74734],[-98.51974,37.7327],[-98.53806,37.73267],[-98.5381,37.74734],[-98.55649,37.74746],[-98.55644,37.73272],[-98.53806,37.73267],[-98.53802,37.71817],[-98.57432,37.71817],[-98.57423,37.7327],[-98.59103,37.73269],[-98.59112,37.71818],[-98.60935,37.71831],[-98.60917,37.7327],[-98.62748,37.73276],[-98.62762,37.71825],[-98.64594,37.71828],[-98.64613,37.68922],[-98.6278,37.6892],[-98.62762,37.71825],[-98.60935,37.71831],[-98.6097,37.67468],[-98.64622,37.67474],[-98.64633,37.65274],[-98.64778,37.64555],[-98.68392,37.64552],[-98.68242,37.65333],[-98.68234,37.66046],[-98.66459,37.66037],[-98.66443,37.67486],[-98.68221,37.67496],[-98.6821,37.70397],[-98.7025,37.70411],[-98.70272,37.71869],[-98.72106,37.71881],[-98.72096,37.73337],[-98.68205,37.73299],[-98.68208,37.74752],[-98.60906,37.74726],[-98.60901,37.7545],[-98.61106,37.76149],[-98.6113,37.77679],[-98.64792,37.77711],[-98.64792,37.76253],[-98.68408,37.76245],[-98.68449,37.77694],[-98.70291,37.77703],[-98.70262,37.76251],[-98.73932,37.76265],[-98.73932,37.74805],[-98.77589,37.74821],[-98.77595,37.7337],[-98.81201,37.7338],[-98.81146,37.71907],[-98.82985,37.71911],[-98.83027,37.73375],[-98.8485,37.73359],[-98.84823,37.71898],[-98.94083,37.71836],[-98.94009,37.7331],[-98.9221,37.73319],[-98.92203,37.74768],[-98.95944,37.74751],[-98.95839,37.733],[-98.95909,37.71829],[-98.94083,37.71836],[-98.94104,37.70358],[-98.95955,37.70356],[-98.95985,37.6887],[-99.01451,37.68849],[-99.01453,37.68735],[-99.03286,37.68745],[-99.03261,37.70186],[-99.01434,37.70179],[-99.01413,37.70898],[-99.014,37.71635],[-99.03231,37.7165],[-99.03261,37.70186],[-99.05092,37.70217],[-99.05101,37.68766],[-99.06924,37.68775],[-99.06911,37.70225],[-99.10564,37.70251],[-99.1057,37.68803],[-99.1236,37.68817],[-99.12358,37.68905],[-99.17792,37.68935],[-99.17786,37.67467],[-99.19593,37.67475],[-99.19605,37.68946],[-99.21414,37.6899],[-99.21398,37.67486],[-99.24994,37.6751],[-99.25007,37.68977],[-99.28656,37.68966],[-99.2868,37.719],[-99.2504,37.71902],[-99.2504,37.7337],[-99.21459,37.73358],[-99.21452,37.74807],[-99.19621,37.74812],[-99.19616,37.7627],[-99.21433,37.76268],[-99.21429,37.80613],[-99.25004,37.80641],[-99.25006,37.79195],[-99.26828,37.79203],[-99.26825,37.80645],[-99.30458,37.80651],[-99.30533,37.82545],[-99.32359,37.82547],[-99.32288,37.79189],[-99.34073,37.79206],[-99.34064,37.80668],[-99.37736,37.80691],[-99.37745,37.82573],[-99.3514,37.82564],[-99.3511,37.84021],[-99.36937,37.84024],[-99.36918,37.85501],[-99.37541,37.8551],[-99.38744,37.85504],[-99.38763,37.84022],[-99.40592,37.84035],[-99.40616,37.82586],[-99.41374,37.82589],[-99.41397,37.80706],[-99.43238,37.80674],[-99.43263,37.77833],[-99.45015,37.77857],[-99.4504,37.76359],[-99.48647,37.76368],[-99.48676,37.7492],[-99.50523,37.74945],[-99.50469,37.73462],[-99.52295,37.73473],[-99.52279,37.71975],[-99.54104,37.7199],[-99.54083,37.70505],[-99.55895,37.70507],[-99.55984,37.73493],[-99.54139,37.73482],[-99.54207,37.74939],[-99.52356,37.7496],[-99.52382,37.77804],[-99.50467,37.77823],[-99.50448,37.79267],[-99.48639,37.79269],[-99.48661,37.80723],[-99.46842,37.80767],[-99.46856,37.82571],[-99.46172,37.82581],[-99.46078,37.84026],[-99.44228,37.84037],[-99.44172,37.85481],[-99.42347,37.85484],[-99.42343,37.86973],[-99.4053,37.86954],[-99.40493,37.88437],[-99.38667,37.88429],[-99.38668,37.89847],[-99.36853,37.89869],[-99.36894,37.86957],[-99.35051,37.86932],[-99.35047,37.89847],[-99.36853,37.89869],[-99.36857,37.92783],[-99.35041,37.92777],[-99.35036,37.95692],[-99.33225,37.9571],[-99.33227,37.97147],[-99.31409,37.97143],[-99.31402,37.98589],[-99.29566,37.98587],[-99.29568,38.01498],[-99.27741,38.01501],[-99.27733,38.02925],[-99.25909,38.02912],[-99.25905,38.04366],[-99.24061,38.04354],[-99.24064,38.05808],[-99.22328,38.0581],[-99.22347,38.07256],[-99.18705,38.07239],[-99.187,38.08712],[-99.16871,38.08718],[-99.16843,38.1017],[-99.13202,38.10162],[-99.13188,38.11621],[-99.11379,38.11621],[-99.11391,38.14537],[-99.09552,38.14538],[-99.09568,38.1599],[-99.0589,38.16007],[-99.05901,38.17445],[-99.0221,38.1747],[-99.02214,38.1891],[-98.96779,38.18928],[-98.96763,38.20379],[-98.9309,38.20355],[-98.93097,38.21807],[-98.91271,38.21796],[-98.9126,38.23248],[-98.89479,38.23257],[-98.89489,38.24708],[-98.85801,38.24706],[-98.85801,38.26114],[-98.83962,38.26109],[-98.83957,38.24686],[-98.82121,38.24686],[-98.82123,38.26103],[-98.77452,38.26089],[-98.77449,38.28992],[-98.75609,38.29],[-98.75608,38.30451],[-98.71933,38.30449],[-98.71929,38.29005],[-98.73779,38.29003],[-98.73753,38.26087],[-98.76633,38.26085],[-98.76645,38.21754],[-98.78497,38.21778],[-98.785,38.20328]]],[[[-99.05887,38.14543],[-99.07714,38.14537],[-99.07721,38.13078],[-99.09554,38.13078],[-99.09546,38.1017],[-99.07711,38.10177],[-99.0772,38.08724],[-99.05873,38.08732],[-99.05878,38.13093],[-99.0404,38.13101],[-99.0404,38.14552],[-99.05887,38.14543]]],[[[-99.16873,38.07264],[-99.16867,38.05806],[-99.15035,38.05814],[-99.15037,38.07267],[-99.16873,38.07264]]],[[[-98.94977,38.05837],[-98.94981,38.02943],[-98.93142,38.02939],[-98.93147,38.04383],[-98.91314,38.04379],[-98.91317,38.05831],[-98.94977,38.05837]]],[[[-98.98635,37.99292],[-98.98621,37.98567],[-98.96788,37.98576],[-98.96818,38.01488],[-98.98648,38.01475],[-98.98635,37.99292]]],[[[-98.96788,37.97124],[-98.96789,37.95664],[-98.94946,37.95662],[-98.94952,37.97115],[-98.96788,37.97124]]],[[[-99.00448,37.9637],[-99.00447,37.97108],[-99.05888,37.9709],[-99.05889,37.92731],[-99.02226,37.92726],[-99.0223,37.95662],[-99.0045,37.95668],[-99.00448,37.9637]]],[[[-99.21464,37.9271],[-99.22381,37.92712],[-99.22369,37.94168],[-99.24107,37.94172],[-99.24096,37.95634],[-99.27735,37.95667],[-99.27757,37.92734],[-99.29585,37.92756],[-99.29596,37.8399],[-99.24137,37.83995],[-99.24124,37.85448],[-99.2058,37.8544],[-99.20573,37.88358],[-99.1874,37.8835],[-99.18744,37.89808],[-99.20569,37.898],[-99.20556,37.9271],[-99.21464,37.9271]]],[[[-99.31384,37.88364],[-99.33215,37.8837],[-99.33212,37.86911],[-99.31374,37.86898],[-99.31384,37.88364]]],[[[-98.94027,37.77664],[-98.94032,37.76215],[-98.92203,37.76215],[-98.92194,37.77667],[-98.94027,37.77664]]],[[[-98.62784,37.95516],[-98.63707,37.95526],[-98.63706,37.94057],[-98.61849,37.94033],[-98.61868,37.95505],[-98.62784,37.95516]]],[[[-98.93999,38.30479],[-98.94005,38.29032],[-98.95841,38.29029],[-98.95836,38.30482],[-98.93999,38.30479]]],[[[-100.64857,38.29282],[-100.64818,38.27845],[-100.6665,38.27851],[-100.66669,38.29307],[-100.64857,38.29282]]],[[[-98.33075,38.28976],[-98.33096,38.30419],[-98.31248,38.30425],[-98.31236,38.28979],[-98.33075,38.28976]]],[[[-100.73984,38.29382],[-100.73968,38.27919],[-100.77634,38.27912],[-100.77659,38.29346],[-100.73984,38.29382]]],[[[-98.10984,38.28963],[-98.12821,38.28954],[-98.12811,38.30408],[-98.10968,38.30415],[-98.10984,38.28963]]],[[[-100.64857,38.29282],[-100.64856,38.30758],[-100.63029,38.30757],[-100.63011,38.293],[-100.64857,38.29282]]],[[[-98.93999,38.30479],[-98.94006,38.3193],[-98.92168,38.31815],[-98.92163,38.30365],[-98.93999,38.30479]]],[[[-100.66669,38.29307],[-100.68466,38.29331],[-100.68491,38.30788],[-100.66684,38.30776],[-100.66669,38.29307]]],[[[-98.12811,38.30408],[-98.14658,38.30409],[-98.14655,38.31865],[-98.12782,38.31857],[-98.12811,38.30408]]],[[[-98.64561,38.27555],[-98.66388,38.27548],[-98.66385,38.26093],[-98.65601,38.26092],[-98.65617,38.24628],[-98.69264,38.24618],[-98.69254,38.26089],[-98.70057,38.26088],[-98.70066,38.3045],[-98.71933,38.30449],[-98.71924,38.31893],[-98.70064,38.31896],[-98.70063,38.33341],[-98.66424,38.33352],[-98.66418,38.31904],[-98.64574,38.31925],[-98.64561,38.27555]]],[[[-98.3879,38.33314],[-98.31258,38.33319],[-98.31261,38.31869],[-98.38777,38.3186],[-98.3879,38.33314]]],[[[-98.18337,38.33318],[-98.16505,38.33317],[-98.16506,38.31861],[-98.18336,38.31865],[-98.18337,38.33318]]],[[[-100.77659,38.29346],[-100.79478,38.2938],[-100.79506,38.32288],[-100.77681,38.32285],[-100.77659,38.29346]]],[[[-97.37163,38.31887],[-97.37159,38.30435],[-97.35311,38.30431],[-97.35288,38.26081],[-97.35339,38.24638],[-97.37168,38.24629],[-97.37173,38.23171],[-97.39009,38.23185],[-97.39013,38.20265],[-97.37172,38.20268],[-97.37174,38.18817],[-97.40851,38.18817],[-97.4085,38.15923],[-97.44537,38.15938],[-97.44496,38.20284],[-97.42677,38.20279],[-97.4266,38.23193],[-97.40821,38.23192],[-97.4083,38.27541],[-97.39014,38.27527],[-97.39015,38.33323],[-97.37158,38.33345],[-97.37163,38.31887]]],[[[-98.3879,38.33314],[-98.40619,38.33318],[-98.40635,38.34762],[-98.38791,38.34762],[-98.3879,38.33314]]],[[[-98.2571,38.34791],[-98.25699,38.33344],[-98.27546,38.33321],[-98.2756,38.34788],[-98.2571,38.34791]]],[[[-100.68491,38.30788],[-100.70327,38.30806],[-100.70314,38.29363],[-100.73984,38.29382],[-100.7403,38.33736],[-100.722,38.33744],[-100.72164,38.32276],[-100.7032,38.3226],[-100.70343,38.33731],[-100.68513,38.33717],[-100.68491,38.30788]]],[[[-98.18337,38.33318],[-98.22022,38.33328],[-98.22029,38.3478],[-98.1834,38.34769],[-98.18337,38.33318]]],[[[-98.46187,38.36212],[-98.46149,38.33296],[-98.4799,38.33292],[-98.48038,38.36198],[-98.46187,38.36212]]],[[[-97.6392,38.34772],[-97.64843,38.34774],[-97.6485,38.36225],[-97.62992,38.3623],[-97.62999,38.3478],[-97.6392,38.34772]]],[[[-98.64554,38.36203],[-98.66397,38.36197],[-98.66419,38.37654],[-98.64583,38.37654],[-98.64554,38.36203]]],[[[-98.28497,38.36226],[-98.29423,38.36224],[-98.29433,38.3768],[-98.27585,38.3769],[-98.27572,38.36226],[-98.28497,38.36226]]],[[[-98.22029,38.3478],[-98.2571,38.34791],[-98.25725,38.36244],[-98.23869,38.36245],[-98.2385,38.37693],[-98.22015,38.37687],[-98.22029,38.3478]]],[[[-98.60884,38.39112],[-98.60894,38.37661],[-98.62737,38.37663],[-98.62737,38.39114],[-98.60884,38.39112]]],[[[-98.40635,38.34762],[-98.44324,38.34757],[-98.44327,38.36219],[-98.46187,38.36212],[-98.46188,38.39113],[-98.44334,38.39126],[-98.44329,38.37671],[-98.42479,38.37678],[-98.42481,38.36222],[-98.40637,38.36213],[-98.40635,38.34762]]],[[[-101.18254,38.37503],[-101.18234,38.3659],[-101.20076,38.36586],[-101.20105,38.38022],[-101.18264,38.38037],[-101.18254,38.37503]]],[[[-98.73784,38.40536],[-98.71936,38.40533],[-98.71931,38.39077],[-98.73751,38.39084],[-98.73784,38.40536]]],[[[-101.23742,38.3805],[-101.27431,38.38024],[-101.27449,38.39473],[-101.23774,38.39474],[-101.23742,38.3805]]],[[[-98.90389,38.41976],[-98.86693,38.41977],[-98.86679,38.39074],[-98.94099,38.39074],[-98.9407,38.37628],[-98.97758,38.3767],[-98.97738,38.3621],[-98.94045,38.36164],[-98.9407,38.37628],[-98.88525,38.37624],[-98.88513,38.36177],[-98.90353,38.36175],[-98.90328,38.33258],[-98.9217,38.33264],[-98.92165,38.34725],[-98.94013,38.34719],[-98.94015,38.33376],[-98.95843,38.33389],[-98.95854,38.34737],[-99.0139,38.34806],[-99.01426,38.36257],[-98.99584,38.36232],[-98.99601,38.37689],[-99.03296,38.37733],[-99.03332,38.40637],[-99.01475,38.40611],[-99.01469,38.39165],[-98.99629,38.39141],[-98.99626,38.4059],[-98.97783,38.40568],[-98.97777,38.42015],[-98.95936,38.4199],[-98.95944,38.40543],[-98.94102,38.40522],[-98.90379,38.40526],[-98.90389,38.41976]]],[[[-101.29321,38.40903],[-101.29293,38.39455],[-101.31141,38.39451],[-101.31172,38.40902],[-101.29321,38.40903]]],[[[-98.90389,38.41976],[-98.92247,38.41984],[-98.92245,38.43429],[-98.90395,38.43428],[-98.90389,38.41976]]],[[[-97.40874,37.91231],[-97.42712,37.91233],[-97.42703,37.9414],[-97.44539,37.94141],[-97.44544,37.95599],[-97.46394,37.956],[-97.46387,37.9706],[-97.48209,37.97048],[-97.48202,38.01402],[-97.50017,38.014],[-97.50028,38.04299],[-97.51851,38.04314],[-97.51854,38.05774],[-97.50032,38.0576],[-97.50029,38.07224],[-97.55535,38.07223],[-97.55538,38.08681],[-97.57378,38.08686],[-97.57403,38.11595],[-97.59213,38.116],[-97.59204,38.13049],[-97.61068,38.13045],[-97.61074,38.14498],[-97.62904,38.14489],[-97.62912,38.18853],[-97.64754,38.18848],[-97.6473,38.15947],[-97.66581,38.15947],[-97.66575,38.14493],[-97.62904,38.14489],[-97.62896,38.13039],[-97.68433,38.13036],[-97.68398,38.10126],[-97.7203,38.10117],[-97.72044,38.11572],[-97.75731,38.1157],[-97.75739,38.13033],[-97.79412,38.13022],[-97.79439,38.14473],[-97.75753,38.14482],[-97.75745,38.15938],[-97.77596,38.15933],[-97.77552,38.17367],[-97.79391,38.17365],[-97.79407,38.20273],[-97.77558,38.20281],[-97.77583,38.21734],[-97.7574,38.21732],[-97.7571,38.20288],[-97.73865,38.2028],[-97.73868,38.21739],[-97.7574,38.21732],[-97.75746,38.26061],[-97.75915,38.2606],[-97.75919,38.27518],[-97.74074,38.27512],[-97.74068,38.26056],[-97.7021,38.26066],[-97.70219,38.2465],[-97.68446,38.24659],[-97.68422,38.23197],[-97.70212,38.23197],[-97.70197,38.20287],[-97.68416,38.20308],[-97.68422,38.23197],[-97.66607,38.23186],[-97.6659,38.26058],[-97.66702,38.26056],[-97.66698,38.28976],[-97.6487,38.28987],[-97.64861,38.27535],[-97.63014,38.27529],[-97.63023,38.28979],[-97.61185,38.28961],[-97.61226,38.34001],[-97.61152,38.36234],[-97.59298,38.36225],[-97.59316,38.40581],[-97.57434,38.40554],[-97.57471,38.43484],[-97.48213,38.43486],[-97.48211,38.42043],[-97.46423,38.42023],[-97.46418,38.40582],[-97.42742,38.40592],[-97.42728,38.39134],[-97.40898,38.39147],[-97.40878,38.37696],[-97.39039,38.37708],[-97.39017,38.34795],[-97.42698,38.34794],[-97.42683,38.33301],[-97.4455,38.3332],[-97.44514,38.27529],[-97.46349,38.27527],[-97.46384,38.26082],[-97.4632,38.26081],[-97.46319,38.24647],[-97.50044,38.24659],[-97.50067,38.27532],[-97.48226,38.27535],[-97.48224,38.28986],[-97.50075,38.28971],[-97.50081,38.30418],[-97.51912,38.30408],[-97.51901,38.27527],[-97.53739,38.27517],[-97.53742,38.2322],[-97.51906,38.23214],[-97.51912,38.17399],[-97.50066,38.17397],[-97.50045,38.13043],[-97.48195,38.13028],[-97.48195,38.0576],[-97.46399,38.05757],[-97.46384,38.01397],[-97.44548,38.01391],[-97.44535,37.99941],[-97.42701,37.99939],[-97.42716,38.02848],[-97.4088,38.02847],[-97.4086,38.08644],[-97.39031,38.08641],[-97.39028,38.10095],[-97.40873,38.10101],[-97.40878,38.13011],[-97.39036,38.13011],[-97.39018,38.17359],[-97.37171,38.17363],[-97.37187,38.01388],[-97.39047,38.01389],[-97.3903,37.98492],[-97.37185,37.98477],[-97.37199,37.95573],[-97.39024,37.95588],[-97.39017,37.9413],[-97.4087,37.94138],[-97.40874,37.91231]]],[[[-97.51877,38.10142],[-97.51886,38.1159],[-97.53712,38.11588],[-97.537,38.10146],[-97.51877,38.10142]]],[[[-97.53727,38.13048],[-97.53745,38.14506],[-97.55584,38.14504],[-97.55581,38.18863],[-97.57428,38.18869],[-97.57422,38.17411],[-97.59222,38.17415],[-97.59215,38.15967],[-97.57442,38.15963],[-97.57409,38.13052],[-97.53727,38.13048]]],[[[-97.55588,38.21769],[-97.5558,38.23226],[-97.5922,38.23221],[-97.59229,38.20318],[-97.57437,38.20321],[-97.57432,38.21777],[-97.55588,38.21769]]],[[[-97.53759,38.33285],[-97.50066,38.33319],[-97.50053,38.34806],[-97.48205,38.34802],[-97.48209,38.36248],[-97.46377,38.36242],[-97.46401,38.39134],[-97.48207,38.39146],[-97.48218,38.40595],[-97.50064,38.40585],[-97.50048,38.37706],[-97.51897,38.37711],[-97.51896,38.34805],[-97.53733,38.34798],[-97.53759,38.33285],[-97.55584,38.33276],[-97.55593,38.31845],[-97.53762,38.31853],[-97.53759,38.33285]]],[[[-101.33002,38.41613],[-101.33016,38.40897],[-101.34818,38.40895],[-101.3485,38.42344],[-101.3302,38.42352],[-101.33002,38.41613]]],[[[-98.94092,38.43442],[-98.95934,38.43432],[-98.95941,38.44901],[-98.94099,38.44897],[-98.94092,38.43442]]],[[[-98.97781,38.4444],[-98.97773,38.43456],[-98.99615,38.43481],[-98.99612,38.44935],[-98.97783,38.44924],[-98.97781,38.4444]]],[[[-98.29425,38.43492],[-98.3127,38.43489],[-98.31242,38.44944],[-98.29402,38.44942],[-98.29425,38.43492]]],[[[-99.29038,38.45094],[-99.2904,38.43643],[-99.30885,38.43667],[-99.30887,38.45117],[-99.29038,38.45094]]],[[[-99.40099,38.43692],[-99.41945,38.4368],[-99.41945,38.45132],[-99.40097,38.45145],[-99.40099,38.43692]]],[[[-99.34582,38.44412],[-99.34581,38.43703],[-99.36413,38.43722],[-99.36406,38.45178],[-99.34582,38.45154],[-99.34582,38.44412]]],[[[-97.83245,38.43528],[-97.85092,38.43526],[-97.85083,38.44974],[-97.83235,38.44972],[-97.83245,38.43528]]],[[[-97.79592,38.43531],[-97.81402,38.43528],[-97.81394,38.44977],[-97.79565,38.44965],[-97.79592,38.43531]]],[[[-97.59317,38.43477],[-97.61169,38.43482],[-97.61184,38.44946],[-97.5931,38.44932],[-97.59317,38.43477]]],[[[-99.05124,38.44969],[-99.0512,38.43519],[-99.06955,38.43533],[-99.06995,38.4643],[-99.0514,38.46422],[-99.05124,38.44969]]],[[[-98.60884,38.39112],[-98.6088,38.40569],[-98.70086,38.40545],[-98.70092,38.42],[-98.62734,38.42015],[-98.62744,38.43463],[-98.60911,38.43462],[-98.60905,38.44905],[-98.59067,38.44921],[-98.59075,38.46367],[-98.57285,38.46384],[-98.57284,38.43487],[-98.55434,38.43482],[-98.55445,38.46385],[-98.53595,38.4639],[-98.53604,38.41983],[-98.5904,38.42026],[-98.59041,38.39123],[-98.60884,38.39112]]],[[[-99.19825,38.46483],[-99.19807,38.45019],[-99.21661,38.45033],[-99.21664,38.46498],[-99.19825,38.46483]]],[[[-100.2101,38.46534],[-100.20992,38.4507],[-100.22836,38.45076],[-100.22868,38.46531],[-100.2101,38.46534]]],[[[-98.73784,38.40536],[-98.75628,38.4054],[-98.75632,38.41993],[-98.83009,38.41967],[-98.82999,38.40524],[-98.84847,38.40524],[-98.84863,38.4342],[-98.8856,38.43436],[-98.88554,38.44876],[-98.92247,38.44885],[-98.92252,38.46329],[-98.94099,38.4634],[-98.94105,38.47791],[-98.8854,38.47776],[-98.88554,38.46326],[-98.86697,38.46328],[-98.86697,38.47784],[-98.84861,38.47772],[-98.84854,38.46325],[-98.83014,38.46322],[-98.83011,38.44877],[-98.81158,38.44882],[-98.81164,38.43431],[-98.77485,38.43435],[-98.77504,38.44897],[-98.75656,38.44902],[-98.75634,38.43442],[-98.73789,38.43443],[-98.73784,38.40536]]],[[[-98.77481,38.46343],[-98.79315,38.46342],[-98.79322,38.47804],[-98.77478,38.47813],[-98.77481,38.46343]]],[[[-99.08853,38.47907],[-99.08846,38.4645],[-99.10689,38.46457],[-99.107,38.47914],[-99.08853,38.47907]]],[[[-99.16131,38.47924],[-99.16133,38.46456],[-99.17984,38.46469],[-99.17979,38.47929],[-99.16131,38.47924]]],[[[-99.29038,38.45094],[-99.29045,38.46555],[-99.38249,38.46616],[-99.38254,38.4806],[-99.23519,38.47949],[-99.23519,38.46506],[-99.25341,38.46516],[-99.25333,38.45059],[-99.29038,38.45094]]],[[[-97.64834,38.47844],[-97.64857,38.46386],[-97.68544,38.46384],[-97.68541,38.47815],[-97.64834,38.47844]]],[[[-100.39382,38.48136],[-100.39374,38.46688],[-100.41207,38.46723],[-100.41225,38.48188],[-100.39382,38.48136]]],[[[-99.03307,38.49309],[-99.03297,38.47861],[-99.05151,38.47877],[-99.05157,38.49329],[-99.03307,38.49309]]],[[[-99.19816,38.49389],[-99.19824,38.47936],[-99.21668,38.47939],[-99.21666,38.49392],[-99.19816,38.49389]]],[[[-99.38254,38.4806],[-99.40112,38.4805],[-99.40101,38.49515],[-99.38251,38.49541],[-99.38254,38.4806]]],[[[-97.75033,38.4783],[-97.75841,38.47834],[-97.75807,38.49279],[-97.73999,38.4927],[-97.73993,38.47825],[-97.75033,38.4783]]],[[[-97.62975,38.47822],[-97.64834,38.47844],[-97.64819,38.49301],[-97.62963,38.49263],[-97.62975,38.47822]]],[[[-100.21094,38.49432],[-100.21065,38.47985],[-100.22898,38.47988],[-100.22917,38.49445],[-100.21094,38.49432]]],[[[-97.62975,38.47822],[-97.61142,38.47823],[-97.61111,38.49263],[-97.59285,38.4928],[-97.59326,38.47832],[-97.57402,38.47915],[-97.57411,38.46402],[-97.62991,38.46375],[-97.62975,38.47822]]],[[[-98.81168,38.49246],[-98.8302,38.49219],[-98.83024,38.50678],[-98.81174,38.50701],[-98.81168,38.49246]]],[[[-98.94105,38.47791],[-98.95945,38.47809],[-98.95935,38.46359],[-98.97783,38.46374],[-98.97791,38.47823],[-98.9962,38.47832],[-98.99611,38.46384],[-99.01456,38.46395],[-99.01472,38.49296],[-98.99624,38.49285],[-98.99627,38.5074],[-98.95939,38.50718],[-98.95948,38.49261],[-98.94106,38.49237],[-98.94105,38.47791]]],[[[-99.06992,38.50002],[-99.07001,38.49341],[-99.10696,38.49365],[-99.10687,38.50815],[-99.06981,38.50791],[-99.06992,38.50002]]],[[[-100.21094,38.49432],[-100.21085,38.50872],[-100.17418,38.50852],[-100.17408,38.49406],[-100.21094,38.49432]]],[[[-99.19816,38.49389],[-99.19813,38.50838],[-99.14266,38.50828],[-99.14264,38.52285],[-99.12524,38.52278],[-99.12539,38.49373],[-99.19816,38.49389]]],[[[-98.46186,38.52184],[-98.4618,38.50725],[-98.48039,38.50728],[-98.48038,38.52182],[-98.46186,38.52184]]],[[[-100.39449,38.52488],[-100.3943,38.51037],[-100.43112,38.51083],[-100.4313,38.52533],[-100.39449,38.52488]]],[[[-98.66449,38.52194],[-98.68305,38.5217],[-98.68297,38.53635],[-98.64608,38.53646],[-98.6461,38.52198],[-98.66449,38.52194]]],[[[-98.46186,38.52184],[-98.46176,38.5363],[-98.4433,38.53636],[-98.44352,38.52186],[-98.46186,38.52184]]],[[[-99.19813,38.50838],[-99.25357,38.50893],[-99.25378,38.52347],[-99.23526,38.5233],[-99.23544,38.5379],[-99.21696,38.53776],[-99.21686,38.52317],[-99.19822,38.52305],[-99.19813,38.50838]]],[[[-100.22949,38.53778],[-100.22928,38.52325],[-100.24757,38.5233],[-100.24766,38.53777],[-100.22949,38.53778]]],[[[-100.39449,38.52488],[-100.39483,38.53931],[-100.35799,38.539],[-100.35752,38.52447],[-100.33967,38.52428],[-100.33944,38.50962],[-100.37591,38.51024],[-100.37617,38.52468],[-100.39449,38.52488]]],[[[-100.2846,38.55287],[-100.26596,38.55252],[-100.26601,38.53802],[-100.28446,38.53821],[-100.2846,38.55287]]],[[[-100.2846,38.55287],[-100.30297,38.55297],[-100.30312,38.56744],[-100.28459,38.56727],[-100.2846,38.55287]]],[[[-98.73451,38.52173],[-98.73828,38.5217],[-98.73854,38.57972],[-98.70155,38.57971],[-98.70134,38.55071],[-98.7198,38.55066],[-98.71977,38.52184],[-98.73451,38.52173]]],[[[-98.33134,38.57271],[-98.33124,38.56539],[-98.29415,38.56551],[-98.29418,38.50737],[-98.2757,38.50749],[-98.2756,38.46402],[-98.29397,38.46386],[-98.29401,38.47841],[-98.31248,38.47837],[-98.3125,38.49291],[-98.33099,38.49284],[-98.33113,38.50734],[-98.34963,38.50725],[-98.34985,38.55072],[-98.36947,38.55075],[-98.36949,38.52183],[-98.3881,38.52197],[-98.38795,38.49274],[-98.42482,38.49259],[-98.425,38.52183],[-98.40656,38.52189],[-98.40645,38.53638],[-98.38801,38.53648],[-98.38777,38.56535],[-98.40608,38.56549],[-98.40637,38.57999],[-98.36941,38.57974],[-98.36939,38.56524],[-98.34993,38.5652],[-98.35007,38.57978],[-98.33142,38.57989],[-98.33134,38.57271]]],[[[-101.95659,38.54554],[-101.95654,38.53828],[-101.97529,38.53825],[-101.97521,38.55268],[-101.95663,38.55272],[-101.95659,38.54554]]],[[[-100.32208,38.59636],[-100.30345,38.59632],[-100.3032,38.58169],[-100.32164,38.58181],[-100.32208,38.59636]]],[[[-100.13789,38.61006],[-100.13801,38.59554],[-100.15636,38.5956],[-100.15646,38.61013],[-100.13789,38.61006]]],[[[-100.26659,38.59622],[-100.28485,38.59621],[-100.28539,38.61052],[-100.26703,38.61045],[-100.26659,38.59622]]],[[[-100.32208,38.59636],[-100.34068,38.59649],[-100.34116,38.61103],[-100.32257,38.61086],[-100.32208,38.59636]]],[[[-100.01111,38.62347],[-99.99263,38.62361],[-99.99264,38.60913],[-100.01113,38.60895],[-100.01111,38.62347]]],[[[-100.13789,38.61006],[-100.1377,38.6246],[-100.12143,38.6247],[-100.12099,38.63907],[-100.0655,38.63837],[-100.06593,38.62407],[-100.08425,38.62438],[-100.08464,38.60976],[-100.13789,38.61006]]],[[[-100.37678,38.65496],[-100.37701,38.64034],[-100.39553,38.64048],[-100.39528,38.65509],[-100.37678,38.65496]]],[[[-100.54273,38.64244],[-100.55969,38.64211],[-100.55965,38.65661],[-100.54218,38.65664],[-100.54273,38.64244]]],[[[-100.61385,38.65674],[-100.61386,38.64227],[-100.63255,38.64223],[-100.63257,38.65671],[-100.61385,38.65674]]],[[[-100.68782,38.65686],[-100.68764,38.64242],[-100.70637,38.64246],[-100.70627,38.65691],[-100.68782,38.65686]]],[[[-99.95471,38.66772],[-99.93596,38.66789],[-99.93639,38.65327],[-99.95507,38.6531],[-99.95471,38.66772]]],[[[-100.92609,38.65596],[-100.9078,38.65613],[-100.90755,38.62731],[-100.92575,38.6271],[-100.92609,38.65596]]],[[[-100.10222,38.66807],[-100.10218,38.65354],[-100.12072,38.65368],[-100.12067,38.66818],[-100.10222,38.66807]]],[[[-100.17395,38.66814],[-100.17436,38.65371],[-100.19286,38.65367],[-100.19265,38.66818],[-100.17395,38.66814]]],[[[-100.41364,38.66975],[-100.41385,38.6552],[-100.43233,38.6552],[-100.43204,38.66984],[-100.41364,38.66975]]],[[[-100.48628,38.6633],[-100.48626,38.65605],[-100.52366,38.65648],[-100.52329,38.67079],[-100.48617,38.67048],[-100.48628,38.6633]]],[[[-100.61385,38.65674],[-100.61422,38.67134],[-100.59566,38.67115],[-100.5955,38.65659],[-100.61385,38.65674]]],[[[-100.63257,38.65671],[-100.65137,38.65674],[-100.65139,38.67125],[-100.63274,38.67142],[-100.63257,38.65671]]],[[[-100.10222,38.66807],[-100.10166,38.68247],[-100.08304,38.68218],[-100.08367,38.66778],[-100.10222,38.66807]]],[[[-100.1549,38.68271],[-100.13635,38.68262],[-100.13676,38.66819],[-100.15536,38.66815],[-100.1549,38.68271]]],[[[-100.77985,38.68544],[-100.76135,38.68584],[-100.76153,38.67147],[-100.78004,38.67145],[-100.77985,38.68544]]],[[[-99.8622,38.68279],[-99.8805,38.68258],[-99.88029,38.69644],[-99.86174,38.6965],[-99.8622,38.68279]]],[[[-99.91702,38.68949],[-99.91703,38.68243],[-99.9356,38.68242],[-99.93508,38.69639],[-99.91701,38.69637],[-99.91702,38.68949]]],[[[-99.95471,38.66772],[-99.99141,38.66733],[-99.99087,38.68173],[-99.97245,38.68168],[-99.97209,38.6963],[-99.95356,38.69635],[-99.95471,38.66772]]],[[[-100.1549,38.68271],[-100.19197,38.68288],[-100.19137,38.69774],[-100.1544,38.6973],[-100.1549,38.68271]]],[[[-100.66972,38.69285],[-100.6697,38.68574],[-100.68815,38.6858],[-100.68798,38.67144],[-100.70625,38.67151],[-100.70665,38.70015],[-100.66977,38.70012],[-100.66972,38.69285]]],[[[-100.77985,38.68544],[-100.81619,38.68563],[-100.8164,38.69975],[-100.78019,38.69968],[-100.77985,38.68544]]],[[[-100.92639,38.69897],[-100.92644,38.68473],[-100.94489,38.68468],[-100.94482,38.69894],[-100.92639,38.69897]]],[[[-100.02422,38.71082],[-100.02458,38.69629],[-100.02707,38.69628],[-100.02771,38.66728],[-100.00984,38.667],[-100.01052,38.65248],[-100.04668,38.65265],[-100.0459,38.68167],[-100.06441,38.68201],[-100.064,38.69653],[-100.04306,38.69627],[-100.04278,38.71084],[-100.02422,38.71082]]],[[[-100.81877,38.71442],[-100.81883,38.69976],[-100.83689,38.69963],[-100.83706,38.71403],[-100.81877,38.71442]]],[[[-99.89459,38.71883],[-99.89473,38.71094],[-99.91317,38.71093],[-99.91297,38.72546],[-99.89445,38.72555],[-99.89459,38.71883]]],[[[-100.98451,38.71379],[-100.98457,38.69934],[-101.02159,38.69964],[-101.02139,38.71414],[-100.98451,38.71379]]],[[[-101.04002,38.7102],[-101.04014,38.69982],[-101.077,38.70021],[-101.07692,38.71472],[-101.04001,38.71423],[-101.04002,38.7102]]],[[[-101.20612,38.71591],[-101.20638,38.70152],[-101.22484,38.70152],[-101.22473,38.71591],[-101.20612,38.71591]]],[[[-101.15083,38.71523],[-101.15102,38.70082],[-101.16926,38.70106],[-101.16912,38.71558],[-101.18773,38.71562],[-101.18747,38.73029],[-101.15073,38.72962],[-101.15083,38.71523]]],[[[-99.74337,38.87092],[-99.74398,38.85627],[-99.76246,38.8563],[-99.76196,38.8708],[-99.74337,38.87092]]],[[[-101.64828,38.84426],[-101.649,38.82966],[-101.66739,38.82964],[-101.66701,38.84411],[-101.64828,38.84426]]],[[[-101.55636,38.84511],[-101.57484,38.84472],[-101.57466,38.85916],[-101.55617,38.85928],[-101.55636,38.84511]]],[[[-101.59322,38.84472],[-101.63072,38.84441],[-101.62972,38.85882],[-101.59303,38.85901],[-101.59322,38.84472]]],[[[-99.81753,38.89954],[-99.81764,38.88503],[-99.85436,38.88507],[-99.85427,38.89939],[-99.81753,38.89954]]],[[[-99.89172,38.89929],[-99.89183,38.8849],[-99.9103,38.88497],[-99.91013,38.89939],[-99.89172,38.89929]]],[[[-101.76009,38.87247],[-101.76019,38.85829],[-101.77869,38.85804],[-101.77857,38.87249],[-101.76009,38.87247]]],[[[-99.79877,38.91414],[-99.78003,38.91408],[-99.7801,38.89961],[-99.76169,38.89941],[-99.76179,38.88519],[-99.7991,38.88512],[-99.79877,38.91414]]],[[[-99.89172,38.89929],[-99.89172,38.91382],[-99.87291,38.91399],[-99.87296,38.89944],[-99.89172,38.89929]]],[[[-100.68682,38.91714],[-100.66829,38.91712],[-100.66835,38.90259],[-100.76082,38.90248],[-100.76062,38.91706],[-100.68682,38.91714]]],[[[-99.79877,38.91414],[-99.81739,38.91404],[-99.81722,38.9286],[-99.79876,38.92868],[-99.79877,38.91414]]],[[[-100.61198,38.93138],[-100.57492,38.93119],[-100.575,38.91628],[-100.6121,38.91701],[-100.61198,38.93138]]],[[[-100.77904,38.92426],[-100.77919,38.91724],[-100.83376,38.91666],[-100.83348,38.93115],[-100.77886,38.93155],[-100.77904,38.92426]]],[[[-99.81722,38.9286],[-99.83537,38.92849],[-99.83518,38.94296],[-99.81706,38.94306],[-99.81722,38.9286]]],[[[-100.87083,38.92338],[-100.87097,38.91646],[-100.88964,38.91627],[-100.88932,38.93083],[-100.8707,38.931],[-100.87083,38.92338]]],[[[-99.8542,38.94289],[-99.85428,38.92843],[-99.87274,38.92852],[-99.87262,38.94308],[-99.8542,38.94289]]],[[[-100.0207,38.94278],[-99.96494,38.94294],[-99.96501,38.92839],[-100.0208,38.92829],[-100.0208,38.91373],[-100.03935,38.91405],[-100.03884,38.94315],[-100.0207,38.94278]]],[[[-100.64937,38.93868],[-100.6496,38.93162],[-100.70487,38.93182],[-100.70441,38.9463],[-100.64926,38.94611],[-100.64937,38.93868]]],[[[-99.83518,38.94296],[-99.8542,38.94289],[-99.85403,38.95753],[-99.83551,38.95756],[-99.83518,38.94296]]],[[[-100.90749,38.94508],[-100.90772,38.93065],[-100.92589,38.93058],[-100.92565,38.94496],[-100.90749,38.94508]]],[[[-100.61198,38.93138],[-100.63092,38.93156],[-100.63043,38.96054],[-100.59291,38.96027],[-100.5932,38.94583],[-100.61178,38.94599],[-100.61198,38.93138]]],[[[-99.74273,38.97139],[-99.74312,38.95793],[-99.79869,38.95764],[-99.79815,38.97183],[-99.74273,38.97139]]],[[[-99.87252,38.97203],[-99.87256,38.95747],[-99.89111,38.95754],[-99.8907,38.9719],[-99.87252,38.97203]]],[[[-100.07579,38.95806],[-100.07531,38.97255],[-100.0568,38.97254],[-100.05717,38.95798],[-100.07579,38.95806]]],[[[-101.92554,38.94477],[-101.92566,38.93014],[-101.94444,38.93008],[-101.94424,38.94463],[-101.92554,38.94477]]],[[[-100.63043,38.96054],[-100.64903,38.9606],[-100.64878,38.97511],[-100.63022,38.97516],[-100.63043,38.96054]]],[[[-99.81654,38.98653],[-99.81672,38.97203],[-99.83526,38.97205],[-99.83513,38.98659],[-99.81654,38.98653]]],[[[-100.74148,38.94629],[-100.83323,38.94588],[-100.83294,38.96037],[-100.87017,38.96002],[-100.86993,38.97462],[-100.81416,38.97495],[-100.81434,38.96047],[-100.74109,38.96078],[-100.74148,38.94629]]],[[[-100.24251,38.97319],[-100.24228,38.98765],[-100.22384,38.98751],[-100.224,38.97304],[-100.24251,38.97319]]],[[[-100.24251,38.97319],[-100.24327,38.94432],[-100.26104,38.94435],[-100.26093,38.95888],[-100.29768,38.95928],[-100.29767,38.97377],[-100.27927,38.97355],[-100.27923,38.98804],[-100.26072,38.98782],[-100.26085,38.97335],[-100.24251,38.97319]]],[[[-100.48204,38.98834],[-100.46436,38.98828],[-100.46419,38.97379],[-100.48241,38.97384],[-100.48204,38.98834]]],[[[-99.59406,39.00087],[-99.57614,39.00092],[-99.57636,38.98633],[-99.59425,38.98635],[-99.59406,39.00087]]],[[[-99.61268,39.00076],[-99.61268,38.98627],[-99.63127,38.9864],[-99.63138,39.00082],[-99.61268,39.00076]]],[[[-99.74273,38.97139],[-99.74223,38.98596],[-99.72355,38.98578],[-99.72342,39.00018],[-99.70515,39.00159],[-99.70581,38.97257],[-99.72375,38.97126],[-99.74273,38.97139]]],[[[-99.85354,38.99203],[-99.85369,38.98655],[-99.87241,38.9866],[-99.87177,39.00095],[-99.85326,39.00105],[-99.85354,38.99203]]],[[[-100.07579,38.95806],[-100.07595,38.94323],[-100.15052,38.94384],[-100.15015,38.95837],[-100.11288,38.95827],[-100.11201,38.98729],[-100.13073,38.98724],[-100.13091,38.97273],[-100.14997,38.97279],[-100.15015,38.95837],[-100.20577,38.95862],[-100.20552,38.97292],[-100.16844,38.97274],[-100.16811,38.98723],[-100.14956,38.98738],[-100.14938,39.00186],[-99.89,39.00091],[-99.89024,38.98641],[-99.90853,38.98642],[-99.90835,38.97195],[-99.98345,38.9722],[-99.98331,38.98672],[-100.00182,38.98666],[-100.00197,38.97217],[-100.03828,38.97216],[-100.0379,38.98668],[-100.09335,38.98714],[-100.09435,38.95821],[-100.07579,38.95806]]],[[[-100.18641,39.00179],[-100.18681,38.98732],[-100.20523,38.98747],[-100.20502,39.00188],[-100.18641,39.00179]]],[[[-100.37158,39.00319],[-100.35327,39.00324],[-100.35325,38.98883],[-100.3348,38.98867],[-100.33479,38.97423],[-100.37177,38.97444],[-100.37158,39.00319]]],[[[-100.48204,38.98834],[-100.50091,38.98832],[-100.50059,39.0028],[-100.48206,39.00272],[-100.48204,38.98834]]],[[[-100.53764,39.00314],[-100.53783,38.98859],[-100.57463,38.98911],[-100.57455,39.00364],[-100.53764,39.00314]]],[[[-99.59406,39.00087],[-99.61268,39.00076],[-99.6125,39.0153],[-99.59389,39.01533],[-99.59406,39.00087]]],[[[-99.63138,39.00082],[-99.66842,39.00117],[-99.6683,39.01571],[-99.63106,39.01536],[-99.63138,39.00082]]],[[[-99.74178,39.01543],[-99.74201,39.00028],[-99.76049,39.0005],[-99.76029,39.0154],[-99.74178,39.01543]]],[[[-101.5358,38.99013],[-101.53597,38.97552],[-101.55444,38.97547],[-101.55421,38.99009],[-101.5358,38.99013]]],[[[-100.14938,39.00186],[-100.18641,39.00179],[-100.18613,39.0162],[-100.14917,39.0164],[-100.14938,39.00186]]],[[[-101.09154,39.00002],[-101.09171,38.98933],[-101.11031,38.98968],[-101.11027,39.00371],[-101.09145,39.00359],[-101.09154,39.00002]]],[[[-100.37158,39.00319],[-100.42715,39.00295],[-100.42715,38.98857],[-100.39018,38.98876],[-100.39028,38.97425],[-100.44571,38.97409],[-100.44578,39.00292],[-100.46427,39.00274],[-100.46417,39.0172],[-100.37151,39.01764],[-100.37158,39.00319]]],[[[-100.53764,39.00314],[-100.53734,39.01759],[-100.51889,39.01721],[-100.51903,39.00296],[-100.53764,39.00314]]],[[[-100.57455,39.00364],[-100.59222,39.00384],[-100.5926,38.98934],[-100.61129,38.98966],[-100.61095,39.01851],[-100.57427,39.0181],[-100.57455,39.00364]]],[[[-99.6683,39.01571],[-99.70498,39.01615],[-99.70471,39.03058],[-99.66809,39.03023],[-99.6683,39.01571]]],[[[-100.90652,39.01767],[-100.7957,39.01845],[-100.79581,39.00405],[-100.64816,39.00421],[-100.64834,38.98964],[-100.72226,38.98981],[-100.72242,38.97533],[-100.7411,38.97534],[-100.74082,38.98987],[-100.85116,38.9892],[-100.85115,39.00365],[-100.90681,39.00311],[-100.90652,39.01767]]],[[[-100.66632,39.03315],[-100.62931,39.03312],[-100.62947,39.01855],[-100.66649,39.01872],[-100.66632,39.03315]]],[[[-99.55701,39.03734],[-99.55718,39.03016],[-99.57579,39.03008],[-99.5754,39.0445],[-99.55683,39.0445],[-99.55701,39.03734]]],[[[-100.90652,39.01767],[-100.92473,39.01742],[-100.92451,39.03195],[-100.90638,39.0321],[-100.90652,39.01767]]],[[[-100.20502,39.00188],[-100.22353,39.00194],[-100.22343,39.0164],[-100.3163,39.01745],[-100.31607,39.03171],[-100.37141,39.03203],[-100.37122,39.04648],[-100.29713,39.04605],[-100.29748,39.03144],[-100.28915,39.03134],[-100.26025,39.03132],[-100.26009,39.04582],[-100.24173,39.04572],[-100.24181,39.03114],[-100.20466,39.03087],[-100.20502,39.00188]]],[[[-100.66632,39.03315],[-100.70264,39.03312],[-100.70237,39.04769],[-100.66606,39.04765],[-100.66632,39.03315]]],[[[-100.92451,39.03195],[-100.94312,39.0319],[-100.94293,39.04636],[-100.92427,39.04631],[-100.92451,39.03195]]],[[[-100.70237,39.04769],[-100.72113,39.04765],[-100.72091,39.06175],[-100.70202,39.06188],[-100.70237,39.04769]]],[[[-99.63037,39.05907],[-99.61182,39.05895],[-99.61149,39.07342],[-99.55637,39.07353],[-99.55658,39.05903],[-99.59317,39.0589],[-99.59365,39.02987],[-99.61222,39.02978],[-99.61203,39.04448],[-99.63061,39.0446],[-99.63037,39.05907]]],[[[-99.63011,39.07356],[-99.63037,39.05907],[-99.66747,39.05943],[-99.66721,39.07384],[-99.63011,39.07356]]],[[[-99.70398,39.07418],[-99.70421,39.05964],[-99.72281,39.05964],[-99.7225,39.0742],[-99.70398,39.07418]]],[[[-99.76002,39.05947],[-99.77864,39.0593],[-99.77809,39.07392],[-99.75974,39.07391],[-99.76002,39.05947]]],[[[-101.5903,39.04768],[-101.59051,39.03324],[-101.6088,39.03309],[-101.60871,39.04753],[-101.5903,39.04768]]],[[[-99.84419,39.07357],[-99.81519,39.07361],[-99.81546,39.05912],[-99.87077,39.05932],[-99.87044,39.0738],[-99.84419,39.07357]]],[[[-99.92616,39.07356],[-99.92644,39.05921],[-99.94498,39.05924],[-99.94472,39.07369],[-99.92616,39.07356]]],[[[-100.03622,39.0738],[-100.03653,39.05931],[-100.07388,39.05957],[-100.07326,39.07406],[-100.03622,39.0738]]],[[[-100.11068,39.07412],[-100.11102,39.05979],[-100.13012,39.0599],[-100.13021,39.07437],[-100.11068,39.07412]]],[[[-99.61149,39.07342],[-99.63011,39.07356],[-99.6299,39.08814],[-99.61122,39.08787],[-99.61149,39.07342]]],[[[-101.55365,39.0512],[-101.55369,39.04795],[-101.57234,39.04786],[-101.57221,39.06245],[-101.55362,39.06258],[-101.55365,39.0512]]],[[[-99.92616,39.07356],[-99.92582,39.08811],[-99.90756,39.08804],[-99.90762,39.07356],[-99.92616,39.07356]]],[[[-100.03622,39.0738],[-100.03608,39.08826],[-100.00013,39.08849],[-100.00061,39.07385],[-100.03622,39.0738]]],[[[-100.09197,39.08867],[-100.09185,39.07417],[-100.11068,39.07412],[-100.11047,39.08865],[-100.09197,39.08867]]],[[[-100.13021,39.07437],[-100.14852,39.07448],[-100.14841,39.0888],[-100.13018,39.08883],[-100.13021,39.07437]]],[[[-101.90596,39.04623],[-101.9795,39.04604],[-101.97889,39.06038],[-101.90568,39.06071],[-101.90596,39.04623]]],[[[-100.09197,39.08867],[-100.09196,39.10296],[-100.07293,39.10301],[-100.07311,39.08857],[-100.09197,39.08867]]],[[[-100.12984,39.10338],[-100.14841,39.10324],[-100.14808,39.11779],[-100.12963,39.11781],[-100.12984,39.10338]]],[[[-101.4419,39.1033],[-101.44206,39.09233],[-101.46055,39.09229],[-101.46046,39.10687],[-101.44186,39.10696],[-101.4419,39.1033]]],[[[-100.16673,39.11784],[-100.16688,39.10336],[-100.18542,39.10339],[-100.18533,39.11772],[-100.20395,39.11798],[-100.20321,39.13219],[-100.16607,39.13208],[-100.16673,39.11784]]],[[[-100.25716,39.14722],[-100.25705,39.13266],[-100.27523,39.13282],[-100.27544,39.14719],[-100.25716,39.14722]]],[[[-100.72131,39.14064],[-100.72131,39.13341],[-100.73981,39.13346],[-100.73982,39.1479],[-100.72132,39.14783],[-100.72131,39.14064]]],[[[-101.46038,39.12502],[-101.4604,39.12139],[-101.4783,39.12113],[-101.47822,39.13477],[-101.46032,39.13482],[-101.46038,39.12502]]],[[[-101.49712,39.12501],[-101.49719,39.12094],[-101.51546,39.12087],[-101.51522,39.13471],[-101.4969,39.13474],[-101.49712,39.12501]]],[[[-100.08937,39.16097],[-100.08937,39.14626],[-100.14574,39.14636],[-100.14552,39.16083],[-100.08937,39.16097]]],[[[-100.2387,39.16137],[-100.23871,39.14697],[-100.25716,39.14722],[-100.25722,39.16146],[-100.2387,39.16137]]],[[[-99.92189,39.1611],[-99.92185,39.14657],[-99.95917,39.14652],[-99.95933,39.17553],[-99.94056,39.17557],[-99.94058,39.16107],[-99.92189,39.1611]]],[[[-100.2939,39.17609],[-100.2754,39.17594],[-100.2754,39.16152],[-100.29389,39.1618],[-100.2939,39.17609]]],[[[-100.41473,39.17651],[-100.40547,39.17652],[-100.40541,39.14754],[-100.44273,39.1477],[-100.44277,39.16197],[-100.46135,39.16216],[-100.46111,39.13312],[-100.51656,39.13316],[-100.5167,39.14756],[-100.57248,39.14765],[-100.57269,39.16218],[-100.49837,39.16205],[-100.49807,39.14765],[-100.47955,39.14755],[-100.47994,39.17643],[-100.41473,39.17651]]],[[[-100.6377,39.1766],[-100.59148,39.17661],[-100.59135,39.16215],[-100.73986,39.16231],[-100.73994,39.17678],[-100.6377,39.1766]]],[[[-100.01514,39.17542],[-100.03352,39.17531],[-100.03356,39.18975],[-100.01512,39.18986],[-100.01514,39.17542]]],[[[-100.14542,39.17537],[-100.14552,39.16083],[-100.2387,39.16137],[-100.23879,39.19017],[-100.22015,39.19015],[-100.22012,39.17571],[-100.14542,39.17537]]],[[[-100.2939,39.17609],[-100.31264,39.17611],[-100.31263,39.19058],[-100.29396,39.1905],[-100.2939,39.17609]]],[[[-100.31264,39.17611],[-100.31261,39.14736],[-100.33127,39.14741],[-100.33126,39.16191],[-100.38689,39.16203],[-100.38687,39.17652],[-100.36845,39.17664],[-100.36857,39.19112],[-100.35017,39.19094],[-100.34993,39.17652],[-100.31264,39.17611]]],[[[-99.27027,39.20537],[-99.2701,39.19082],[-99.2328,39.19061],[-99.23271,39.1762],[-99.28891,39.17616],[-99.28898,39.20524],[-99.27027,39.20537]]],[[[-99.38206,39.20567],[-99.3634,39.20551],[-99.36348,39.19101],[-99.38186,39.19125],[-99.38206,39.20567]]],[[[-99.79198,39.18302],[-99.79193,39.17592],[-99.82877,39.17576],[-99.8287,39.16123],[-99.84732,39.16121],[-99.84734,39.17573],[-99.88457,39.1757],[-99.8848,39.20473],[-99.86621,39.20467],[-99.8661,39.19018],[-99.79204,39.1905],[-99.79198,39.18302]]],[[[-99.92189,39.1611],[-99.922,39.19012],[-99.94061,39.19006],[-99.9406,39.20456],[-99.90349,39.20475],[-99.90313,39.16117],[-99.92189,39.1611]]],[[[-99.95933,39.17553],[-99.97781,39.1754],[-99.97786,39.16094],[-100.01493,39.16089],[-100.01514,39.17542],[-99.9965,39.17535],[-99.99642,39.20444],[-99.97788,39.20438],[-99.97776,39.18991],[-99.95921,39.19],[-99.95933,39.17553]]],[[[-100.03356,39.18975],[-100.07076,39.18985],[-100.07079,39.17536],[-100.05193,39.17531],[-100.05206,39.16087],[-100.03338,39.16079],[-100.03353,39.13192],[-100.05216,39.13191],[-100.05202,39.14639],[-100.07067,39.14639],[-100.07071,39.1609],[-100.08937,39.16097],[-100.08932,39.1753],[-100.14542,39.17537],[-100.14528,39.18996],[-100.08934,39.18991],[-100.0893,39.20455],[-100.03368,39.20424],[-100.03356,39.18975]]],[[[-100.14528,39.18996],[-100.16396,39.18996],[-100.16397,39.20447],[-100.14535,39.20446],[-100.14528,39.18996]]],[[[-100.23879,39.19017],[-100.25726,39.19036],[-100.25727,39.20473],[-100.23871,39.2046],[-100.23879,39.19017]]],[[[-99.38206,39.20567],[-99.40078,39.20572],[-99.40078,39.22004],[-99.38209,39.22015],[-99.38206,39.20567]]],[[[-101.7266,39.19155],[-101.72678,39.17712],[-101.74548,39.17698],[-101.74534,39.19154],[-101.7266,39.19155]]],[[[-100.0893,39.20455],[-100.10812,39.20446],[-100.10783,39.21894],[-100.08915,39.21895],[-100.0893,39.20455]]],[[[-100.16397,39.20447],[-100.20135,39.20457],[-100.20119,39.21898],[-100.16378,39.219],[-100.16397,39.20447]]],[[[-99.79185,39.22673],[-99.79179,39.21941],[-99.81065,39.21936],[-99.81069,39.20487],[-99.8288,39.20485],[-99.8288,39.23392],[-99.79182,39.23393],[-99.79185,39.22673]]],[[[-99.40064,39.2344],[-99.40078,39.22004],[-99.45656,39.21985],[-99.45637,39.23413],[-99.43801,39.23424],[-99.43789,39.24885],[-99.41904,39.24902],[-99.41927,39.23435],[-99.40064,39.2344]]],[[[-99.45656,39.21985],[-99.45656,39.20538],[-99.43793,39.20544],[-99.43787,39.19098],[-99.47514,39.19067],[-99.4748,39.16165],[-99.49365,39.16143],[-99.49365,39.20504],[-99.54967,39.20524],[-99.54971,39.21976],[-99.56833,39.21983],[-99.56839,39.2346],[-99.54978,39.2345],[-99.54977,39.2493],[-99.53108,39.24909],[-99.53104,39.23438],[-99.49366,39.23414],[-99.49376,39.21962],[-99.45656,39.21985]]],[[[-99.69865,39.24882],[-99.69842,39.21957],[-99.773,39.2194],[-99.7728,39.23393],[-99.71656,39.23417],[-99.71655,39.24882],[-99.69865,39.24882]]],[[[-99.86607,39.24826],[-99.86615,39.23375],[-99.88479,39.23364],[-99.88465,39.2482],[-99.86607,39.24826]]],[[[-99.23339,39.24882],[-99.23319,39.21973],[-99.25177,39.21975],[-99.25194,39.23418],[-99.27024,39.23436],[-99.27039,39.21977],[-99.3076,39.21996],[-99.30766,39.20527],[-99.32632,39.20527],[-99.32609,39.26352],[-99.28876,39.26333],[-99.28882,39.24884],[-99.23339,39.24882]]],[[[-99.38209,39.22015],[-99.38204,39.23448],[-99.40064,39.2344],[-99.4005,39.24915],[-99.38198,39.24921],[-99.38191,39.26365],[-99.36354,39.2635],[-99.36349,39.22017],[-99.38209,39.22015]]],[[[-99.67986,39.24883],[-99.69865,39.24882],[-99.69866,39.26333],[-99.67993,39.26338],[-99.67986,39.24883]]],[[[-99.56839,39.2346],[-99.587,39.23461],[-99.58696,39.2052],[-99.60531,39.2056],[-99.60544,39.22004],[-99.67982,39.21969],[-99.67986,39.24883],[-99.66133,39.2489],[-99.66122,39.23438],[-99.64257,39.23444],[-99.64253,39.24905],[-99.60548,39.2492],[-99.60533,39.26387],[-99.58698,39.26392],[-99.58699,39.24919],[-99.56849,39.24929],[-99.56839,39.2346]]],[[[-99.79143,39.26306],[-99.73495,39.2633],[-99.73509,39.24879],[-99.79167,39.24847],[-99.79143,39.26306]]],[[[-99.84732,39.26275],[-99.84725,39.24835],[-99.86607,39.24826],[-99.86588,39.26266],[-99.84732,39.26275]]],[[[-99.23339,39.24882],[-99.23337,39.26328],[-99.19586,39.26319],[-99.19575,39.27766],[-99.17705,39.27785],[-99.17727,39.24895],[-99.23339,39.24882]]],[[[-99.79143,39.26306],[-99.81025,39.26305],[-99.81016,39.27772],[-99.79144,39.27765],[-99.79143,39.26306]]],[[[-99.88465,39.2482],[-99.92202,39.24807],[-99.92186,39.26253],[-99.90328,39.26261],[-99.90321,39.27713],[-99.88446,39.27721],[-99.88465,39.2482]]],[[[-99.95879,39.27693],[-99.95887,39.26245],[-99.97753,39.2624],[-99.97745,39.27689],[-99.95879,39.27693]]],[[[-99.84732,39.26275],[-99.84737,39.29183],[-99.82867,39.29214],[-99.82875,39.26294],[-99.84732,39.26275]]],[[[-100.01454,39.29147],[-99.9959,39.29146],[-99.996,39.27687],[-100.03328,39.27696],[-100.03321,39.29142],[-100.01454,39.29147]]],[[[-99.95879,39.27693],[-99.9588,39.29141],[-99.97741,39.29137],[-99.97723,39.30577],[-99.94005,39.3058],[-99.94019,39.27688],[-99.95879,39.27693]]],[[[-100.44193,39.30686],[-100.44198,39.29259],[-100.46058,39.2924],[-100.46052,39.30687],[-100.44193,39.30686]]],[[[-100.47913,39.29965],[-100.47919,39.29245],[-100.49765,39.29246],[-100.4977,39.30685],[-100.4792,39.30688],[-100.47913,39.29965]]],[[[-99.97723,39.30577],[-100.01444,39.30584],[-100.01419,39.32034],[-99.97699,39.32018],[-99.97723,39.30577]]],[[[-100.10691,39.32051],[-100.03271,39.32035],[-100.03302,39.30579],[-100.10723,39.30607],[-100.10691,39.32051]]],[[[-100.16262,39.32061],[-100.1629,39.30605],[-100.18149,39.30609],[-100.18141,39.32062],[-100.16262,39.32061]]],[[[-100.10691,39.32051],[-100.16262,39.32061],[-100.16232,39.33504],[-100.10665,39.33487],[-100.10691,39.32051]]],[[[-100.31181,39.3352],[-100.31187,39.32066],[-100.33041,39.32084],[-100.33052,39.30635],[-100.36785,39.3066],[-100.36808,39.29212],[-100.3863,39.2923],[-100.38631,39.30666],[-100.44193,39.30686],[-100.44191,39.32127],[-100.34918,39.3209],[-100.34909,39.33538],[-100.31181,39.3352]]],[[[-100.31181,39.3352],[-100.31164,39.34969],[-100.29315,39.34954],[-100.29322,39.33501],[-100.31181,39.3352]]],[[[-100.16232,39.33504],[-100.21859,39.33492],[-100.21848,39.34938],[-100.19996,39.34963],[-100.19987,39.36408],[-100.16244,39.36393],[-100.16232,39.33504]]],[[[-100.23711,39.34959],[-100.23696,39.33502],[-100.25575,39.33503],[-100.2558,39.36405],[-100.2371,39.36398],[-100.23711,39.34959]]],[[[-100.33051,39.35742],[-100.3305,39.34991],[-100.34916,39.35024],[-100.34917,39.36442],[-100.33047,39.36432],[-100.33051,39.35742]]],[[[-100.38638,39.35746],[-100.38639,39.35007],[-100.42346,39.35081],[-100.42325,39.36514],[-100.38626,39.36476],[-100.38638,39.35746]]],[[[-100.06936,39.3929],[-100.06933,39.3783],[-100.08759,39.3783],[-100.08793,39.39286],[-100.06936,39.3929]]],[[[-100.12529,39.37841],[-100.14394,39.37864],[-100.14413,39.39288],[-100.12553,39.39289],[-100.12529,39.37841]]],[[[-99.88252,39.39338],[-99.90118,39.39324],[-99.90116,39.40779],[-99.88247,39.40796],[-99.88252,39.39338]]],[[[-99.9756,39.4147],[-99.97565,39.40749],[-99.99429,39.40747],[-99.99436,39.39299],[-100.01287,39.39294],[-100.01267,39.42186],[-99.97556,39.422],[-99.9756,39.4147]]],[[[-100.03164,39.39291],[-100.03173,39.37848],[-100.05081,39.37836],[-100.05074,39.42184],[-100.03147,39.42173],[-100.03164,39.39291]]],[[[-99.7894,39.42999],[-99.78951,39.4227],[-99.80814,39.4228],[-99.80802,39.43737],[-99.78926,39.43729],[-99.7894,39.42999]]],[[[-99.91986,39.43674],[-99.91987,39.42224],[-99.93835,39.42199],[-99.93825,39.43659],[-99.91986,39.43674]]],[[[-99.86382,39.43721],[-99.86392,39.42268],[-99.90113,39.4224],[-99.90117,39.43687],[-99.86382,39.43721]]],[[[-99.75209,39.43737],[-99.73218,39.43762],[-99.73253,39.42278],[-99.7707,39.42272],[-99.77012,39.45205],[-99.75123,39.4522],[-99.75209,39.43737]]],[[[-99.86382,39.43721],[-99.86373,39.45168],[-99.82638,39.45201],[-99.8264,39.43747],[-99.86382,39.43721]]],[[[-99.95686,39.44374],[-99.95681,39.43649],[-99.97549,39.43649],[-99.97551,39.45098],[-99.95688,39.45101],[-99.95686,39.44374]]],[[[-99.60169,39.48103],[-99.58419,39.48105],[-99.58428,39.46657],[-99.60184,39.46659],[-99.60169,39.48103]]],[[[-99.62032,39.4811],[-99.6204,39.46704],[-99.63916,39.46689],[-99.63901,39.48102],[-99.62032,39.4811]]],[[[-99.75068,39.48103],[-99.73195,39.48103],[-99.73204,39.46659],[-99.78867,39.46643],[-99.78829,39.48108],[-99.75068,39.48103]]],[[[-99.50944,39.48805],[-99.50946,39.48099],[-99.52821,39.48103],[-99.52811,39.49561],[-99.50935,39.49546],[-99.50944,39.48805]]],[[[-99.60169,39.48103],[-99.62032,39.4811],[-99.62046,39.49552],[-99.60175,39.49557],[-99.60169,39.48103]]],[[[-99.67643,39.49546],[-99.65786,39.49546],[-99.65776,39.48099],[-99.67645,39.48094],[-99.67643,39.49546]]],[[[-99.67643,39.49546],[-99.71298,39.49546],[-99.71319,39.50999],[-99.67651,39.50987],[-99.67643,39.49546]]],[[[-99.94698,39.52373],[-99.88215,39.52411],[-99.88228,39.50961],[-99.95649,39.50924],[-99.95649,39.52374],[-99.94698,39.52373]]],[[[-99.44373,39.52456],[-99.45311,39.52446],[-99.45299,39.53897],[-99.43412,39.53901],[-99.43441,39.52467],[-99.44373,39.52456]]],[[[-99.49051,39.52435],[-99.49036,39.53881],[-99.47165,39.53897],[-99.47173,39.52446],[-99.49051,39.52435]]],[[[-99.49051,39.52435],[-99.49053,39.50987],[-99.54674,39.51014],[-99.5467,39.52464],[-99.52798,39.52464],[-99.52788,39.53914],[-99.50906,39.53894],[-99.50913,39.52454],[-99.49051,39.52435]]],[[[-100.3486,39.53117],[-100.34871,39.52396],[-100.36751,39.52386],[-100.36726,39.53844],[-100.34845,39.53837],[-100.3486,39.53117]]],[[[-99.56546,39.5535],[-99.56541,39.53903],[-99.60218,39.53886],[-99.60229,39.55324],[-99.56546,39.5535]]],[[[-99.63944,39.55328],[-99.62098,39.55334],[-99.62089,39.53891],[-99.63939,39.53885],[-99.63944,39.55328]]],[[[-100.9062,39.5323],[-100.90632,39.52497],[-100.94245,39.52484],[-100.94236,39.53924],[-100.90612,39.53949],[-100.9062,39.5323]]],[[[-99.63944,39.55328],[-99.65811,39.55328],[-99.65833,39.56739],[-99.63975,39.56742],[-99.63944,39.55328]]],[[[-99.67701,39.5604],[-99.67686,39.55327],[-99.6957,39.55328],[-99.69589,39.56739],[-99.67712,39.56739],[-99.67701,39.5604]]],[[[-99.78885,39.56709],[-99.77035,39.56718],[-99.76992,39.55372],[-99.75129,39.55365],[-99.7516,39.56731],[-99.71407,39.56737],[-99.71376,39.55335],[-99.73249,39.5535],[-99.73216,39.53901],[-99.78798,39.53919],[-99.78843,39.55358],[-99.80702,39.55361],[-99.8064,39.53912],[-99.82596,39.53904],[-99.82609,39.52466],[-99.84476,39.52445],[-99.84463,39.55345],[-99.8259,39.55358],[-99.82584,39.56703],[-99.78885,39.56709]]],[[[-99.92874,39.55281],[-99.93758,39.55273],[-99.93773,39.56695],[-99.90089,39.56686],[-99.90076,39.55306],[-99.92874,39.55281]]],[[[-100.3207,39.56761],[-100.31093,39.5676],[-100.311,39.55271],[-100.32967,39.55275],[-100.32939,39.56764],[-100.3207,39.56761]]],[[[-99.59044,39.58188],[-99.59042,39.56734],[-99.60905,39.56736],[-99.60923,39.58193],[-99.59044,39.58188]]],[[[-100.88692,39.56808],[-100.88714,39.55392],[-100.90591,39.55392],[-100.90564,39.56808],[-100.88692,39.56808]]],[[[-99.85265,39.58151],[-99.85267,39.56695],[-99.87145,39.56689],[-99.87133,39.58143],[-99.85265,39.58151]]],[[[-99.98357,39.5814],[-99.9463,39.58142],[-99.94629,39.567],[-99.98361,39.56696],[-99.98357,39.5814]]],[[[-100.19906,39.5743],[-100.19912,39.56715],[-100.23656,39.56724],[-100.23639,39.58162],[-100.19897,39.58146],[-100.19906,39.5743]]],[[[-99.6797,39.58168],[-99.68402,39.5816],[-99.68416,39.59596],[-99.6655,39.59626],[-99.66553,39.58191],[-99.6797,39.58168]]],[[[-99.75932,39.58982],[-99.75922,39.58161],[-99.79655,39.58163],[-99.79641,39.59612],[-99.75937,39.5961],[-99.75932,39.58982]]],[[[-99.98357,39.5814],[-100.02105,39.58146],[-100.0211,39.59594],[-99.98355,39.59598],[-99.98357,39.5814]]],[[[-101.45125,39.58306],[-101.45133,39.56844],[-101.47008,39.56838],[-101.47001,39.58275],[-101.45125,39.58306]]],[[[-100.85257,39.58262],[-100.8527,39.56816],[-100.87113,39.56816],[-100.87121,39.59713],[-100.85246,39.59708],[-100.85257,39.58262]]],[[[-99.57899,39.61085],[-99.53412,39.61107],[-99.53413,39.59651],[-99.55278,39.59649],[-99.55279,39.58196],[-99.57148,39.58187],[-99.57162,39.59634],[-99.59034,39.59633],[-99.59044,39.61088],[-99.57899,39.61085]]],[[[-100.05861,39.6105],[-100.05874,39.58156],[-100.17123,39.58163],[-100.1712,39.59605],[-100.11583,39.59567],[-100.11542,39.60999],[-100.05861,39.6105]]],[[[-101.45125,39.58306],[-101.45095,39.59755],[-101.43211,39.59745],[-101.43247,39.58274],[-101.45125,39.58306]]],[[[-100.05861,39.6105],[-100.05842,39.62488],[-100.03945,39.62487],[-100.03953,39.61041],[-100.05861,39.6105]]],[[[-101.39415,39.61194],[-101.3752,39.6121],[-101.37565,39.59763],[-101.39454,39.59746],[-101.39415,39.61194]]],[[[-100.00212,39.6467],[-100.00209,39.63948],[-100.02102,39.63939],[-100.02104,39.65383],[-100.00214,39.65371],[-100.00212,39.6467]]],[[[-100.03968,39.6468],[-100.0394,39.63944],[-100.05851,39.63954],[-100.05851,39.6539],[-100.03971,39.65409],[-100.03968,39.6468]]],[[[-100.49807,39.64712],[-100.4982,39.63988],[-100.51646,39.63981],[-100.51652,39.62529],[-100.53545,39.62531],[-100.53502,39.65427],[-100.4981,39.65422],[-100.49807,39.64712]]],[[[-100.42339,39.66181],[-100.42333,39.63986],[-100.47939,39.63985],[-100.47942,39.65427],[-100.44198,39.65422],[-100.44209,39.66875],[-100.4234,39.66886],[-100.42339,39.66181]]],[[[-101.29952,39.65529],[-101.30024,39.62648],[-101.31901,39.62648],[-101.3193,39.61201],[-101.33803,39.61205],[-101.33736,39.64102],[-101.31863,39.641],[-101.31831,39.65532],[-101.29952,39.65529]]],[[[-100.74096,39.6693],[-100.74091,39.65511],[-100.75957,39.65523],[-100.7596,39.66941],[-100.74096,39.6693]]],[[[-100.88945,39.66934],[-100.88934,39.64043],[-100.94521,39.64039],[-100.94516,39.65495],[-100.90798,39.65493],[-100.90805,39.66929],[-100.88945,39.66934]]],[[[-99.85258,39.67571],[-99.85262,39.66837],[-99.87132,39.66836],[-99.87152,39.68293],[-99.85256,39.68279],[-99.85258,39.67571]]],[[[-100.32948,39.67617],[-100.32974,39.65441],[-100.34837,39.65434],[-100.34836,39.66862],[-100.38591,39.6689],[-100.38604,39.65443],[-100.40463,39.65442],[-100.40437,39.68331],[-100.32944,39.68286],[-100.32948,39.67617]]],[[[-102.03132,39.65494],[-102.03141,39.64047],[-102.05009,39.64047],[-102.05002,39.65489],[-102.03132,39.65494]]],[[[-100.72233,39.68382],[-100.72249,39.66937],[-100.74096,39.6693],[-100.74089,39.68369],[-100.72233,39.68382]]],[[[-99.90911,39.68252],[-99.90871,39.6537],[-99.94629,39.65392],[-99.94604,39.63935],[-99.98364,39.63938],[-99.98358,39.654],[-99.96495,39.65394],[-99.96494,39.68282],[-99.94627,39.6829],[-99.94631,39.66839],[-99.92758,39.66827],[-99.92776,39.69714],[-99.90912,39.69705],[-99.90911,39.68252]]],[[[-100.27355,39.69761],[-100.27346,39.68305],[-100.29197,39.6832],[-100.29206,39.66879],[-100.31074,39.66865],[-100.31072,39.69759],[-100.27355,39.69761]]],[[[-102.0125,39.66943],[-101.99396,39.66956],[-101.994,39.65497],[-102.01267,39.65487],[-102.0125,39.66943]]],[[[-100.70367,39.69835],[-100.70377,39.68401],[-100.72233,39.68382],[-100.72234,39.69825],[-100.70367,39.69835]]],[[[-99.85241,39.71173],[-99.81505,39.71166],[-99.81507,39.69714],[-99.85249,39.69734],[-99.85241,39.71173]]],[[[-100.25494,39.71207],[-100.25496,39.69759],[-100.27355,39.69761],[-100.2737,39.71213],[-100.25494,39.71207]]],[[[-101.93755,39.68406],[-101.93768,39.66973],[-101.97519,39.66952],[-101.97512,39.68399],[-101.93755,39.68406]]],[[[-102.0125,39.66943],[-102.03127,39.66939],[-102.03129,39.68385],[-102.01265,39.68389],[-102.0125,39.66943]]],[[[-100.70367,39.69835],[-100.70368,39.7129],[-100.68486,39.71287],[-100.68469,39.69849],[-100.70367,39.69835]]],[[[-100.81553,39.70503],[-100.81556,39.69794],[-100.85212,39.69799],[-100.85212,39.66926],[-100.87084,39.66941],[-100.87078,39.6979],[-100.92672,39.69823],[-100.92681,39.71263],[-100.8155,39.71229],[-100.81553,39.70503]]],[[[-99.70292,39.72654],[-99.70303,39.71205],[-99.72185,39.71176],[-99.7217,39.72627],[-99.70292,39.72654]]],[[[-99.77759,39.72614],[-99.77758,39.71171],[-99.79631,39.71174],[-99.79637,39.72612],[-99.77759,39.72614]]],[[[-100.19879,39.72627],[-100.19877,39.71185],[-100.25494,39.71207],[-100.25498,39.72653],[-100.19879,39.72627]]],[[[-101.16868,39.71303],[-101.16871,39.69851],[-101.18705,39.69861],[-101.18729,39.68417],[-101.20578,39.68416],[-101.20621,39.66981],[-101.22484,39.66979],[-101.2254,39.65527],[-101.24406,39.65526],[-101.2435,39.68415],[-101.22467,39.68427],[-101.22451,39.69858],[-101.20543,39.69857],[-101.2054,39.71317],[-101.16868,39.71303]]],[[[-100.74094,39.72717],[-100.74089,39.7127],[-100.77824,39.7124],[-100.77823,39.72694],[-100.74094,39.72717]]],[[[-99.77759,39.72614],[-99.77766,39.74075],[-99.74006,39.74091],[-99.74015,39.72643],[-99.77759,39.72614]]],[[[-99.85241,39.71173],[-99.87132,39.71177],[-99.87115,39.74068],[-99.85241,39.74065],[-99.85241,39.71173]]],[[[-101.89986,39.71317],[-101.89998,39.6987],[-101.91868,39.69871],[-101.9185,39.71309],[-101.89986,39.71317]]],[[[-101.93738,39.70577],[-101.93733,39.69866],[-101.95621,39.69861],[-101.95612,39.71296],[-101.93729,39.71302],[-101.93738,39.70577]]],[[[-100.62794,39.74179],[-100.62809,39.72723],[-100.64667,39.72742],[-100.64675,39.74173],[-100.62794,39.74179]]],[[[-100.70347,39.74167],[-100.70363,39.72747],[-100.74094,39.72717],[-100.7409,39.74163],[-100.70347,39.74167]]],[[[-100.15237,39.75515],[-100.15241,39.74073],[-100.18025,39.74064],[-100.1802,39.72618],[-100.19879,39.72627],[-100.19884,39.75518],[-100.15237,39.75515]]],[[[-101.14944,39.74172],[-101.15005,39.71308],[-101.16868,39.71303],[-101.16813,39.74182],[-101.14944,39.74172]]],[[[-101.86245,39.728],[-101.86253,39.7135],[-101.88122,39.71317],[-101.88113,39.72769],[-101.86245,39.728]]],[[[-100.62794,39.74179],[-100.62789,39.75632],[-100.59075,39.75603],[-100.5909,39.74155],[-100.62794,39.74179]]],[[[-99.70292,39.72654],[-99.70273,39.77005],[-99.68378,39.77023],[-99.68408,39.72661],[-99.70292,39.72654]]],[[[-100.03957,39.76449],[-100.03961,39.75526],[-100.05868,39.75522],[-100.05844,39.76962],[-100.03953,39.76959],[-100.03957,39.76449]]],[[[-100.0962,39.76959],[-100.07731,39.76967],[-100.0773,39.75533],[-100.09622,39.75521],[-100.0962,39.76959]]],[[[-100.11466,39.76964],[-100.11502,39.75516],[-100.15237,39.75515],[-100.15242,39.76945],[-100.11466,39.76964]]],[[[-101.13044,39.7561],[-101.13069,39.74156],[-101.14944,39.74172],[-101.14929,39.75618],[-101.13044,39.7561]]],[[[-101.82481,39.74235],[-101.82494,39.72779],[-101.84369,39.7279],[-101.8435,39.7424],[-101.82481,39.74235]]],[[[-100.66526,39.77069],[-100.66538,39.75626],[-100.68447,39.75623],[-100.6846,39.74167],[-100.70347,39.74167],[-100.70355,39.77036],[-100.66526,39.77069]]],[[[-99.60917,39.78479],[-99.57129,39.78487],[-99.57124,39.77042],[-99.60933,39.77028],[-99.60917,39.78479]]],[[[-99.98349,39.78387],[-99.96473,39.78403],[-99.96458,39.76956],[-100.00216,39.76958],[-100.0022,39.78408],[-99.98349,39.78387]]],[[[-100.09612,39.78422],[-100.0962,39.76959],[-100.11466,39.76964],[-100.11475,39.78413],[-100.09612,39.78422]]],[[[-101.11181,39.77047],[-101.11181,39.75611],[-101.13044,39.7561],[-101.13039,39.77045],[-101.11181,39.77047]]],[[[-101.82481,39.74235],[-101.82446,39.7568],[-101.8056,39.75657],[-101.80594,39.74221],[-101.82481,39.74235]]],[[[-101.86234,39.75],[-101.86237,39.74249],[-101.8811,39.74241],[-101.88107,39.75683],[-101.86229,39.75696],[-101.86234,39.75]]],[[[-99.55257,39.79948],[-99.53392,39.79947],[-99.53378,39.78501],[-99.55271,39.78493],[-99.55257,39.79948]]],[[[-99.60917,39.78479],[-99.62747,39.78471],[-99.62735,39.79919],[-99.60905,39.79935],[-99.60917,39.78479]]],[[[-99.64619,39.78461],[-99.6463,39.77014],[-99.66479,39.77019],[-99.66485,39.79925],[-99.64613,39.79914],[-99.64619,39.78461]]],[[[-99.92689,39.79849],[-99.927,39.78394],[-99.94606,39.78393],[-99.94574,39.79843],[-99.92689,39.79849]]],[[[-100.0582,39.79837],[-100.0584,39.78416],[-100.09612,39.78422],[-100.0962,39.79869],[-100.0582,39.79837]]],[[[-101.11181,39.77047],[-101.1117,39.7848],[-101.07461,39.78483],[-101.07462,39.77042],[-101.11181,39.77047]]],[[[-101.76789,39.771],[-101.74908,39.77104],[-101.74938,39.75654],[-101.76806,39.75657],[-101.76789,39.771]]],[[[-100.55314,39.79911],[-100.55317,39.78473],[-100.57177,39.78488],[-100.57171,39.77038],[-100.59059,39.77038],[-100.59053,39.79928],[-100.55314,39.79911]]],[[[-100.66526,39.77069],[-100.66531,39.78525],[-100.64648,39.78518],[-100.64644,39.7997],[-100.60941,39.79939],[-100.60937,39.78493],[-100.62785,39.78514],[-100.62797,39.77057],[-100.66526,39.77069]]],[[[-101.76789,39.771],[-101.78669,39.77103],[-101.7864,39.78558],[-101.76768,39.78562],[-101.76789,39.771]]],[[[-101.18538,39.79954],[-101.18574,39.78504],[-101.2042,39.78516],[-101.20385,39.79956],[-101.18538,39.79954]]],[[[-100.53424,39.81352],[-100.53426,39.79904],[-100.55314,39.79911],[-100.55311,39.8136],[-100.53424,39.81352]]],[[[-99.55257,39.79948],[-99.58994,39.79929],[-99.58998,39.82838],[-99.57138,39.82842],[-99.57131,39.81395],[-99.55256,39.81402],[-99.55257,39.79948]]],[[[-99.92689,39.79849],[-99.92649,39.82766],[-99.90774,39.82767],[-99.90869,39.79836],[-99.92689,39.79849]]],[[[-99.94574,39.79843],[-100.0582,39.79837],[-100.05804,39.81291],[-100.03928,39.81309],[-100.03915,39.82768],[-100.02028,39.82765],[-100.02059,39.81303],[-99.94562,39.813],[-99.94574,39.79843]]],[[[-101.18538,39.79954],[-101.18511,39.81395],[-101.16686,39.81389],[-101.16708,39.79951],[-101.18538,39.79954]]],[[[-101.82406,39.7926],[-101.82409,39.78574],[-101.84287,39.78584],[-101.84271,39.80032],[-101.82392,39.80015],[-101.82406,39.7926]]],[[[-99.58998,39.82838],[-99.60898,39.82834],[-99.60906,39.84268],[-99.59023,39.84287],[-99.58998,39.82838]]],[[[-99.83278,39.84227],[-99.83279,39.82777],[-99.85121,39.82766],[-99.85124,39.84217],[-99.83278,39.84227]]],[[[-99.87541,39.81304],[-99.88958,39.81268],[-99.88871,39.8422],[-99.87005,39.8421],[-99.87012,39.81314],[-99.87541,39.81304]]],[[[-99.92649,39.82766],[-99.94531,39.82767],[-99.94526,39.8421],[-99.92641,39.84218],[-99.92649,39.82766]]],[[[-100.99971,39.82824],[-100.99973,39.81378],[-101.03738,39.81389],[-101.03754,39.79945],[-101.05633,39.79934],[-101.05624,39.82817],[-100.99971,39.82824]]],[[[-101.07447,39.82808],[-101.07453,39.81376],[-101.14801,39.81381],[-101.14826,39.82831],[-101.07447,39.82808]]],[[[-101.78618,39.81447],[-101.78639,39.80004],[-101.80511,39.80011],[-101.80486,39.81455],[-101.78618,39.81447]]],[[[-99.49659,39.84301],[-99.51528,39.84296],[-99.51531,39.85747],[-99.49661,39.8574],[-99.49659,39.84301]]],[[[-100.98131,39.84277],[-100.98124,39.82831],[-100.99971,39.82824],[-100.9996,39.84274],[-100.98131,39.84277]]],[[[-101.05624,39.82817],[-101.07447,39.82808],[-101.07441,39.84238],[-101.05598,39.84263],[-101.05624,39.82817]]],[[[-101.72911,39.82886],[-101.71027,39.82881],[-101.71062,39.81445],[-101.72922,39.81439],[-101.72911,39.82886]]],[[[-100.53424,39.81352],[-100.53426,39.82798],[-100.51549,39.82799],[-100.51553,39.84254],[-100.49724,39.84254],[-100.49719,39.85699],[-100.47835,39.85691],[-100.4785,39.82806],[-100.49717,39.82801],[-100.49727,39.81368],[-100.53424,39.81352]]],[[[-99.42179,39.87169],[-99.42172,39.85734],[-99.47777,39.85738],[-99.47798,39.8719],[-99.42179,39.87169]]],[[[-99.73929,39.85694],[-99.73923,39.84251],[-99.83278,39.84227],[-99.83272,39.85679],[-99.7766,39.85672],[-99.77666,39.87126],[-99.75785,39.87151],[-99.7579,39.85697],[-99.73929,39.85694]]],[[[-101.72911,39.82886],[-101.74832,39.8288],[-101.74844,39.84331],[-101.72912,39.84334],[-101.72911,39.82886]]],[[[-101.16692,39.85728],[-101.16695,39.84293],[-101.18491,39.84282],[-101.18501,39.85731],[-101.16692,39.85728]]],[[[-99.38464,39.88621],[-99.38464,39.87171],[-99.42179,39.87169],[-99.42192,39.88613],[-99.38464,39.88621]]],[[[-99.47798,39.8719],[-99.49663,39.87189],[-99.49679,39.88646],[-99.47818,39.88631],[-99.47798,39.8719]]],[[[-99.66455,39.88582],[-99.66446,39.87152],[-99.6831,39.87146],[-99.6831,39.88576],[-99.66455,39.88582]]],[[[-99.73929,39.85694],[-99.73931,39.87146],[-99.72098,39.87152],[-99.72104,39.88578],[-99.70198,39.88571],[-99.702,39.85677],[-99.73929,39.85694]]],[[[-99.73922,39.88581],[-99.73931,39.87146],[-99.75785,39.87151],[-99.75787,39.88587],[-99.73922,39.88581]]],[[[-100.98131,39.84277],[-100.98085,39.85715],[-100.96227,39.85739],[-100.96234,39.87196],[-100.92634,39.87207],[-100.92633,39.85756],[-100.94478,39.8576],[-100.9449,39.84334],[-100.98131,39.84277]]],[[[-101.74844,39.84331],[-101.76707,39.84347],[-101.76703,39.85784],[-101.74844,39.85786],[-101.74844,39.84331]]],[[[-100.44071,39.87501],[-100.44081,39.87172],[-100.45933,39.87169],[-100.45948,39.88605],[-100.44059,39.88622],[-100.44071,39.87501]]],[[[-99.32845,39.88611],[-99.34698,39.88607],[-99.34699,39.90056],[-99.32847,39.90046],[-99.32845,39.88611]]],[[[-99.38464,39.88621],[-99.38472,39.90065],[-99.36592,39.90052],[-99.36588,39.88605],[-99.38464,39.88621]]],[[[-100.85164,39.88622],[-100.85165,39.87187],[-100.88901,39.87214],[-100.88907,39.8575],[-100.90768,39.85764],[-100.90774,39.88641],[-100.85164,39.88622]]],[[[-99.66455,39.88582],[-99.66447,39.90031],[-99.64588,39.90047],[-99.646,39.886],[-99.66455,39.88582]]],[[[-99.72081,39.9002],[-99.72104,39.88578],[-99.73922,39.88581],[-99.73926,39.90022],[-99.72081,39.9002]]],[[[-101.67312,39.85201],[-101.673,39.84361],[-101.69164,39.84323],[-101.69207,39.87224],[-101.67327,39.87247],[-101.67312,39.85201]]],[[[-100.38503,39.90084],[-100.38513,39.88596],[-100.422,39.88619],[-100.42199,39.90065],[-100.38503,39.90084]]],[[[-100.72191,39.90081],[-100.72196,39.88635],[-100.74018,39.88628],[-100.73999,39.9007],[-100.72191,39.90081]]],[[[-99.29096,39.91486],[-99.2909,39.90041],[-99.30967,39.90052],[-99.30963,39.91497],[-99.29096,39.91486]]],[[[-100.81472,39.90072],[-100.81494,39.88617],[-100.85164,39.88622],[-100.85152,39.90071],[-100.81472,39.90072]]],[[[-99.57132,39.91507],[-99.57132,39.90063],[-99.59028,39.90072],[-99.59,39.91501],[-99.57132,39.91507]]],[[[-99.62676,39.91496],[-99.60872,39.91497],[-99.60863,39.90049],[-99.6271,39.90049],[-99.62676,39.91496]]],[[[-99.73926,39.90022],[-99.75788,39.90043],[-99.75775,39.91466],[-99.73902,39.91466],[-99.73926,39.90022]]],[[[-100.38503,39.90084],[-100.38499,39.91535],[-100.36626,39.91532],[-100.36616,39.90093],[-100.38503,39.90084]]],[[[-100.72191,39.90081],[-100.72179,39.91523],[-100.70286,39.91518],[-100.703,39.90076],[-100.72191,39.90081]]],[[[-100.81472,39.90072],[-100.81471,39.91519],[-100.79605,39.91519],[-100.7963,39.90074],[-100.81472,39.90072]]],[[[-99.29096,39.91486],[-99.29098,39.9294],[-99.25415,39.92929],[-99.25416,39.91488],[-99.29096,39.91486]]],[[[-99.62676,39.91496],[-99.68323,39.91476],[-99.68302,39.92925],[-99.62655,39.92947],[-99.62676,39.91496]]],[[[-99.68323,39.91476],[-99.68318,39.90026],[-99.72081,39.9002],[-99.72026,39.92913],[-99.70187,39.92919],[-99.70195,39.91477],[-99.68323,39.91476]]],[[[-101.71077,39.9015],[-101.71083,39.88691],[-101.7296,39.88691],[-101.72964,39.90131],[-101.71077,39.9015]]],[[[-100.66482,39.92967],[-100.6651,39.91515],[-100.68396,39.91511],[-100.68376,39.92971],[-100.66482,39.92967]]],[[[-99.10475,39.9447],[-99.10466,39.93022],[-99.1234,39.93005],[-99.12338,39.90114],[-99.14214,39.90099],[-99.14225,39.91555],[-99.19781,39.91524],[-99.19797,39.92972],[-99.14214,39.92999],[-99.14226,39.94445],[-99.10475,39.9447]]],[[[-99.51523,39.94423],[-99.51518,39.92974],[-99.5521,39.92953],[-99.5518,39.94407],[-99.51523,39.94423]]],[[[-99.57069,39.944],[-99.57101,39.92953],[-99.58967,39.92963],[-99.58924,39.94408],[-99.57069,39.944]]],[[[-101.65415,39.91606],[-101.65428,39.90151],[-101.67315,39.90146],[-101.67315,39.91595],[-101.65415,39.91606]]],[[[-101.7485,39.90939],[-101.7485,39.90119],[-101.76745,39.90119],[-101.76716,39.91584],[-101.74844,39.91571],[-101.7485,39.90939]]],[[[-100.34693,39.94419],[-100.34701,39.92967],[-100.36598,39.92974],[-100.36588,39.94417],[-100.34693,39.94419]]],[[[-100.6272,39.94409],[-100.62726,39.92971],[-100.66482,39.92967],[-100.66474,39.94415],[-100.6272,39.94409]]],[[[-99.5518,39.94407],[-99.57069,39.944],[-99.5704,39.95852],[-99.55155,39.95857],[-99.5518,39.94407]]],[[[-99.51523,39.94423],[-99.51542,39.95878],[-99.49711,39.95845],[-99.49699,39.94417],[-99.51523,39.94423]]],[[[-101.63557,39.93062],[-101.63536,39.91606],[-101.65415,39.91606],[-101.6544,39.93057],[-101.63557,39.93062]]],[[[-100.01989,39.93986],[-100.01991,39.92912],[-100.03876,39.92909],[-100.03812,39.95814],[-100.01981,39.95802],[-100.01989,39.93986]]],[[[-101.82372,39.9234],[-101.82372,39.91607],[-101.84251,39.91617],[-101.84246,39.93062],[-101.82361,39.93055],[-101.82372,39.9234]]],[[[-100.29044,39.95214],[-100.29054,39.94388],[-100.3093,39.94417],[-100.30922,39.95859],[-100.29038,39.95828],[-100.29044,39.95214]]],[[[-100.34693,39.94419],[-100.34686,39.95871],[-100.32792,39.95859],[-100.32783,39.94419],[-100.34693,39.94419]]],[[[-100.59041,39.95848],[-100.59042,39.94406],[-100.6272,39.94409],[-100.62717,39.9586],[-100.59041,39.95848]]],[[[-99.32868,39.96552],[-99.32866,39.95829],[-99.34727,39.9584],[-99.34743,39.97279],[-99.32872,39.97278],[-99.32868,39.96552]]],[[[-101.63557,39.93062],[-101.6356,39.94499],[-101.61633,39.94509],[-101.61614,39.9307],[-101.63557,39.93062]]],[[[-101.6544,39.93057],[-101.6733,39.93058],[-101.67345,39.94494],[-101.6546,39.94488],[-101.6544,39.93057]]],[[[-99.98188,39.97254],[-99.98205,39.94369],[-100.00092,39.94338],[-100.00066,39.97258],[-99.98188,39.97254]]],[[[-100.0754,39.96543],[-100.07541,39.95818],[-100.09428,39.95811],[-100.09423,39.97254],[-100.07538,39.97266],[-100.0754,39.96543]]],[[[-100.15074,39.97248],[-100.13173,39.9725],[-100.13272,39.91449],[-100.15142,39.91449],[-100.15074,39.97248]]],[[[-100.23494,39.96514],[-100.23505,39.9579],[-100.2727,39.9582],[-100.27244,39.97276],[-100.23484,39.97243],[-100.23494,39.96514]]],[[[-100.57149,39.97295],[-100.5715,39.95848],[-100.59041,39.95848],[-100.59046,39.97304],[-100.57149,39.97295]]],[[[-99.19785,39.98741],[-99.19802,39.94412],[-99.21673,39.94394],[-99.21659,39.97288],[-99.23537,39.97274],[-99.23527,39.98718],[-99.19785,39.98741]]],[[[-99.17905,39.98762],[-99.16094,39.98779],[-99.16099,39.97336],[-99.17915,39.97316],[-99.17905,39.98762]]],[[[-99.4222,39.97303],[-99.42211,39.95853],[-99.44081,39.95868],[-99.44106,39.98756],[-99.42217,39.98753],[-99.4222,39.97303]]],[[[-100.15074,39.97248],[-100.17829,39.9724],[-100.17814,39.98695],[-100.15066,39.98699],[-100.15074,39.97248]]],[[[-100.57149,39.97295],[-100.57132,39.9876],[-100.55253,39.9872],[-100.55239,39.97275],[-100.57149,39.97295]]],[[[-101.50465,39.96666],[-101.50446,39.95943],[-101.52285,39.95957],[-101.52311,39.97393],[-101.5048,39.9738],[-101.50465,39.96666]]],[[[-99.16094,39.98779],[-99.16091,40.00208],[-99.14201,40.00207],[-99.14196,39.98783],[-99.16094,39.98779]]],[[[-99.17905,39.98762],[-99.19785,39.98741],[-99.1976,40.002],[-99.17903,40.0021],[-99.17905,39.98762]]],[[[-99.11404,39.97361],[-99.12325,39.97344],[-99.12331,40.00218],[-99.10442,40.00218],[-99.10468,39.97365],[-99.11404,39.97361]]],[[[-99.01063,40.00002],[-99.01067,39.98809],[-99.02956,39.98816],[-99.02949,40.00226],[-99.01065,40.0022],[-99.01063,40.00002]]],[[[-99.29092,39.98726],[-99.27268,39.98725],[-99.27273,40.00206],[-99.25384,40.00211],[-99.25414,39.97281],[-99.29083,39.97278],[-99.29092,39.98726]]],[[[-99.29092,39.98726],[-99.34747,39.98731],[-99.34751,40.0021],[-99.29074,40.00208],[-99.29092,39.98726]]],[[[-99.36619,39.98737],[-99.38505,39.98739],[-99.38517,40.0021],[-99.36631,40.00213],[-99.36619,39.98737]]],[[[-101.57936,39.96667],[-101.57911,39.95942],[-101.59766,39.95947],[-101.59804,39.974],[-101.57932,39.97393],[-101.57936,39.96667]]],[[[-99.51533,39.97321],[-99.53419,39.97311],[-99.53425,40.00204],[-99.51533,40.00209],[-99.51533,39.97321]]],[[[-99.8886,39.98889],[-99.88869,39.98688],[-99.90689,39.98698],[-99.90663,40.00159],[-99.88905,40.00159],[-99.88813,40.00002],[-99.8886,39.98889]]],[[[-99.98188,39.97254],[-99.98134,40.00165],[-99.92554,40.00159],[-99.92544,39.98705],[-99.96312,39.98722],[-99.96324,39.97258],[-99.98188,39.97254]]],[[[-101.52354,40.00001],[-101.52327,39.98844],[-101.54198,39.9884],[-101.54229,40.00265],[-101.52356,40.00268],[-101.52354,40.00001]]],[[[-101.56102,40],[-101.56082,39.98834],[-101.57963,39.98828],[-101.57982,40.00279],[-101.56103,40.00272],[-101.56102,40]]]]},"properties":{"OBJECTID":6,"dtw_2022_2024_MANUAL_RANGE":"25.000001 - 50.000000","name":"Depth to water: 25 to 50","classLabel":"25 to 50","color":"#fde86a","hasValue":true,"period":"2022\u20132024"}},{"type":"Feature","id":7,"geometry":{"type":"MultiPolygon","coordinates":[[[[-101.80867,37.00003],[-101.80868,36.9941],[-101.88089,36.99391],[-101.88086,36.99606],[-101.97114,36.9959],[-101.97129,36.99331],[-101.98945,36.99322],[-101.98961,37.01044],[-101.80879,37.01063],[-101.80867,37.00003]]],[[[-101.50111,37.03925],[-101.48321,37.03928],[-101.48323,37.02469],[-101.50105,37.02474],[-101.50111,37.03925]]],[[[-100.58001,37.11183],[-100.57976,37.09726],[-100.59788,37.0973],[-100.59844,37.1264],[-100.5803,37.1264],[-100.58001,37.11183]]],[[[-100.85903,37.11229],[-100.85004,37.11232],[-100.85024,37.12673],[-100.83249,37.12661],[-100.83248,37.11232],[-100.81417,37.11214],[-100.81436,37.09755],[-100.88627,37.0979],[-100.88624,37.1123],[-100.90425,37.11239],[-100.90444,37.12672],[-100.8683,37.12676],[-100.86818,37.11225],[-100.85903,37.11229]]],[[[-100.9409,37.17014],[-100.94091,37.15571],[-100.95872,37.15571],[-100.95876,37.17014],[-100.9409,37.17014]]],[[[-100.41688,37.34358],[-100.41691,37.32911],[-100.43513,37.32907],[-100.43508,37.34361],[-100.41688,37.34358]]],[[[-101.08616,37.34394],[-101.08601,37.32927],[-101.10427,37.32929],[-101.10427,37.34395],[-101.08616,37.34394]]],[[[-100.74275,37.35849],[-100.74293,37.34411],[-100.76142,37.34412],[-100.76113,37.35854],[-100.77939,37.35868],[-100.77906,37.37319],[-100.74257,37.3731],[-100.74275,37.35849]]],[[[-101.08616,37.34394],[-101.08629,37.35852],[-101.06811,37.35854],[-101.0682,37.37328],[-101.05043,37.37286],[-101.05027,37.34386],[-101.08616,37.34394]]],[[[-101.14052,37.35856],[-101.14049,37.37294],[-101.1223,37.37284],[-101.1224,37.3586],[-101.14052,37.35856]]],[[[-100.99575,37.34393],[-101.01403,37.34387],[-101.01427,37.38783],[-100.99563,37.38788],[-100.99575,37.34393]]],[[[-101.0682,37.37328],[-101.08635,37.37317],[-101.08647,37.38786],[-101.06815,37.38776],[-101.0682,37.37328]]],[[[-101.14052,37.35856],[-101.14046,37.34391],[-101.15869,37.34403],[-101.15882,37.32937],[-101.17649,37.32946],[-101.1765,37.3148],[-101.14048,37.31477],[-101.14059,37.30021],[-101.08603,37.30043],[-101.08601,37.32927],[-101.05023,37.32938],[-101.05021,37.30043],[-101.06796,37.3004],[-101.06791,37.28597],[-100.97726,37.28605],[-100.97712,37.22809],[-100.95908,37.22817],[-100.95889,37.2137],[-101.04981,37.21365],[-101.04995,37.22801],[-101.08578,37.22828],[-101.0858,37.24262],[-101.10377,37.24263],[-101.10389,37.25702],[-101.12201,37.25704],[-101.12203,37.22827],[-101.14003,37.22816],[-101.13999,37.21365],[-101.15817,37.21358],[-101.15822,37.19913],[-101.14,37.19896],[-101.13998,37.18465],[-101.06765,37.18457],[-101.06774,37.19913],[-101.04967,37.19913],[-101.04951,37.17024],[-101.01327,37.17032],[-101.01335,37.18472],[-100.99515,37.18473],[-100.99464,37.12676],[-101.0129,37.12672],[-101.01255,37.06857],[-101.04876,37.06853],[-101.04875,37.05401],[-101.06695,37.05402],[-101.06694,37.0395],[-101.1935,37.0397],[-101.19367,37.05416],[-101.21168,37.05417],[-101.21185,37.06866],[-101.35674,37.06846],[-101.35646,36.99631],[-101.42882,36.99599],[-101.42873,37.01024],[-101.46502,37.01028],[-101.4651,37.02486],[-101.46505,37.05373],[-101.44702,37.0538],[-101.44705,37.06829],[-101.42896,37.0684],[-101.42911,37.11197],[-101.46532,37.11178],[-101.46529,37.09727],[-101.50126,37.09742],[-101.50111,37.03925],[-101.51924,37.0393],[-101.51923,37.02476],[-101.53739,37.02492],[-101.53736,37.01033],[-101.55536,37.01035],[-101.55542,36.99603],[-101.57361,36.99596],[-101.57364,36.99526],[-101.6278,36.99503],[-101.62782,36.99617],[-101.66408,36.99619],[-101.66397,37.0108],[-101.64577,37.01099],[-101.64581,37.02541],[-101.62775,37.02541],[-101.6278,37.03997],[-101.57364,37.03955],[-101.57372,37.05418],[-101.55559,37.05397],[-101.55559,37.06852],[-101.53762,37.06844],[-101.53738,37.08299],[-101.51956,37.08291],[-101.51953,37.11195],[-101.50135,37.11189],[-101.50139,37.1265],[-101.4836,37.12643],[-101.48355,37.14101],[-101.46546,37.14106],[-101.46548,37.15554],[-101.4111,37.15547],[-101.41115,37.17],[-101.39301,37.17009],[-101.39305,37.1556],[-101.33889,37.15539],[-101.33899,37.16989],[-101.28446,37.16995],[-101.28458,37.18443],[-101.26676,37.18454],[-101.26681,37.19882],[-101.24851,37.19898],[-101.24829,37.21356],[-101.26694,37.21353],[-101.26685,37.27163],[-101.24887,37.27154],[-101.24888,37.28608],[-101.23073,37.28601],[-101.23082,37.30048],[-101.21256,37.30044],[-101.21252,37.27147],[-101.19444,37.27144],[-101.19457,37.30039],[-101.21256,37.30044],[-101.21256,37.31497],[-101.1944,37.31489],[-101.19476,37.38785],[-101.17669,37.38787],[-101.1765,37.35878],[-101.14052,37.35856]]],[[[-101.15849,37.28582],[-101.15838,37.2714],[-101.14023,37.27141],[-101.14033,37.28579],[-101.15849,37.28582]]],[[[-101.06777,37.27144],[-101.06774,37.24256],[-101.01363,37.2427],[-101.0137,37.25722],[-101.03181,37.2571],[-101.03181,37.27154],[-101.06777,37.27144]]],[[[-101.21266,37.25696],[-101.23069,37.25699],[-101.23062,37.22803],[-101.17614,37.22807],[-101.17621,37.24253],[-101.21251,37.24257],[-101.21266,37.25696]]],[[[-101.19392,37.14831],[-101.19389,37.1266],[-101.15802,37.12664],[-101.15803,37.15566],[-101.19396,37.15566],[-101.19392,37.14831]]],[[[-101.10358,37.13375],[-101.10361,37.11204],[-101.15802,37.11214],[-101.15788,37.08306],[-101.06722,37.08297],[-101.06726,37.11195],[-101.08533,37.11194],[-101.08552,37.15559],[-101.10355,37.15555],[-101.10358,37.13375]]],[[[-101.08926,37.39499],[-101.08944,37.38785],[-101.10778,37.3879],[-101.10769,37.40238],[-101.08942,37.40237],[-101.08926,37.39499]]],[[[-101.33929,37.32979],[-101.33946,37.37338],[-101.39376,37.37363],[-101.39349,37.34443],[-101.37582,37.34445],[-101.37583,37.32994],[-101.33929,37.32979],[-101.33914,37.28631],[-101.35744,37.28612],[-101.35739,37.27178],[-101.37544,37.27183],[-101.37545,37.28636],[-101.39334,37.28643],[-101.42957,37.28631],[-101.42957,37.27177],[-101.46593,37.27178],[-101.46614,37.28622],[-101.44775,37.28622],[-101.44777,37.30101],[-101.42963,37.30092],[-101.42985,37.33005],[-101.44781,37.33002],[-101.44782,37.34455],[-101.42968,37.34449],[-101.42982,37.35917],[-101.41183,37.3591],[-101.41183,37.38837],[-101.34385,37.38814],[-101.34391,37.40254],[-101.32576,37.4026],[-101.32564,37.38816],[-101.32139,37.38815],[-101.32107,37.32979],[-101.33929,37.32979]]],[[[-101.05303,37.41687],[-101.01691,37.417],[-101.01675,37.4025],[-101.05298,37.40241],[-101.05303,37.41687]]],[[[-101.27102,37.40669],[-101.27107,37.40247],[-101.28932,37.4025],[-101.28932,37.41686],[-101.271,37.41693],[-101.27102,37.40669]]],[[[-101.36217,37.41704],[-101.362,37.40259],[-101.38017,37.40258],[-101.38012,37.41704],[-101.36217,37.41704]]],[[[-101.05303,37.41687],[-101.08953,37.41688],[-101.08954,37.43147],[-101.05311,37.43141],[-101.05303,37.41687]]],[[[-100.43403,37.44553],[-100.43424,37.38726],[-100.45308,37.38729],[-100.45319,37.37282],[-100.47125,37.37306],[-100.47118,37.38728],[-100.48888,37.38731],[-100.48875,37.40193],[-100.47055,37.40195],[-100.47055,37.43105],[-100.45228,37.43099],[-100.45209,37.44551],[-100.43403,37.44553]]],[[[-101.08954,37.43147],[-101.10772,37.43149],[-101.10755,37.44588],[-101.0895,37.44585],[-101.08954,37.43147]]],[[[-101.12553,37.46053],[-101.12563,37.4461],[-101.14381,37.44609],[-101.14378,37.46047],[-101.12553,37.46053]]],[[[-101.45296,37.46063],[-101.43478,37.46059],[-101.43478,37.44609],[-101.45299,37.4461],[-101.45296,37.46063]]],[[[-101.81654,37.49057],[-101.81663,37.47605],[-101.83469,37.47614],[-101.83446,37.49062],[-101.81654,37.49057]]],[[[-101.36217,37.41704],[-101.36213,37.4459],[-101.34399,37.44593],[-101.34391,37.46042],[-101.32587,37.46045],[-101.32586,37.47472],[-101.30771,37.47479],[-101.3078,37.48938],[-101.28928,37.48928],[-101.28936,37.50377],[-101.27103,37.50376],[-101.27104,37.48919],[-101.25273,37.48928],[-101.25281,37.47476],[-101.19861,37.47466],[-101.19847,37.46025],[-101.16188,37.46042],[-101.16211,37.44584],[-101.18008,37.44555],[-101.18017,37.43122],[-101.16204,37.43128],[-101.16219,37.41696],[-101.21653,37.4169],[-101.21642,37.43119],[-101.25297,37.43127],[-101.25276,37.44566],[-101.32585,37.44599],[-101.32572,37.4315],[-101.34387,37.43152],[-101.34392,37.41706],[-101.36217,37.41704]]],[[[-101.28936,37.50377],[-101.32621,37.5039],[-101.32634,37.51847],[-101.28964,37.51833],[-101.28936,37.50377]]],[[[-101.41699,37.51857],[-101.41679,37.48963],[-101.43508,37.4896],[-101.43489,37.47518],[-101.45311,37.47517],[-101.45317,37.5041],[-101.43503,37.5041],[-101.43509,37.51867],[-101.41699,37.51857]]],[[[-101.32634,37.51847],[-101.3446,37.51828],[-101.3449,37.53282],[-101.32657,37.5329],[-101.32634,37.51847]]],[[[-101.3446,37.51828],[-101.34426,37.48933],[-101.36252,37.48937],[-101.36239,37.47487],[-101.3803,37.47499],[-101.38086,37.51845],[-101.41699,37.51857],[-101.41703,37.533],[-101.36289,37.53277],[-101.3627,37.51826],[-101.3446,37.51828]]],[[[-101.19919,37.55462],[-101.19914,37.54733],[-101.18121,37.54728],[-101.18067,37.51832],[-101.19885,37.5183],[-101.19868,37.50372],[-101.14421,37.50381],[-101.14388,37.47485],[-101.16205,37.47477],[-101.16214,37.48933],[-101.2346,37.48917],[-101.23465,37.50357],[-101.25288,37.50375],[-101.25326,37.51834],[-101.27152,37.51826],[-101.27176,37.5328],[-101.30831,37.53293],[-101.30843,37.54745],[-101.23559,37.54735],[-101.23568,37.56192],[-101.19921,37.56193],[-101.19919,37.55462]]],[[[-100.39758,37.59139],[-100.39773,37.57681],[-100.41584,37.5768],[-100.41585,37.59142],[-100.39758,37.59139]]],[[[-100.39758,37.59139],[-100.39747,37.60601],[-100.37944,37.60603],[-100.37949,37.59144],[-100.39758,37.59139]]],[[[-100.65234,37.60566],[-100.65235,37.57668],[-100.63425,37.57674],[-100.6343,37.56214],[-100.61586,37.56215],[-100.616,37.54762],[-100.59784,37.54762],[-100.59777,37.53303],[-100.57952,37.53306],[-100.5796,37.48938],[-100.56129,37.4894],[-100.56135,37.50395],[-100.52506,37.50395],[-100.52498,37.48935],[-100.50671,37.48938],[-100.5067,37.47483],[-100.4885,37.47477],[-100.48886,37.4165],[-100.50701,37.41652],[-100.50701,37.40196],[-100.52522,37.40191],[-100.52584,37.34383],[-100.54394,37.34384],[-100.54422,37.31482],[-100.52617,37.3148],[-100.52626,37.3002],[-100.54437,37.30032],[-100.54441,37.21334],[-100.52622,37.2132],[-100.52621,37.19877],[-100.54438,37.19882],[-100.5444,37.18427],[-100.52622,37.18423],[-100.52618,37.16971],[-100.54442,37.16977],[-100.54411,37.12626],[-100.56216,37.12634],[-100.56236,37.15535],[-100.58052,37.15543],[-100.58042,37.14087],[-100.5986,37.141],[-100.59881,37.16999],[-100.63541,37.17012],[-100.63548,37.15562],[-100.67184,37.15539],[-100.67169,37.18447],[-100.70782,37.18432],[-100.70782,37.1989],[-100.76052,37.19874],[-100.76041,37.18413],[-100.77877,37.18434],[-100.77882,37.19885],[-100.79705,37.19909],[-100.79712,37.21357],[-100.81535,37.21363],[-100.81545,37.22816],[-100.83338,37.22814],[-100.83385,37.24276],[-100.85053,37.24267],[-100.85069,37.2572],[-100.86823,37.25727],[-100.86895,37.27171],[-100.90492,37.27171],[-100.90502,37.28605],[-100.92303,37.28618],[-100.9233,37.31529],[-100.94148,37.31544],[-100.94131,37.32992],[-100.99571,37.32936],[-100.99575,37.34393],[-100.97766,37.34405],[-100.97761,37.35856],[-100.8509,37.35892],[-100.85079,37.34434],[-100.83422,37.34423],[-100.8344,37.32975],[-100.76171,37.32957],[-100.76211,37.30053],[-100.74388,37.3005],[-100.74352,37.31504],[-100.72583,37.31499],[-100.72546,37.34409],[-100.70725,37.34413],[-100.70703,37.35863],[-100.72524,37.35857],[-100.72485,37.38763],[-100.68897,37.38764],[-100.689,37.4022],[-100.67078,37.40213],[-100.67082,37.41671],[-100.65269,37.41672],[-100.65265,37.43127],[-100.61609,37.43128],[-100.61603,37.44574],[-100.54328,37.44562],[-100.54315,37.46023],[-100.56139,37.46026],[-100.56137,37.47484],[-100.57961,37.47488],[-100.57946,37.4602],[-100.61599,37.4603],[-100.61595,37.47487],[-100.65273,37.47493],[-100.65263,37.50391],[-100.67079,37.50393],[-100.67086,37.53296],[-100.70715,37.5332],[-100.70706,37.54771],[-100.72538,37.54772],[-100.72535,37.57667],[-100.68888,37.57668],[-100.68896,37.59124],[-100.67069,37.59115],[-100.67068,37.60574],[-100.65234,37.60566]]],[[[-100.27015,37.62503],[-100.27012,37.62088],[-100.25181,37.62085],[-100.25194,37.60624],[-100.23368,37.6063],[-100.2336,37.62089],[-100.21533,37.6209],[-100.21553,37.59174],[-100.2885,37.59155],[-100.28849,37.60649],[-100.34292,37.6061],[-100.34301,37.59155],[-100.36125,37.59144],[-100.36102,37.62075],[-100.2887,37.62102],[-100.28854,37.63552],[-100.27009,37.63544],[-100.27015,37.62503]]],[[[-101.08976,37.72198],[-101.12646,37.7217],[-101.12637,37.73639],[-101.08967,37.73641],[-101.08976,37.72198]]],[[[-101.60032,37.75123],[-101.61859,37.75152],[-101.61853,37.76604],[-101.6001,37.76589],[-101.60032,37.75123]]],[[[-101.23515,37.77567],[-101.23511,37.76495],[-101.30923,37.76502],[-101.3094,37.75064],[-101.27188,37.75065],[-101.2715,37.74343],[-101.27191,37.73613],[-101.29013,37.73612],[-101.29047,37.57637],[-101.30868,37.57639],[-101.30894,37.69258],[-101.3638,37.69273],[-101.36389,37.73617],[-101.34561,37.73615],[-101.34559,37.7799],[-101.23522,37.77979],[-101.23515,37.77567]]],[[[-101.45311,37.47517],[-101.45296,37.46063],[-101.47113,37.46075],[-101.47111,37.44624],[-101.48944,37.44621],[-101.48952,37.41731],[-101.47095,37.41725],[-101.47105,37.43178],[-101.45296,37.43167],[-101.45298,37.40271],[-101.41666,37.40267],[-101.41665,37.38852],[-101.43012,37.38829],[-101.42982,37.37372],[-101.44806,37.3737],[-101.44787,37.35923],[-101.46607,37.35916],[-101.46596,37.34462],[-101.50198,37.34464],[-101.50201,37.35927],[-101.52014,37.35933],[-101.52033,37.3884],[-101.5439,37.38842],[-101.54402,37.40295],[-101.56231,37.40305],[-101.56232,37.38848],[-101.59289,37.38852],[-101.59289,37.37402],[-101.6288,37.37392],[-101.62866,37.35938],[-101.64694,37.35939],[-101.64715,37.3885],[-101.65323,37.3885],[-101.65325,37.40294],[-101.67149,37.40294],[-101.67152,37.41752],[-101.70792,37.41762],[-101.70799,37.43232],[-101.72619,37.43224],[-101.72614,37.44668],[-101.78068,37.44687],[-101.7802,37.47584],[-101.79846,37.47596],[-101.79831,37.4905],[-101.81654,37.49057],[-101.81655,37.50513],[-101.85277,37.50532],[-101.85271,37.49073],[-101.87099,37.49071],[-101.8709,37.50534],[-101.88919,37.50537],[-101.889,37.53444],[-101.87085,37.53451],[-101.87074,37.54911],[-101.85258,37.54893],[-101.85253,37.56349],[-101.83441,37.56329],[-101.83434,37.59244],[-101.88869,37.59284],[-101.88876,37.57821],[-101.90702,37.57828],[-101.94346,37.57846],[-101.9434,37.59297],[-101.96146,37.59309],[-101.96157,37.5785],[-101.99814,37.57867],[-101.99824,37.56414],[-102.03477,37.56427],[-102.03462,37.59336],[-102.04186,37.59328],[-102.04166,37.63696],[-102.0162,37.6369],[-102.01617,37.65131],[-102.04172,37.65137],[-102.04223,37.75284],[-101.96137,37.75299],[-101.96142,37.73851],[-101.9435,37.73841],[-101.94345,37.70927],[-101.92526,37.70905],[-101.9253,37.69471],[-101.87106,37.69469],[-101.87098,37.68033],[-101.85243,37.68014],[-101.85251,37.65101],[-101.83459,37.65096],[-101.83457,37.6363],[-101.74344,37.63536],[-101.74348,37.64991],[-101.70831,37.6499],[-101.70835,37.66444],[-101.67169,37.66434],[-101.67174,37.6788],[-101.63528,37.67878],[-101.63535,37.69341],[-101.59949,37.69319],[-101.59979,37.70768],[-101.63535,37.70782],[-101.63544,37.72241],[-101.67199,37.72246],[-101.67213,37.73695],[-101.6904,37.73693],[-101.69039,37.75151],[-101.74331,37.75153],[-101.74306,37.78081],[-101.69026,37.78062],[-101.69031,37.76608],[-101.67213,37.76617],[-101.67215,37.75147],[-101.63556,37.75156],[-101.63552,37.73684],[-101.60037,37.73676],[-101.60005,37.72215],[-101.58183,37.72207],[-101.58198,37.73652],[-101.60037,37.73676],[-101.60032,37.75123],[-101.5454,37.75088],[-101.54543,37.7363],[-101.52707,37.73634],[-101.52717,37.7508],[-101.4913,37.75088],[-101.49131,37.76542],[-101.47298,37.76535],[-101.47296,37.77989],[-101.45462,37.77996],[-101.45457,37.79453],[-101.38226,37.79448],[-101.3824,37.77996],[-101.40075,37.77984],[-101.40064,37.75078],[-101.43638,37.75081],[-101.43607,37.72188],[-101.45452,37.72188],[-101.45435,37.70727],[-101.47252,37.70737],[-101.47242,37.69284],[-101.43577,37.69265],[-101.43586,37.70721],[-101.41767,37.70717],[-101.41761,37.69261],[-101.40057,37.69264],[-101.40029,37.67815],[-101.3821,37.67818],[-101.3821,37.66369],[-101.36379,37.66366],[-101.3638,37.67819],[-101.32727,37.67811],[-101.32727,37.62008],[-101.38186,37.62019],[-101.38175,37.60561],[-101.40013,37.60571],[-101.40032,37.62021],[-101.41729,37.62019],[-101.4172,37.60567],[-101.48993,37.60566],[-101.49005,37.57669],[-101.47185,37.57665],[-101.47178,37.56203],[-101.4535,37.56211],[-101.45322,37.51862],[-101.4714,37.51864],[-101.47142,37.48973],[-101.50774,37.48978],[-101.50751,37.46112],[-101.48934,37.46072],[-101.48974,37.47529],[-101.45311,37.47517]]],[[[-101.56233,37.4827],[-101.56241,37.48984],[-101.54433,37.49006],[-101.54426,37.50423],[-101.56243,37.50417],[-101.56287,37.56239],[-101.54462,37.56231],[-101.54462,37.59144],[-101.52638,37.59134],[-101.52643,37.62037],[-101.47184,37.62004],[-101.47214,37.66377],[-101.50884,37.6638],[-101.50901,37.67831],[-101.58114,37.67856],[-101.58109,37.66404],[-101.56291,37.66396],[-101.56291,37.64946],[-101.58107,37.64957],[-101.58091,37.63502],[-101.56274,37.63502],[-101.56262,37.62054],[-101.58092,37.6205],[-101.58092,37.60598],[-101.70815,37.60618],[-101.70809,37.62072],[-101.76177,37.62107],[-101.76178,37.60652],[-101.77996,37.60656],[-101.77995,37.59198],[-101.81619,37.59229],[-101.81643,37.5197],[-101.79824,37.51971],[-101.79836,37.50506],[-101.7438,37.5048],[-101.74396,37.47573],[-101.72621,37.47571],[-101.72615,37.46119],[-101.68963,37.46107],[-101.6896,37.44657],[-101.65334,37.4465],[-101.65337,37.43203],[-101.54402,37.43196],[-101.54408,37.4754],[-101.56229,37.47541],[-101.56233,37.4827]]],[[[-101.64422,37.66426],[-101.65339,37.66426],[-101.65337,37.64974],[-101.63521,37.64971],[-101.63527,37.66428],[-101.64422,37.66426]]],[[[-101.54514,37.71444],[-101.54523,37.72175],[-101.56351,37.72188],[-101.56327,37.70742],[-101.54509,37.70727],[-101.54514,37.71444]]],[[[-102.01628,37.77487],[-102.01624,37.7675],[-102.0424,37.76733],[-102.04264,37.78201],[-102.01631,37.78228],[-102.01628,37.77487]]],[[[-101.74306,37.78081],[-101.77965,37.78087],[-101.7796,37.79533],[-101.79788,37.79551],[-101.79756,37.81019],[-101.74285,37.80965],[-101.74306,37.78081]]],[[[-101.81609,37.81867],[-101.81617,37.81037],[-101.8518,37.81042],[-101.85171,37.82695],[-101.81597,37.82702],[-101.81609,37.81867]]],[[[-101.87161,37.84133],[-101.85328,37.84135],[-101.85318,37.82694],[-101.87166,37.82693],[-101.87161,37.84133]]],[[[-101.87161,37.84133],[-101.90818,37.84143],[-101.90806,37.85598],[-101.8716,37.85581],[-101.87161,37.84133]]],[[[-101.90806,37.85598],[-101.9448,37.85591],[-101.94482,37.87048],[-101.90813,37.87031],[-101.90806,37.85598]]],[[[-101.96307,37.86319],[-101.96309,37.85595],[-101.98133,37.85583],[-101.98138,37.87047],[-101.96307,37.87038],[-101.96307,37.86319]]],[[[-100.65234,37.60566],[-100.65245,37.63473],[-100.63427,37.63477],[-100.63417,37.66391],[-100.68894,37.66378],[-100.68899,37.6784],[-100.76156,37.67829],[-100.76153,37.69284],[-100.77992,37.69288],[-100.77982,37.70759],[-100.81634,37.70757],[-100.81627,37.72208],[-100.85275,37.72216],[-100.85284,37.75131],[-100.83473,37.75129],[-100.83455,37.78056],[-100.9801,37.78037],[-100.98018,37.76588],[-101.01684,37.76586],[-101.01699,37.75145],[-101.03535,37.75141],[-101.03536,37.70735],[-101.08995,37.70728],[-101.08976,37.72198],[-101.07197,37.72213],[-101.07173,37.76593],[-101.08976,37.76589],[-101.08979,37.75134],[-101.10797,37.75126],[-101.10785,37.76579],[-101.12616,37.76548],[-101.12624,37.75104],[-101.14471,37.75083],[-101.14476,37.76562],[-101.21703,37.76488],[-101.21709,37.7799],[-101.18092,37.78014],[-101.18112,37.82851],[-101.17693,37.82854],[-101.1768,37.85761],[-101.15856,37.85764],[-101.15846,37.88668],[-101.12188,37.8869],[-101.12156,37.90145],[-101.10344,37.90148],[-101.10297,37.91605],[-101.02937,37.91653],[-101.02932,37.90203],[-100.95661,37.90214],[-100.95666,37.88769],[-100.88375,37.88792],[-100.88369,37.87331],[-100.8653,37.87329],[-100.86529,37.86821],[-100.86543,37.85873],[-100.8837,37.85869],[-100.88367,37.84411],[-100.86549,37.84409],[-100.86557,37.82959],[-100.85274,37.82953],[-100.85271,37.80961],[-100.83447,37.80962],[-100.83458,37.79506],[-100.76125,37.79481],[-100.76132,37.78028],[-100.74326,37.78038],[-100.74334,37.75114],[-100.7251,37.75111],[-100.72529,37.72191],[-100.68872,37.72189],[-100.68899,37.6929],[-100.57963,37.69309],[-100.57969,37.67864],[-100.54296,37.67894],[-100.543,37.63509],[-100.56115,37.63509],[-100.56124,37.62055],[-100.57957,37.62037],[-100.57957,37.60577],[-100.65234,37.60566]]],[[[-101.07227,37.8099],[-101.07254,37.82918],[-101.06706,37.82923],[-101.06721,37.84359],[-101.10386,37.84346],[-101.10385,37.8289],[-101.08988,37.829],[-101.08961,37.80922],[-101.07225,37.80925],[-101.07227,37.8099]]],[[[-100.99315,37.85844],[-100.9934,37.84388],[-100.97502,37.84381],[-100.97491,37.85846],[-100.99315,37.85844]]],[[[-101.92763,38.78519],[-101.92751,38.79977],[-101.83485,38.79972],[-101.83512,38.77063],[-101.89077,38.77065],[-101.89064,38.78525],[-101.92763,38.78519]]],[[[-101.92751,38.79977],[-101.94594,38.7996],[-101.94612,38.78509],[-101.92763,38.78519],[-101.92777,38.77063],[-101.9094,38.77069],[-101.90959,38.75617],[-101.89091,38.75605],[-101.89133,38.7269],[-101.87288,38.72692],[-101.87311,38.7123],[-101.92881,38.71241],[-101.92896,38.69789],[-101.96586,38.69781],[-101.96571,38.71242],[-102.00272,38.71245],[-102.00253,38.72713],[-102.04516,38.72648],[-102.04551,38.82805],[-102.03843,38.82812],[-102.0379,38.85723],[-102.00079,38.85749],[-102.00064,38.87202],[-101.94509,38.8723],[-101.94515,38.85759],[-101.92664,38.85767],[-101.9271,38.82868],[-101.94559,38.82857],[-101.94582,38.81399],[-101.92728,38.81415],[-101.92751,38.79977]]],[[[-102.00133,38.81376],[-102.00117,38.82832],[-102.01968,38.82822],[-102.02,38.79918],[-102.00155,38.79928],[-102.00133,38.81376]]],[[[-102.00064,38.87202],[-102.01917,38.87189],[-102.01887,38.88642],[-102.00028,38.88655],[-102.00064,38.87202]]],[[[-101.84412,39.64096],[-101.84416,39.6265],[-101.82545,39.62641],[-101.82555,39.612],[-101.88159,39.61197],[-101.88161,39.62642],[-101.86288,39.62643],[-101.86283,39.64094],[-101.84412,39.64096]]],[[[-100.81527,39.79211],[-100.81549,39.78493],[-100.83401,39.78495],[-100.83392,39.79942],[-100.81529,39.79929],[-100.81527,39.79211]]],[[[-101.59852,39.77861],[-101.59861,39.77136],[-101.61739,39.7713],[-101.61701,39.80033],[-101.5981,39.80033],[-101.59852,39.77861]]],[[[-101.42921,39.90172],[-101.42921,39.88715],[-101.46655,39.88723],[-101.46669,39.90173],[-101.42921,39.90172]]],[[[-101.42921,39.90172],[-101.42961,39.94495],[-101.41074,39.94495],[-101.41063,39.93053],[-101.39216,39.9305],[-101.39193,39.91605],[-101.41052,39.91612],[-101.41039,39.90169],[-101.42921,39.90172]]],[[[-100.75749,39.99092],[-100.75749,39.98752],[-100.77583,39.98744],[-100.77559,40.0022],[-100.75734,40.00226],[-100.75749,39.99092]]]]},"properties":{"OBJECTID":7,"dtw_2022_2024_MANUAL_RANGE":"250.000001 - 300.000000","name":"Depth to water: 250 to 300","classLabel":"250 to 300","color":"#ac5213","hasValue":true,"period":"2022\u20132024"}},{"type":"Feature","id":8,"geometry":{"type":"MultiPolygon","coordinates":[[[[-101.50111,37.03925],[-101.50105,37.02474],[-101.48323,37.02469],[-101.48321,37.03928],[-101.50111,37.03925],[-101.50126,37.09742],[-101.46529,37.09727],[-101.46532,37.11178],[-101.42911,37.11197],[-101.42896,37.0684],[-101.44705,37.06829],[-101.44702,37.0538],[-101.46505,37.05373],[-101.4651,37.02486],[-101.46502,37.01028],[-101.42873,37.01024],[-101.42882,36.99599],[-101.55542,36.99603],[-101.55536,37.01035],[-101.53736,37.01033],[-101.53739,37.02492],[-101.51923,37.02476],[-101.51924,37.0393],[-101.50111,37.03925]]],[[[-101.08558,37.12504],[-101.08533,37.11194],[-101.06726,37.11195],[-101.06722,37.08297],[-101.15788,37.08306],[-101.15802,37.11214],[-101.10361,37.11204],[-101.10355,37.15555],[-101.08552,37.15559],[-101.08558,37.12504]]],[[[-101.15802,37.13384],[-101.15802,37.12664],[-101.19389,37.1266],[-101.19396,37.15566],[-101.15803,37.15566],[-101.15802,37.13384]]],[[[-101.17617,37.23524],[-101.17614,37.22807],[-101.23062,37.22803],[-101.23069,37.25699],[-101.21266,37.25696],[-101.21251,37.24257],[-101.17621,37.24253],[-101.17617,37.23524]]],[[[-101.01366,37.25003],[-101.01363,37.2427],[-101.06774,37.24256],[-101.06777,37.27144],[-101.03181,37.27154],[-101.03181,37.2571],[-101.0137,37.25722],[-101.01366,37.25003]]],[[[-101.19453,37.28594],[-101.19444,37.27144],[-101.21252,37.27147],[-101.21256,37.30044],[-101.19457,37.30039],[-101.19453,37.28594]]],[[[-101.33934,37.34437],[-101.33929,37.32979],[-101.37583,37.32994],[-101.37582,37.34445],[-101.39349,37.34443],[-101.39376,37.37363],[-101.33946,37.37338],[-101.33934,37.34437]]],[[[-101.0682,37.37328],[-101.06811,37.35854],[-101.08629,37.35852],[-101.08616,37.34394],[-101.10427,37.34395],[-101.10427,37.32929],[-101.08601,37.32927],[-101.08603,37.30043],[-101.14059,37.30021],[-101.14048,37.31477],[-101.1765,37.3148],[-101.17649,37.32946],[-101.15882,37.32937],[-101.15869,37.34403],[-101.14046,37.34391],[-101.14052,37.35856],[-101.1224,37.3586],[-101.12222,37.3805],[-101.12294,37.38791],[-101.08647,37.38786],[-101.08635,37.37317],[-101.0682,37.37328]]],[[[-101.10755,37.44588],[-101.10772,37.43149],[-101.12566,37.4315],[-101.12563,37.4461],[-101.10755,37.44588]]],[[[-101.45296,37.46063],[-101.45299,37.4461],[-101.43478,37.44609],[-101.43478,37.46059],[-101.45296,37.46063],[-101.45311,37.47517],[-101.43489,37.47518],[-101.43508,37.4896],[-101.41679,37.48963],[-101.41699,37.51857],[-101.38086,37.51845],[-101.3803,37.47499],[-101.36239,37.47487],[-101.36252,37.48937],[-101.34426,37.48933],[-101.3446,37.51828],[-101.32634,37.51847],[-101.32621,37.5039],[-101.28936,37.50377],[-101.28928,37.48928],[-101.3078,37.48938],[-101.30771,37.47479],[-101.32586,37.47472],[-101.32587,37.46045],[-101.34391,37.46042],[-101.34399,37.44593],[-101.36213,37.4459],[-101.36217,37.41704],[-101.38012,37.41704],[-101.38017,37.40258],[-101.45298,37.40271],[-101.45296,37.43167],[-101.47105,37.43178],[-101.47095,37.41725],[-101.48952,37.41731],[-101.48944,37.44621],[-101.47111,37.44624],[-101.47113,37.46075],[-101.45296,37.46063]]],[[[-101.25383,37.64905],[-101.25351,37.67796],[-101.2354,37.67805],[-101.23557,37.649],[-101.25383,37.64905]]],[[[-101.47208,37.65645],[-101.47184,37.62004],[-101.52643,37.62037],[-101.52638,37.59134],[-101.54462,37.59144],[-101.54462,37.56231],[-101.56287,37.56239],[-101.56243,37.50417],[-101.54426,37.50423],[-101.54433,37.49006],[-101.56241,37.48984],[-101.56229,37.47541],[-101.54408,37.4754],[-101.54402,37.43196],[-101.65337,37.43203],[-101.65334,37.4465],[-101.6896,37.44657],[-101.68963,37.46107],[-101.72615,37.46119],[-101.72621,37.47571],[-101.74396,37.47573],[-101.7438,37.5048],[-101.79836,37.50506],[-101.79824,37.51971],[-101.81643,37.5197],[-101.81619,37.59229],[-101.77995,37.59198],[-101.77996,37.60656],[-101.76178,37.60652],[-101.76177,37.62107],[-101.70809,37.62072],[-101.70815,37.60618],[-101.58092,37.60598],[-101.58092,37.6205],[-101.56262,37.62054],[-101.56274,37.63502],[-101.58091,37.63502],[-101.58107,37.64957],[-101.56291,37.64946],[-101.56291,37.66396],[-101.58109,37.66404],[-101.58114,37.67856],[-101.50901,37.67831],[-101.50884,37.6638],[-101.47214,37.66377],[-101.47208,37.65645]]],[[[-101.70809,37.56886],[-101.70806,37.56275],[-101.76186,37.56283],[-101.76187,37.5483],[-101.72611,37.54833],[-101.726,37.5192],[-101.68975,37.51922],[-101.68975,37.50465],[-101.59891,37.50434],[-101.59911,37.54791],[-101.6173,37.54799],[-101.61736,37.56249],[-101.63502,37.56256],[-101.63504,37.57709],[-101.70812,37.57721],[-101.70809,37.56886]]],[[[-101.54514,37.71444],[-101.54509,37.70727],[-101.56327,37.70742],[-101.56351,37.72188],[-101.54523,37.72175],[-101.54514,37.71444]]],[[[-101.60037,37.73676],[-101.58198,37.73652],[-101.58183,37.72207],[-101.60005,37.72215],[-101.60037,37.73676]]],[[[-101.52717,37.7508],[-101.52707,37.73634],[-101.54543,37.7363],[-101.5454,37.75088],[-101.52717,37.7508]]],[[[-101.49131,37.76542],[-101.4913,37.75088],[-101.52717,37.7508],[-101.52724,37.76545],[-101.49131,37.76542]]],[[[-100.76164,37.63484],[-100.7618,37.60571],[-100.74391,37.60562],[-100.74408,37.6201],[-100.68893,37.62021],[-100.68892,37.63476],[-100.76164,37.63484],[-100.76151,37.66387],[-100.8347,37.66402],[-100.83463,37.67856],[-100.90731,37.67846],[-100.90721,37.69309],[-100.92555,37.69329],[-100.92585,37.70757],[-100.94375,37.70763],[-100.94371,37.6932],[-101.01697,37.69292],[-101.01701,37.67841],[-101.03527,37.67834],[-101.03542,37.66392],[-101.05371,37.66376],[-101.0537,37.67827],[-101.07197,37.67822],[-101.07201,37.66365],[-101.10875,37.66371],[-101.10846,37.6927],[-101.12676,37.6926],[-101.12667,37.70717],[-101.21699,37.70706],[-101.2171,37.69255],[-101.27161,37.69257],[-101.27205,37.64903],[-101.25383,37.64905],[-101.2537,37.63454],[-101.23538,37.63434],[-101.23552,37.60539],[-101.21739,37.60536],[-101.21743,37.5908],[-101.1992,37.59086],[-101.19925,37.57632],[-101.16341,37.5764],[-101.16342,37.59091],[-101.12677,37.59096],[-101.12627,37.53288],[-101.14447,37.53277],[-101.14443,37.52564],[-101.14436,37.51829],[-101.12621,37.51826],[-101.12553,37.46053],[-101.14378,37.46047],[-101.14421,37.50381],[-101.19868,37.50372],[-101.19885,37.5183],[-101.18067,37.51832],[-101.18121,37.54728],[-101.19914,37.54733],[-101.19921,37.56193],[-101.23568,37.56192],[-101.23559,37.54735],[-101.30843,37.54745],[-101.30868,37.57639],[-101.29047,37.57637],[-101.29013,37.73612],[-101.27191,37.73613],[-101.2715,37.74343],[-101.27188,37.75065],[-101.3094,37.75064],[-101.30923,37.76502],[-101.14476,37.76562],[-101.14471,37.75083],[-101.12624,37.75104],[-101.12616,37.76548],[-101.10785,37.76579],[-101.10797,37.75126],[-101.08979,37.75134],[-101.08976,37.76589],[-101.07173,37.76593],[-101.07197,37.72213],[-101.08976,37.72198],[-101.08967,37.73641],[-101.12637,37.73639],[-101.12646,37.7217],[-101.08976,37.72198],[-101.08995,37.70728],[-101.03536,37.70735],[-101.03535,37.75141],[-101.01699,37.75145],[-101.01684,37.76586],[-100.98018,37.76588],[-100.9801,37.78037],[-100.83455,37.78056],[-100.83473,37.75129],[-100.85284,37.75131],[-100.85275,37.72216],[-100.81627,37.72208],[-100.81634,37.70757],[-100.77982,37.70759],[-100.77992,37.69288],[-100.76153,37.69284],[-100.76156,37.67829],[-100.68899,37.6784],[-100.68894,37.66378],[-100.63417,37.66391],[-100.63427,37.63477],[-100.65245,37.63473],[-100.65234,37.60566],[-100.67068,37.60574],[-100.67069,37.59115],[-100.68896,37.59124],[-100.68888,37.57668],[-100.72535,37.57667],[-100.72538,37.54772],[-100.70706,37.54771],[-100.70715,37.5332],[-100.67086,37.53296],[-100.67079,37.50393],[-100.65263,37.50391],[-100.65273,37.47493],[-100.61595,37.47487],[-100.61599,37.4603],[-100.57946,37.4602],[-100.57961,37.47488],[-100.56137,37.47484],[-100.56139,37.46026],[-100.54315,37.46023],[-100.54328,37.44562],[-100.61603,37.44574],[-100.61609,37.43128],[-100.65265,37.43127],[-100.65269,37.41672],[-100.67082,37.41671],[-100.67078,37.40213],[-100.689,37.4022],[-100.68897,37.38764],[-100.72485,37.38763],[-100.72524,37.35857],[-100.70703,37.35863],[-100.70725,37.34413],[-100.72546,37.34409],[-100.72583,37.31499],[-100.74352,37.31504],[-100.74388,37.3005],[-100.76211,37.30053],[-100.76171,37.32957],[-100.8344,37.32975],[-100.83422,37.34423],[-100.85079,37.34434],[-100.8509,37.35892],[-100.97761,37.35856],[-100.97766,37.34405],[-100.99575,37.34393],[-100.99563,37.38788],[-101.01672,37.38783],[-101.01691,37.417],[-101.05303,37.41687],[-101.05311,37.43141],[-101.08954,37.43147],[-101.0895,37.44585],[-101.03495,37.44599],[-101.035,37.43144],[-100.99837,37.43142],[-100.99861,37.41693],[-100.9802,37.4169],[-100.98018,37.40234],[-100.96199,37.40232],[-100.96197,37.3878],[-100.90745,37.38777],[-100.90737,37.40234],[-100.87108,37.40229],[-100.87102,37.41684],[-100.8345,37.41682],[-100.83451,37.4313],[-100.79819,37.43119],[-100.79819,37.47486],[-100.77993,37.47481],[-100.77989,37.48942],[-100.77998,37.50398],[-100.79849,37.504],[-100.79847,37.54762],[-100.78011,37.54762],[-100.78006,37.63487],[-100.76164,37.63484]]],[[[-100.77906,37.37319],[-100.77939,37.35868],[-100.76113,37.35854],[-100.76142,37.34412],[-100.74293,37.34411],[-100.74257,37.3731],[-100.77906,37.37319]]],[[[-101.49131,37.76542],[-101.49138,37.78001],[-101.47296,37.77989],[-101.47298,37.76535],[-101.49131,37.76542]]],[[[-101.60037,37.73676],[-101.63552,37.73684],[-101.63556,37.75156],[-101.67215,37.75147],[-101.67213,37.76617],[-101.69031,37.76608],[-101.69026,37.78062],[-101.74306,37.78081],[-101.74293,37.79514],[-101.65362,37.79519],[-101.65368,37.7806],[-101.61844,37.78051],[-101.61859,37.75152],[-101.60032,37.75123],[-101.60037,37.73676]]],[[[-101.10386,37.84346],[-101.06721,37.84359],[-101.06706,37.82923],[-101.07254,37.82918],[-101.07225,37.80925],[-101.08961,37.80922],[-101.08988,37.829],[-101.10385,37.8289],[-101.10386,37.84346]]],[[[-100.97502,37.84392],[-100.9934,37.84388],[-100.99315,37.85844],[-100.97491,37.85846],[-100.97502,37.84392]]],[[[-101.85328,37.84135],[-101.81666,37.84145],[-101.81674,37.85594],[-101.79846,37.856],[-101.79832,37.84155],[-101.76177,37.84151],[-101.76176,37.82702],[-101.74261,37.82704],[-101.74285,37.80965],[-101.81617,37.81037],[-101.81597,37.82702],[-101.85318,37.82694],[-101.85328,37.84135]]],[[[-101.85328,37.84135],[-101.87161,37.84133],[-101.8716,37.85581],[-101.85339,37.85592],[-101.85328,37.84135]]],[[[-101.90813,37.87031],[-101.88987,37.87036],[-101.88986,37.85596],[-101.90806,37.85598],[-101.90813,37.87031]]],[[[-101.85339,37.87351],[-101.85336,37.8705],[-101.87172,37.87045],[-101.87169,37.88497],[-101.85346,37.88496],[-101.85339,37.87351]]],[[[-101.90813,37.87031],[-101.94482,37.87048],[-101.94479,37.88502],[-101.90818,37.88499],[-101.90813,37.87031]]],[[[-101.92754,38.79808],[-101.92763,38.78519],[-101.94612,38.78509],[-101.94594,38.7996],[-101.92751,38.79977],[-101.92754,38.79808]]]]},"properties":{"OBJECTID":8,"dtw_2022_2024_MANUAL_RANGE":"300.000001 - 350.000000","name":"Depth to water: 300 to 350","classLabel":"300 to 350","color":"#8b2e09","hasValue":true,"period":"2022\u20132024"}},{"type":"Feature","id":9,"geometry":{"type":"MultiPolygon","coordinates":[[[[-101.63502,37.57003],[-101.63502,37.56256],[-101.61736,37.56249],[-101.6173,37.54799],[-101.59911,37.54791],[-101.59891,37.50434],[-101.68975,37.50465],[-101.68975,37.51922],[-101.726,37.5192],[-101.72611,37.54833],[-101.76187,37.5483],[-101.76186,37.56283],[-101.70806,37.56275],[-101.70812,37.57721],[-101.63504,37.57709],[-101.63502,37.57003]]],[[[-100.76164,37.63484],[-100.68892,37.63476],[-100.68893,37.62021],[-100.74408,37.6201],[-100.74391,37.60562],[-100.7618,37.60571],[-100.76164,37.63484]]],[[[-100.76164,37.63484],[-100.78006,37.63487],[-100.78011,37.54762],[-100.79847,37.54762],[-100.79849,37.504],[-100.77998,37.50398],[-100.77989,37.48942],[-100.77993,37.47481],[-100.79819,37.47486],[-100.79819,37.43119],[-100.83451,37.4313],[-100.8345,37.41682],[-100.87102,37.41684],[-100.87108,37.40229],[-100.90737,37.40234],[-100.90745,37.38777],[-100.96197,37.3878],[-100.96199,37.40232],[-100.98018,37.40234],[-100.9802,37.4169],[-100.99861,37.41693],[-100.99837,37.43142],[-101.035,37.43144],[-101.03495,37.44599],[-101.12563,37.4461],[-101.12621,37.51826],[-101.14436,37.51829],[-101.14443,37.52564],[-101.14447,37.53277],[-101.12627,37.53288],[-101.12677,37.59096],[-101.16342,37.59091],[-101.16341,37.5764],[-101.19925,37.57632],[-101.1992,37.59086],[-101.21743,37.5908],[-101.21739,37.60536],[-101.23552,37.60539],[-101.23538,37.63434],[-101.2537,37.63454],[-101.25383,37.64905],[-101.23557,37.649],[-101.2354,37.67805],[-101.25351,37.67796],[-101.25383,37.64905],[-101.27205,37.64903],[-101.27161,37.69257],[-101.2171,37.69255],[-101.21699,37.70706],[-101.12667,37.70717],[-101.12676,37.6926],[-101.10846,37.6927],[-101.10875,37.66371],[-101.07201,37.66365],[-101.07197,37.67822],[-101.0537,37.67827],[-101.05371,37.66376],[-101.03542,37.66392],[-101.03527,37.67834],[-101.01701,37.67841],[-101.01697,37.69292],[-100.94371,37.6932],[-100.94375,37.70763],[-100.92585,37.70757],[-100.92555,37.69329],[-100.90721,37.69309],[-100.90731,37.67846],[-100.83463,37.67856],[-100.8347,37.66402],[-100.76151,37.66387],[-100.76164,37.63484]]],[[[-101.8167,37.84889],[-101.81666,37.84145],[-101.85328,37.84135],[-101.85339,37.85592],[-101.88986,37.85596],[-101.88987,37.87036],[-101.90813,37.87031],[-101.90818,37.88499],[-101.87169,37.88497],[-101.87172,37.87045],[-101.83505,37.87046],[-101.83504,37.85594],[-101.81674,37.85594],[-101.8167,37.84889]]]]},"properties":{"OBJECTID":9,"dtw_2022_2024_MANUAL_RANGE":"350.000001 - 800.000000","name":"Depth to water: Over 350","classLabel":"Over 350","color":"#6b0000","hasValue":true,"period":"2022\u20132024"}},{"type":"Feature","id":10,"geometry":{"type":"MultiPolygon","coordinates":[[[[-100.63304,37.02488],[-100.61496,37.02501],[-100.6151,37.01019],[-100.63323,37.01037],[-100.63304,37.02488]]],[[[-100.4336,37.03967],[-100.41564,37.03956],[-100.41576,37.02489],[-100.43384,37.02494],[-100.4336,37.03967]]],[[[-100.48821,37.03952],[-100.48813,37.02496],[-100.52416,37.02493],[-100.52426,37.03943],[-100.48821,37.03952]]],[[[-100.59681,37.03939],[-100.57876,37.03936],[-100.57842,37.02467],[-100.59669,37.02484],[-100.59681,37.03939]]],[[[-100.63304,37.02488],[-100.65105,37.02479],[-100.65103,37.03936],[-100.6331,37.03939],[-100.63304,37.02488]]],[[[-100.4336,37.03967],[-100.45187,37.03963],[-100.45226,37.05381],[-100.43416,37.0539],[-100.4336,37.03967]]],[[[-100.48821,37.03952],[-100.48828,37.05383],[-100.4703,37.05376],[-100.4701,37.03956],[-100.48821,37.03952]]],[[[-100.59681,37.03939],[-100.61494,37.03941],[-100.61527,37.0538],[-100.59716,37.05382],[-100.59681,37.03939]]],[[[-100.38002,37.06797],[-100.34359,37.06807],[-100.3434,37.05344],[-100.36154,37.0535],[-100.36126,37.03907],[-100.39753,37.03944],[-100.39805,37.05382],[-100.37981,37.05366],[-100.38002,37.06797]]],[[[-100.68826,37.06822],[-100.65174,37.06832],[-100.65155,37.05376],[-100.68762,37.05365],[-100.68826,37.06822]]],[[[-101.98989,37.05381],[-101.98978,37.03948],[-102.02596,37.03955],[-102.02596,37.02488],[-102.04218,37.02482],[-102.04214,37.05407],[-101.98989,37.05381]]],[[[-100.67097,37.09729],[-100.65282,37.09738],[-100.6523,37.08283],[-100.67047,37.08297],[-100.67097,37.09729]]],[[[-100.38002,37.06797],[-100.39818,37.06834],[-100.3985,37.11139],[-100.38031,37.11126],[-100.38002,37.06797]]],[[[-100.67097,37.09729],[-100.68911,37.09715],[-100.68955,37.11182],[-100.67141,37.11212],[-100.67097,37.09729]]],[[[-100.72559,37.10428],[-100.72528,37.09695],[-100.74194,37.09693],[-100.74207,37.1118],[-100.72608,37.11178],[-100.72559,37.10428]]],[[[-100.30833,37.12536],[-100.29025,37.12545],[-100.2899,37.11103],[-100.30782,37.11101],[-100.30833,37.12536]]],[[[-100.32626,37.12537],[-100.32598,37.11106],[-100.3621,37.11125],[-100.36244,37.12567],[-100.32626,37.12537]]],[[[-101.98985,37.09763],[-101.98981,37.0829],[-102.04206,37.0831],[-102.04205,37.09757],[-101.98985,37.09763]]],[[[-100.30833,37.12536],[-100.32626,37.12537],[-100.3264,37.14018],[-100.30826,37.14012],[-100.30833,37.12536]]],[[[-100.36244,37.12567],[-100.38038,37.12562],[-100.3806,37.14005],[-100.36253,37.14021],[-100.36244,37.12567]]],[[[-101.98985,37.09763],[-101.9899,37.11212],[-101.9717,37.11192],[-101.9718,37.09748],[-101.98985,37.09763]]],[[[-101.91791,37.12686],[-101.91824,37.11227],[-101.95368,37.11193],[-101.95374,37.12666],[-101.91791,37.12686]]],[[[-100.72618,37.15523],[-100.72617,37.14068],[-100.74209,37.14061],[-100.74209,37.15517],[-100.72618,37.15523]]],[[[-100.81459,37.15563],[-100.81457,37.14096],[-100.83269,37.14114],[-100.8327,37.15571],[-100.81459,37.15563]]],[[[-101.88172,37.14158],[-101.88171,37.12708],[-101.91791,37.12686],[-101.91784,37.1414],[-101.88172,37.14158]]],[[[-100.81459,37.15563],[-100.81478,37.17019],[-100.79674,37.17004],[-100.79654,37.15547],[-100.81459,37.15563]]],[[[-101.84536,37.15629],[-101.84537,37.14166],[-101.88172,37.14158],[-101.88173,37.15605],[-101.84536,37.15629]]],[[[-100.36265,37.18395],[-100.36266,37.16929],[-100.38055,37.16927],[-100.38061,37.18383],[-100.36265,37.18395]]],[[[-100.81478,37.17019],[-100.83293,37.17026],[-100.83295,37.18468],[-100.81483,37.18472],[-100.81478,37.17019]]],[[[-101.77318,37.15626],[-101.79134,37.1562],[-101.79145,37.17072],[-101.77336,37.1708],[-101.77318,37.15626]]],[[[-101.84536,37.15629],[-101.84556,37.17079],[-101.82733,37.17078],[-101.82729,37.15621],[-101.84536,37.15629]]],[[[-100.27209,37.19842],[-100.21795,37.19819],[-100.21802,37.18362],[-100.27206,37.18388],[-100.27209,37.19842]]],[[[-101.66436,37.19995],[-101.66443,37.17067],[-101.68247,37.17074],[-101.6827,37.15624],[-101.62818,37.15623],[-101.62807,37.14167],[-101.64626,37.1417],[-101.64607,37.12719],[-101.6642,37.12715],[-101.66435,37.14172],[-101.71845,37.14172],[-101.71842,37.12713],[-101.73662,37.12714],[-101.73655,37.11261],[-101.79126,37.11258],[-101.79108,37.098],[-101.82742,37.09781],[-101.82732,37.08329],[-101.86351,37.08309],[-101.86345,37.06864],[-101.93556,37.06855],[-101.93547,37.05415],[-101.98989,37.05381],[-101.98975,37.06816],[-101.95313,37.06836],[-101.95368,37.08289],[-101.89971,37.08325],[-101.89983,37.09753],[-101.84566,37.09782],[-101.84584,37.11218],[-101.8096,37.11246],[-101.80945,37.12703],[-101.79124,37.12703],[-101.7911,37.14156],[-101.77311,37.14157],[-101.77318,37.15626],[-101.71855,37.15639],[-101.71859,37.17081],[-101.73702,37.17062],[-101.73709,37.18522],[-101.70094,37.18538],[-101.70075,37.19991],[-101.66436,37.19995]]],[[[-100.19977,37.21999],[-100.19974,37.21249],[-100.21793,37.2126],[-100.2179,37.22718],[-100.19977,37.22704],[-100.19977,37.21999]]],[[[-100.27209,37.19842],[-100.29029,37.19868],[-100.29012,37.22733],[-100.23583,37.22718],[-100.23599,37.21261],[-100.27202,37.21281],[-100.27209,37.19842]]],[[[-100.34444,37.22745],[-100.34439,37.21295],[-100.36265,37.21292],[-100.36255,37.22753],[-100.34444,37.22745]]],[[[-101.90006,37.1923],[-101.90002,37.18532],[-101.93593,37.18517],[-101.93595,37.19996],[-101.9001,37.19979],[-101.90006,37.1923]]],[[[-100.83295,37.18468],[-100.85029,37.18473],[-100.85065,37.19916],[-100.86871,37.19923],[-100.86864,37.21375],[-100.88685,37.21369],[-100.88664,37.22838],[-100.85041,37.2282],[-100.85046,37.2137],[-100.83341,37.2137],[-100.83295,37.18468]]],[[[-101.64619,37.21437],[-101.64619,37.19977],[-101.66436,37.19995],[-101.66443,37.21438],[-101.64619,37.21437]]],[[[-100.34444,37.22745],[-100.34443,37.24191],[-100.32629,37.24201],[-100.32621,37.22755],[-100.34444,37.22745]]],[[[-100.88664,37.22838],[-100.923,37.22817],[-100.92297,37.24268],[-100.88673,37.24286],[-100.88664,37.22838]]],[[[-101.64619,37.21437],[-101.64665,37.2289],[-101.62815,37.22885],[-101.62806,37.21439],[-101.64619,37.21437]]],[[[-101.59288,37.24312],[-101.59293,37.2286],[-101.6101,37.2288],[-101.61045,37.24335],[-101.59288,37.24312]]],[[[-100.92297,37.24268],[-100.94122,37.24246],[-100.94121,37.25716],[-100.92293,37.25718],[-100.92297,37.24268]]],[[[-100.16399,37.27066],[-100.1638,37.22691],[-100.18197,37.22695],[-100.18191,37.2707],[-100.16399,37.27066]]],[[[-101.90019,37.21516],[-101.90019,37.21445],[-101.97241,37.21425],[-101.97252,37.22889],[-102.0088,37.22884],[-102.00892,37.24342],[-101.95437,37.24344],[-101.95433,37.22881],[-101.90028,37.22903],[-101.90019,37.21516]]],[[[-101.75546,37.24669],[-101.75542,37.24342],[-101.77346,37.24343],[-101.77347,37.22888],[-101.79177,37.22882],[-101.79193,37.27245],[-101.75548,37.27264],[-101.75546,37.24669]]],[[[-99.12897,37.31125],[-99.12894,37.2967],[-99.18343,37.29627],[-99.18326,37.31111],[-99.12897,37.31125]]],[[[-99.21915,37.32502],[-99.20118,37.3254],[-99.20088,37.31095],[-99.21931,37.31038],[-99.21915,37.32502]]],[[[-99.36409,37.33838],[-99.36423,37.32381],[-99.38257,37.32374],[-99.38223,37.33828],[-99.36409,37.33838]]],[[[-99.14717,37.33996],[-99.14712,37.32577],[-99.18312,37.32552],[-99.18351,37.33995],[-99.14717,37.33996]]],[[[-100.16399,37.27066],[-100.16432,37.31421],[-100.14626,37.3144],[-100.14632,37.32894],[-100.10979,37.32899],[-100.10991,37.34361],[-100.09173,37.3431],[-100.09177,37.29938],[-100.1099,37.29969],[-100.10982,37.31447],[-100.12805,37.31429],[-100.12788,37.29969],[-100.14599,37.29977],[-100.14583,37.2705],[-100.16399,37.27066]]],[[[-99.32745,37.34564],[-99.32754,37.3386],[-99.30973,37.33862],[-99.31008,37.2951],[-99.27385,37.29551],[-99.27367,37.31024],[-99.2374,37.31029],[-99.23752,37.29578],[-99.2017,37.296],[-99.20169,37.2814],[-99.16535,37.2817],[-99.1652,37.25258],[-99.14671,37.2528],[-99.14693,37.26743],[-99.12873,37.26754],[-99.12861,37.22372],[-99.16495,37.22359],[-99.16502,37.23814],[-99.18321,37.238],[-99.18341,37.26698],[-99.2015,37.26687],[-99.20144,37.25234],[-99.21044,37.25225],[-99.21916,37.2523],[-99.21917,37.26679],[-99.27391,37.26645],[-99.27373,37.23738],[-99.29199,37.2373],[-99.29124,37.19349],[-99.30946,37.19332],[-99.31003,37.20803],[-99.32779,37.20773],[-99.32791,37.2368],[-99.31015,37.23716],[-99.31045,37.26621],[-99.32815,37.26595],[-99.32802,37.30953],[-99.34602,37.30943],[-99.34566,37.35302],[-99.32729,37.35318],[-99.32745,37.34564]]],[[[-101.93638,37.33085],[-101.9006,37.33084],[-101.90064,37.31629],[-101.93649,37.31636],[-101.93638,37.33085]]],[[[-99.14717,37.33996],[-99.14724,37.35468],[-99.1654,37.35444],[-99.16529,37.36924],[-99.11084,37.36933],[-99.11053,37.35483],[-99.12895,37.35474],[-99.12903,37.34002],[-99.14717,37.33996]]],[[[-98.38597,37.35504],[-98.40416,37.35501],[-98.40424,37.3695],[-98.33164,37.36952],[-98.33155,37.35503],[-98.38597,37.35504]]],[[[-101.23095,37.35874],[-101.2309,37.34418],[-101.24893,37.34415],[-101.24891,37.35872],[-101.23095,37.35874]]],[[[-101.26705,37.34426],[-101.26699,37.32967],[-101.28474,37.32977],[-101.2849,37.35892],[-101.26725,37.35881],[-101.26705,37.34426]]],[[[-99.56121,37.37503],[-99.56131,37.3664],[-99.57983,37.36632],[-99.57944,37.38083],[-99.56116,37.38096],[-99.56121,37.37503]]],[[[-101.93638,37.33085],[-101.95454,37.33094],[-101.95469,37.31633],[-101.9911,37.31645],[-101.99104,37.34551],[-101.93633,37.34543],[-101.93638,37.33085]]],[[[-99.18351,37.33995],[-99.21891,37.33952],[-99.21877,37.35406],[-99.25508,37.35391],[-99.25515,37.33932],[-99.21891,37.33952],[-99.21915,37.32502],[-99.2735,37.32491],[-99.27334,37.33939],[-99.29155,37.33887],[-99.2914,37.35333],[-99.27313,37.35392],[-99.27294,37.36854],[-99.23698,37.36847],[-99.2371,37.38315],[-99.21885,37.38327],[-99.21875,37.36862],[-99.2015,37.36878],[-99.20169,37.35431],[-99.18371,37.3544],[-99.18351,37.33995]]],[[[-98.44057,37.38399],[-98.44083,37.36946],[-98.42256,37.36958],[-98.42249,37.35506],[-98.51419,37.35523],[-98.5136,37.38402],[-98.44057,37.38399]]],[[[-99.61016,37.39512],[-99.59204,37.39521],[-99.59194,37.38083],[-99.61005,37.38067],[-99.61016,37.39512]]],[[[-99.14704,37.3836],[-99.15636,37.38356],[-99.15658,37.39799],[-99.10261,37.398],[-99.10267,37.38392],[-99.14704,37.3836]]],[[[-99.79228,37.39499],[-99.79202,37.38079],[-99.81071,37.38136],[-99.81111,37.39572],[-99.79228,37.39499]]],[[[-98.73877,37.41281],[-98.73875,37.3984],[-98.77549,37.39822],[-98.77536,37.41267],[-98.73877,37.41281]]],[[[-98.71105,37.39861],[-98.72042,37.39854],[-98.72057,37.41297],[-98.70221,37.4131],[-98.70219,37.39867],[-98.71105,37.39861]]],[[[-99.68299,37.40924],[-99.73729,37.40906],[-99.73754,37.42359],[-99.68304,37.42381],[-99.68299,37.40924]]],[[[-98.56542,37.41296],[-98.57437,37.41296],[-98.5743,37.42754],[-98.5561,37.42753],[-98.55611,37.41303],[-98.56542,37.41296]]],[[[-98.51968,37.41853],[-98.51963,37.41304],[-98.53784,37.41307],[-98.53782,37.4276],[-98.51963,37.4276],[-98.51968,37.41853]]],[[[-99.26554,37.44059],[-99.24721,37.44083],[-99.24762,37.42639],[-99.26566,37.42617],[-99.26554,37.44059]]],[[[-98.40983,37.42769],[-98.40988,37.44229],[-98.33674,37.44229],[-98.33678,37.42775],[-98.40983,37.42769]]],[[[-99.61016,37.39512],[-99.62835,37.39509],[-99.62842,37.40961],[-99.63439,37.40958],[-99.64658,37.40948],[-99.64647,37.39497],[-99.68281,37.39471],[-99.68299,37.40924],[-99.66479,37.40931],[-99.66478,37.42376],[-99.62856,37.42402],[-99.62864,37.43849],[-99.6468,37.43841],[-99.64692,37.45294],[-99.59234,37.45329],[-99.59217,37.43889],[-99.55582,37.43889],[-99.55598,37.4535],[-99.52018,37.45335],[-99.52004,37.43876],[-99.50195,37.43895],[-99.50164,37.42445],[-99.51968,37.42433],[-99.51944,37.40987],[-99.53746,37.40988],[-99.53775,37.42423],[-99.55577,37.42441],[-99.55572,37.40986],[-99.59207,37.40977],[-99.59211,37.42428],[-99.6104,37.42413],[-99.61016,37.39512]]],[[[-99.77424,37.45276],[-99.77408,37.43806],[-99.81171,37.43922],[-99.81139,37.42473],[-99.79274,37.42407],[-99.79243,37.40949],[-99.82989,37.4112],[-99.83092,37.45446],[-99.77424,37.45276]]],[[[-101.99104,37.34551],[-102.02736,37.34553],[-102.02729,37.36011],[-102.00931,37.36015],[-102.00908,37.38932],[-102.01712,37.38929],[-102.0171,37.40392],[-102.04184,37.40407],[-102.04181,37.41863],[-101.99906,37.41829],[-101.99897,37.40381],[-101.9807,37.40378],[-101.98069,37.38919],[-101.95464,37.38915],[-101.95448,37.36001],[-101.99099,37.36014],[-101.99104,37.34551]]],[[[-99.45679,37.4679],[-99.42877,37.46798],[-99.42878,37.45394],[-99.50206,37.45337],[-99.50215,37.46807],[-99.45679,37.4679]]],[[[-99.32023,37.45456],[-99.32012,37.44007],[-99.302,37.4401],[-99.30186,37.42571],[-99.28365,37.42591],[-99.28366,37.39715],[-99.33787,37.39679],[-99.33765,37.42566],[-99.35584,37.42577],[-99.35593,37.41118],[-99.37419,37.411],[-99.37408,37.43972],[-99.39224,37.43949],[-99.39228,37.45406],[-99.37405,37.45418],[-99.37395,37.46862],[-99.33756,37.46892],[-99.33758,37.45467],[-99.32023,37.45456]]],[[[-99.28391,37.46907],[-99.28396,37.455],[-99.2657,37.45507],[-99.26554,37.44059],[-99.302,37.4401],[-99.30201,37.45474],[-99.32023,37.45456],[-99.31972,37.46898],[-99.28391,37.46907]]],[[[-99.96124,37.47195],[-99.96108,37.45745],[-99.94275,37.45675],[-99.94138,37.44233],[-99.92273,37.44178],[-99.92267,37.42737],[-99.84935,37.42597],[-99.84885,37.4115],[-99.86738,37.41181],[-99.86694,37.39728],[-99.88523,37.39742],[-99.88589,37.41204],[-99.94984,37.41353],[-99.95947,37.4137],[-99.95934,37.39908],[-100.03427,37.40076],[-100.03427,37.41525],[-100.01572,37.4145],[-100.01571,37.42898],[-100.03426,37.4295],[-100.03435,37.44411],[-100.01565,37.44343],[-100.01593,37.45813],[-99.99751,37.45809],[-99.99776,37.47279],[-99.96124,37.47195]]],[[[-99.68391,37.49694],[-99.68363,37.48201],[-99.70185,37.48206],[-99.70213,37.49697],[-99.68391,37.49694]]],[[[-99.66587,37.51191],[-99.66562,37.49691],[-99.68391,37.49694],[-99.68426,37.51194],[-99.66587,37.51191]]],[[[-99.23019,37.49852],[-99.2662,37.4984],[-99.26612,37.48371],[-99.24816,37.48373],[-99.2481,37.46907],[-99.28391,37.46907],[-99.28407,37.48372],[-99.31993,37.48369],[-99.31972,37.46898],[-99.33756,37.46892],[-99.3381,37.4983],[-99.32022,37.49839],[-99.32043,37.51309],[-99.30239,37.51328],[-99.3026,37.52791],[-99.24833,37.52804],[-99.24827,37.51326],[-99.23017,37.51331],[-99.23019,37.49852]]],[[[-98.42836,37.52949],[-98.41013,37.5291],[-98.41009,37.51455],[-98.42832,37.51513],[-98.42836,37.52949]]],[[[-98.00035,37.51738],[-98.00878,37.51722],[-98.00877,37.53207],[-97.99028,37.53225],[-97.99033,37.51748],[-98.00035,37.51738]]],[[[-100.10715,37.53303],[-100.10724,37.50392],[-100.08921,37.50368],[-100.0892,37.47446],[-100.10729,37.47476],[-100.10741,37.46001],[-100.1439,37.46039],[-100.14396,37.44575],[-100.1622,37.44587],[-100.16193,37.38721],[-100.16455,37.38722],[-100.16405,37.34338],[-100.18268,37.34335],[-100.18255,37.3288],[-100.2725,37.32897],[-100.2726,37.31444],[-100.2906,37.31441],[-100.29069,37.29993],[-100.30829,37.29999],[-100.30821,37.25653],[-100.32635,37.2565],[-100.32638,37.27098],[-100.34452,37.27104],[-100.3445,37.25653],[-100.38084,37.25651],[-100.38062,37.19832],[-100.39887,37.19832],[-100.39898,37.1838],[-100.41682,37.18374],[-100.41677,37.1692],[-100.39906,37.16921],[-100.39889,37.15465],[-100.41663,37.15482],[-100.41639,37.09711],[-100.43469,37.09716],[-100.43456,37.08287],[-100.45273,37.08271],[-100.453,37.16964],[-100.47099,37.16972],[-100.47087,37.18428],[-100.43489,37.18376],[-100.43497,37.21274],[-100.41685,37.21272],[-100.41688,37.22725],[-100.39879,37.22737],[-100.39901,37.25648],[-100.41703,37.25652],[-100.41702,37.27099],[-100.38094,37.27096],[-100.38105,37.28546],[-100.36271,37.28551],[-100.36278,37.29998],[-100.34466,37.29998],[-100.34468,37.31444],[-100.32652,37.31453],[-100.32649,37.358],[-100.30839,37.35808],[-100.30852,37.38723],[-100.30726,37.38722],[-100.30715,37.40187],[-100.28907,37.40193],[-100.28891,37.4165],[-100.21631,37.41656],[-100.21631,37.43128],[-100.19859,37.43137],[-100.19866,37.44596],[-100.18042,37.44586],[-100.18022,37.46056],[-100.16206,37.46052],[-100.16251,37.48942],[-100.18059,37.48953],[-100.18046,37.50412],[-100.16226,37.50405],[-100.16212,37.51864],[-100.14391,37.51855],[-100.14378,37.53315],[-100.10715,37.53303]]],[[[-100.19843,37.39667],[-100.19817,37.38717],[-100.2184,37.38723],[-100.21816,37.37261],[-100.18263,37.37258],[-100.18262,37.38713],[-100.18004,37.38716],[-100.1804,37.40187],[-100.19853,37.40193],[-100.19843,37.39667]]],[[[-98.42836,37.52949],[-98.44689,37.52949],[-98.44688,37.54371],[-98.42834,37.54376],[-98.42836,37.52949]]],[[[-98.09917,37.54592],[-98.08098,37.54596],[-98.08099,37.53124],[-98.09924,37.53115],[-98.09917,37.54592]]],[[[-98.09917,37.54592],[-98.11748,37.54592],[-98.11741,37.56061],[-98.09917,37.56078],[-98.09917,37.54592]]],[[[-98.31883,37.55801],[-98.31888,37.57255],[-98.28201,37.57274],[-98.28212,37.55825],[-98.26381,37.5582],[-98.26405,37.5298],[-98.28245,37.53005],[-98.2825,37.54478],[-98.30058,37.54418],[-98.3005,37.55818],[-98.31883,37.55801]]],[[[-98.23573,37.57311],[-98.2455,37.57279],[-98.24565,37.58727],[-98.227,37.5879],[-98.22698,37.57333],[-98.23573,37.57311]]],[[[-98.95847,37.52846],[-98.95866,37.54289],[-98.97709,37.54283],[-98.9769,37.52832],[-98.95847,37.52846],[-98.95788,37.48494],[-98.976,37.48492],[-98.97552,37.47033],[-99.01225,37.47054],[-99.01349,37.52849],[-99.03146,37.52846],[-99.03211,37.55693],[-99.05017,37.55695],[-99.04994,37.54292],[-99.08615,37.54295],[-99.08585,37.5285],[-99.10403,37.52852],[-99.1043,37.54293],[-99.14015,37.54273],[-99.14017,37.55704],[-99.17627,37.55725],[-99.17594,37.52818],[-99.19424,37.52814],[-99.1941,37.49869],[-99.1579,37.49899],[-99.15783,37.47004],[-99.21225,37.46933],[-99.21222,37.48401],[-99.23018,37.48382],[-99.23019,37.49852],[-99.21223,37.49869],[-99.21234,37.55747],[-99.19427,37.55743],[-99.19443,37.57212],[-99.1585,37.57186],[-99.15873,37.58642],[-99.14064,37.58631],[-99.14039,37.57169],[-99.08663,37.57149],[-99.08681,37.5861],[-99.05121,37.58601],[-99.05137,37.60057],[-99.03282,37.60048],[-99.03265,37.58596],[-99.0141,37.58588],[-99.01404,37.57143],[-98.99572,37.57186],[-98.99612,37.58624],[-98.95933,37.58624],[-98.95963,37.60082],[-98.94124,37.60105],[-98.94038,37.55733],[-98.92198,37.5575],[-98.92161,37.52857],[-98.9032,37.52854],[-98.90277,37.49945],[-98.93947,37.49947],[-98.94001,37.52857],[-98.95847,37.52846]]],[[[-98.28211,37.58731],[-98.30062,37.58718],[-98.30059,37.60171],[-98.28214,37.60178],[-98.28211,37.58731]]],[[[-98.17221,37.57466],[-98.17219,37.56012],[-98.13547,37.5604],[-98.13548,37.54585],[-98.17213,37.54545],[-98.17217,37.53084],[-98.20899,37.5305],[-98.20874,37.58841],[-98.17219,37.58922],[-98.17226,37.60371],[-98.11795,37.60383],[-98.11763,37.58937],[-98.1539,37.58934],[-98.15386,37.57478],[-98.17221,37.57466]]],[[[-97.99088,37.67585],[-97.99091,37.66134],[-97.9726,37.66135],[-97.9724,37.64727],[-98.02671,37.64692],[-98.02681,37.66099],[-98.08096,37.66086],[-98.08114,37.6753],[-98.04501,37.67544],[-98.04509,37.68989],[-97.99083,37.69033],[-97.99088,37.67585]]],[[[-99.03261,37.70186],[-99.03231,37.7165],[-99.014,37.71635],[-99.01434,37.70179],[-99.03261,37.70186]]],[[[-99.8519,37.70562],[-99.88835,37.70576],[-99.88826,37.72056],[-99.85189,37.72018],[-99.8519,37.70562]]],[[[-98.60935,37.71831],[-98.62762,37.71825],[-98.62748,37.73276],[-98.60917,37.7327],[-98.60935,37.71831]]],[[[-98.94083,37.71836],[-98.95909,37.71829],[-98.95839,37.733],[-98.95944,37.74751],[-98.92203,37.74768],[-98.9221,37.73319],[-98.94009,37.7331],[-98.94083,37.71836]]],[[[-98.31925,37.68875],[-98.31929,37.70331],[-98.33759,37.70337],[-98.33753,37.68889],[-98.31925,37.68875],[-98.3192,37.67431],[-98.35519,37.67446],[-98.35544,37.68897],[-98.53815,37.689],[-98.53818,37.67465],[-98.5566,37.67455],[-98.57459,37.67477],[-98.57453,37.68904],[-98.59138,37.68917],[-98.59152,37.67462],[-98.6097,37.67468],[-98.60935,37.71831],[-98.59112,37.71818],[-98.59103,37.73269],[-98.57423,37.7327],[-98.57432,37.71817],[-98.48305,37.71806],[-98.48302,37.70345],[-98.4282,37.70333],[-98.42844,37.71789],[-98.39198,37.71794],[-98.39211,37.73247],[-98.37387,37.7325],[-98.3738,37.74692],[-98.35546,37.74691],[-98.35544,37.76148],[-98.31928,37.7616],[-98.31945,37.74689],[-98.30114,37.74694],[-98.30104,37.73253],[-98.33766,37.73258],[-98.33757,37.7179],[-98.26454,37.71798],[-98.26455,37.73251],[-98.22739,37.73278],[-98.22732,37.70363],[-98.28273,37.70344],[-98.28278,37.68887],[-98.31925,37.68875]]],[[[-97.60808,37.76416],[-97.57229,37.76444],[-97.57244,37.75019],[-97.60801,37.74992],[-97.60808,37.76416]]],[[[-98.92201,37.76524],[-98.92203,37.76215],[-98.94032,37.76215],[-98.94027,37.77664],[-98.92194,37.77667],[-98.92201,37.76524]]],[[[-98.31928,37.7616],[-98.31934,37.79065],[-98.30107,37.7909],[-98.30093,37.76158],[-98.31928,37.7616]]],[[[-98.05502,37.77711],[-98.06411,37.77699],[-98.06409,37.7917],[-98.04603,37.79187],[-98.046,37.77716],[-98.05502,37.77711]]],[[[-99.72366,37.78496],[-99.72367,37.77791],[-99.76028,37.77804],[-99.76009,37.80674],[-99.74183,37.807],[-99.74198,37.79232],[-99.72365,37.79237],[-99.72366,37.78496]]],[[[-101.81633,37.77409],[-101.81625,37.76682],[-101.83463,37.76692],[-101.83464,37.78147],[-101.81641,37.78128],[-101.81633,37.77409]]],[[[-99.88725,37.80795],[-99.88739,37.79337],[-99.94249,37.79383],[-99.94217,37.82596],[-99.90539,37.82599],[-99.90548,37.80802],[-99.88725,37.80795]]],[[[-99.5146,37.86188],[-99.51474,37.85468],[-99.55155,37.85459],[-99.55156,37.86916],[-99.51452,37.86919],[-99.5146,37.86188]]],[[[-97.82998,37.8684],[-97.83001,37.85382],[-97.84844,37.85404],[-97.84831,37.86856],[-97.82998,37.8684]]],[[[-97.60808,37.76416],[-97.64453,37.76391],[-97.64463,37.77861],[-97.66315,37.7785],[-97.66337,37.79311],[-97.68149,37.79302],[-97.68174,37.80756],[-97.6995,37.80747],[-97.69977,37.82511],[-97.77541,37.82503],[-97.77497,37.83955],[-97.79328,37.83952],[-97.79336,37.85414],[-97.77496,37.85418],[-97.77471,37.86872],[-97.71992,37.86881],[-97.72002,37.85423],[-97.70212,37.8542],[-97.70217,37.83971],[-97.68388,37.8397],[-97.684,37.82509],[-97.66383,37.82511],[-97.66358,37.80764],[-97.64488,37.80778],[-97.64475,37.79319],[-97.62636,37.79328],[-97.6263,37.77871],[-97.60815,37.77888],[-97.60808,37.76416]]],[[[-99.31377,37.87502],[-99.31374,37.86898],[-99.33212,37.86911],[-99.33215,37.8837],[-99.31384,37.88364],[-99.31377,37.87502]]],[[[-101.32249,37.87184],[-101.32261,37.85713],[-101.34098,37.85695],[-101.34101,37.87147],[-101.32249,37.87184]]],[[[-99.35052,37.87502],[-99.35051,37.86932],[-99.36894,37.86957],[-99.36853,37.89869],[-99.35047,37.89847],[-99.35052,37.87502]]],[[[-101.34056,37.90046],[-101.34071,37.88603],[-101.37732,37.88586],[-101.37737,37.90036],[-101.34056,37.90046]]],[[[-97.90352,37.91219],[-97.92201,37.91221],[-97.92197,37.92673],[-97.88527,37.92641],[-97.88516,37.91218],[-97.90352,37.91219]]],[[[-101.32218,37.91512],[-101.32219,37.90053],[-101.34056,37.90046],[-101.3403,37.91503],[-101.32218,37.91512]]],[[[-101.43184,37.90052],[-101.45039,37.90045],[-101.45052,37.88566],[-101.43214,37.88589],[-101.43184,37.90052],[-101.39531,37.90037],[-101.39546,37.88566],[-101.41369,37.88581],[-101.41377,37.87168],[-101.35909,37.87151],[-101.35905,37.85707],[-101.34098,37.85695],[-101.341,37.84252],[-101.41387,37.84272],[-101.41379,37.85721],[-101.46861,37.8568],[-101.46844,37.91505],[-101.43175,37.91515],[-101.43184,37.90052]]],[[[-99.58827,37.94187],[-99.58834,37.92739],[-99.60663,37.92749],[-99.60663,37.94196],[-99.58827,37.94187]]],[[[-101.30429,37.92974],[-101.30426,37.91521],[-101.32218,37.91512],[-101.32222,37.92963],[-101.30429,37.92974]]],[[[-99.22369,37.94168],[-99.22381,37.92712],[-99.20556,37.9271],[-99.20569,37.898],[-99.18744,37.89808],[-99.1874,37.8835],[-99.20573,37.88358],[-99.2058,37.8544],[-99.24124,37.85448],[-99.24137,37.83995],[-99.29596,37.8399],[-99.29585,37.92756],[-99.27757,37.92734],[-99.27735,37.95667],[-99.24096,37.95634],[-99.24107,37.94172],[-99.22369,37.94168]]],[[[-97.88517,37.95542],[-97.86686,37.9556],[-97.86671,37.94109],[-97.88522,37.94095],[-97.88517,37.95542]]],[[[-97.37209,37.92668],[-97.37204,37.91216],[-97.40874,37.91231],[-97.4087,37.94138],[-97.39017,37.9413],[-97.39024,37.95588],[-97.37199,37.95573],[-97.37209,37.92668]]],[[[-99.03261,37.70186],[-99.03286,37.68745],[-99.01453,37.68735],[-99.01451,37.68849],[-98.95985,37.6887],[-98.95955,37.70356],[-98.94104,37.70358],[-98.94083,37.71836],[-98.84823,37.71898],[-98.8485,37.73359],[-98.83027,37.73375],[-98.82985,37.71911],[-98.81146,37.71907],[-98.81201,37.7338],[-98.77595,37.7337],[-98.77589,37.74821],[-98.73932,37.74805],[-98.73932,37.76265],[-98.70262,37.76251],[-98.70291,37.77703],[-98.68449,37.77694],[-98.68408,37.76245],[-98.64792,37.76253],[-98.64792,37.77711],[-98.6113,37.77679],[-98.61106,37.76149],[-98.60901,37.7545],[-98.60906,37.74726],[-98.68208,37.74752],[-98.68205,37.73299],[-98.72096,37.73337],[-98.72106,37.71881],[-98.70272,37.71869],[-98.7025,37.70411],[-98.6821,37.70397],[-98.68221,37.67496],[-98.66443,37.67486],[-98.66459,37.66037],[-98.68234,37.66046],[-98.68242,37.65333],[-98.68392,37.64552],[-98.7577,37.6458],[-98.75747,37.6607],[-98.77572,37.66078],[-98.77525,37.67533],[-98.82955,37.67554],[-98.86732,37.67441],[-98.86754,37.65962],[-98.83008,37.66084],[-98.79355,37.66081],[-98.79447,37.63038],[-98.81289,37.63033],[-98.81276,37.60124],[-98.79439,37.60127],[-98.79447,37.63038],[-98.75797,37.63093],[-98.75774,37.61625],[-98.73946,37.61621],[-98.73968,37.63141],[-98.70255,37.63096],[-98.70262,37.61637],[-98.64789,37.61644],[-98.64787,37.63098],[-98.62953,37.63099],[-98.62955,37.64557],[-98.61132,37.64565],[-98.61131,37.63101],[-98.59312,37.63099],[-98.59311,37.61641],[-98.57473,37.61629],[-98.57481,37.631],[-98.55669,37.63106],[-98.55665,37.60158],[-98.53832,37.60173],[-98.53833,37.6164],[-98.48344,37.61608],[-98.48339,37.60166],[-98.52003,37.60173],[-98.51996,37.58709],[-98.53829,37.58711],[-98.53823,37.5725],[-98.57467,37.57248],[-98.57471,37.55786],[-98.55653,37.55783],[-98.55654,37.54333],[-98.53819,37.54334],[-98.53824,37.55786],[-98.50151,37.55789],[-98.50153,37.57247],[-98.48321,37.57246],[-98.48319,37.58703],[-98.44674,37.58721],[-98.4467,37.57255],[-98.39192,37.57251],[-98.37353,37.57254],[-98.37351,37.58712],[-98.35524,37.58701],[-98.35516,37.57244],[-98.33708,37.57247],[-98.33706,37.55791],[-98.31883,37.55801],[-98.31863,37.54392],[-98.35526,37.54359],[-98.35514,37.51469],[-98.37362,37.51455],[-98.37355,37.54344],[-98.39184,37.54363],[-98.39184,37.55803],[-98.46486,37.5579],[-98.46485,37.5434],[-98.51983,37.54336],[-98.51978,37.5289],[-98.55641,37.52884],[-98.5563,37.51436],[-98.51967,37.51441],[-98.51972,37.49992],[-98.50128,37.49988],[-98.50119,37.48541],[-98.48299,37.48549],[-98.48297,37.47098],[-98.46467,37.47107],[-98.46461,37.45666],[-98.44653,37.45668],[-98.44646,37.44212],[-98.4281,37.44211],[-98.42805,37.42759],[-98.40983,37.42769],[-98.40983,37.41312],[-98.46485,37.41303],[-98.46476,37.42751],[-98.50133,37.42761],[-98.50133,37.45643],[-98.53782,37.45645],[-98.53792,37.44204],[-98.59276,37.44183],[-98.59248,37.45653],[-98.5743,37.45637],[-98.57424,37.47069],[-98.59259,37.47069],[-98.59248,37.45653],[-98.61077,37.4564],[-98.61085,37.47063],[-98.62911,37.47057],[-98.62917,37.4418],[-98.64747,37.44177],[-98.64729,37.47051],[-98.66548,37.47061],[-98.66552,37.45631],[-98.68381,37.45633],[-98.68359,37.4707],[-98.70199,37.4707],[-98.7022,37.49988],[-98.73881,37.49968],[-98.73835,37.47063],[-98.75671,37.4705],[-98.75674,37.45606],[-98.77498,37.45606],[-98.7749,37.47049],[-98.79326,37.47044],[-98.79321,37.45603],[-98.83,37.45604],[-98.82984,37.4269],[-98.86645,37.42715],[-98.86644,37.45603],[-98.90295,37.45612],[-98.90282,37.48481],[-98.88425,37.4848],[-98.88451,37.47029],[-98.86627,37.47027],[-98.86618,37.51425],[-98.84781,37.51444],[-98.84799,37.529],[-98.82983,37.52883],[-98.83085,37.54293],[-98.8307,37.55757],[-98.86709,37.55759],[-98.8676,37.58662],[-98.9041,37.58672],[-98.90463,37.61572],[-98.97829,37.61528],[-98.97857,37.62978],[-99.12351,37.63012],[-99.12323,37.61544],[-99.14122,37.6156],[-99.14089,37.60096],[-99.15892,37.60109],[-99.15924,37.61572],[-99.23092,37.61634],[-99.23072,37.60158],[-99.26715,37.60151],[-99.26744,37.61632],[-99.304,37.61621],[-99.30377,37.60148],[-99.32197,37.60139],[-99.32174,37.58672],[-99.37592,37.58659],[-99.37616,37.60136],[-99.41248,37.60123],[-99.41295,37.63075],[-99.4312,37.63074],[-99.43074,37.60119],[-99.4485,37.60112],[-99.44835,37.58629],[-99.48479,37.58633],[-99.48466,37.57136],[-99.55734,37.57116],[-99.55716,37.55701],[-99.61213,37.55678],[-99.61168,37.52738],[-99.64814,37.52715],[-99.64788,37.51223],[-99.66587,37.51191],[-99.66631,37.54165],[-99.63013,37.54209],[-99.63064,37.57162],[-99.59394,37.57172],[-99.59418,37.58639],[-99.61251,37.58631],[-99.61274,37.6014],[-99.63108,37.60137],[-99.63064,37.57162],[-99.6487,37.57152],[-99.64899,37.58621],[-99.70335,37.58632],[-99.70353,37.60132],[-99.73997,37.60132],[-99.74014,37.6162],[-99.77669,37.61575],[-99.77648,37.60091],[-99.81407,37.60141],[-99.8139,37.5867],[-99.83251,37.58711],[-99.83234,37.57238],[-99.85097,37.57261],[-99.85083,37.55787],[-99.86941,37.55823],[-99.86954,37.57297],[-99.96106,37.57475],[-99.96105,37.58941],[-99.86963,37.58777],[-99.86976,37.60256],[-99.83256,37.60187],[-99.8328,37.63146],[-99.81434,37.63106],[-99.81448,37.64589],[-99.83389,37.64619],[-99.83388,37.67676],[-99.92486,37.67706],[-99.9247,37.69166],[-99.94283,37.6919],[-99.94291,37.70666],[-100.03332,37.70742],[-100.03328,37.72193],[-100.12421,37.72251],[-100.12416,37.73695],[-100.16072,37.73692],[-100.16073,37.75147],[-100.21492,37.75151],[-100.21488,37.766],[-100.26991,37.76631],[-100.26986,37.78093],[-100.32407,37.78107],[-100.32405,37.79551],[-100.4334,37.7956],[-100.43348,37.81047],[-100.4699,37.80994],[-100.46983,37.82776],[-100.41475,37.82758],[-100.41448,37.81012],[-100.3065,37.81011],[-100.30617,37.7956],[-100.1794,37.79513],[-100.17929,37.78067],[-100.12414,37.78054],[-100.12418,37.76601],[-100.03286,37.76549],[-100.033,37.75092],[-100.06967,37.75121],[-100.06979,37.73667],[-99.99658,37.73633],[-99.99663,37.75083],[-99.94255,37.75018],[-99.94258,37.73576],[-99.9606,37.73589],[-99.96074,37.72143],[-99.94273,37.72118],[-99.94258,37.73576],[-99.90636,37.7354],[-99.90651,37.72087],[-99.92469,37.721],[-99.92481,37.7063],[-99.90626,37.70596],[-99.90663,37.69144],[-99.85235,37.6911],[-99.8519,37.70562],[-99.81487,37.70544],[-99.8151,37.72004],[-99.83312,37.72004],[-99.83345,37.74925],[-99.86999,37.74956],[-99.86986,37.76409],[-99.83316,37.76379],[-99.83292,37.79294],[-99.81483,37.7925],[-99.81467,37.80704],[-99.8328,37.80741],[-99.83313,37.82583],[-99.84473,37.82584],[-99.84478,37.85492],[-99.8263,37.85491],[-99.82629,37.86942],[-99.80797,37.86944],[-99.80805,37.88391],[-99.78996,37.88397],[-99.79017,37.91303],[-99.77108,37.91308],[-99.77108,37.97096],[-99.75276,37.97118],[-99.75269,37.86965],[-99.73476,37.86969],[-99.73457,37.92772],[-99.67963,37.9278],[-99.67976,37.89868],[-99.66162,37.8986],[-99.66177,37.88406],[-99.67988,37.88413],[-99.68004,37.86948],[-99.6618,37.86949],[-99.66178,37.85503],[-99.62508,37.85489],[-99.6252,37.8403],[-99.64364,37.84027],[-99.64356,37.82569],[-99.66847,37.82576],[-99.66874,37.80705],[-99.65077,37.80703],[-99.65106,37.79248],[-99.66887,37.7925],[-99.68708,37.79253],[-99.68687,37.82579],[-99.71668,37.82584],[-99.71679,37.84035],[-99.7532,37.84044],[-99.75327,37.82582],[-99.77816,37.82576],[-99.77816,37.80662],[-99.79647,37.80674],[-99.79667,37.7636],[-99.81487,37.76366],[-99.8151,37.7491],[-99.76045,37.74895],[-99.7605,37.73441],[-99.70557,37.73435],[-99.70543,37.71987],[-99.65101,37.71939],[-99.65096,37.70488],[-99.63252,37.70442],[-99.63246,37.68984],[-99.65087,37.69032],[-99.65072,37.67578],[-99.66869,37.67619],[-99.66859,37.6617],[-99.72402,37.66176],[-99.74224,37.66189],[-99.74223,37.67633],[-99.77872,37.67633],[-99.77865,37.69097],[-99.81516,37.6909],[-99.81555,37.66193],[-99.79716,37.66193],[-99.79717,37.64563],[-99.77763,37.64591],[-99.77709,37.63104],[-99.72212,37.63118],[-99.72188,37.61619],[-99.66751,37.6161],[-99.6495,37.61615],[-99.64991,37.63108],[-99.5948,37.63121],[-99.59591,37.66001],[-99.5768,37.6593],[-99.57739,37.68848],[-99.55888,37.6883],[-99.55895,37.70507],[-99.54083,37.70505],[-99.54104,37.7199],[-99.52279,37.71975],[-99.52295,37.73473],[-99.50469,37.73462],[-99.50523,37.74945],[-99.48676,37.7492],[-99.48647,37.76368],[-99.4504,37.76359],[-99.45015,37.77857],[-99.43263,37.77833],[-99.43238,37.80674],[-99.41397,37.80706],[-99.41374,37.82589],[-99.40616,37.82586],[-99.40592,37.84035],[-99.38763,37.84022],[-99.38744,37.85504],[-99.36918,37.85501],[-99.36937,37.84024],[-99.3511,37.84021],[-99.3514,37.82564],[-99.37745,37.82573],[-99.37736,37.80691],[-99.34064,37.80668],[-99.34073,37.79206],[-99.32288,37.79189],[-99.32359,37.82547],[-99.30533,37.82545],[-99.30458,37.80651],[-99.26825,37.80645],[-99.26828,37.79203],[-99.25006,37.79195],[-99.25004,37.80641],[-99.21429,37.80613],[-99.21433,37.76268],[-99.19616,37.7627],[-99.19621,37.74812],[-99.21452,37.74807],[-99.21459,37.73358],[-99.2504,37.7337],[-99.2504,37.71902],[-99.2868,37.719],[-99.28656,37.68966],[-99.25007,37.68977],[-99.24994,37.6751],[-99.21398,37.67486],[-99.21414,37.6899],[-99.19605,37.68946],[-99.19593,37.67475],[-99.17786,37.67467],[-99.17792,37.68935],[-99.12358,37.68905],[-99.1236,37.68817],[-99.1057,37.68803],[-99.10564,37.70251],[-99.06911,37.70225],[-99.06924,37.68775],[-99.05101,37.68766],[-99.05092,37.70217],[-99.03261,37.70186]]],[[[-99.23214,37.76254],[-99.23198,37.77706],[-99.25017,37.77734],[-99.2504,37.76281],[-99.23214,37.76254]]],[[[-99.39494,37.64557],[-99.39475,37.63075],[-99.35856,37.63091],[-99.35859,37.64562],[-99.39494,37.64557]]],[[[-98.88674,37.63023],[-98.88651,37.6157],[-98.84963,37.61565],[-98.84982,37.63019],[-98.88674,37.63023]]],[[[-98.73933,37.59441],[-98.73934,37.58711],[-98.70269,37.58724],[-98.70271,37.60173],[-98.73937,37.60167],[-98.73933,37.59441]]],[[[-98.81251,37.57215],[-98.81247,37.55761],[-98.77614,37.55766],[-98.77614,37.57224],[-98.81251,37.57215]]],[[[-97.88517,37.95542],[-97.90363,37.95554],[-97.90354,37.97012],[-97.88515,37.96997],[-97.88517,37.95542]]],[[[-99.42376,37.98598],[-99.42379,37.95687],[-99.44162,37.95694],[-99.44153,37.94242],[-99.478,37.94221],[-99.47788,37.95686],[-99.53301,37.95635],[-99.53298,37.92757],[-99.56995,37.92728],[-99.56986,37.94173],[-99.58827,37.94187],[-99.58824,37.95633],[-99.56983,37.95631],[-99.56981,37.97084],[-99.55153,37.97071],[-99.55155,37.98544],[-99.42376,37.98598]]],[[[-100.71946,37.8926],[-100.7195,37.88716],[-100.6649,37.8868],[-100.66499,37.8723],[-100.62848,37.87192],[-100.62858,37.85742],[-100.68319,37.858],[-100.68322,37.87245],[-100.73785,37.87269],[-100.73772,37.88718],[-100.75621,37.88704],[-100.75619,37.90204],[-100.77383,37.90222],[-100.77428,37.91658],[-100.79259,37.91667],[-100.79259,37.93123],[-100.82892,37.93136],[-100.82895,37.9458],[-100.84738,37.9459],[-100.84723,37.97491],[-100.82889,37.9748],[-100.82894,37.96036],[-100.81075,37.96031],[-100.81085,37.94572],[-100.77424,37.94564],[-100.77428,37.93114],[-100.75639,37.93111],[-100.7563,37.91658],[-100.73798,37.91628],[-100.73779,37.90187],[-100.71948,37.90163],[-100.71946,37.8926]]],[[[-98.06885,37.99914],[-98.06861,37.98439],[-98.08703,37.98498],[-98.08763,37.97033],[-98.12396,37.97025],[-98.12392,37.99937],[-98.10553,37.99932],[-98.10586,38.01378],[-98.06929,38.01324],[-98.06885,37.99914]]],[[[-99.75275,38.02931],[-99.75272,38.01481],[-99.77107,38.01474],[-99.77103,38.02921],[-99.75275,38.02931]]],[[[-101.32249,37.87184],[-101.32227,37.88616],[-101.30402,37.88606],[-101.3041,37.9005],[-101.28571,37.90061],[-101.28603,37.91525],[-101.26775,37.9153],[-101.26781,37.92959],[-101.23119,37.93005],[-101.23119,37.94412],[-101.19484,37.94455],[-101.19479,37.95897],[-101.23119,37.95885],[-101.23119,37.94412],[-101.2679,37.94417],[-101.26781,37.92959],[-101.30429,37.92974],[-101.30434,37.94418],[-101.28606,37.94419],[-101.28613,37.95873],[-101.26776,37.95873],[-101.26773,37.9733],[-101.23118,37.97342],[-101.23115,37.98791],[-101.21306,37.98796],[-101.21293,38.00252],[-101.19469,38.00264],[-101.19457,38.01739],[-101.17619,38.01732],[-101.17643,38.00273],[-101.13954,38.0029],[-101.13934,37.98845],[-101.06636,37.98873],[-101.06636,37.97429],[-101.08474,37.97413],[-101.08469,37.95965],[-101.10301,37.95951],[-101.10298,37.94503],[-101.15782,37.94483],[-101.15797,37.9303],[-101.21305,37.92995],[-101.21306,37.9154],[-101.23134,37.91541],[-101.23129,37.90092],[-101.24958,37.90086],[-101.24949,37.88641],[-101.26729,37.88635],[-101.26776,37.8718],[-101.32249,37.87184]]],[[[-101.12119,37.97166],[-101.12118,37.97393],[-101.1762,37.97364],[-101.17623,37.959],[-101.12121,37.95947],[-101.12119,37.97166]]],[[[-98.03198,38.04268],[-98.03192,38.02817],[-98.05036,38.02801],[-98.05041,38.04268],[-98.03198,38.04268]]],[[[-99.82603,38.02937],[-99.82583,38.04386],[-99.80762,38.04378],[-99.80784,38.02925],[-99.82603,38.02937]]],[[[-99.67925,38.04387],[-99.67921,38.02928],[-99.69768,38.02933],[-99.69776,38.05838],[-99.67931,38.05849],[-99.67925,38.04387]]],[[[-98.03198,38.04268],[-98.03197,38.05723],[-98.01405,38.05717],[-98.01388,38.04263],[-98.03198,38.04268]]],[[[-99.15035,38.05814],[-99.16867,38.05806],[-99.16873,38.07264],[-99.15037,38.07267],[-99.15035,38.05814]]],[[[-99.75275,38.02931],[-99.75274,38.04371],[-99.77111,38.04367],[-99.77103,38.02921],[-99.78946,38.02911],[-99.78916,38.0727],[-99.73437,38.07283],[-99.7344,38.02932],[-99.75275,38.02931]]],[[[-97.50032,38.0576],[-97.51854,38.05774],[-97.51857,38.07225],[-97.50029,38.07224],[-97.50032,38.0576]]],[[[-97.84848,38.08651],[-97.81165,38.08643],[-97.81171,38.07199],[-97.84855,38.07206],[-97.84848,38.08651]]],[[[-97.68393,38.05773],[-97.70198,38.05771],[-97.70175,38.08671],[-97.66565,38.0866],[-97.66552,38.05777],[-97.68393,38.05773]]],[[[-99.75262,38.10192],[-99.75258,38.08739],[-99.80731,38.08744],[-99.80734,38.10191],[-99.75262,38.10192]]],[[[-99.69759,38.08752],[-99.69783,38.07291],[-99.71606,38.07288],[-99.71589,38.10259],[-99.69755,38.10243],[-99.69759,38.08752]]],[[[-97.84848,38.08651],[-97.86696,38.08649],[-97.86704,38.10102],[-97.84863,38.10109],[-97.84848,38.08651]]],[[[-99.88065,38.11701],[-99.88064,38.10262],[-99.89843,38.10277],[-99.89861,38.11731],[-99.88065,38.11701]]],[[[-97.86704,38.10102],[-97.88541,38.10103],[-97.88535,38.11572],[-97.86697,38.1156],[-97.86704,38.10102]]],[[[-99.88065,38.11701],[-99.88058,38.13161],[-99.86218,38.13143],[-99.86231,38.11685],[-99.88065,38.11701]]],[[[-99.04037,38.13825],[-99.0404,38.13101],[-99.05878,38.13093],[-99.05873,38.08732],[-99.0772,38.08724],[-99.07711,38.10177],[-99.09546,38.1017],[-99.09554,38.13078],[-99.07721,38.13078],[-99.07714,38.14537],[-99.0404,38.14552],[-99.04037,38.13825]]],[[[-99.62483,38.14573],[-99.62475,38.13126],[-99.66139,38.13126],[-99.66135,38.11643],[-99.69769,38.11695],[-99.69761,38.13149],[-99.67928,38.13123],[-99.67934,38.14575],[-99.62483,38.14573]]],[[[-98.17904,38.14457],[-98.17915,38.1301],[-98.23455,38.12945],[-98.23461,38.15858],[-98.21595,38.15874],[-98.21588,38.14422],[-98.17904,38.14457]]],[[[-99.58808,38.16026],[-99.58806,38.14569],[-99.62483,38.14573],[-99.62486,38.16035],[-99.58808,38.16026]]],[[[-98.17904,38.14457],[-98.17916,38.15912],[-98.16083,38.15927],[-98.16077,38.14493],[-98.17904,38.14457]]],[[[-99.56984,38.17497],[-99.56974,38.16043],[-99.58808,38.16026],[-99.58814,38.17499],[-99.56984,38.17497]]],[[[-97.94046,38.15932],[-97.92216,38.15918],[-97.92215,38.13008],[-97.94066,38.12938],[-97.94052,38.14391],[-97.9592,38.14452],[-97.95907,38.15887],[-97.97741,38.15854],[-97.97748,38.17305],[-97.9405,38.17371],[-97.94046,38.15932]]],[[[-99.42376,37.98598],[-99.42366,38.00066],[-99.40538,38.00067],[-99.40553,38.0152],[-99.3686,38.01526],[-99.36866,38.04427],[-99.3325,38.04429],[-99.33245,38.07315],[-99.35033,38.07323],[-99.35028,38.10235],[-99.36872,38.10232],[-99.36875,38.08783],[-99.40536,38.08796],[-99.40549,38.07335],[-99.42379,38.07349],[-99.42383,38.08805],[-99.44222,38.08816],[-99.44221,38.10267],[-99.47837,38.1026],[-99.47843,38.11711],[-99.49686,38.117],[-99.49691,38.13145],[-99.5153,38.13142],[-99.51515,38.17527],[-99.56984,38.17497],[-99.57005,38.18944],[-99.42399,38.1899],[-99.42392,38.17551],[-99.36864,38.17549],[-99.36878,38.13159],[-99.33272,38.13136],[-99.3327,38.11675],[-99.31428,38.11658],[-99.31425,38.13111],[-99.29595,38.13089],[-99.29591,38.11634],[-99.24079,38.11613],[-99.24085,38.13057],[-99.22344,38.13067],[-99.22349,38.08702],[-99.25909,38.08711],[-99.25904,38.07269],[-99.27741,38.07278],[-99.27742,38.05824],[-99.2958,38.05837],[-99.29573,38.0438],[-99.31409,38.04408],[-99.31402,38.02956],[-99.33243,38.02979],[-99.3324,38.01517],[-99.35028,38.01531],[-99.35027,38.0008],[-99.38716,38.00067],[-99.38715,37.98628],[-99.42376,37.98598]]],[[[-99.47865,38.1534],[-99.47851,38.16068],[-99.49695,38.16059],[-99.49709,38.14602],[-99.47863,38.14616],[-99.47865,38.1534]]],[[[-97.55607,38.15954],[-97.55584,38.14504],[-97.53745,38.14506],[-97.53727,38.13048],[-97.57409,38.13052],[-97.57442,38.15963],[-97.59215,38.15967],[-97.59222,38.17415],[-97.57422,38.17411],[-97.57428,38.18869],[-97.55581,38.18863],[-97.55607,38.15954]]],[[[-99.75262,38.10192],[-99.75296,38.17469],[-99.69778,38.17486],[-99.69792,38.18939],[-99.66169,38.18942],[-99.6618,38.20399],[-99.62528,38.20388],[-99.62502,38.17492],[-99.67936,38.17477],[-99.67931,38.1603],[-99.69767,38.16047],[-99.69766,38.14597],[-99.73446,38.14563],[-99.7343,38.10225],[-99.75262,38.10192]]],[[[-99.38772,38.23334],[-99.38761,38.21888],[-99.40599,38.21889],[-99.40612,38.23342],[-99.38772,38.23334]]],[[[-99.44292,38.23339],[-99.4245,38.23343],[-99.4244,38.21891],[-99.44285,38.21889],[-99.44292,38.23339]]],[[[-99.6618,38.20399],[-99.69811,38.20391],[-99.6984,38.23293],[-99.67999,38.23301],[-99.67987,38.21837],[-99.66202,38.21844],[-99.6618,38.20399]]],[[[-97.57437,38.20321],[-97.59229,38.20318],[-97.5922,38.23221],[-97.5558,38.23226],[-97.55588,38.21769],[-97.57432,38.21777],[-97.57437,38.20321]]],[[[-99.2601,38.24682],[-99.25993,38.23247],[-99.27825,38.23272],[-99.27805,38.21816],[-99.29641,38.21841],[-99.29688,38.24743],[-99.2601,38.24682]]],[[[-99.38772,38.23334],[-99.38789,38.24789],[-99.35142,38.24785],[-99.35084,38.21881],[-99.36924,38.21886],[-99.36943,38.23328],[-99.38772,38.23334]]],[[[-99.6984,38.23293],[-99.71692,38.23284],[-99.71708,38.24739],[-99.69857,38.24745],[-99.6984,38.23293]]],[[[-99.44292,38.23339],[-99.53412,38.23311],[-99.53401,38.21856],[-99.55247,38.21848],[-99.55228,38.20403],[-99.58846,38.20396],[-99.58864,38.21866],[-99.62531,38.21844],[-99.62535,38.233],[-99.66225,38.23303],[-99.66218,38.24754],[-99.6255,38.24749],[-99.62525,38.26202],[-99.58875,38.26204],[-99.58858,38.24756],[-99.44301,38.2479],[-99.44292,38.23339]]],[[[-99.66218,38.24754],[-99.68016,38.24753],[-99.6803,38.26191],[-99.69456,38.26189],[-99.69474,38.27643],[-99.73164,38.27623],[-99.73182,38.2908],[-99.67665,38.29096],[-99.67641,38.2764],[-99.65803,38.2765],[-99.65776,38.26201],[-99.66215,38.26199],[-99.66218,38.24754]]],[[[-98.01727,38.27509],[-98.01742,38.26062],[-97.99611,38.2606],[-97.996,38.2315],[-97.97763,38.2316],[-97.97731,38.21661],[-97.95897,38.21673],[-97.95899,38.18768],[-97.99575,38.18762],[-97.99575,38.21679],[-98.0142,38.21702],[-98.01453,38.23171],[-98.03236,38.23169],[-98.03245,38.24622],[-98.05087,38.24645],[-98.05093,38.26066],[-98.07292,38.26058],[-98.07275,38.28961],[-98.01736,38.28963],[-98.01727,38.27509]]],[[[-100.64818,38.27845],[-100.64857,38.29282],[-100.63011,38.293],[-100.62986,38.27847],[-100.64818,38.27845]]],[[[-100.64818,38.27845],[-100.64699,38.24981],[-100.62872,38.24968],[-100.62851,38.22063],[-100.61024,38.22042],[-100.60912,38.14714],[-100.62772,38.14741],[-100.62751,38.11847],[-100.60932,38.11827],[-100.6096,38.04569],[-100.51845,38.04492],[-100.5183,38.03032],[-100.49998,38.0303],[-100.49996,38.04455],[-100.48171,38.04449],[-100.48163,38.05909],[-100.33544,38.05902],[-100.33567,38.04455],[-100.26272,38.04468],[-100.2625,38.05906],[-100.24426,38.05906],[-100.24391,38.07351],[-100.22573,38.07358],[-100.22556,38.088],[-100.18958,38.08776],[-100.18985,38.05887],[-100.20808,38.05879],[-100.20822,38.04451],[-100.22621,38.04471],[-100.22645,38.03002],[-100.20842,38.02989],[-100.20822,38.04451],[-100.18998,38.04449],[-100.18985,38.05887],[-100.17168,38.05876],[-100.17124,38.08776],[-100.15307,38.08773],[-100.15318,38.10219],[-100.13492,38.10202],[-100.13485,38.08761],[-100.11651,38.08763],[-100.11658,38.07296],[-100.13501,38.07308],[-100.1351,38.05861],[-100.11665,38.05846],[-100.11694,38.01502],[-100.15366,38.01516],[-100.15363,38.00078],[-100.13538,38.00061],[-100.13551,37.98608],[-100.20853,37.98636],[-100.20875,37.97193],[-100.19041,37.97188],[-100.19052,37.95739],[-100.20907,37.95745],[-100.20913,37.94298],[-100.19057,37.94289],[-100.19052,37.95739],[-100.17236,37.95735],[-100.17239,37.94287],[-100.15404,37.94277],[-100.15404,37.95731],[-100.1356,37.95715],[-100.13551,37.98608],[-100.10041,37.98592],[-100.10031,38.02955],[-100.00946,38.02941],[-100.00934,38.00022],[-99.99139,38.00022],[-99.99138,38.01498],[-99.97298,38.01514],[-99.97312,38.00039],[-99.95463,38.00042],[-99.95424,38.04435],[-99.93593,38.04413],[-99.93619,38.01499],[-99.89923,38.01547],[-99.89891,38.04454],[-99.88091,38.04433],[-99.8808,38.05898],[-99.84449,38.05861],[-99.84447,38.07326],[-99.8258,38.07309],[-99.82583,38.04386],[-99.84431,38.04401],[-99.84434,38.02947],[-99.82603,38.02937],[-99.82624,38.01481],[-99.80795,38.01462],[-99.80794,38.0002],[-99.82636,38.00037],[-99.82646,37.98568],[-99.84479,37.98587],[-99.84478,37.97132],[-99.8814,37.97167],[-99.88137,37.95714],[-99.91798,37.95697],[-99.91798,37.92782],[-99.93656,37.92774],[-99.93644,37.94227],[-99.95517,37.94218],[-99.95466,37.95666],[-99.97305,37.9565],[-99.97326,37.94213],[-100.00941,37.94212],[-100.00937,37.92749],[-100.04584,37.92773],[-100.04583,37.91315],[-100.06411,37.9131],[-100.06397,37.92769],[-100.08253,37.92769],[-100.08237,37.91325],[-100.10053,37.91329],[-100.10067,37.86969],[-100.08245,37.86958],[-100.08247,37.88409],[-100.06409,37.88398],[-100.06408,37.89848],[-100.04581,37.89842],[-100.04565,37.86949],[-100.02749,37.86948],[-100.02747,37.88399],[-100.00928,37.88393],[-100.00943,37.89838],[-99.9915,37.89839],[-99.99111,37.82594],[-99.96034,37.82594],[-99.96053,37.80841],[-100.08817,37.80942],[-100.08811,37.82617],[-100.15463,37.82652],[-100.15445,37.8411],[-100.17282,37.84125],[-100.17252,37.88474],[-100.19087,37.88484],[-100.19082,37.89933],[-100.2272,37.89953],[-100.22732,37.88497],[-100.26384,37.88502],[-100.26376,37.92857],[-100.28208,37.92843],[-100.28196,37.94293],[-100.33674,37.9432],[-100.33629,37.98676],[-100.35464,37.98669],[-100.35455,38.00111],[-100.39102,38.00091],[-100.39119,38.01541],[-100.42756,38.01531],[-100.42724,38.04424],[-100.44507,38.04423],[-100.44539,38.01521],[-100.46367,38.0154],[-100.4638,38.00083],[-100.50033,38.00121],[-100.50048,37.9869],[-100.51882,37.98707],[-100.51876,38.00144],[-100.55489,38.00165],[-100.55488,38.01621],[-100.60978,38.0165],[-100.60969,38.03113],[-100.66415,38.03153],[-100.66414,38.06064],[-100.64614,38.06049],[-100.64609,38.08945],[-100.66412,38.08961],[-100.66443,38.14796],[-100.68274,38.14811],[-100.68279,38.16272],[-100.70106,38.16277],[-100.70123,38.17731],[-100.75634,38.17739],[-100.75642,38.19188],[-100.77421,38.19199],[-100.77431,38.2355],[-100.7926,38.23557],[-100.79276,38.26467],[-100.79458,38.26469],[-100.79478,38.2938],[-100.77659,38.29346],[-100.77634,38.27912],[-100.73968,38.27919],[-100.73984,38.29382],[-100.70314,38.29363],[-100.70327,38.30806],[-100.68491,38.30788],[-100.68466,38.29331],[-100.66669,38.29307],[-100.6665,38.27851],[-100.64818,38.27845]]],[[[-100.66489,38.22079],[-100.66476,38.23544],[-100.68357,38.23559],[-100.68329,38.22086],[-100.66489,38.22079]]],[[[-100.05511,37.8406],[-100.04576,37.84053],[-100.0457,37.85497],[-100.06409,37.85516],[-100.06416,37.84064],[-100.05511,37.8406]]],[[[-101.1263,38.32254],[-101.12608,38.30817],[-101.18085,38.30786],[-101.18131,38.32234],[-101.1263,38.32254]]],[[[-98.95843,38.33389],[-98.94015,38.33376],[-98.94013,38.34719],[-98.92165,38.34725],[-98.92168,38.31815],[-98.94006,38.3193],[-98.93999,38.30479],[-98.95836,38.30482],[-98.95841,38.29029],[-98.97695,38.29025],[-98.97696,38.27576],[-98.9954,38.27574],[-98.9954,38.26126],[-99.08762,38.26133],[-99.08772,38.27587],[-99.0139,38.27576],[-99.01387,38.29027],[-98.9954,38.29024],[-98.99535,38.30474],[-98.97687,38.30477],[-98.97686,38.31929],[-98.95837,38.31939],[-98.95843,38.33389]]],[[[-98.95843,38.33389],[-99.03238,38.33384],[-99.03242,38.34835],[-98.95854,38.34737],[-98.95843,38.33389]]],[[[-100.7403,38.33736],[-100.74,38.32279],[-100.79506,38.32288],[-100.7951,38.33749],[-100.7403,38.33736]]],[[[-98.4433,38.35519],[-98.44324,38.34757],[-98.40635,38.34762],[-98.40619,38.33318],[-98.3879,38.33314],[-98.38777,38.3186],[-98.31261,38.31869],[-98.31248,38.30425],[-98.33096,38.30419],[-98.33075,38.28976],[-98.34956,38.28967],[-98.34952,38.30418],[-98.36944,38.30416],[-98.36943,38.28965],[-98.38788,38.28948],[-98.38793,38.27489],[-98.40672,38.27476],[-98.40633,38.28936],[-98.4432,38.28928],[-98.44298,38.3038],[-98.46135,38.30374],[-98.46128,38.31832],[-98.47964,38.3184],[-98.4799,38.33292],[-98.46149,38.33296],[-98.46187,38.36212],[-98.44327,38.36219],[-98.4433,38.35519]]],[[[-98.42454,38.31851],[-98.42461,38.30389],[-98.40623,38.30399],[-98.40617,38.31858],[-98.42454,38.31851]]],[[[-100.7403,38.33736],[-100.74046,38.35204],[-100.6489,38.35123],[-100.64888,38.3366],[-100.63029,38.33653],[-100.63021,38.32204],[-100.68505,38.32245],[-100.68513,38.33717],[-100.70327,38.33731],[-100.7032,38.3226],[-100.72164,38.32276],[-100.722,38.33744],[-100.7403,38.33736]]],[[[-98.16505,38.33317],[-98.14658,38.33313],[-98.14648,38.34765],[-98.12751,38.34745],[-98.12747,38.36198],[-98.10909,38.36206],[-98.10905,38.34752],[-98.09061,38.34752],[-98.09113,38.28952],[-98.10984,38.28963],[-98.10968,38.30415],[-98.12811,38.30408],[-98.12782,38.31857],[-98.16506,38.31861],[-98.16505,38.33317]]],[[[-101.27387,38.35119],[-101.27354,38.3367],[-101.32882,38.33642],[-101.3286,38.32183],[-101.34685,38.32186],[-101.34701,38.33635],[-101.36547,38.33626],[-101.36565,38.35078],[-101.27387,38.35119]]],[[[-98.16505,38.33317],[-98.18337,38.33318],[-98.1834,38.34769],[-98.22029,38.3478],[-98.22015,38.37687],[-98.16476,38.37675],[-98.16505,38.33317]]],[[[-98.71936,38.40533],[-98.6088,38.40569],[-98.60884,38.39112],[-98.62737,38.39114],[-98.62737,38.37663],[-98.68256,38.37641],[-98.68256,38.39096],[-98.71931,38.39077],[-98.71936,38.40533]]],[[[-99.03332,38.40637],[-99.03296,38.37733],[-99.05131,38.37733],[-99.05151,38.39182],[-99.0701,38.39191],[-99.07023,38.40642],[-99.03332,38.40637]]],[[[-98.27585,38.3769],[-98.29433,38.3768],[-98.29433,38.40585],[-98.27592,38.40595],[-98.27585,38.3769]]],[[[-98.95936,38.4199],[-98.90389,38.41976],[-98.90379,38.40526],[-98.95944,38.40543],[-98.95936,38.4199]]],[[[-98.71936,38.40533],[-98.73784,38.40536],[-98.73781,38.41994],[-98.71936,38.41999],[-98.71936,38.40533]]],[[[-99.03332,38.40637],[-99.03351,38.42093],[-98.97777,38.42015],[-98.97783,38.40568],[-98.99626,38.4059],[-98.99629,38.39141],[-99.01469,38.39165],[-99.01475,38.40611],[-99.03332,38.40637]]],[[[-99.2904,38.43643],[-99.28866,38.39375],[-99.32547,38.3933],[-99.32605,38.40783],[-99.30762,38.40806],[-99.30885,38.43667],[-99.2904,38.43643]]],[[[-98.99612,38.44935],[-98.99615,38.43481],[-99.0328,38.43503],[-99.03287,38.4495],[-98.99612,38.44935]]],[[[-99.19807,38.45019],[-99.19811,38.43572],[-99.25337,38.43611],[-99.25337,38.42309],[-99.27133,38.42298],[-99.27197,38.43623],[-99.2904,38.43643],[-99.29038,38.45094],[-99.19807,38.45019]]],[[[-99.30885,38.43667],[-99.34581,38.43703],[-99.34582,38.45154],[-99.30887,38.45117],[-99.30885,38.43667]]],[[[-99.40099,38.43692],[-99.40044,38.42195],[-99.41897,38.42189],[-99.41877,38.4073],[-99.43734,38.4074],[-99.43788,38.45127],[-99.41945,38.45132],[-99.41945,38.4368],[-99.40099,38.43692]]],[[[-99.34581,38.43703],[-99.34509,38.42215],[-99.36349,38.42218],[-99.36314,38.40773],[-99.3816,38.40755],[-99.38247,38.43727],[-99.40099,38.43692],[-99.40097,38.45145],[-99.36406,38.45178],[-99.36413,38.43722],[-99.34581,38.43703]]],[[[-101.12781,38.42419],[-101.1647,38.42395],[-101.16476,38.4386],[-101.12784,38.43869],[-101.12781,38.42419]]],[[[-99.10689,38.46457],[-99.06995,38.4643],[-99.06955,38.43533],[-99.07022,38.42094],[-99.08841,38.42099],[-99.08819,38.44999],[-99.10655,38.45002],[-99.10689,38.46457]]],[[[-98.55434,38.43482],[-98.57284,38.43487],[-98.57285,38.46384],[-98.55445,38.46385],[-98.55434,38.43482]]],[[[-99.19807,38.45019],[-99.19825,38.46483],[-99.17984,38.46469],[-99.17964,38.45017],[-99.19807,38.45019]]],[[[-99.10689,38.46457],[-99.16133,38.46456],[-99.16131,38.47924],[-99.107,38.47914],[-99.10689,38.46457]]],[[[-97.79592,38.43531],[-97.79568,38.4202],[-97.7773,38.42016],[-97.77755,38.43517],[-97.79592,38.43531],[-97.79565,38.44965],[-97.77723,38.44956],[-97.77699,38.46392],[-97.75863,38.46397],[-97.75884,38.42024],[-97.74042,38.42033],[-97.74041,38.39138],[-97.72198,38.39133],[-97.72214,38.36224],[-97.70366,38.36222],[-97.70354,38.4494],[-97.722,38.44942],[-97.72201,38.46382],[-97.75863,38.46397],[-97.75841,38.47834],[-97.68541,38.47815],[-97.68544,38.46384],[-97.64857,38.46386],[-97.64834,38.47844],[-97.62975,38.47822],[-97.62991,38.46375],[-97.57411,38.46402],[-97.57421,38.44932],[-97.53739,38.44953],[-97.53781,38.43501],[-97.57471,38.43484],[-97.57434,38.40554],[-97.59316,38.40581],[-97.59298,38.36225],[-97.61152,38.36234],[-97.61226,38.34001],[-97.61185,38.28961],[-97.63023,38.28979],[-97.63014,38.27529],[-97.64861,38.27535],[-97.6487,38.28987],[-97.66698,38.28976],[-97.66702,38.26056],[-97.6659,38.26058],[-97.66607,38.23186],[-97.68422,38.23197],[-97.68446,38.24659],[-97.70219,38.2465],[-97.7021,38.26066],[-97.74068,38.26056],[-97.74074,38.27512],[-97.75919,38.27518],[-97.75915,38.2606],[-97.75746,38.26061],[-97.7574,38.21732],[-97.77583,38.21734],[-97.77558,38.20281],[-97.79407,38.20273],[-97.79391,38.17365],[-97.77552,38.17367],[-97.77596,38.15933],[-97.75745,38.15938],[-97.75753,38.14482],[-97.81171,38.14457],[-97.81174,38.15913],[-97.83013,38.15923],[-97.82998,38.23196],[-97.84843,38.23197],[-97.84846,38.26055],[-97.85141,38.26055],[-97.8514,38.27506],[-97.81449,38.27512],[-97.81428,38.31894],[-97.83284,38.31874],[-97.83274,38.33328],[-97.77787,38.33334],[-97.77754,38.37671],[-97.79596,38.37667],[-97.79575,38.40552],[-97.83253,38.40601],[-97.8325,38.42057],[-97.8509,38.42054],[-97.85092,38.43526],[-97.79592,38.43531]]],[[[-97.6485,38.36225],[-97.64843,38.34774],[-97.62999,38.3478],[-97.62992,38.3623],[-97.6485,38.36225]]],[[[-97.66681,38.39105],[-97.66675,38.40559],[-97.68517,38.40563],[-97.68527,38.39114],[-97.66681,38.39105]]],[[[-97.59317,38.43477],[-97.5931,38.44932],[-97.61184,38.44946],[-97.61169,38.43482],[-97.59317,38.43477]]],[[[-101.3302,38.42352],[-101.3485,38.42344],[-101.34818,38.40895],[-101.38509,38.40892],[-101.38476,38.39437],[-101.44014,38.39415],[-101.43959,38.36515],[-101.40282,38.3652],[-101.40253,38.35072],[-101.45692,38.35047],[-101.45698,38.33597],[-101.47514,38.33604],[-101.47537,38.35043],[-101.49371,38.35035],[-101.4941,38.39394],[-101.47563,38.39403],[-101.47588,38.40853],[-101.40345,38.40882],[-101.40375,38.42333],[-101.42227,38.42326],[-101.42252,38.43773],[-101.44078,38.43761],[-101.44082,38.45225],[-101.45767,38.45224],[-101.45781,38.46649],[-101.42265,38.4667],[-101.42252,38.45226],[-101.38575,38.45235],[-101.3856,38.43788],[-101.33055,38.43802],[-101.3302,38.42352]]],[[[-98.86694,38.49235],[-98.86697,38.46328],[-98.88554,38.46326],[-98.8854,38.47776],[-98.94105,38.47791],[-98.94106,38.49237],[-98.86694,38.49235]]],[[[-99.01472,38.49296],[-99.01465,38.47848],[-99.03297,38.47861],[-99.03307,38.49309],[-99.01472,38.49296]]],[[[-99.3754,38.48079],[-99.38254,38.4806],[-99.38251,38.49541],[-99.36406,38.49539],[-99.36405,38.48091],[-99.3754,38.48079]]],[[[-99.01472,38.49296],[-99.01472,38.50749],[-98.99627,38.5074],[-98.99624,38.49285],[-99.01472,38.49296]]],[[[-99.03307,38.49309],[-99.07001,38.49341],[-99.06981,38.50791],[-99.03281,38.5076],[-99.03307,38.49309]]],[[[-99.19813,38.50838],[-99.19816,38.49389],[-99.21666,38.49392],[-99.21668,38.47939],[-99.30878,38.48031],[-99.30884,38.49484],[-99.25344,38.49435],[-99.25357,38.50893],[-99.19813,38.50838]]],[[[-101.7154,38.4732],[-101.71519,38.46585],[-101.73379,38.46569],[-101.73391,38.48039],[-101.71537,38.48042],[-101.7154,38.4732]]],[[[-99.10676,38.52268],[-99.10687,38.50815],[-99.12539,38.50828],[-99.12524,38.52278],[-99.10676,38.52268]]],[[[-99.19813,38.50838],[-99.19822,38.52305],[-99.1797,38.52296],[-99.17969,38.50822],[-99.19813,38.50838]]],[[[-101.67836,38.49481],[-101.6409,38.49486],[-101.64103,38.48034],[-101.60421,38.48065],[-101.60421,38.46602],[-101.67827,38.46575],[-101.67836,38.49481]]],[[[-98.73828,38.52893],[-98.73828,38.5217],[-98.75677,38.52172],[-98.75675,38.53619],[-98.73832,38.53622],[-98.73828,38.52893]]],[[[-98.6274,38.5365],[-98.62761,38.52189],[-98.6461,38.52198],[-98.64608,38.53646],[-98.6274,38.5365]]],[[[-98.40645,38.53638],[-98.40656,38.52189],[-98.425,38.52183],[-98.42488,38.53636],[-98.40645,38.53638]]],[[[-99.19822,38.52305],[-99.21686,38.52317],[-99.21696,38.53776],[-99.19842,38.53765],[-99.19822,38.52305]]],[[[-98.25035,38.46411],[-98.25713,38.46402],[-98.25708,38.53667],[-98.23857,38.53668],[-98.23847,38.46422],[-98.25035,38.46411]]],[[[-99.25357,38.50893],[-99.30919,38.50935],[-99.30969,38.53876],[-99.23544,38.5379],[-99.23526,38.5233],[-99.25378,38.52347],[-99.25357,38.50893]]],[[[-101.67836,38.49481],[-101.69713,38.49491],[-101.69709,38.50941],[-101.67842,38.50932],[-101.67836,38.49481]]],[[[-98.68297,38.53635],[-98.70126,38.53616],[-98.70134,38.55071],[-98.68287,38.55082],[-98.68297,38.53635]]],[[[-98.29415,38.56551],[-98.27556,38.56522],[-98.2757,38.50749],[-98.29418,38.50737],[-98.29415,38.56551]]],[[[-102.01142,38.50003],[-102.01138,38.49451],[-102.0451,38.49428],[-102.04497,38.53831],[-102.03024,38.53818],[-102.03004,38.52359],[-102.01155,38.52353],[-102.01142,38.50003]]],[[[-98.73853,38.56525],[-98.73823,38.55071],[-98.75671,38.55074],[-98.75711,38.57971],[-98.73854,38.57972],[-98.73853,38.56525]]],[[[-98.29415,38.56551],[-98.33124,38.56539],[-98.33142,38.57989],[-98.29413,38.58005],[-98.29415,38.56551]]],[[[-100.9632,38.56077],[-100.9632,38.55471],[-100.98124,38.55474],[-100.98133,38.56919],[-100.96304,38.56923],[-100.9632,38.56077]]],[[[-101.95663,38.55272],[-101.938,38.55274],[-101.93791,38.53829],[-101.90106,38.53833],[-101.901,38.5238],[-101.9564,38.52373],[-101.95663,38.55272]]],[[[-101.01773,38.57652],[-101.0177,38.56916],[-101.03583,38.56913],[-101.036,38.58361],[-101.01779,38.58361],[-101.01773,38.57652]]],[[[-98.40645,38.53638],[-98.40628,38.55091],[-98.42464,38.55093],[-98.4249,38.59442],[-98.40644,38.59435],[-98.40638,38.60877],[-98.35001,38.60865],[-98.34993,38.5652],[-98.36939,38.56524],[-98.36941,38.57974],[-98.40637,38.57999],[-98.40608,38.56549],[-98.38777,38.56535],[-98.38801,38.53648],[-98.40645,38.53638]]],[[[-101.20168,38.59106],[-101.20161,38.58372],[-101.2204,38.58377],[-101.2205,38.59847],[-101.20188,38.5984],[-101.20168,38.59106]]],[[[-101.95663,38.55272],[-101.97521,38.55268],[-101.97529,38.53825],[-101.99355,38.53827],[-101.99376,38.55263],[-102.045,38.5527],[-102.04508,38.59615],[-102.03038,38.59621],[-102.03036,38.58177],[-101.99383,38.5816],[-101.99376,38.5672],[-101.95673,38.56725],[-101.95663,38.55272]]],[[[-100.90755,38.62731],[-100.90751,38.59835],[-100.92598,38.59829],[-100.92575,38.6271],[-100.90755,38.62731]]],[[[-100.61386,38.64227],[-100.61402,38.62778],[-100.63235,38.62766],[-100.63255,38.64223],[-100.61386,38.64227]]],[[[-100.92575,38.6271],[-100.94408,38.62713],[-100.94435,38.64148],[-100.92599,38.64151],[-100.92575,38.6271]]],[[[-100.37701,38.64034],[-100.37678,38.65496],[-100.35839,38.65469],[-100.3585,38.64021],[-100.37701,38.64034]]],[[[-100.37701,38.64034],[-100.37724,38.62581],[-100.28551,38.62491],[-100.28485,38.59621],[-100.32208,38.59636],[-100.32257,38.61086],[-100.34116,38.61103],[-100.34068,38.59649],[-100.32208,38.59636],[-100.32164,38.58181],[-100.28468,38.58158],[-100.28459,38.56727],[-100.30312,38.56744],[-100.30297,38.55297],[-100.2846,38.55287],[-100.28446,38.53821],[-100.24766,38.53777],[-100.24757,38.5233],[-100.35752,38.52447],[-100.35799,38.539],[-100.39483,38.53931],[-100.39449,38.52488],[-100.4313,38.52533],[-100.43112,38.51083],[-100.3943,38.51037],[-100.39449,38.52488],[-100.37617,38.52468],[-100.37591,38.51024],[-100.28406,38.50928],[-100.28364,38.49481],[-100.22917,38.49445],[-100.22898,38.47988],[-100.21065,38.47985],[-100.21094,38.49432],[-100.17408,38.49406],[-100.17434,38.52319],[-100.15583,38.52329],[-100.15512,38.47955],[-100.17369,38.47946],[-100.17331,38.46493],[-100.22868,38.46531],[-100.22836,38.45076],[-100.24654,38.45076],[-100.24673,38.46531],[-100.33899,38.46626],[-100.33903,38.4806],[-100.35696,38.48093],[-100.35687,38.4664],[-100.37525,38.46662],[-100.37494,38.4376],[-100.39314,38.43783],[-100.39292,38.42314],[-100.42969,38.42358],[-100.42933,38.40899],[-100.4477,38.40913],[-100.44756,38.3946],[-100.53924,38.39466],[-100.53936,38.38014],[-100.59384,38.38025],[-100.5936,38.36553],[-100.74064,38.36654],[-100.74052,38.38098],[-100.8325,38.38109],[-100.83274,38.39571],[-100.85123,38.39556],[-100.85094,38.38111],[-100.86921,38.38125],[-100.86913,38.35211],[-100.88743,38.35207],[-100.88728,38.33756],[-100.92402,38.3373],[-100.9242,38.35189],[-100.94266,38.35168],[-100.94285,38.3662],[-100.96128,38.3662],[-100.9614,38.38068],[-101.01675,38.38069],[-101.01653,38.35172],[-101.035,38.35161],[-101.03473,38.3372],[-101.01636,38.33724],[-101.01609,38.32263],[-100.99777,38.32255],[-100.9969,38.2793],[-100.97858,38.27942],[-100.97832,38.26498],[-100.97591,38.26499],[-100.97575,38.23601],[-100.95729,38.23589],[-100.95748,38.25053],[-100.90201,38.25061],[-100.90207,38.23613],[-100.92048,38.23616],[-100.92044,38.2217],[-100.97567,38.22145],[-100.9756,38.2069],[-101.03038,38.20694],[-101.03048,38.23582],[-101.06723,38.23584],[-101.06712,38.26466],[-101.07033,38.26468],[-101.07064,38.27922],[-101.05224,38.27924],[-101.05305,38.32266],[-101.1263,38.32254],[-101.12671,38.35165],[-101.20051,38.35134],[-101.20076,38.36586],[-101.18234,38.3659],[-101.18264,38.38037],[-101.20105,38.38022],[-101.20076,38.36586],[-101.23723,38.36573],[-101.2371,38.35132],[-101.25544,38.35126],[-101.2557,38.3657],[-101.27403,38.36563],[-101.27431,38.38024],[-101.23741,38.38027],[-101.23774,38.39474],[-101.27449,38.39473],[-101.27431,38.38024],[-101.29281,38.38015],[-101.29321,38.40917],[-101.31172,38.40902],[-101.31141,38.39451],[-101.3479,38.39443],[-101.34818,38.40895],[-101.33016,38.40897],[-101.3302,38.42352],[-101.29339,38.42367],[-101.29376,38.48169],[-101.23845,38.48182],[-101.23834,38.46732],[-101.22021,38.46738],[-101.22019,38.45294],[-101.16479,38.45314],[-101.16476,38.4386],[-101.2384,38.43836],[-101.23786,38.40937],[-101.2015,38.40928],[-101.20125,38.39475],[-101.16437,38.39486],[-101.16418,38.38029],[-101.12726,38.38059],[-101.12697,38.36611],[-101.07187,38.36609],[-101.07186,38.35147],[-101.05333,38.35166],[-101.05361,38.3662],[-101.03523,38.36624],[-101.03545,38.38073],[-101.05371,38.38072],[-101.05413,38.39526],[-101.10958,38.39519],[-101.10973,38.40978],[-101.12764,38.40962],[-101.12781,38.42419],[-101.09134,38.42418],[-101.09131,38.40975],[-101.07278,38.4098],[-101.07274,38.42429],[-101.03569,38.42437],[-101.03578,38.43904],[-101.01721,38.43901],[-101.0172,38.45345],[-100.98059,38.45326],[-100.98058,38.46774],[-100.9623,38.46768],[-100.96248,38.48212],[-100.94398,38.4822],[-100.94383,38.45322],[-100.88851,38.4535],[-100.88874,38.46804],[-100.87006,38.46815],[-100.86995,38.45358],[-100.75949,38.45378],[-100.75964,38.46837],[-100.77797,38.46846],[-100.77851,38.49749],[-100.76015,38.49748],[-100.76029,38.51193],[-100.74187,38.51188],[-100.74198,38.52636],[-100.68676,38.52616],[-100.68688,38.54061],[-100.63191,38.54045],[-100.63201,38.55499],[-100.50484,38.55453],[-100.50495,38.56945],[-100.5235,38.5692],[-100.52367,38.58393],[-100.4509,38.58337],[-100.45071,38.56878],[-100.43218,38.5686],[-100.43215,38.55417],[-100.35815,38.55336],[-100.35843,38.56779],[-100.34002,38.56755],[-100.3401,38.58198],[-100.35871,38.58231],[-100.35877,38.5968],[-100.37722,38.59683],[-100.37745,38.61141],[-100.3958,38.61167],[-100.39565,38.62597],[-100.43249,38.62623],[-100.4325,38.64075],[-100.54273,38.64244],[-100.54218,38.65664],[-100.50485,38.65647],[-100.41385,38.6552],[-100.41402,38.64062],[-100.37701,38.64034]]],[[[-100.41207,38.46723],[-100.39374,38.46688],[-100.39382,38.48154],[-100.41225,38.48188],[-100.41207,38.46723]]],[[[-100.5955,38.65659],[-100.59541,38.64229],[-100.61386,38.64227],[-100.61385,38.65674],[-100.5955,38.65659]]],[[[-100.63255,38.64223],[-100.65128,38.64225],[-100.65137,38.65674],[-100.63257,38.65671],[-100.63255,38.64223]]],[[[-100.68764,38.64242],[-100.68782,38.65686],[-100.66978,38.65683],[-100.66983,38.64235],[-100.68764,38.64242]]],[[[-100.90755,38.62731],[-100.9078,38.65613],[-100.88994,38.65652],[-100.88959,38.6275],[-100.90755,38.62731]]],[[[-100.54273,38.64244],[-100.54295,38.61368],[-100.56009,38.61331],[-100.55989,38.62775],[-100.57699,38.62748],[-100.57717,38.65655],[-100.5955,38.65659],[-100.59566,38.67115],[-100.5597,38.67102],[-100.55969,38.64211],[-100.54273,38.64244]]],[[[-99.8805,38.68258],[-99.8622,38.68279],[-99.86283,38.65377],[-99.88128,38.65362],[-99.8805,38.68258]]],[[[-100.77985,38.68544],[-100.78004,38.67145],[-100.81607,38.67129],[-100.81619,38.68563],[-100.77985,38.68544]]],[[[-100.92644,38.68473],[-100.92626,38.67032],[-100.9632,38.67038],[-100.96332,38.68476],[-100.92644,38.68473]]],[[[-100.68782,38.65686],[-100.70627,38.65691],[-100.70637,38.64246],[-100.68764,38.64242],[-100.68749,38.62791],[-100.70599,38.62803],[-100.70594,38.61347],[-100.72426,38.61345],[-100.72462,38.67154],[-100.76153,38.67147],[-100.76135,38.68584],[-100.72481,38.68601],[-100.72517,38.70014],[-100.70665,38.70015],[-100.70625,38.67151],[-100.68798,38.67144],[-100.68782,38.65686]]],[[[-99.8805,38.68258],[-99.89901,38.68246],[-99.89978,38.65351],[-99.91774,38.6534],[-99.91815,38.63886],[-99.93685,38.63866],[-99.93697,38.6242],[-99.88193,38.62479],[-99.88231,38.61027],[-99.99264,38.60913],[-99.99263,38.62361],[-100.01111,38.62347],[-100.01113,38.60895],[-100.02908,38.60939],[-100.02869,38.62385],[-100.06593,38.62407],[-100.0655,38.63837],[-100.12099,38.63907],[-100.12143,38.6247],[-100.1377,38.6246],[-100.13789,38.61006],[-100.17489,38.61019],[-100.17485,38.59565],[-100.21171,38.59595],[-100.21198,38.61028],[-100.23053,38.61031],[-100.22908,38.68296],[-100.21053,38.6831],[-100.20986,38.69783],[-100.19137,38.69774],[-100.19197,38.68288],[-100.1549,38.68271],[-100.15536,38.66815],[-100.19265,38.66818],[-100.19286,38.65367],[-100.10218,38.65354],[-100.10222,38.66807],[-100.08367,38.66778],[-100.08267,38.69668],[-100.064,38.69653],[-100.06441,38.68201],[-100.0459,38.68167],[-100.04668,38.65265],[-100.01052,38.65248],[-100.00984,38.667],[-99.95471,38.66772],[-99.95507,38.6531],[-99.93639,38.65327],[-99.9356,38.68242],[-99.91703,38.68243],[-99.91701,38.69637],[-99.91343,38.69637],[-99.91317,38.71093],[-99.87611,38.71098],[-99.8763,38.69647],[-99.88029,38.69644],[-99.8805,38.68258]]],[[[-101.00015,38.69219],[-101.00019,38.68518],[-101.01785,38.6851],[-101.01805,38.69961],[-101.00033,38.69951],[-101.00015,38.69219]]],[[[-101.05511,38.69236],[-101.05501,38.68509],[-101.0734,38.68501],[-101.07356,38.70018],[-101.05509,38.69994],[-101.05511,38.69236]]],[[[-100.94746,38.71348],[-100.94763,38.69893],[-100.98457,38.69934],[-100.98451,38.71379],[-100.94746,38.71348]]],[[[-101.20612,38.71591],[-101.16912,38.71558],[-101.16926,38.70106],[-101.16565,38.70099],[-101.16543,38.68559],[-101.18383,38.68565],[-101.18374,38.70099],[-101.20638,38.70152],[-101.20612,38.71591]]],[[[-100.85515,38.7284],[-100.81863,38.72889],[-100.81877,38.71442],[-100.83706,38.71403],[-100.83689,38.69963],[-100.85527,38.69945],[-100.85515,38.7284]]],[[[-100.87357,38.72824],[-100.87371,38.71381],[-100.91066,38.71351],[-100.9105,38.72784],[-100.87357,38.72824]]],[[[-100.85515,38.7284],[-100.87357,38.72824],[-100.87361,38.74271],[-100.85513,38.74284],[-100.85515,38.7284]]],[[[-101.1506,38.74443],[-101.13196,38.74422],[-101.13214,38.72942],[-101.15073,38.72962],[-101.1506,38.74443]]],[[[-101.16892,38.74457],[-101.169,38.73007],[-101.20584,38.73041],[-101.20651,38.72314],[-101.20612,38.71591],[-101.22473,38.71591],[-101.22484,38.70152],[-101.33594,38.70114],[-101.33605,38.71594],[-101.2618,38.71594],[-101.26172,38.73056],[-101.2246,38.73058],[-101.2245,38.74502],[-101.16892,38.74457]]],[[[-101.1506,38.74443],[-101.16892,38.74457],[-101.16885,38.75895],[-101.15028,38.75874],[-101.1506,38.74443]]],[[[-101.22439,38.77369],[-101.22449,38.75941],[-101.24281,38.75948],[-101.24294,38.77401],[-101.22439,38.77369]]],[[[-101.46443,38.77264],[-101.51998,38.77236],[-101.51994,38.78702],[-101.4643,38.78732],[-101.46443,38.77264]]],[[[-101.42717,38.78762],[-101.44568,38.78746],[-101.44551,38.8021],[-101.42702,38.80214],[-101.42717,38.78762]]],[[[-101.63072,38.84441],[-101.63078,38.82968],[-101.649,38.82966],[-101.64828,38.84426],[-101.63072,38.84441]]],[[[-99.7991,38.88512],[-99.72477,38.88551],[-99.72479,38.87094],[-99.79914,38.87059],[-99.7991,38.88512]]],[[[-101.68545,38.85845],[-101.66687,38.8586],[-101.66778,38.81511],[-101.68624,38.81495],[-101.68593,38.82955],[-101.70499,38.82941],[-101.70464,38.84389],[-101.68563,38.84392],[-101.68545,38.85845]]],[[[-101.68545,38.85845],[-101.76019,38.85829],[-101.76009,38.87264],[-101.68536,38.87293],[-101.68545,38.85845]]],[[[-101.79707,38.87221],[-101.7973,38.85791],[-101.81545,38.85761],[-101.81562,38.84321],[-101.8341,38.84321],[-101.8338,38.87206],[-101.79707,38.87221]]],[[[-100.88932,38.93083],[-100.88964,38.91627],[-100.92608,38.91607],[-100.92589,38.93058],[-100.88932,38.93083]]],[[[-101.98158,38.91561],[-101.92584,38.9157],[-101.92566,38.93014],[-101.90732,38.93017],[-101.9076,38.90122],[-101.98167,38.901],[-101.98158,38.91561]]],[[[-101.98158,38.91561],[-102.00009,38.91548],[-102.00001,38.92993],[-101.98148,38.93004],[-101.98158,38.91561]]],[[[-100.07579,38.95806],[-100.09435,38.95821],[-100.09385,38.97269],[-100.07531,38.97255],[-100.07579,38.95806]]],[[[-100.11257,38.96558],[-100.11288,38.95827],[-100.15015,38.95837],[-100.14997,38.97279],[-100.1123,38.97278],[-100.11257,38.96558]]],[[[-101.96275,38.94467],[-101.94424,38.94463],[-101.94444,38.93008],[-101.96292,38.93],[-101.96275,38.94467]]],[[[-99.7991,38.88512],[-99.81764,38.88503],[-99.81753,38.89954],[-99.85427,38.89939],[-99.85436,38.88507],[-99.87306,38.8849],[-99.87291,38.91399],[-99.89172,38.91382],[-99.89172,38.89929],[-99.92836,38.89946],[-99.92817,38.91399],[-99.96506,38.91394],[-99.96494,38.94294],[-100.03884,38.94315],[-100.03904,38.92853],[-100.0576,38.9286],[-100.05741,38.94313],[-100.07595,38.94323],[-100.07579,38.95806],[-100.05717,38.95798],[-100.0568,38.97254],[-100.00197,38.97217],[-100.00182,38.98666],[-99.98331,38.98672],[-99.98345,38.9722],[-99.8907,38.9719],[-99.89111,38.95754],[-99.85403,38.95753],[-99.8542,38.94289],[-99.87262,38.94308],[-99.87274,38.92852],[-99.81722,38.9286],[-99.81739,38.91404],[-99.79877,38.91414],[-99.7991,38.88512]]],[[[-99.89877,38.94285],[-99.90989,38.9428],[-99.91023,38.92833],[-99.89171,38.92849],[-99.89145,38.94288],[-99.89877,38.94285]]],[[[-99.92796,38.93451],[-99.9279,38.94302],[-99.94647,38.94294],[-99.94654,38.92839],[-99.92803,38.92854],[-99.92796,38.93451]]],[[[-101.88829,38.95925],[-101.88883,38.94467],[-101.90715,38.94467],[-101.90696,38.95921],[-101.88829,38.95925]]],[[[-101.96275,38.94467],[-101.98132,38.94465],[-101.98102,38.95926],[-101.96259,38.9592],[-101.96275,38.94467]]],[[[-101.09145,39.00359],[-101.07307,39.0035],[-101.07321,38.98907],[-101.03611,38.98888],[-101.03626,38.97431],[-101.09185,38.97483],[-101.09145,39.00359]]],[[[-100.9619,39.01758],[-100.96205,39.00317],[-100.92491,39.00285],[-100.92473,39.01742],[-100.90652,39.01767],[-100.90681,39.00311],[-100.85115,39.00365],[-100.85116,38.9892],[-100.74082,38.98987],[-100.7411,38.97534],[-100.64878,38.97511],[-100.64903,38.9606],[-100.63043,38.96054],[-100.63074,38.94601],[-100.70441,38.9463],[-100.70487,38.93182],[-100.61198,38.93138],[-100.6121,38.91701],[-100.63096,38.91704],[-100.63081,38.90257],[-100.61225,38.9026],[-100.6121,38.91701],[-100.59346,38.91698],[-100.59395,38.88794],[-100.64947,38.88815],[-100.64962,38.90259],[-100.66835,38.90259],[-100.66829,38.91712],[-100.77919,38.91724],[-100.77886,38.93155],[-100.8707,38.931],[-100.87039,38.94563],[-100.94418,38.94506],[-100.94391,38.95955],[-100.90744,38.95962],[-100.90708,38.97426],[-100.94372,38.9739],[-100.94391,38.95955],[-100.96248,38.95967],[-100.96218,38.98856],[-100.9808,38.98863],[-100.98063,39.00313],[-100.99925,39.00325],[-100.99918,39.01768],[-100.9619,39.01758]]],[[[-100.86993,38.97462],[-100.87017,38.96002],[-100.83294,38.96037],[-100.83323,38.94588],[-100.74148,38.94629],[-100.74109,38.96078],[-100.81434,38.96047],[-100.81416,38.97495],[-100.86993,38.97462]]],[[[-101.09145,39.00359],[-101.14705,39.00392],[-101.14693,39.01843],[-101.09145,39.01815],[-101.09145,39.00359]]],[[[-101.55405,39.00446],[-101.554,39.01892],[-101.53533,39.01905],[-101.5355,39.00454],[-101.55405,39.00446]]],[[[-101.55405,39.00446],[-101.55421,38.99009],[-101.5911,38.98972],[-101.59067,39.01873],[-101.57256,39.01891],[-101.57261,39.00433],[-101.55405,39.00446]]],[[[-101.59067,39.01873],[-101.60891,39.01856],[-101.6088,39.03309],[-101.59051,39.03324],[-101.59067,39.01873]]],[[[-99.63037,39.05907],[-99.63011,39.07356],[-99.61149,39.07342],[-99.61182,39.05895],[-99.63037,39.05907]]],[[[-101.51576,39.0484],[-101.47923,39.04867],[-101.47942,39.03408],[-101.53523,39.03362],[-101.53506,39.04816],[-101.51576,39.0484]]],[[[-101.94254,39.04603],[-101.9428,39.03174],[-101.96123,39.03171],[-101.96101,39.04602],[-101.94254,39.04603]]],[[[-101.14618,39.07602],[-101.16473,39.07626],[-101.1645,39.09082],[-101.14595,39.09054],[-101.14618,39.07602]]],[[[-100.6651,39.09044],[-100.70158,39.0906],[-100.70142,39.10437],[-100.66482,39.10438],[-100.6651,39.09044]]],[[[-101.4421,39.08931],[-101.44225,39.07781],[-101.46089,39.07768],[-101.46055,39.09229],[-101.44206,39.09233],[-101.4421,39.08931]]],[[[-101.57201,39.08041],[-101.57207,39.07693],[-101.58986,39.07674],[-101.58972,39.09118],[-101.57192,39.09126],[-101.57201,39.08041]]],[[[-100.85011,39.0759],[-100.90574,39.07551],[-100.90536,39.10463],[-100.86816,39.1047],[-100.86845,39.0902],[-100.84986,39.0904],[-100.85011,39.0759]]],[[[-101.84967,39.08962],[-101.84983,39.07524],[-101.88683,39.07537],[-101.88712,39.06075],[-101.92395,39.06065],[-101.92356,39.07503],[-101.90548,39.07528],[-101.90533,39.08966],[-101.84967,39.08962]]],[[[-101.97892,39.0894],[-101.97888,39.07494],[-101.94217,39.07502],[-101.94236,39.06056],[-101.97889,39.06038],[-101.9795,39.04604],[-101.99809,39.04599],[-101.99792,39.0603],[-102.0165,39.06042],[-102.0164,39.07485],[-101.99778,39.07475],[-101.99768,39.08944],[-101.97892,39.0894]]],[[[-100.70142,39.10437],[-100.71997,39.10446],[-100.71959,39.11898],[-100.70111,39.11883],[-100.70142,39.10437]]],[[[-101.42346,39.10703],[-101.40468,39.10714],[-101.40438,39.1217],[-101.3859,39.12179],[-101.38584,39.10732],[-101.36725,39.10747],[-101.36755,39.09298],[-101.42351,39.09247],[-101.42346,39.10703]]],[[[-101.42346,39.10703],[-101.44186,39.10696],[-101.44165,39.12146],[-101.42331,39.12157],[-101.42346,39.10703]]],[[[-101.4604,39.12139],[-101.46046,39.10687],[-101.55288,39.10602],[-101.55273,39.12058],[-101.4604,39.12139]]],[[[-101.81223,39.1045],[-101.83061,39.10421],[-101.8306,39.1187],[-101.81203,39.11867],[-101.81223,39.1045]]],[[[-101.44165,39.12146],[-101.4604,39.12139],[-101.46032,39.13482],[-101.44137,39.1348],[-101.44165,39.12146]]],[[[-100.08937,39.16097],[-100.07071,39.1609],[-100.07067,39.14639],[-100.08937,39.14626],[-100.08937,39.16097]]],[[[-101.73774,39.12501],[-101.73786,39.11944],[-101.77506,39.11902],[-101.77504,39.1335],[-101.73746,39.13361],[-101.73774,39.12501]]],[[[-100.29396,39.14742],[-100.31261,39.14736],[-100.31259,39.16181],[-100.29389,39.1618],[-100.29396,39.14742]]],[[[-100.31261,39.14736],[-100.31253,39.13295],[-100.29389,39.13287],[-100.29396,39.14742],[-100.27544,39.14719],[-100.27523,39.13282],[-100.20321,39.13219],[-100.20395,39.11798],[-100.18533,39.11772],[-100.18542,39.10339],[-100.12984,39.10338],[-100.13018,39.08883],[-100.14841,39.0888],[-100.14852,39.07448],[-100.13021,39.07437],[-100.13012,39.0599],[-100.11102,39.05979],[-100.11068,39.07412],[-100.09185,39.07417],[-100.09197,39.08867],[-100.07311,39.08857],[-100.07388,39.05957],[-100.03653,39.05931],[-100.03689,39.04474],[-100.00132,39.04483],[-100.00146,39.03023],[-99.94564,39.03033],[-99.94538,39.04472],[-99.98251,39.04475],[-99.98218,39.05928],[-100.03653,39.05931],[-100.03622,39.0738],[-100.00061,39.07385],[-100.00013,39.08849],[-99.92582,39.08811],[-99.92616,39.07356],[-99.94472,39.07369],[-99.94498,39.05924],[-99.90782,39.0591],[-99.9081,39.04464],[-99.89,39.04466],[-99.88928,39.05945],[-99.79734,39.05915],[-99.7969,39.07372],[-99.77809,39.07392],[-99.77864,39.0593],[-99.68627,39.05951],[-99.68608,39.07399],[-99.66721,39.07384],[-99.66747,39.05943],[-99.63037,39.05907],[-99.63061,39.0446],[-99.61203,39.04448],[-99.61222,39.02978],[-99.55718,39.03016],[-99.55777,39.00103],[-99.59406,39.00087],[-99.59389,39.01533],[-99.6125,39.0153],[-99.61268,39.00076],[-99.63138,39.00082],[-99.63106,39.01536],[-99.6683,39.01571],[-99.66809,39.03023],[-99.70471,39.03058],[-99.70498,39.01615],[-99.76029,39.0154],[-99.76049,39.0005],[-99.72342,39.00018],[-99.72355,38.98578],[-99.74223,38.98596],[-99.74273,38.97139],[-99.81672,38.97203],[-99.81654,38.98653],[-99.85369,38.98655],[-99.85326,39.00105],[-99.87177,39.00095],[-99.87241,38.9866],[-99.89024,38.98641],[-99.89,39.00091],[-100.14938,39.00186],[-100.14917,39.0164],[-100.20492,39.01632],[-100.20466,39.03087],[-100.24181,39.03114],[-100.24173,39.04572],[-100.26009,39.04582],[-100.26025,39.03132],[-100.28915,39.03134],[-100.29748,39.03144],[-100.29713,39.04605],[-100.37122,39.04648],[-100.37141,39.03203],[-100.31607,39.03171],[-100.3163,39.01745],[-100.22343,39.0164],[-100.22353,39.00194],[-100.20502,39.00188],[-100.20523,38.98747],[-100.16811,38.98723],[-100.16844,38.97274],[-100.224,38.97304],[-100.22384,38.98751],[-100.27923,38.98804],[-100.27927,38.97355],[-100.30778,38.97391],[-100.31629,38.97411],[-100.31622,38.9885],[-100.35325,38.98883],[-100.35327,39.00324],[-100.37158,39.00319],[-100.37151,39.01764],[-100.46417,39.0172],[-100.46427,39.00274],[-100.44578,39.00292],[-100.44581,38.98843],[-100.48204,38.98834],[-100.48206,39.00272],[-100.51903,39.00296],[-100.51889,39.01721],[-100.53734,39.01759],[-100.53764,39.00314],[-100.57455,39.00364],[-100.57427,39.0181],[-100.62947,39.01855],[-100.62931,39.03312],[-100.66632,39.03315],[-100.66606,39.04765],[-100.70237,39.04769],[-100.70202,39.06188],[-100.72091,39.06175],[-100.72113,39.04765],[-100.70237,39.04769],[-100.70264,39.03312],[-100.66632,39.03315],[-100.66649,39.01872],[-100.62947,39.01855],[-100.6296,39.00417],[-100.61108,39.00413],[-100.61129,38.98966],[-100.62543,38.98962],[-100.64834,38.98964],[-100.64816,39.00421],[-100.79581,39.00405],[-100.7957,39.01845],[-100.90652,39.01767],[-100.90638,39.0321],[-100.92451,39.03195],[-100.92427,39.04631],[-100.94293,39.04636],[-100.94312,39.0319],[-100.92451,39.03195],[-100.92473,39.01742],[-100.9619,39.01758],[-100.96172,39.03198],[-100.98039,39.03205],[-100.98017,39.04653],[-101.01709,39.04671],[-101.01692,39.06118],[-101.1464,39.06152],[-101.14618,39.07602],[-101.12821,39.07596],[-101.12805,39.09051],[-101.03496,39.09012],[-101.03523,39.07571],[-100.97976,39.07563],[-100.97997,39.06119],[-100.90589,39.06123],[-100.90609,39.04648],[-100.86921,39.04687],[-100.86902,39.06147],[-100.85036,39.06158],[-100.85011,39.0759],[-100.83144,39.0761],[-100.83104,39.10494],[-100.81244,39.10502],[-100.81267,39.09062],[-100.72028,39.09064],[-100.72059,39.07618],[-100.68392,39.07632],[-100.6842,39.06203],[-100.64715,39.06211],[-100.64748,39.04762],[-100.59158,39.04746],[-100.59197,39.03293],[-100.5555,39.03231],[-100.55605,39.04692],[-100.57444,39.0472],[-100.5738,39.07589],[-100.66542,39.07639],[-100.6651,39.09044],[-100.62807,39.09014],[-100.62758,39.10442],[-100.60903,39.10437],[-100.60943,39.09003],[-100.55499,39.08993],[-100.5552,39.07586],[-100.51792,39.07568],[-100.51745,39.08969],[-100.53617,39.08986],[-100.53461,39.13317],[-100.57233,39.13318],[-100.57248,39.14765],[-100.53539,39.14763],[-100.5167,39.14756],[-100.51656,39.13316],[-100.46111,39.13312],[-100.46095,39.11872],[-100.49807,39.11883],[-100.49848,39.10425],[-100.46177,39.10428],[-100.46252,39.08977],[-100.40737,39.08987],[-100.40784,39.07538],[-100.35276,39.07543],[-100.35289,39.06096],[-100.29698,39.06054],[-100.29674,39.07513],[-100.25953,39.07476],[-100.25983,39.06029],[-100.18614,39.06005],[-100.18583,39.07453],[-100.20441,39.0746],[-100.20429,39.10347],[-100.24099,39.10356],[-100.24072,39.11806],[-100.26813,39.11843],[-100.2774,39.11849],[-100.27763,39.10397],[-100.29622,39.10413],[-100.2958,39.11872],[-100.3144,39.11875],[-100.31384,39.13295],[-100.34992,39.1331],[-100.34977,39.14758],[-100.38687,39.14761],[-100.38681,39.13305],[-100.40577,39.13319],[-100.40611,39.11882],[-100.42449,39.11883],[-100.42422,39.13316],[-100.46111,39.13312],[-100.46125,39.1476],[-100.40541,39.14754],[-100.40546,39.16203],[-100.33126,39.16191],[-100.33127,39.14741],[-100.31261,39.14736]]],[[[-100.50006,39.05363],[-100.49984,39.06086],[-100.53712,39.06112],[-100.53743,39.04661],[-100.50029,39.04632],[-100.50006,39.05363]]],[[[-100.8214,39.06171],[-100.83173,39.06162],[-100.83194,39.04719],[-100.81335,39.04729],[-100.81352,39.03279],[-100.75834,39.03311],[-100.75821,39.04761],[-100.77688,39.0475],[-100.77664,39.06169],[-100.8214,39.06171]]],[[[-99.87135,39.01553],[-99.85294,39.01555],[-99.85275,39.04465],[-99.87118,39.04465],[-99.87135,39.01553]]],[[[-101.46633,39.14201],[-101.46691,39.13487],[-101.52213,39.13465],[-101.52224,39.14921],[-101.4662,39.1491],[-101.46633,39.14201]]],[[[-100.08937,39.16097],[-100.14552,39.16083],[-100.14542,39.17537],[-100.08932,39.1753],[-100.08937,39.16097]]],[[[-102.02513,39.14771],[-102.02528,39.13321],[-102.04399,39.13316],[-102.04384,39.14764],[-102.02513,39.14771]]],[[[-101.93198,39.16231],[-101.93213,39.1478],[-101.95064,39.14773],[-101.95051,39.16233],[-101.93198,39.16231]]],[[[-99.28891,39.17616],[-99.30767,39.1761],[-99.30772,39.19062],[-99.32638,39.19069],[-99.32632,39.20527],[-99.28898,39.20524],[-99.28891,39.17616]]],[[[-100.85164,39.18407],[-100.85184,39.17697],[-100.87045,39.17673],[-100.86993,39.19128],[-100.85146,39.19133],[-100.85164,39.18407]]],[[[-100.59148,39.17661],[-100.73994,39.17678],[-100.73986,39.16231],[-100.70279,39.16228],[-100.70271,39.14788],[-100.73982,39.1479],[-100.73981,39.13346],[-100.85173,39.13326],[-100.85175,39.14773],[-100.88904,39.14786],[-100.88907,39.16225],[-100.81455,39.1623],[-100.81466,39.17686],[-100.75846,39.17677],[-100.75854,39.1912],[-100.7772,39.1912],[-100.77731,39.20569],[-100.74014,39.20567],[-100.74002,39.1912],[-100.68437,39.19122],[-100.68442,39.20567],[-100.66581,39.20557],[-100.66574,39.1911],[-100.62837,39.19102],[-100.62853,39.2055],[-100.61002,39.20547],[-100.60995,39.19101],[-100.59157,39.19107],[-100.59148,39.17661]]],[[[-99.38209,39.22015],[-99.36349,39.22017],[-99.3634,39.20551],[-99.38206,39.20567],[-99.38209,39.22015]]],[[[-101.2051,39.20716],[-101.20513,39.19271],[-101.26123,39.19326],[-101.26125,39.20766],[-101.2051,39.20716]]],[[[-99.38209,39.22015],[-99.40078,39.22004],[-99.40064,39.2344],[-99.38204,39.23448],[-99.38209,39.22015]]],[[[-101.93198,39.16231],[-101.93182,39.17684],[-101.91327,39.17681],[-101.91309,39.19137],[-101.80141,39.19118],[-101.8011,39.20583],[-101.68943,39.20629],[-101.68935,39.19186],[-101.67098,39.19205],[-101.671,39.16298],[-101.68923,39.16286],[-101.68952,39.17739],[-101.70811,39.17728],[-101.70825,39.19177],[-101.74534,39.19154],[-101.74548,39.17698],[-101.87586,39.1768],[-101.87601,39.16228],[-101.93198,39.16231]]],[[[-99.56849,39.24929],[-99.54977,39.2493],[-99.54978,39.2345],[-99.56839,39.2346],[-99.56849,39.24929]]],[[[-99.64253,39.24905],[-99.64257,39.23444],[-99.66122,39.23438],[-99.66133,39.2489],[-99.64253,39.24905]]],[[[-99.69865,39.24882],[-99.67986,39.24883],[-99.67998,39.23428],[-99.69863,39.23422],[-99.69865,39.24882]]],[[[-99.56849,39.24929],[-99.58699,39.24919],[-99.58698,39.26392],[-99.56833,39.26392],[-99.56849,39.24929]]],[[[-100.59144,39.26341],[-100.62828,39.26335],[-100.6281,39.27788],[-100.59126,39.27796],[-100.59144,39.26341]]],[[[-100.36808,39.29212],[-100.36822,39.27777],[-100.38657,39.27775],[-100.3863,39.2923],[-100.36808,39.29212]]],[[[-100.44198,39.29259],[-100.44219,39.27804],[-100.4608,39.27797],[-100.46058,39.2924],[-100.44198,39.29259]]],[[[-100.62828,39.26335],[-100.62841,39.24893],[-100.72133,39.24909],[-100.7213,39.26357],[-100.74009,39.26356],[-100.73999,39.27815],[-100.81475,39.278],[-100.8148,39.2635],[-100.83358,39.26356],[-100.83361,39.27813],[-100.88904,39.27807],[-100.88918,39.29269],[-100.7212,39.2926],[-100.72127,39.27809],[-100.70281,39.27799],[-100.70292,39.26348],[-100.62828,39.26335]]],[[[-100.3863,39.2923],[-100.44198,39.29259],[-100.44193,39.30686],[-100.38631,39.30666],[-100.3863,39.2923]]],[[[-100.4977,39.30685],[-100.49765,39.29246],[-100.47919,39.29245],[-100.47933,39.27804],[-100.49797,39.27801],[-100.49839,39.26369],[-100.55402,39.26334],[-100.5542,39.2489],[-100.59152,39.249],[-100.59144,39.26341],[-100.57264,39.26344],[-100.57237,39.27799],[-100.55379,39.27788],[-100.5537,39.29239],[-100.51644,39.29228],[-100.51629,39.30683],[-100.4977,39.30685]]],[[[-101.4473,39.29415],[-101.44734,39.27956],[-101.48487,39.2794],[-101.48477,39.26476],[-101.52157,39.26463],[-101.52152,39.29358],[-101.4473,39.29415]]],[[[-100.34909,39.33538],[-100.34918,39.3209],[-100.36791,39.3208],[-100.36785,39.33539],[-100.34909,39.33538]]],[[[-100.47941,39.33583],[-100.47935,39.32138],[-100.44191,39.32127],[-100.44193,39.30686],[-100.46052,39.30687],[-100.46058,39.2924],[-100.47919,39.29245],[-100.4792,39.30688],[-100.4977,39.30685],[-100.49757,39.33588],[-100.47941,39.33583]]],[[[-100.51629,39.32864],[-100.51635,39.32142],[-100.53497,39.32132],[-100.53497,39.3358],[-100.51624,39.33582],[-100.51629,39.32864]]],[[[-100.16262,39.32061],[-100.18141,39.32062],[-100.18149,39.30609],[-100.1629,39.30605],[-100.16262,39.32061],[-100.10691,39.32051],[-100.10723,39.30607],[-99.99579,39.30577],[-99.9959,39.29146],[-100.03321,39.29142],[-100.03328,39.27696],[-99.996,39.27687],[-99.9959,39.29146],[-99.9588,39.29141],[-99.95879,39.27693],[-99.97745,39.27689],[-99.97753,39.2624],[-99.92186,39.26253],[-99.92202,39.24807],[-99.88465,39.2482],[-99.88479,39.23364],[-99.86615,39.23375],[-99.86607,39.24826],[-99.84725,39.24835],[-99.84732,39.26275],[-99.82875,39.26294],[-99.82873,39.27754],[-99.81016,39.27772],[-99.81025,39.26305],[-99.79143,39.26306],[-99.79167,39.24847],[-99.73509,39.24879],[-99.73495,39.2633],[-99.69866,39.26333],[-99.69865,39.24882],[-99.71655,39.24882],[-99.71656,39.23417],[-99.7728,39.23393],[-99.773,39.2194],[-99.79179,39.21941],[-99.79182,39.23393],[-99.8288,39.23392],[-99.8288,39.20485],[-99.81069,39.20487],[-99.81069,39.19039],[-99.8661,39.19018],[-99.86621,39.20467],[-99.8848,39.20473],[-99.88465,39.19018],[-99.90326,39.19034],[-99.90349,39.20475],[-99.9406,39.20456],[-99.94061,39.19006],[-99.922,39.19012],[-99.92189,39.1611],[-99.94058,39.16107],[-99.94056,39.17557],[-99.95933,39.17553],[-99.95921,39.19],[-99.97776,39.18991],[-99.97788,39.20438],[-99.99642,39.20444],[-99.9965,39.17535],[-100.01514,39.17542],[-100.01512,39.18986],[-100.03356,39.18975],[-100.03368,39.20424],[-100.0893,39.20455],[-100.08915,39.21895],[-100.10783,39.21894],[-100.10812,39.20446],[-100.0893,39.20455],[-100.08934,39.18991],[-100.12657,39.18968],[-100.14528,39.18996],[-100.14535,39.20446],[-100.16397,39.20447],[-100.16378,39.219],[-100.20119,39.21898],[-100.20135,39.20457],[-100.16397,39.20447],[-100.16396,39.18996],[-100.14528,39.18996],[-100.14542,39.17537],[-100.22012,39.17571],[-100.22015,39.19015],[-100.23879,39.19017],[-100.23871,39.2046],[-100.25727,39.20473],[-100.25726,39.19036],[-100.23879,39.19017],[-100.2387,39.16137],[-100.2754,39.16152],[-100.2754,39.17594],[-100.2939,39.17609],[-100.29396,39.1905],[-100.31263,39.19058],[-100.31264,39.17611],[-100.34993,39.17652],[-100.35017,39.19094],[-100.36857,39.19112],[-100.36845,39.17664],[-100.47994,39.17643],[-100.47955,39.14755],[-100.49807,39.14765],[-100.49837,39.16205],[-100.57269,39.16218],[-100.57248,39.14765],[-100.64686,39.14766],[-100.64697,39.1622],[-100.59135,39.16215],[-100.59148,39.17661],[-100.55429,39.17659],[-100.55458,39.21996],[-100.51743,39.21996],[-100.5173,39.20553],[-100.46155,39.20559],[-100.46141,39.191],[-100.44283,39.19099],[-100.44297,39.20555],[-100.40556,39.20563],[-100.40558,39.2202],[-100.42431,39.22013],[-100.42418,39.23464],[-100.33119,39.23406],[-100.33119,39.21957],[-100.27533,39.21919],[-100.27523,39.23374],[-100.29386,39.23383],[-100.29368,39.24826],[-100.18224,39.24801],[-100.18235,39.23347],[-100.16358,39.23355],[-100.16357,39.24806],[-100.08894,39.24796],[-100.08904,39.23345],[-100.03359,39.23346],[-100.0338,39.21893],[-100.01513,39.21892],[-100.01494,39.23355],[-99.9405,39.23351],[-99.94038,39.24799],[-100.0148,39.24816],[-100.01482,39.26258],[-100.07014,39.26246],[-100.07,39.27692],[-100.16323,39.27715],[-100.16307,39.29165],[-100.18172,39.29149],[-100.18192,39.27693],[-100.20063,39.27714],[-100.19993,39.32053],[-100.21859,39.32057],[-100.21899,39.29164],[-100.23749,39.29163],[-100.2373,39.30615],[-100.25589,39.30605],[-100.25639,39.27708],[-100.29357,39.27718],[-100.29354,39.29167],[-100.27475,39.29156],[-100.27464,39.30603],[-100.31181,39.30631],[-100.31205,39.29167],[-100.36808,39.29212],[-100.36785,39.3066],[-100.33052,39.30635],[-100.33041,39.32084],[-100.31187,39.32066],[-100.31181,39.3352],[-100.29322,39.33501],[-100.29315,39.34954],[-100.27443,39.34962],[-100.27447,39.33507],[-100.16232,39.33504],[-100.16262,39.32061]]],[[[-100.51716,39.19105],[-100.53579,39.1911],[-100.53566,39.1766],[-100.51704,39.17656],[-100.51716,39.19105]]],[[[-100.3305,39.34991],[-100.33048,39.33532],[-100.34909,39.33538],[-100.34916,39.35024],[-100.3305,39.34991]]],[[[-100.34916,39.35024],[-100.38639,39.35007],[-100.38626,39.36476],[-100.34917,39.36442],[-100.34916,39.35024]]],[[[-100.47941,39.33583],[-100.47928,39.35029],[-100.44194,39.35024],[-100.44191,39.36478],[-100.42325,39.36514],[-100.42346,39.35081],[-100.40484,39.35076],[-100.40506,39.33576],[-100.47941,39.33583]]],[[[-100.42325,39.36514],[-100.42321,39.37965],[-100.40459,39.37947],[-100.40465,39.36507],[-100.42325,39.36514]]],[[[-100.19987,39.36408],[-100.19996,39.34963],[-100.23711,39.34959],[-100.2371,39.36398],[-100.31167,39.36423],[-100.31164,39.34969],[-100.3305,39.34991],[-100.33037,39.39327],[-100.29298,39.39311],[-100.29302,39.37844],[-100.25569,39.37848],[-100.25563,39.39306],[-100.2371,39.39301],[-100.23706,39.37847],[-100.21823,39.37844],[-100.2184,39.36387],[-100.19987,39.36408]]],[[[-101.24153,39.39556],[-101.24176,39.38116],[-101.26044,39.38123],[-101.2607,39.36674],[-101.29736,39.36684],[-101.29749,39.35238],[-101.31634,39.35236],[-101.31648,39.33786],[-101.3538,39.33778],[-101.3538,39.3234],[-101.37247,39.32331],[-101.37258,39.30895],[-101.42859,39.30865],[-101.42857,39.29405],[-101.4473,39.29415],[-101.44725,39.32305],[-101.42846,39.32312],[-101.42839,39.33757],[-101.37237,39.33779],[-101.37236,39.35219],[-101.33513,39.35235],[-101.33491,39.3669],[-101.31616,39.3668],[-101.31596,39.38123],[-101.33469,39.38129],[-101.33455,39.39578],[-101.24153,39.39556]]],[[[-99.90113,39.4224],[-99.88246,39.42249],[-99.88247,39.40796],[-99.90116,39.40779],[-99.90113,39.4224]]],[[[-101.22238,39.40995],[-101.22283,39.39543],[-101.24153,39.39556],[-101.2413,39.41014],[-101.22238,39.40995]]],[[[-101.18489,39.42439],[-101.18502,39.40982],[-101.22238,39.40995],[-101.22251,39.42446],[-101.18489,39.42439]]],[[[-101.14825,39.43852],[-101.14843,39.42412],[-101.18489,39.42439],[-101.18502,39.43879],[-101.14825,39.43852]]],[[[-100.16218,39.46553],[-100.16215,39.45095],[-100.18083,39.45113],[-100.18096,39.46558],[-100.16218,39.46553]]],[[[-99.90113,39.4224],[-99.91987,39.42224],[-99.91986,39.43674],[-99.95681,39.43649],[-99.95688,39.45101],[-99.97551,39.45098],[-99.97549,39.43649],[-99.95681,39.43649],[-99.95694,39.393],[-99.97568,39.393],[-99.97556,39.422],[-100.01267,39.42186],[-100.0128,39.40725],[-100.03149,39.40734],[-100.03147,39.42173],[-100.05074,39.42184],[-100.05074,39.39291],[-100.14413,39.39288],[-100.14394,39.37864],[-100.12529,39.37841],[-100.12525,39.36366],[-100.19987,39.36408],[-100.19965,39.37838],[-100.18085,39.37845],[-100.18083,39.40731],[-100.16208,39.4074],[-100.16208,39.42195],[-100.10659,39.42192],[-100.10667,39.43642],[-100.08791,39.43643],[-100.08782,39.42187],[-100.06932,39.42186],[-100.06927,39.43636],[-99.99402,39.43648],[-99.99408,39.46549],[-99.93814,39.46562],[-99.93817,39.45112],[-99.91973,39.45129],[-99.91977,39.46583],[-99.90106,39.46596],[-99.90115,39.45143],[-99.88247,39.45146],[-99.88231,39.48063],[-99.86366,39.48077],[-99.86372,39.46618],[-99.845,39.46647],[-99.84502,39.45186],[-99.86373,39.45168],[-99.86382,39.43721],[-99.90117,39.43687],[-99.90113,39.4224]]],[[[-101.67004,39.45276],[-101.67008,39.43837],[-101.68873,39.43826],[-101.68881,39.42382],[-101.70746,39.42379],[-101.70742,39.45261],[-101.67004,39.45276]]],[[[-100.55319,39.47367],[-100.5532,39.46639],[-100.57179,39.46632],[-100.57179,39.48082],[-100.55318,39.48082],[-100.55319,39.47367]]],[[[-100.8139,39.4815],[-100.81399,39.46694],[-100.85075,39.46678],[-100.85068,39.48143],[-100.8139,39.4815]]],[[[-100.92561,39.46693],[-100.88809,39.46683],[-100.88813,39.48147],[-100.86941,39.48145],[-100.86942,39.45232],[-100.90682,39.45243],[-100.90684,39.43788],[-100.94259,39.43784],[-100.94251,39.45243],[-100.92567,39.45243],[-100.92561,39.46693]]],[[[-99.52815,39.48704],[-99.52821,39.48103],[-99.54685,39.48101],[-99.5467,39.49556],[-99.52811,39.49561],[-99.52815,39.48704]]],[[[-100.92561,39.46693],[-100.94251,39.46689],[-100.94251,39.48143],[-100.92551,39.48144],[-100.92561,39.46693]]],[[[-99.56561,39.51004],[-99.56569,39.46659],[-99.58428,39.46657],[-99.58419,39.48105],[-99.60169,39.48103],[-99.60175,39.49557],[-99.58465,39.4955],[-99.58455,39.50997],[-99.56561,39.51004]]],[[[-99.60175,39.49557],[-99.62046,39.49552],[-99.62032,39.4811],[-99.65776,39.48099],[-99.65786,39.49546],[-99.63908,39.49561],[-99.63913,39.50989],[-99.60193,39.50993],[-99.60175,39.49557]]],[[[-99.65786,39.49546],[-99.67643,39.49546],[-99.67651,39.50987],[-99.65783,39.50989],[-99.65786,39.49546]]],[[[-99.45297,39.53296],[-99.45311,39.52446],[-99.47173,39.52446],[-99.47165,39.53897],[-99.45299,39.53897],[-99.45297,39.53296]]],[[[-99.50906,39.53894],[-99.49036,39.53881],[-99.49051,39.52435],[-99.50913,39.52454],[-99.50906,39.53894]]],[[[-99.67651,39.50987],[-99.71319,39.50999],[-99.71333,39.46651],[-99.73204,39.46659],[-99.73195,39.48103],[-99.78829,39.48108],[-99.78867,39.46643],[-99.76975,39.46656],[-99.7707,39.42272],[-99.78951,39.4227],[-99.78892,39.45187],[-99.80779,39.45174],[-99.80802,39.43737],[-99.8264,39.43747],[-99.82625,39.46653],[-99.80754,39.46645],[-99.80715,39.4811],[-99.84493,39.48091],[-99.84479,39.49548],[-99.82615,39.49568],[-99.82614,39.51021],[-99.78824,39.51014],[-99.78821,39.4956],[-99.76931,39.49564],[-99.7693,39.51014],[-99.75042,39.51011],[-99.75065,39.49553],[-99.73184,39.4955],[-99.73179,39.5246],[-99.71321,39.52449],[-99.71348,39.53895],[-99.63939,39.53885],[-99.63929,39.52439],[-99.67667,39.52442],[-99.67651,39.50987]]],[[[-99.73179,39.5246],[-99.75033,39.52466],[-99.7507,39.53917],[-99.73216,39.53901],[-99.73179,39.5246]]],[[[-100.36726,39.53844],[-100.36751,39.52386],[-100.34871,39.52396],[-100.34892,39.50947],[-100.38547,39.50957],[-100.38576,39.4952],[-100.51593,39.4952],[-100.51586,39.48073],[-100.53458,39.48071],[-100.53459,39.50979],[-100.49725,39.50953],[-100.49724,39.52399],[-100.47882,39.52399],[-100.47899,39.5095],[-100.46032,39.50975],[-100.46004,39.524],[-100.4041,39.52418],[-100.40402,39.53865],[-100.36726,39.53844]]],[[[-101.55799,39.52555],[-101.55825,39.51103],[-101.57688,39.511],[-101.57688,39.49655],[-101.61377,39.49622],[-101.61388,39.48174],[-101.63256,39.48157],[-101.63271,39.45282],[-101.65137,39.4529],[-101.65108,39.49613],[-101.66973,39.49617],[-101.66988,39.51062],[-101.63247,39.51058],[-101.63228,39.52502],[-101.55799,39.52555]]],[[[-99.56561,39.51004],[-99.5656,39.52453],[-99.62063,39.5244],[-99.62089,39.53891],[-99.56541,39.53903],[-99.56546,39.5535],[-99.52777,39.55336],[-99.52798,39.52464],[-99.5467,39.52464],[-99.54674,39.51014],[-99.56561,39.51004]]],[[[-100.94236,39.53924],[-100.94245,39.52484],[-100.92501,39.52487],[-100.92524,39.51051],[-100.96112,39.51044],[-100.9612,39.496],[-100.99861,39.49595],[-100.99865,39.48143],[-101.0541,39.48116],[-101.05419,39.46678],[-101.09169,39.46716],[-101.09178,39.45257],[-101.11054,39.45261],[-101.11086,39.43804],[-101.14825,39.43852],[-101.14826,39.45308],[-101.12941,39.45267],[-101.12917,39.46728],[-101.11036,39.4672],[-101.1105,39.48173],[-101.0728,39.48138],[-101.07273,39.49598],[-101.03582,39.49574],[-101.03579,39.51026],[-100.99871,39.51043],[-100.99867,39.52498],[-100.97979,39.52491],[-100.97973,39.53935],[-100.94236,39.53924]]],[[[-99.80702,39.55361],[-99.78843,39.55358],[-99.78785,39.52461],[-99.80659,39.52461],[-99.80702,39.55361]]],[[[-101.18434,39.5403],[-101.18438,39.52575],[-101.20318,39.52591],[-101.20309,39.54031],[-101.18434,39.5403]]],[[[-101.16559,39.55461],[-101.16556,39.54018],[-101.18434,39.5403],[-101.18427,39.55476],[-101.16559,39.55461]]],[[[-99.93758,39.55273],[-100.03115,39.55247],[-100.03109,39.56699],[-100.02116,39.56696],[-100.02105,39.58146],[-99.98357,39.5814],[-99.98361,39.56696],[-99.95623,39.56697],[-99.94629,39.567],[-99.9463,39.58142],[-99.92751,39.58152],[-99.92745,39.56689],[-99.93773,39.56695],[-99.93758,39.55273]]],[[[-100.05874,39.58156],[-100.05852,39.56702],[-100.05045,39.567],[-100.05034,39.55249],[-100.06915,39.55237],[-100.06895,39.56706],[-100.07802,39.56706],[-100.07802,39.58146],[-100.05874,39.58156]]],[[[-101.16559,39.55461],[-101.16541,39.56827],[-101.14741,39.56826],[-101.14749,39.55441],[-101.16559,39.55461]]],[[[-99.93758,39.55273],[-99.90076,39.55306],[-99.90089,39.56686],[-99.89017,39.56688],[-99.89008,39.58135],[-99.87133,39.58143],[-99.87145,39.56689],[-99.85267,39.56695],[-99.85265,39.58151],[-99.72167,39.58164],[-99.72176,39.596],[-99.68416,39.59596],[-99.68402,39.5816],[-99.66553,39.58191],[-99.6655,39.59626],[-99.57162,39.59634],[-99.57148,39.58187],[-99.60923,39.58193],[-99.60905,39.56736],[-99.65833,39.56739],[-99.65811,39.55328],[-99.67686,39.55327],[-99.67712,39.56739],[-99.69589,39.56739],[-99.6957,39.55328],[-99.71376,39.55335],[-99.71407,39.56737],[-99.7516,39.56731],[-99.75129,39.55365],[-99.76992,39.55372],[-99.77035,39.56718],[-99.82584,39.56703],[-99.8259,39.55358],[-99.84463,39.55345],[-99.84479,39.50998],[-99.88228,39.50961],[-99.88215,39.52411],[-99.95649,39.52374],[-99.95649,39.50924],[-99.9377,39.50924],[-99.93781,39.49473],[-99.99389,39.49461],[-99.99396,39.48006],[-100.03131,39.48002],[-100.03121,39.4654],[-100.08782,39.46544],[-100.08791,39.45094],[-100.12532,39.45088],[-100.12524,39.4654],[-100.10656,39.46545],[-100.10654,39.47986],[-100.06913,39.47993],[-100.06912,39.49449],[-100.03124,39.49454],[-100.03129,39.50898],[-100.01259,39.50909],[-100.01258,39.52357],[-99.97504,39.52368],[-99.97502,39.53826],[-99.93763,39.53825],[-99.93758,39.55273]]],[[[-100.02105,39.58146],[-100.05874,39.58156],[-100.05844,39.59596],[-100.0211,39.59594],[-100.02105,39.58146]]],[[[-100.311,39.55271],[-100.31093,39.5676],[-100.32939,39.56764],[-100.32967,39.55275],[-100.311,39.55271],[-100.31119,39.53816],[-100.36726,39.53844],[-100.36661,39.56766],[-100.32979,39.56763],[-100.32952,39.5967],[-100.31096,39.59646],[-100.31101,39.58198],[-100.23639,39.58162],[-100.23656,39.56724],[-100.21758,39.56719],[-100.21785,39.55257],[-100.311,39.55271]]],[[[-101.47001,39.58275],[-101.47008,39.56838],[-101.46396,39.56839],[-101.46403,39.55466],[-101.48252,39.55462],[-101.48284,39.54015],[-101.50145,39.54003],[-101.50172,39.52541],[-101.55799,39.52555],[-101.55783,39.53986],[-101.5202,39.53999],[-101.51992,39.55453],[-101.50117,39.55457],[-101.50117,39.56835],[-101.48854,39.56836],[-101.48861,39.58288],[-101.47001,39.58275]]],[[[-100.11542,39.60999],[-100.11583,39.59567],[-100.15262,39.59594],[-100.15251,39.61031],[-100.11542,39.60999]]],[[[-100.17122,39.60332],[-100.1712,39.59605],[-100.1803,39.59605],[-100.18035,39.58163],[-100.11543,39.58143],[-100.11529,39.56693],[-100.14342,39.56707],[-100.14357,39.55238],[-100.16198,39.55246],[-100.16185,39.5671],[-100.18026,39.56711],[-100.18069,39.55249],[-100.19938,39.55239],[-100.19897,39.58146],[-100.2177,39.58146],[-100.2176,39.59606],[-100.19892,39.59595],[-100.19902,39.61033],[-100.17124,39.61053],[-100.17122,39.60332]]],[[[-101.47001,39.58275],[-101.4696,39.59746],[-101.45095,39.59755],[-101.45125,39.58306],[-101.47001,39.58275]]],[[[-101.39441,39.60481],[-101.39454,39.59746],[-101.41333,39.59731],[-101.41373,39.58284],[-101.43247,39.58274],[-101.43189,39.61191],[-101.39415,39.61194],[-101.39441,39.60481]]],[[[-100.62875,39.61153],[-100.62892,39.59701],[-100.64758,39.59711],[-100.64755,39.58257],[-100.6663,39.58259],[-100.66614,39.56807],[-100.72005,39.56806],[-100.72003,39.55404],[-100.75726,39.55425],[-100.75716,39.56807],[-100.75948,39.5681],[-100.7595,39.58268],[-100.68499,39.5826],[-100.685,39.5971],[-100.70355,39.59718],[-100.70358,39.61163],[-100.68498,39.61159],[-100.68485,39.6262],[-100.66613,39.62617],[-100.66619,39.61168],[-100.62875,39.61153]]],[[[-101.58189,39.6118],[-101.58207,39.59744],[-101.61945,39.59741],[-101.61934,39.61188],[-101.58189,39.6118]]],[[[-100.90812,39.62607],[-100.90823,39.61162],[-100.9267,39.61158],[-100.92671,39.626],[-100.90812,39.62607]]],[[[-101.33803,39.61205],[-101.33822,39.59758],[-101.37565,39.59763],[-101.37482,39.62658],[-101.33779,39.62654],[-101.33803,39.61205]]],[[[-100.88934,39.64043],[-100.88951,39.62592],[-100.90812,39.62607],[-100.90805,39.64046],[-100.88934,39.64043]]],[[[-100.42333,39.63986],[-100.42338,39.65437],[-100.40463,39.65442],[-100.40473,39.63998],[-100.42333,39.63986]]],[[[-101.28151,39.64099],[-101.28177,39.6265],[-101.30024,39.62648],[-101.2999,39.64101],[-101.28151,39.64099]]],[[[-100.74091,39.65511],[-100.74093,39.6407],[-100.7595,39.64063],[-100.75944,39.62651],[-100.77817,39.62612],[-100.77798,39.61193],[-100.79642,39.6115],[-100.7964,39.59713],[-100.83418,39.59705],[-100.83387,39.56789],[-100.84936,39.56812],[-100.84969,39.554],[-100.86837,39.5539],[-100.86861,39.53941],[-100.88749,39.5395],[-100.88759,39.525],[-100.90632,39.52497],[-100.90612,39.53949],[-100.94236,39.53924],[-100.94227,39.55375],[-100.92461,39.55389],[-100.9244,39.56817],[-100.90564,39.56808],[-100.90591,39.55392],[-100.88714,39.55392],[-100.88692,39.56808],[-100.88972,39.56807],[-100.88972,39.58256],[-100.87112,39.58266],[-100.87113,39.56816],[-100.8527,39.56816],[-100.85246,39.59708],[-100.87121,39.59713],[-100.87113,39.6116],[-100.81529,39.61154],[-100.81504,39.62597],[-100.79665,39.62595],[-100.79667,39.64058],[-100.778,39.64057],[-100.77799,39.65503],[-100.74091,39.65511]]],[[[-100.87083,39.65502],[-100.87099,39.64042],[-100.88934,39.64043],[-100.88929,39.65489],[-100.87083,39.65502]]],[[[-100.94516,39.65495],[-100.94521,39.64039],[-100.92669,39.64052],[-100.92671,39.626],[-100.96378,39.62594],[-100.96361,39.64038],[-100.98234,39.64036],[-100.9826,39.61151],[-101.00151,39.61139],[-101.00166,39.59702],[-101.0203,39.59687],[-101.02039,39.58248],[-101.11408,39.58266],[-101.11435,39.56814],[-101.1329,39.56826],[-101.13239,39.59712],[-101.07629,39.59703],[-101.076,39.61147],[-101.0574,39.6114],[-101.05758,39.59694],[-101.03899,39.59687],[-101.0386,39.62586],[-101.0014,39.62584],[-101.00077,39.65479],[-100.94516,39.65495]]],[[[-100.29206,39.66879],[-100.29215,39.65436],[-100.32974,39.65441],[-100.32952,39.66848],[-100.29206,39.66879]]],[[[-101.2254,39.65527],[-101.22601,39.64085],[-101.24443,39.64084],[-101.24406,39.65526],[-101.2254,39.65527]]],[[[-100.32974,39.65441],[-100.32965,39.64],[-100.34836,39.63994],[-100.34827,39.62555],[-100.36725,39.6256],[-100.3674,39.59656],[-100.40476,39.59656],[-100.40481,39.62546],[-100.38609,39.6255],[-100.38606,39.63996],[-100.36726,39.63998],[-100.36724,39.65436],[-100.38604,39.65443],[-100.38591,39.6689],[-100.34836,39.66862],[-100.34837,39.65434],[-100.32974,39.65441]]],[[[-101.28151,39.64099],[-101.28115,39.65532],[-101.26264,39.6553],[-101.26298,39.64089],[-101.28151,39.64099]]],[[[-101.31831,39.65532],[-101.31863,39.641],[-101.33736,39.64102],[-101.33702,39.65533],[-101.31831,39.65532]]],[[[-100.72249,39.66937],[-100.72239,39.65508],[-100.74091,39.65511],[-100.74096,39.6693],[-100.72249,39.66937]]],[[[-100.85212,39.66926],[-100.85218,39.65496],[-100.87083,39.65502],[-100.87084,39.66941],[-100.85212,39.66926]]],[[[-100.94516,39.65495],[-100.9451,39.66937],[-100.90805,39.66929],[-100.90798,39.65493],[-100.94516,39.65495]]],[[[-100.11542,39.60999],[-100.11566,39.6247],[-100.07794,39.62484],[-100.07791,39.63227],[-100.0779,39.63942],[-100.15259,39.63935],[-100.15254,39.65382],[-100.11504,39.65374],[-100.11515,39.68277],[-100.05844,39.68292],[-100.05835,39.66844],[-100.03973,39.66828],[-100.03967,39.68274],[-100.02092,39.68273],[-100.02104,39.65383],[-100.05851,39.6539],[-100.05851,39.63954],[-100.02102,39.63939],[-100.02109,39.6249],[-100.05842,39.62488],[-100.05861,39.6105],[-100.11542,39.60999]]],[[[-100.27346,39.68305],[-100.27356,39.66863],[-100.29206,39.66879],[-100.29197,39.6832],[-100.27346,39.68305]]],[[[-101.28115,39.65532],[-101.29952,39.65529],[-101.29924,39.66986],[-101.28104,39.66975],[-101.28115,39.65532]]],[[[-101.994,39.65497],[-101.99401,39.64058],[-102.03141,39.64047],[-102.03132,39.65494],[-101.994,39.65497]]],[[[-100.72249,39.66937],[-100.72233,39.68382],[-100.70377,39.68401],[-100.70359,39.66949],[-100.72249,39.66937]]],[[[-100.85212,39.66926],[-100.85217,39.68361],[-100.83388,39.68337],[-100.83378,39.66919],[-100.85212,39.66926]]],[[[-99.96496,39.67563],[-99.96495,39.65394],[-99.98358,39.654],[-99.98364,39.63938],[-100.00209,39.63948],[-100.00217,39.66822],[-99.98367,39.66844],[-99.98334,39.69753],[-99.96481,39.69728],[-99.96496,39.67563]]],[[[-100.25496,39.69759],[-100.25489,39.68316],[-100.27346,39.68305],[-100.27355,39.69761],[-100.25496,39.69759]]],[[[-101.2435,39.68415],[-101.24371,39.66967],[-101.26232,39.66977],[-101.26206,39.6842],[-101.2435,39.68415]]],[[[-101.93768,39.66973],[-101.93783,39.64085],[-101.95677,39.64067],[-101.95665,39.62615],[-101.9753,39.6261],[-101.97525,39.65507],[-101.994,39.65497],[-101.99396,39.66956],[-101.93768,39.66973]]],[[[-100.87084,39.66941],[-100.88945,39.66934],[-100.88961,39.69808],[-100.87078,39.6979],[-100.87084,39.66941]]],[[[-99.90901,39.71157],[-99.90912,39.69705],[-99.92776,39.69714],[-99.92758,39.66827],[-99.94631,39.66839],[-99.94623,39.71175],[-99.90901,39.71157]]],[[[-101.05646,39.69827],[-101.05654,39.6838],[-101.07508,39.68386],[-101.07491,39.69821],[-101.05646,39.69827]]],[[[-100.25496,39.69759],[-100.25494,39.71207],[-100.2176,39.71203],[-100.21761,39.69755],[-100.25496,39.69759]]],[[[-100.72232,39.71272],[-100.70368,39.7129],[-100.70367,39.69835],[-100.72234,39.69825],[-100.72232,39.71272]]],[[[-100.1802,39.72618],[-100.18013,39.71193],[-100.19877,39.71185],[-100.19879,39.72627],[-100.1802,39.72618]]],[[[-101.2054,39.71317],[-101.20543,39.69857],[-101.22451,39.69858],[-101.22429,39.713],[-101.2054,39.71317]]],[[[-101.89998,39.6987],[-101.90004,39.68419],[-101.91883,39.68414],[-101.91902,39.66973],[-101.93768,39.66973],[-101.93733,39.69866],[-101.89998,39.6987]]],[[[-101.97514,39.69849],[-101.97512,39.68399],[-101.9939,39.68397],[-101.99397,39.69845],[-101.97514,39.69849]]],[[[-101.37395,39.70609],[-101.37399,39.69873],[-101.3926,39.69902],[-101.39253,39.71343],[-101.37377,39.71324],[-101.37395,39.70609]]],[[[-100.72232,39.71272],[-100.74089,39.7127],[-100.74094,39.72717],[-100.72246,39.72713],[-100.72232,39.71272]]],[[[-100.77824,39.7124],[-100.75958,39.71276],[-100.75963,39.69831],[-100.81556,39.69794],[-100.8155,39.71229],[-100.85203,39.71235],[-100.85199,39.72677],[-100.77823,39.72694],[-100.77824,39.7124]]],[[[-100.88949,39.727],[-100.88965,39.71258],[-100.92681,39.71263],[-100.92672,39.69823],[-100.98154,39.69816],[-100.98172,39.68377],[-101.03773,39.68384],[-101.03753,39.69826],[-101.01861,39.69798],[-101.01868,39.71243],[-100.9626,39.71266],[-100.9625,39.7272],[-100.88949,39.727]]],[[[-100.1802,39.72618],[-100.18025,39.74064],[-100.17124,39.74065],[-100.17107,39.72629],[-100.1802,39.72618]]],[[[-101.16878,39.72023],[-101.16868,39.71303],[-101.18691,39.71306],[-101.18665,39.72758],[-101.16845,39.72763],[-101.16878,39.72023]]],[[[-100.44152,39.72675],[-100.46026,39.72674],[-100.46016,39.7412],[-100.4414,39.7412],[-100.44152,39.72675]]],[[[-101.33552,39.72784],[-101.33597,39.71328],[-101.35484,39.71329],[-101.35459,39.72775],[-101.33552,39.72784]]],[[[-102.01264,39.69831],[-102.01265,39.68389],[-102.03129,39.68385],[-102.03127,39.66939],[-102.05002,39.66932],[-102.05005,39.71272],[-102.03132,39.71276],[-102.03137,39.69824],[-102.01264,39.69831]]],[[[-100.60962,39.74163],[-100.60974,39.72707],[-100.62809,39.72723],[-100.62794,39.74179],[-100.60962,39.74163]]],[[[-100.64671,39.7343],[-100.6467,39.71287],[-100.66565,39.71289],[-100.66562,39.6986],[-100.68469,39.69849],[-100.68479,39.72727],[-100.66561,39.72744],[-100.6656,39.74175],[-100.64675,39.74173],[-100.64671,39.7343]]],[[[-100.7409,39.74163],[-100.74094,39.72717],[-100.75956,39.72701],[-100.75947,39.74156],[-100.7409,39.74163]]],[[[-99.90912,39.69705],[-99.88971,39.6973],[-99.88959,39.71181],[-99.90901,39.71157],[-99.90886,39.72603],[-99.88952,39.7263],[-99.88969,39.75479],[-99.85227,39.75479],[-99.85241,39.74065],[-99.87115,39.74068],[-99.87132,39.66836],[-99.88998,39.66829],[-99.88979,39.68284],[-99.90911,39.68252],[-99.90912,39.69705]]],[[[-100.15237,39.75515],[-100.09622,39.75521],[-100.09621,39.74079],[-100.13362,39.74075],[-100.13384,39.72632],[-100.15252,39.72636],[-100.15237,39.75515]]],[[[-101.13069,39.74156],[-101.13096,39.72716],[-101.14982,39.72747],[-101.14944,39.74172],[-101.13069,39.74156]]],[[[-101.91852,39.72775],[-101.9185,39.71309],[-101.93729,39.71302],[-101.9374,39.7276],[-101.91852,39.72775]]],[[[-101.95621,39.71752],[-101.95612,39.71296],[-101.97513,39.71299],[-101.97514,39.72738],[-101.95627,39.72753],[-101.95621,39.71752]]],[[[-99.66479,39.77019],[-99.6463,39.77014],[-99.64674,39.75561],[-99.66495,39.7558],[-99.66479,39.77019]]],[[[-100.05868,39.75522],[-100.0773,39.75533],[-100.07731,39.76967],[-100.05844,39.76962],[-100.05868,39.75522]]],[[[-101.11181,39.75611],[-101.11187,39.74158],[-101.13069,39.74156],[-101.13044,39.7561],[-101.11181,39.75611]]],[[[-101.14929,39.75618],[-101.14944,39.74172],[-101.16813,39.74182],[-101.16781,39.75623],[-101.14929,39.75618]]],[[[-101.91852,39.72775],[-101.91855,39.74217],[-101.89976,39.74229],[-101.89981,39.72773],[-101.91852,39.72775]]],[[[-100.57171,39.77038],[-100.57203,39.75589],[-100.60953,39.75594],[-100.60944,39.77041],[-100.57171,39.77038]]],[[[-100.66526,39.77069],[-100.64648,39.77075],[-100.64665,39.75628],[-100.66538,39.75626],[-100.66526,39.77069]]],[[[-99.927,39.78394],[-99.92706,39.76939],[-99.946,39.76944],[-99.94619,39.74057],[-99.96461,39.74061],[-99.96462,39.75504],[-100.02098,39.75525],[-100.02102,39.74085],[-100.05856,39.74075],[-100.05868,39.75522],[-100.03961,39.75526],[-100.03953,39.76959],[-99.96458,39.76956],[-99.96473,39.78403],[-99.927,39.78394]]],[[[-101.07462,39.77042],[-101.07461,39.75594],[-101.11181,39.75611],[-101.11181,39.77047],[-101.07462,39.77042]]],[[[-101.13044,39.7561],[-101.14929,39.75618],[-101.14882,39.77058],[-101.13039,39.77045],[-101.13044,39.7561]]],[[[-100.55317,39.78473],[-100.55332,39.77021],[-100.57171,39.77038],[-100.57177,39.78488],[-100.55317,39.78473]]],[[[-99.62735,39.79919],[-99.62747,39.78471],[-99.64619,39.78461],[-99.64613,39.79914],[-99.62735,39.79919]]],[[[-99.90869,39.79836],[-99.90858,39.7839],[-99.927,39.78394],[-99.92689,39.79849],[-99.90869,39.79836]]],[[[-101.05625,39.78488],[-101.05635,39.77061],[-101.07462,39.77042],[-101.07461,39.78483],[-101.05625,39.78488]]],[[[-101.76789,39.771],[-101.76806,39.75657],[-101.73036,39.75649],[-101.7303,39.74197],[-101.74935,39.74187],[-101.74939,39.72746],[-101.76822,39.72748],[-101.7683,39.74198],[-101.78709,39.7421],[-101.78698,39.72753],[-101.80603,39.7275],[-101.80613,39.69862],[-101.82486,39.69874],[-101.82492,39.71331],[-101.83438,39.71339],[-101.84374,39.71335],[-101.84371,39.69884],[-101.89998,39.6987],[-101.89986,39.71317],[-101.86253,39.7135],[-101.86245,39.728],[-101.82494,39.72779],[-101.82481,39.74235],[-101.80594,39.74221],[-101.80525,39.77111],[-101.76789,39.771]]],[[[-101.84303,39.77138],[-101.84326,39.75688],[-101.86229,39.75696],[-101.86221,39.77146],[-101.84303,39.77138]]],[[[-100.53426,39.79904],[-100.53445,39.7846],[-100.55317,39.78473],[-100.55314,39.79911],[-100.53426,39.79904]]],[[[-100.60941,39.79939],[-100.59053,39.79928],[-100.59055,39.78488],[-100.60937,39.78493],[-100.60941,39.79939]]],[[[-99.64613,39.79914],[-99.66485,39.79925],[-99.66479,39.77019],[-99.70273,39.77005],[-99.70298,39.74107],[-99.72171,39.74093],[-99.7217,39.72627],[-99.74015,39.72643],[-99.74006,39.74091],[-99.79642,39.74067],[-99.79625,39.69722],[-99.81507,39.69714],[-99.81505,39.71166],[-99.85241,39.71173],[-99.85236,39.72614],[-99.81513,39.72618],[-99.81468,39.75526],[-99.79632,39.75526],[-99.79596,39.76985],[-99.75816,39.7703],[-99.75867,39.75562],[-99.72161,39.75548],[-99.72105,39.78454],[-99.70254,39.7846],[-99.70242,39.79901],[-99.68343,39.79918],[-99.68348,39.81365],[-99.64606,39.81355],[-99.64613,39.79914]]],[[[-99.90869,39.79836],[-99.90802,39.81275],[-99.87012,39.81314],[-99.87007,39.78399],[-99.88985,39.78377],[-99.88981,39.79826],[-99.90869,39.79836]]],[[[-101.05625,39.78488],[-101.05633,39.79934],[-101.03754,39.79945],[-101.03754,39.78519],[-101.05625,39.78488]]],[[[-101.07461,39.78483],[-101.09303,39.78498],[-101.09307,39.79936],[-101.07467,39.79917],[-101.07461,39.78483]]],[[[-101.84303,39.77138],[-101.84287,39.78584],[-101.82409,39.78574],[-101.82421,39.77121],[-101.84303,39.77138]]],[[[-101.20385,39.79956],[-101.20483,39.75633],[-101.26059,39.75605],[-101.2606,39.74209],[-101.29763,39.74246],[-101.29778,39.72772],[-101.33552,39.72784],[-101.33515,39.74226],[-101.31644,39.74229],[-101.31622,39.75671],[-101.27933,39.75626],[-101.27926,39.77088],[-101.22293,39.77074],[-101.22272,39.79968],[-101.20385,39.79956]]],[[[-100.49727,39.81368],[-100.49743,39.78472],[-100.51577,39.78455],[-100.51565,39.79907],[-100.53426,39.79904],[-100.53424,39.81352],[-100.49727,39.81368]]],[[[-100.55311,39.8136],[-100.55314,39.79911],[-100.57185,39.7992],[-100.57159,39.81374],[-100.55311,39.8136]]],[[[-101.20385,39.79956],[-101.20372,39.81408],[-101.18511,39.81395],[-101.18538,39.79954],[-101.20385,39.79956]]],[[[-101.84271,39.80032],[-101.84287,39.78584],[-101.86201,39.78597],[-101.86221,39.77146],[-101.91858,39.77109],[-101.91833,39.78556],[-101.88087,39.78603],[-101.88071,39.80022],[-101.84271,39.80032]]],[[[-100.4785,39.82806],[-100.47867,39.81373],[-100.49727,39.81368],[-100.49717,39.82801],[-100.4785,39.82806]]],[[[-100.53426,39.82798],[-100.53424,39.81352],[-100.55311,39.8136],[-100.55299,39.82813],[-100.53426,39.82798]]],[[[-100.60941,39.79939],[-100.64644,39.7997],[-100.64648,39.78518],[-100.66531,39.78525],[-100.66526,39.77069],[-100.70355,39.77036],[-100.70347,39.74167],[-100.7409,39.74163],[-100.74079,39.75614],[-100.72225,39.75613],[-100.72224,39.77036],[-100.74073,39.77049],[-100.74064,39.78501],[-100.68435,39.78513],[-100.68426,39.79968],[-100.70316,39.79946],[-100.70313,39.82841],[-100.64657,39.82841],[-100.64648,39.81415],[-100.60945,39.8138],[-100.60941,39.79939]]],[[[-99.73923,39.84251],[-99.73913,39.82802],[-99.75781,39.828],[-99.75793,39.81345],[-99.7766,39.81349],[-99.77649,39.828],[-99.78589,39.82805],[-99.81397,39.82783],[-99.81439,39.81321],[-99.87012,39.81314],[-99.87006,39.82771],[-99.83279,39.82777],[-99.83278,39.84227],[-99.73923,39.84251]]],[[[-100.98124,39.82831],[-100.98111,39.8139],[-100.99973,39.81378],[-100.99971,39.82824],[-100.98124,39.82831]]],[[[-101.07447,39.82808],[-101.05624,39.82817],[-101.05628,39.81369],[-101.07453,39.81376],[-101.07447,39.82808]]],[[[-101.14826,39.82831],[-101.14812,39.79944],[-101.16708,39.79951],[-101.16684,39.82847],[-101.14826,39.82831]]],[[[-101.80486,39.81455],[-101.80511,39.80011],[-101.84271,39.80032],[-101.84257,39.81484],[-101.80486,39.81455]]],[[[-101.24128,39.82865],[-101.24124,39.81423],[-101.26028,39.81405],[-101.26014,39.82874],[-101.24128,39.82865]]],[[[-100.4785,39.82806],[-100.47844,39.84253],[-100.45958,39.84268],[-100.45986,39.82811],[-100.4785,39.82806]]],[[[-99.68348,39.81365],[-99.72089,39.81349],[-99.72095,39.84249],[-99.73923,39.84251],[-99.73929,39.85694],[-99.702,39.85677],[-99.70213,39.82814],[-99.68331,39.82822],[-99.68348,39.81365]]],[[[-100.98124,39.82831],[-100.98131,39.84277],[-100.96254,39.84303],[-100.96267,39.82848],[-100.98124,39.82831]]],[[[-100.9996,39.84274],[-100.99971,39.82824],[-101.03725,39.82811],[-101.03725,39.84277],[-100.9996,39.84274]]],[[[-101.72911,39.82886],[-101.72922,39.81439],[-101.69193,39.81453],[-101.69218,39.80003],[-101.74871,39.79991],[-101.74908,39.77104],[-101.76789,39.771],[-101.7673,39.81438],[-101.74852,39.81438],[-101.74832,39.8288],[-101.72911,39.82886]]],[[[-101.78607,39.82898],[-101.78618,39.81447],[-101.80486,39.81455],[-101.80473,39.82908],[-101.78607,39.82898]]],[[[-101.2226,39.84301],[-101.22255,39.82858],[-101.24128,39.82865],[-101.24133,39.84294],[-101.2226,39.84301]]],[[[-100.51535,39.85699],[-100.51549,39.82799],[-100.53426,39.82798],[-100.53426,39.85698],[-100.51535,39.85699]]],[[[-100.90769,39.85047],[-100.90778,39.84314],[-100.9449,39.84334],[-100.94478,39.8576],[-100.90768,39.85764],[-100.90769,39.85047]]],[[[-100.98085,39.85715],[-100.98131,39.84277],[-100.9996,39.84274],[-100.9995,39.85723],[-100.98085,39.85715]]],[[[-101.07447,39.82808],[-101.14826,39.82831],[-101.14848,39.84283],[-101.16695,39.84293],[-101.16692,39.85728],[-101.13006,39.85702],[-101.1299,39.84253],[-101.07441,39.84238],[-101.07447,39.82808]]],[[[-100.2167,39.87112],[-100.21676,39.85657],[-100.2356,39.85661],[-100.23561,39.87102],[-100.2167,39.87112]]],[[[-101.80473,39.82908],[-101.82365,39.82915],[-101.82362,39.84361],[-101.80473,39.84352],[-101.80473,39.82908]]],[[[-101.2226,39.84301],[-101.22229,39.85745],[-101.18501,39.85731],[-101.18491,39.84282],[-101.2226,39.84301]]],[[[-100.53426,39.87151],[-100.53426,39.85698],[-100.57175,39.85722],[-100.57177,39.87164],[-100.53426,39.87151]]],[[[-99.42192,39.88613],[-99.42179,39.87169],[-99.47798,39.8719],[-99.47818,39.88631],[-99.42192,39.88613]]],[[[-100.87051,39.86484],[-100.8707,39.85762],[-100.88907,39.8575],[-100.88901,39.87214],[-100.87024,39.87201],[-100.87051,39.86484]]],[[[-99.49679,39.88646],[-99.49661,39.8574],[-99.534,39.85754],[-99.53399,39.84305],[-99.60906,39.84268],[-99.60898,39.82834],[-99.58998,39.82838],[-99.58994,39.79929],[-99.55257,39.79948],[-99.55276,39.77045],[-99.57124,39.77042],[-99.57129,39.78487],[-99.60917,39.78479],[-99.60905,39.79935],[-99.62735,39.79919],[-99.62709,39.85719],[-99.55264,39.85757],[-99.55275,39.87218],[-99.51521,39.87207],[-99.51511,39.88628],[-99.49679,39.88646]]],[[[-99.6831,39.87146],[-99.66446,39.87152],[-99.66455,39.88582],[-99.646,39.886],[-99.64589,39.82813],[-99.66454,39.8282],[-99.6644,39.85693],[-99.68337,39.85703],[-99.6831,39.87146]]],[[[-99.6831,39.87146],[-99.70218,39.87123],[-99.70198,39.88571],[-99.6831,39.88576],[-99.6831,39.87146]]],[[[-100.98085,39.85715],[-100.98101,39.87168],[-100.96234,39.87196],[-100.96227,39.85739],[-100.98085,39.85715]]],[[[-101.673,39.84361],[-101.67301,39.82904],[-101.72911,39.82886],[-101.72912,39.84334],[-101.71021,39.84337],[-101.71035,39.85792],[-101.69206,39.85789],[-101.69164,39.84323],[-101.673,39.84361]]],[[[-101.76703,39.85784],[-101.76722,39.82894],[-101.78607,39.82898],[-101.78566,39.85789],[-101.76703,39.85784]]],[[[-100.38513,39.88596],[-100.38507,39.87147],[-100.42204,39.87175],[-100.422,39.88619],[-100.38513,39.88596]]],[[[-99.34699,39.90056],[-99.34705,39.87157],[-99.36585,39.87159],[-99.36592,39.90052],[-99.34699,39.90056]]],[[[-99.38472,39.90065],[-99.38464,39.88621],[-99.42192,39.88613],[-99.42183,39.90079],[-99.38472,39.90065]]],[[[-99.4782,39.90076],[-99.47818,39.88631],[-99.49679,39.88646],[-99.49683,39.90081],[-99.4782,39.90076]]],[[[-99.57132,39.90063],[-99.57151,39.88614],[-99.60851,39.88606],[-99.60901,39.8717],[-99.62713,39.87157],[-99.62722,39.88608],[-99.646,39.886],[-99.64588,39.90047],[-99.57132,39.90063]]],[[[-100.90774,39.87501],[-100.90774,39.87217],[-100.92634,39.87207],[-100.92626,39.88632],[-100.90774,39.88641],[-100.90774,39.87501]]],[[[-101.673,39.84361],[-101.67327,39.87247],[-101.65434,39.87262],[-101.65441,39.84367],[-101.673,39.84361]]],[[[-101.74848,39.87232],[-101.74844,39.85786],[-101.76703,39.85784],[-101.76716,39.87226],[-101.74848,39.87232]]],[[[-100.36616,39.90093],[-100.3664,39.88625],[-100.38513,39.88596],[-100.38503,39.90084],[-100.36616,39.90093]]],[[[-100.51535,39.85699],[-100.51542,39.87152],[-100.53426,39.87151],[-100.53392,39.88592],[-100.49736,39.88586],[-100.49722,39.90038],[-100.47859,39.90052],[-100.47871,39.88588],[-100.45948,39.88605],[-100.45933,39.87169],[-100.47857,39.87147],[-100.47835,39.85691],[-100.51535,39.85699]]],[[[-100.68421,39.90066],[-100.68432,39.88623],[-100.70305,39.88628],[-100.703,39.90076],[-100.68421,39.90066]]],[[[-100.73999,39.9007],[-100.74018,39.88628],[-100.72196,39.88635],[-100.722,39.87178],[-100.74017,39.87178],[-100.74025,39.85731],[-100.75878,39.85731],[-100.7588,39.88616],[-100.77758,39.88614],[-100.7774,39.90053],[-100.73999,39.9007]]],[[[-100.81472,39.90072],[-100.7963,39.90074],[-100.79652,39.88652],[-100.81494,39.88617],[-100.81472,39.90072]]],[[[-99.36592,39.90052],[-99.38472,39.90065],[-99.38486,39.91513],[-99.36597,39.91504],[-99.36592,39.90052]]],[[[-100.85152,39.90071],[-100.85164,39.88622],[-100.88905,39.88631],[-100.88888,39.90084],[-100.85152,39.90071]]],[[[-101.67328,39.88698],[-101.67327,39.87247],[-101.69207,39.87224],[-101.69207,39.8869],[-101.67328,39.88698]]],[[[-101.74848,39.87232],[-101.74844,39.88673],[-101.7296,39.88691],[-101.72939,39.87236],[-101.74848,39.87232]]],[[[-100.34707,39.91525],[-100.34721,39.90089],[-100.36616,39.90093],[-100.36626,39.91532],[-100.34707,39.91525]]],[[[-100.422,39.88619],[-100.44059,39.88622],[-100.4407,39.90069],[-100.45961,39.90056],[-100.45963,39.91501],[-100.42193,39.91513],[-100.422,39.88619]]],[[[-100.49722,39.90038],[-100.51535,39.90041],[-100.51534,39.91493],[-100.49731,39.91492],[-100.49722,39.90038]]],[[[-99.34699,39.90056],[-99.34717,39.91503],[-99.32845,39.91498],[-99.32851,39.92947],[-99.29098,39.9294],[-99.29096,39.91486],[-99.30963,39.91497],[-99.30972,39.88603],[-99.32845,39.88611],[-99.32847,39.90046],[-99.34699,39.90056]]],[[[-100.81472,39.90072],[-100.85152,39.90071],[-100.85121,39.91521],[-100.81471,39.91519],[-100.81472,39.90072]]],[[[-99.57132,39.90063],[-99.57132,39.91507],[-99.5525,39.91507],[-99.5521,39.92953],[-99.51518,39.92974],[-99.51515,39.91533],[-99.53374,39.91518],[-99.53357,39.90099],[-99.57132,39.90063]]],[[[-101.65428,39.90151],[-101.65437,39.88702],[-101.67328,39.88698],[-101.67315,39.90146],[-101.65428,39.90151]]],[[[-100.32806,39.92962],[-100.3283,39.91517],[-100.34707,39.91525],[-100.34701,39.92967],[-100.32806,39.92962]]],[[[-100.68421,39.90066],[-100.68396,39.91511],[-100.6651,39.91515],[-100.66482,39.92967],[-100.64593,39.92959],[-100.64627,39.90068],[-100.68421,39.90066]]],[[[-100.7398,39.92237],[-100.7399,39.91521],[-100.79605,39.91519],[-100.79584,39.92971],[-100.7397,39.9296],[-100.7398,39.92237]]],[[[-101.63536,39.91606],[-101.63552,39.90175],[-101.65428,39.90151],[-101.65415,39.91606],[-101.63536,39.91606]]],[[[-100.11388,39.9364],[-100.11389,39.92911],[-100.13242,39.92903],[-100.13218,39.94355],[-100.11351,39.94364],[-100.11388,39.9364]]],[[[-101.76743,39.9041],[-101.76745,39.90119],[-101.78629,39.90139],[-101.78618,39.91593],[-101.76716,39.91584],[-101.76743,39.9041]]],[[[-100.29054,39.94388],[-100.29071,39.92948],[-100.32806,39.92962],[-100.32783,39.94419],[-100.29054,39.94388]]],[[[-100.40297,39.9297],[-100.42188,39.92959],[-100.42182,39.94409],[-100.4028,39.94418],[-100.40297,39.9297]]],[[[-100.6272,39.94409],[-100.60902,39.94416],[-100.60908,39.92975],[-100.62726,39.92971],[-100.6272,39.94409]]],[[[-99.10472,39.95907],[-99.02967,39.95932],[-99.02974,39.94484],[-99.10475,39.9447],[-99.10472,39.95907]]],[[[-101.61614,39.9307],[-101.61595,39.91607],[-101.63536,39.91606],[-101.63557,39.93062],[-101.61614,39.9307]]],[[[-101.69218,39.93046],[-101.69215,39.91592],[-101.74844,39.91571],[-101.74857,39.93018],[-101.69218,39.93046]]],[[[-100.07541,39.95818],[-100.07609,39.9003],[-100.09501,39.90028],[-100.09428,39.95811],[-100.07541,39.95818]]],[[[-101.87994,39.92352],[-101.87988,39.9162],[-101.84251,39.91617],[-101.84248,39.90161],[-101.88,39.90163],[-101.88021,39.88713],[-101.89887,39.88716],[-101.89869,39.90167],[-101.95505,39.90162],[-101.95522,39.91611],[-101.89872,39.91618],[-101.89848,39.93066],[-101.87982,39.93073],[-101.87994,39.92352]]],[[[-100.6272,39.94409],[-100.64581,39.94392],[-100.646,39.95862],[-100.62717,39.9586],[-100.6272,39.94409]]],[[[-100.66482,39.92967],[-100.72157,39.92971],[-100.72115,39.95859],[-100.70232,39.95866],[-100.70253,39.94404],[-100.68365,39.94432],[-100.68335,39.95888],[-100.66463,39.95865],[-100.66482,39.92967]]],[[[-101.69218,39.93046],[-101.69239,39.94494],[-101.67345,39.94494],[-101.6733,39.93058],[-101.69218,39.93046]]],[[[-100.09428,39.95811],[-100.13192,39.95793],[-100.13173,39.9725],[-100.09423,39.97254],[-100.09428,39.95811]]],[[[-101.35522,39.95913],[-101.33621,39.95904],[-101.33607,39.94455],[-101.35488,39.94473],[-101.35522,39.95913]]],[[[-100.57149,39.97295],[-100.55239,39.97275],[-100.55263,39.9583],[-100.5715,39.95848],[-100.57149,39.97295]]],[[[-100.59046,39.97304],[-100.59041,39.95848],[-100.60903,39.95863],[-100.60895,39.97312],[-100.59046,39.97304]]],[[[-101.48568,39.94495],[-101.48554,39.91612],[-101.5041,39.91607],[-101.50413,39.9017],[-101.52226,39.90168],[-101.52221,39.88732],[-101.54115,39.88717],[-101.54117,39.91607],[-101.52218,39.91604],[-101.52245,39.9305],[-101.50419,39.93056],[-101.50433,39.94502],[-101.52272,39.94506],[-101.52285,39.95957],[-101.48572,39.95939],[-101.48568,39.94495]]],[[[-99.4782,39.90076],[-99.47809,39.91513],[-99.49682,39.91519],[-99.49711,39.95845],[-99.47836,39.95849],[-99.47858,39.98751],[-99.44106,39.98756],[-99.44096,39.9731],[-99.45968,39.97312],[-99.45964,39.95862],[-99.42211,39.95853],[-99.4218,39.91534],[-99.45936,39.91517],[-99.45959,39.90066],[-99.4782,39.90076]]],[[[-101.57911,39.95942],[-101.57877,39.94495],[-101.59749,39.94495],[-101.59748,39.93064],[-101.61614,39.9307],[-101.61652,39.95957],[-101.57911,39.95942]]],[[[-101.63585,39.95951],[-101.6356,39.94499],[-101.6546,39.94488],[-101.65477,39.95946],[-101.63585,39.95951]]],[[[-100.17814,39.98695],[-100.17829,39.9724],[-100.27244,39.97276],[-100.27228,39.98722],[-100.17814,39.98695]]],[[[-100.27244,39.97276],[-100.2727,39.9582],[-100.15084,39.95788],[-100.15142,39.91449],[-100.11387,39.91456],[-100.11374,39.9],[-100.13255,39.89997],[-100.13256,39.88553],[-100.17023,39.88547],[-100.17042,39.87096],[-100.17918,39.87091],[-100.17907,39.8854],[-100.19321,39.88545],[-100.19794,39.88546],[-100.19792,39.8709],[-100.2167,39.87112],[-100.21679,39.89996],[-100.19793,39.89996],[-100.19783,39.91443],[-100.17034,39.91431],[-100.16989,39.94332],[-100.19751,39.94331],[-100.19769,39.9289],[-100.21661,39.92891],[-100.21636,39.94337],[-100.2352,39.94331],[-100.23524,39.92895],[-100.25408,39.92903],[-100.25394,39.94341],[-100.29054,39.94388],[-100.29038,39.95828],[-100.34686,39.95871],[-100.34693,39.94419],[-100.36588,39.94417],[-100.36626,39.91532],[-100.38499,39.91535],[-100.38503,39.90084],[-100.40314,39.90073],[-100.40297,39.9297],[-100.38493,39.92973],[-100.38472,39.9728],[-100.36579,39.97298],[-100.3657,39.98741],[-100.34631,39.98768],[-100.3468,39.97324],[-100.27244,39.97276]]],[[[-101.35522,39.95913],[-101.37408,39.95907],[-101.37438,39.97352],[-101.35516,39.97346],[-101.35522,39.95913]]],[[[-99.10468,39.97365],[-99.10442,40.00218],[-99.02949,40.00226],[-99.02956,39.98816],[-99.01067,39.98809],[-99.01071,39.97355],[-99.0485,39.97374],[-99.0484,39.98827],[-99.06704,39.98831],[-99.08571,39.98815],[-99.08579,39.97369],[-99.10468,39.97365]]],[[[-99.10468,39.97365],[-99.10472,39.95907],[-99.14217,39.95884],[-99.14214,39.92999],[-99.19797,39.92972],[-99.19801,39.9008],[-99.21678,39.9006],[-99.21657,39.91506],[-99.25416,39.91488],[-99.25415,39.92929],[-99.23543,39.92931],[-99.23542,39.94381],[-99.27281,39.94382],[-99.27279,39.95832],[-99.29077,39.95832],[-99.29082,39.94386],[-99.32854,39.94387],[-99.32851,39.92947],[-99.34719,39.92956],[-99.34727,39.94394],[-99.36597,39.94394],[-99.36616,39.95848],[-99.38484,39.95855],[-99.38503,39.94405],[-99.40323,39.94415],[-99.40336,39.97296],[-99.4222,39.97303],[-99.42217,39.98753],[-99.34747,39.98731],[-99.34727,39.9584],[-99.32866,39.95829],[-99.32859,39.98725],[-99.29092,39.98726],[-99.29083,39.97278],[-99.25414,39.97281],[-99.25384,40.00211],[-99.1976,40.002],[-99.19785,39.98741],[-99.23527,39.98718],[-99.23537,39.97274],[-99.21659,39.97288],[-99.21673,39.94394],[-99.19802,39.94412],[-99.1979,39.97308],[-99.16099,39.97336],[-99.16094,39.98779],[-99.14196,39.98783],[-99.14201,40.00207],[-99.12331,40.00218],[-99.12325,39.97344],[-99.10468,39.97365]]],[[[-99.17917,39.95866],[-99.17926,39.94418],[-99.16105,39.94449],[-99.161,39.95893],[-99.17917,39.95866]]],[[[-101.56038,39.97391],[-101.56028,39.95942],[-101.57911,39.95942],[-101.57932,39.97393],[-101.56038,39.97391]]],[[[-99.73926,39.90022],[-99.73902,39.91466],[-99.75775,39.91466],[-99.75788,39.90043],[-99.73926,39.90022],[-99.73922,39.88581],[-99.75787,39.88587],[-99.75785,39.87151],[-99.77666,39.87126],[-99.7766,39.85672],[-99.85117,39.85668],[-99.85124,39.84217],[-99.88871,39.8422],[-99.88891,39.82772],[-99.92649,39.82766],[-99.92641,39.84218],[-99.94526,39.8421],[-99.94531,39.82767],[-99.92649,39.82766],[-99.92672,39.81294],[-100.02059,39.81303],[-100.02028,39.82765],[-100.03915,39.82768],[-100.03928,39.81309],[-100.05804,39.81291],[-100.0582,39.79837],[-100.0962,39.79869],[-100.09612,39.78422],[-100.11475,39.78413],[-100.11466,39.76964],[-100.15242,39.76945],[-100.15237,39.75515],[-100.19884,39.75518],[-100.19879,39.72627],[-100.25498,39.72653],[-100.25494,39.71207],[-100.2737,39.71213],[-100.27355,39.69761],[-100.31072,39.69759],[-100.31067,39.68307],[-100.40437,39.68331],[-100.40456,39.66896],[-100.44209,39.66875],[-100.44198,39.65422],[-100.53502,39.65427],[-100.53545,39.62531],[-100.51652,39.62529],[-100.51646,39.63981],[-100.42333,39.63986],[-100.42343,39.62549],[-100.44201,39.6254],[-100.44206,39.61079],[-100.51662,39.61096],[-100.51681,39.59651],[-100.55442,39.59659],[-100.55457,39.58206],[-100.57304,39.5823],[-100.57279,39.56799],[-100.59003,39.56801],[-100.5903,39.55313],[-100.64556,39.55332],[-100.64577,39.52431],[-100.70184,39.52477],[-100.70201,39.51027],[-100.72012,39.5104],[-100.72024,39.49602],[-100.7764,39.49632],[-100.77661,39.48154],[-100.8139,39.4815],[-100.81385,39.49606],[-100.79511,39.49642],[-100.795,39.51077],[-100.75747,39.51068],[-100.75736,39.53984],[-100.70163,39.53925],[-100.70135,39.55379],[-100.66414,39.55335],[-100.66397,39.56808],[-100.6476,39.56803],[-100.64755,39.58257],[-100.6102,39.5825],[-100.6102,39.59688],[-100.59148,39.59683],[-100.59145,39.61134],[-100.62875,39.61153],[-100.62873,39.62592],[-100.59151,39.62567],[-100.59124,39.65471],[-100.55371,39.65441],[-100.55363,39.6689],[-100.49799,39.66868],[-100.49794,39.68322],[-100.47908,39.6832],[-100.47902,39.69761],[-100.46056,39.69768],[-100.46041,39.71225],[-100.44163,39.71223],[-100.44152,39.72675],[-100.42274,39.7267],[-100.4226,39.74119],[-100.38553,39.74115],[-100.38546,39.75576],[-100.34831,39.75569],[-100.3482,39.77014],[-100.29197,39.77013],[-100.29216,39.75569],[-100.27388,39.75563],[-100.27397,39.74113],[-100.23644,39.74091],[-100.23636,39.75535],[-100.21764,39.75531],[-100.21746,39.7842],[-100.25475,39.78456],[-100.25482,39.7991],[-100.19881,39.79856],[-100.19885,39.76962],[-100.17121,39.76954],[-100.17109,39.78393],[-100.18004,39.78399],[-100.17983,39.79846],[-100.15228,39.79834],[-100.15219,39.81292],[-100.13332,39.81303],[-100.13333,39.79855],[-100.1146,39.7986],[-100.1145,39.82761],[-100.09566,39.8276],[-100.0956,39.84215],[-100.11439,39.84208],[-100.11388,39.87107],[-100.07632,39.87137],[-100.07654,39.85689],[-100.05846,39.85666],[-100.05846,39.84216],[-100.03912,39.84223],[-100.03913,39.85673],[-100.02021,39.85666],[-100.02024,39.84218],[-100.00157,39.84219],[-100.00159,39.87109],[-99.98273,39.87121],[-99.98261,39.8856],[-99.96366,39.88552],[-99.96373,39.89999],[-99.94519,39.89998],[-99.94496,39.91448],[-99.83281,39.91455],[-99.83287,39.90004],[-99.81413,39.90003],[-99.81388,39.94349],[-99.77611,39.94365],[-99.77574,39.9726],[-99.7199,39.97262],[-99.71992,39.95811],[-99.7013,39.95817],[-99.70154,39.94366],[-99.68275,39.94374],[-99.68254,39.95824],[-99.7013,39.95817],[-99.70119,39.97263],[-99.66336,39.97275],[-99.66361,39.95825],[-99.62603,39.95832],[-99.62583,39.97293],[-99.64491,39.97286],[-99.64418,40.00187],[-99.60692,40.00196],[-99.60715,39.98747],[-99.58841,39.98756],[-99.58813,40.00196],[-99.53425,40.00204],[-99.53422,39.95857],[-99.5704,39.95852],[-99.57069,39.944],[-99.58924,39.94408],[-99.58967,39.92963],[-99.68302,39.92925],[-99.68323,39.91476],[-99.70195,39.91477],[-99.70187,39.92919],[-99.72026,39.92913],[-99.72081,39.9002],[-99.73926,39.90022]]],[[[-99.98269,39.85665],[-99.98298,39.84222],[-99.96375,39.84212],[-99.96369,39.85662],[-99.98269,39.85665]]],[[[-100.3579,39.74113],[-100.36703,39.74111],[-100.36748,39.72682],[-100.38561,39.7268],[-100.38573,39.71224],[-100.34862,39.7121],[-100.3486,39.69754],[-100.32956,39.69747],[-100.32981,39.71201],[-100.2919,39.71221],[-100.29223,39.7412],[-100.3579,39.74113]]],[[[-101.61694,39.97395],[-101.61652,39.95957],[-101.63585,39.95951],[-101.63606,39.97405],[-101.61694,39.97395]]],[[[-99.70081,40.00001],[-99.70111,39.98723],[-99.73797,39.98719],[-99.73769,40.00182],[-99.70073,40.00187],[-99.70081,40.00001]]],[[[-99.75674,40.00001],[-99.75675,39.98723],[-99.79521,39.98711],[-99.79522,39.97256],[-99.81369,39.97217],[-99.81353,39.95798],[-99.8323,39.95797],[-99.83204,39.98698],[-99.81362,39.98668],[-99.81332,40.00153],[-99.75667,40.00185],[-99.75674,40.00001]]],[[[-100.07541,39.95818],[-100.07538,39.97266],[-100.03797,39.97263],[-100.03876,39.92909],[-100.01991,39.92912],[-100.01967,39.97261],[-100.00066,39.97258],[-100.00092,39.94338],[-99.98205,39.94369],[-99.98188,39.97254],[-99.96324,39.97258],[-99.96312,39.98722],[-99.92544,39.98705],[-99.92554,40.00159],[-99.90663,40.00159],[-99.90689,39.98698],[-99.88869,39.98688],[-99.88861,39.9724],[-99.86949,39.97245],[-99.86983,39.94351],[-99.88877,39.94351],[-99.88868,39.95802],[-99.96333,39.95805],[-99.96349,39.9437],[-99.94483,39.94375],[-99.94491,39.92923],[-99.98222,39.92901],[-99.98253,39.91459],[-100.00134,39.91454],[-100.00158,39.90005],[-100.03887,39.90027],[-100.03892,39.91473],[-100.05775,39.91473],[-100.05742,39.95811],[-100.07541,39.95818]]],[[[-100.17814,39.98695],[-100.17808,40.00164],[-100.1127,40.00166],[-100.11305,39.98719],[-100.17814,39.98695]]],[[[-100.40248,40.00001],[-100.40262,39.98732],[-100.4214,39.98737],[-100.42124,40.00189],[-100.40256,40.00182],[-100.40248,40.00001]]],[[[-100.44028,40.00001],[-100.44041,39.98744],[-100.45901,39.98746],[-100.45923,39.97304],[-100.47799,39.97283],[-100.47788,39.98726],[-100.53365,39.98731],[-100.53352,40.00188],[-100.44021,40.00184],[-100.44028,40.00001]]],[[[-100.57149,39.97295],[-100.59046,39.97304],[-100.59017,40.00198],[-100.55237,40.0019],[-100.55253,39.9872],[-100.57132,39.9876],[-100.57149,39.97295]]],[[[-101.56038,39.97391],[-101.56082,39.98834],[-101.50525,39.98828],[-101.5048,39.9738],[-101.56038,39.97391]]],[[[-101.59832,39.98842],[-101.59804,39.974],[-101.61694,39.97395],[-101.61729,39.98845],[-101.59832,39.98842]]],[[[-100.90706,40.00001],[-100.90681,39.98788],[-100.92558,39.98784],[-100.92516,40.00218],[-100.90702,40.00218],[-100.90706,40.00001]]],[[[-100.94445,39.99494],[-100.94441,39.98774],[-100.96235,39.98774],[-100.96237,39.97329],[-101.0186,39.97318],[-101.01852,39.98757],[-100.98126,39.98756],[-100.98126,40.00227],[-100.94461,40.00225],[-100.94445,39.99494]]],[[[-101.18681,40.00001],[-101.18684,39.98751],[-101.22451,39.98746],[-101.22463,40.00257],[-101.18686,40.00257],[-101.18681,40.00001]]],[[[-101.44876,39.9881],[-101.44859,39.97372],[-101.46723,39.97375],[-101.46736,39.98822],[-101.48598,39.98828],[-101.48639,40.00266],[-101.44898,40.00263],[-101.44876,39.9881]]],[[[-101.59832,39.98842],[-101.59861,40.00274],[-101.57982,40.00279],[-101.57963,39.98828],[-101.59832,39.98842]]]]},"properties":{"OBJECTID":10,"dtw_2022_2024_MANUAL_RANGE":"50.000001 - 100.000000","name":"Depth to water: 50 to 100","classLabel":"50 to 100","color":"#fbd255","hasValue":true,"period":"2022\u20132024"}}]}