{"type":"FeatureCollection","crs":{"type":"name","properties":{"name":"EPSG:4326"}},"features":[{"type":"Feature","id":1,"geometry":{"type":"MultiPolygon","coordinates":[[[[-101.48326,36.99577],[-101.57364,36.99526],[-101.57361,36.99596],[-101.48326,36.99577]]],[[[-101.01258,37.00003],[-101.01269,36.99825],[-101.03073,36.99812],[-101.03064,37.0106],[-101.01257,37.01062],[-101.01258,37.00003]]],[[[-101.59192,36.99598],[-101.59201,36.99516],[-101.75433,36.99445],[-101.75433,36.99629],[-101.59192,36.99598]]],[[[-101.82679,36.99618],[-101.82678,36.99402],[-101.97129,36.99331],[-101.97114,36.9959],[-101.82679,36.99618]]],[[[-101.86354,37.12503],[-101.86368,37.11224],[-101.88175,37.11242],[-101.88171,37.12708],[-101.8635,37.1271],[-101.86354,37.12503]]],[[[-99.38157,37.19297],[-99.38139,37.17849],[-99.39949,37.17809],[-99.39974,37.19279],[-99.38157,37.19297]]],[[[-99.20023,37.17986],[-99.21839,37.17982],[-99.21872,37.19419],[-99.20069,37.19427],[-99.20023,37.17986]]],[[[-100.18181,37.18342],[-100.19981,37.18348],[-100.19986,37.19796],[-100.1817,37.19778],[-100.18181,37.18342]]],[[[-99.38157,37.19297],[-99.38204,37.20753],[-99.34574,37.20759],[-99.34538,37.19305],[-99.38157,37.19297]]],[[[-99.25456,37.17943],[-99.25421,37.16478],[-99.36279,37.16395],[-99.36314,37.17859],[-99.27269,37.17911],[-99.27318,37.1936],[-99.25513,37.19383],[-99.2556,37.20849],[-99.23739,37.20859],[-99.23661,37.17961],[-99.25456,37.17943]]],[[[-99.18321,37.22349],[-99.18305,37.20875],[-99.2012,37.20877],[-99.20134,37.22339],[-99.18321,37.22349]]],[[[-99.34623,37.23667],[-99.34609,37.22216],[-99.36408,37.22209],[-99.36422,37.23656],[-99.34623,37.23667]]],[[[-99.18321,37.22349],[-99.18321,37.238],[-99.14673,37.23826],[-99.14671,37.2528],[-99.12841,37.25303],[-99.12861,37.22372],[-99.18321,37.22349]]],[[[-99.11063,37.28217],[-99.11057,37.26749],[-99.12873,37.26754],[-99.12885,37.28213],[-99.11063,37.28217]]],[[[-99.40081,37.2946],[-99.36444,37.29474],[-99.36456,37.28024],[-99.4009,37.28007],[-99.40081,37.2946]]],[[[-98.40405,37.29707],[-98.40368,37.28266],[-98.4599,37.28265],[-98.46011,37.2974],[-98.40405,37.29707]]],[[[-98.51448,37.3118],[-98.53255,37.31172],[-98.53255,37.32627],[-98.51435,37.32623],[-98.51448,37.3118]]],[[[-98.46011,37.2974],[-98.5145,37.29736],[-98.51448,37.3118],[-98.49563,37.31175],[-98.49559,37.32619],[-98.4777,37.32621],[-98.47798,37.31182],[-98.45966,37.31188],[-98.46011,37.2974]]],[[[-99.14717,37.33996],[-99.14712,37.31111],[-99.1651,37.31107],[-99.16539,37.34012],[-99.14717,37.33996]]],[[[-98.53255,37.32627],[-98.55068,37.32651],[-98.55063,37.34096],[-98.53239,37.34078],[-98.53255,37.32627]]],[[[-99.14717,37.33996],[-99.14724,37.35468],[-99.12895,37.35474],[-99.12903,37.34002],[-99.14717,37.33996]]],[[[-97.72897,37.35784],[-97.6937,37.35813],[-97.69341,37.34352],[-97.72882,37.34329],[-97.72897,37.35784]]],[[[-99.12895,37.35474],[-99.12887,37.36927],[-99.11084,37.36933],[-99.11053,37.35483],[-99.12895,37.35474]]],[[[-98.55041,37.36978],[-98.53234,37.36983],[-98.53244,37.35529],[-98.55058,37.35531],[-98.55041,37.36978]]],[[[-101.79169,37.33851],[-101.79172,37.33074],[-101.81009,37.33071],[-101.81005,37.3452],[-101.79176,37.34517],[-101.79169,37.33851]]],[[[-97.65739,37.37277],[-97.65717,37.35824],[-97.6747,37.35807],[-97.67524,37.37264],[-97.65739,37.37277]]],[[[-98.55041,37.36978],[-98.56823,37.36966],[-98.56779,37.38419],[-98.55038,37.38413],[-98.55041,37.36978]]],[[[-97.72897,37.35784],[-97.74778,37.35775],[-97.74846,37.38659],[-97.73026,37.3868],[-97.7291,37.37219],[-97.72897,37.35784]]],[[[-99.68281,37.39471],[-99.66458,37.39488],[-99.66442,37.38041],[-99.68264,37.38024],[-99.68281,37.39471]]],[[[-99.63429,37.35161],[-99.65186,37.35147],[-99.65148,37.38058],[-99.64644,37.38062],[-99.64647,37.39497],[-99.62835,37.39509],[-99.62821,37.38074],[-99.63393,37.3807],[-99.63429,37.35161]]],[[[-98.59286,37.39875],[-98.57445,37.39856],[-98.57467,37.38418],[-98.59293,37.38411],[-98.59286,37.39875]]],[[[-97.80717,37.40091],[-97.78748,37.40092],[-97.78731,37.38641],[-97.80711,37.38631],[-97.80717,37.40091]]],[[[-97.7666,37.37206],[-97.78486,37.37186],[-97.78493,37.38641],[-97.76899,37.38642],[-97.76925,37.40093],[-97.75073,37.4011],[-97.75069,37.38657],[-97.7667,37.38643],[-97.7666,37.37206]]],[[[-97.65739,37.37277],[-97.65775,37.38731],[-97.71408,37.38697],[-97.71438,37.40151],[-97.64171,37.40184],[-97.64117,37.38739],[-97.63955,37.38739],[-97.63953,37.37307],[-97.65739,37.37277]]],[[[-98.59286,37.39875],[-98.61109,37.39898],[-98.61101,37.41321],[-98.5927,37.41304],[-98.59286,37.39875]]],[[[-98.79351,37.39835],[-98.73875,37.3984],[-98.73877,37.41281],[-98.72057,37.41297],[-98.72042,37.39854],[-98.66596,37.39866],[-98.66592,37.38423],[-98.64765,37.38427],[-98.64763,37.4131],[-98.6293,37.41334],[-98.62936,37.38426],[-98.60457,37.38412],[-98.60471,37.35528],[-98.65916,37.35528],[-98.65912,37.3697],[-98.67666,37.36967],[-98.67667,37.38425],[-98.69482,37.38422],[-98.69454,37.36965],[-98.70346,37.3696],[-98.71253,37.36965],[-98.71286,37.38419],[-98.79361,37.3839],[-98.79351,37.39835]]],[[[-97.80717,37.40091],[-97.82555,37.40087],[-97.82552,37.41543],[-97.80725,37.4155],[-97.80717,37.40091]]],[[[-98.64763,37.4131],[-98.68396,37.41315],[-98.68393,37.42753],[-98.64756,37.42763],[-98.64763,37.4131]]],[[[-97.82552,37.41543],[-97.86201,37.4153],[-97.86211,37.42993],[-97.82558,37.43012],[-97.82552,37.41543]]],[[[-99.68281,37.39471],[-99.70089,37.39471],[-99.70066,37.38021],[-99.68756,37.38028],[-99.68788,37.36597],[-99.72456,37.36562],[-99.72462,37.35112],[-99.76075,37.35052],[-99.76054,37.36513],[-99.7788,37.36664],[-99.77875,37.33761],[-99.79763,37.33813],[-99.79764,37.32362],[-99.7612,37.32163],[-99.74295,37.32186],[-99.74313,37.30735],[-99.72485,37.30748],[-99.72502,37.27861],[-99.70692,37.27868],[-99.70675,37.24979],[-99.74307,37.24969],[-99.76085,37.25082],[-99.76054,37.26514],[-99.77914,37.26507],[-99.7795,37.2935],[-99.85248,37.29516],[-99.85271,37.25168],[-99.8342,37.25135],[-99.83437,37.22232],[-99.87118,37.22281],[-99.87117,37.23739],[-99.88957,37.23768],[-99.88943,37.25219],[-99.9076,37.25236],[-99.90764,37.22339],[-99.94516,37.22402],[-99.94514,37.20953],[-99.9263,37.20922],[-99.92609,37.17991],[-100.0186,37.18166],[-100.0188,37.19612],[-100.03696,37.19643],[-100.03668,37.16718],[-100.05486,37.16771],[-100.05436,37.13824],[-100.07255,37.13864],[-100.07216,37.10919],[-100.0905,37.10939],[-100.09034,37.09504],[-100.10804,37.09489],[-100.1077,37.06556],[-100.12594,37.06595],[-100.12552,37.02201],[-100.10759,37.02162],[-100.10794,37.00232],[-100.41573,37.00126],[-100.41564,37.03956],[-100.36126,37.03907],[-100.36154,37.0535],[-100.32535,37.05323],[-100.32541,37.06785],[-100.30736,37.06767],[-100.30782,37.11101],[-100.2899,37.11103],[-100.2902,37.14014],[-100.30826,37.14012],[-100.30812,37.19834],[-100.32623,37.19827],[-100.32617,37.21298],[-100.30808,37.21301],[-100.30812,37.22748],[-100.29012,37.22733],[-100.29029,37.19868],[-100.27209,37.19842],[-100.27206,37.18388],[-100.25405,37.1838],[-100.25402,37.16914],[-100.18197,37.1688],[-100.18181,37.18342],[-100.16355,37.18294],[-100.16365,37.19761],[-100.14532,37.19754],[-100.14524,37.18283],[-100.12676,37.18295],[-100.12698,37.19758],[-100.10905,37.1975],[-100.10952,37.24129],[-100.09145,37.24108],[-100.09163,37.25568],[-100.07345,37.25539],[-100.07373,37.32819],[-100.09172,37.32856],[-100.0916,37.38693],[-100.08902,37.38691],[-100.08907,37.41606],[-100.07069,37.41584],[-100.07058,37.3866],[-100.05558,37.38632],[-100.05579,37.35717],[-100.03713,37.35672],[-100.0371,37.34205],[-99.92453,37.33973],[-99.92476,37.35429],[-99.83419,37.35326],[-99.83413,37.36777],[-99.79728,37.36698],[-99.79691,37.38094],[-99.81071,37.38136],[-99.81111,37.39572],[-99.79228,37.39499],[-99.79274,37.42407],[-99.81139,37.42473],[-99.81171,37.43922],[-99.75593,37.43822],[-99.75573,37.42358],[-99.73754,37.42359],[-99.73729,37.40906],[-99.68299,37.40924],[-99.68281,37.39471]]],[[[-99.90761,37.26698],[-99.88933,37.26669],[-99.88939,37.28131],[-99.90749,37.28155],[-99.90761,37.26698]]],[[[-100.19808,37.023],[-100.17979,37.02271],[-100.18011,37.03723],[-100.1982,37.03745],[-100.19808,37.023]]],[[[-98.68393,37.42753],[-98.7206,37.42739],[-98.72045,37.44176],[-98.68382,37.44178],[-98.68393,37.42753]]],[[[-97.72368,37.41612],[-97.73295,37.41596],[-97.73349,37.44523],[-97.71537,37.44534],[-97.71468,37.41619],[-97.72368,37.41612]]],[[[-98.79351,37.39835],[-98.84806,37.3985],[-98.84777,37.38391],[-98.88425,37.38395],[-98.88455,37.41273],[-98.92077,37.41271],[-98.92107,37.42716],[-98.97547,37.42743],[-98.97559,37.44165],[-98.93953,37.44172],[-98.93933,37.45623],[-98.9212,37.45623],[-98.92129,37.44168],[-98.90291,37.44171],[-98.90285,37.42722],[-98.88467,37.42729],[-98.88486,37.44166],[-98.86646,37.44158],[-98.86643,37.41274],[-98.7933,37.41269],[-98.79351,37.39835]]],[[[-98.97559,37.44165],[-99.01218,37.44169],[-99.01246,37.45628],[-98.97576,37.4562],[-98.97559,37.44165]]],[[[-97.97181,37.45873],[-97.97157,37.44402],[-97.98999,37.44384],[-97.99017,37.45842],[-97.97181,37.45873]]],[[[-97.86211,37.42993],[-97.88035,37.42969],[-97.88046,37.44427],[-97.93516,37.44397],[-97.93532,37.45857],[-97.8623,37.45911],[-97.86211,37.42993]]],[[[-99.52018,37.45335],[-99.53829,37.45346],[-99.53807,37.46793],[-99.52001,37.46802],[-99.52018,37.45335]]],[[[-98.9212,37.45623],[-98.92086,37.47025],[-98.90258,37.4703],[-98.90295,37.45612],[-98.9212,37.45623]]],[[[-97.97181,37.45873],[-97.97208,37.47302],[-97.95379,37.47301],[-97.95345,37.45866],[-97.97181,37.45873]]],[[[-97.77029,37.45914],[-97.78834,37.45925],[-97.78928,37.47429],[-97.77106,37.47434],[-97.77029,37.45914]]],[[[-97.72389,37.45984],[-97.73383,37.45984],[-97.73432,37.47447],[-97.69773,37.47457],[-97.69746,37.4599],[-97.72389,37.45984]]],[[[-101.98071,37.43311],[-101.98073,37.41833],[-101.99906,37.41829],[-101.99898,37.44763],[-101.98063,37.44761],[-101.98071,37.43311]]],[[[-98.19066,37.45685],[-98.19053,37.44226],[-98.09944,37.44267],[-98.09941,37.42819],[-98.04456,37.42857],[-98.0443,37.41407],[-98.02609,37.41403],[-98.02634,37.42854],[-97.98977,37.42921],[-97.98932,37.40003],[-97.95319,37.40011],[-97.95297,37.38543],[-97.94963,37.38543],[-97.94947,37.37079],[-97.986,37.37064],[-97.98614,37.34128],[-98.00412,37.3413],[-98.00409,37.32685],[-98.0217,37.32674],[-98.02179,37.31223],[-98.05798,37.31185],[-98.05781,37.2974],[-98.09407,37.29709],[-98.09417,37.31168],[-98.11234,37.31156],[-98.1124,37.32619],[-98.13005,37.3261],[-98.12985,37.2824],[-98.16623,37.28271],[-98.16644,37.31166],[-98.20294,37.31183],[-98.20282,37.28281],[-98.27618,37.28256],[-98.27609,37.29708],[-98.40405,37.29707],[-98.40398,37.31158],[-98.38558,37.31152],[-98.38538,37.32609],[-98.36756,37.32597],[-98.36761,37.34049],[-98.3495,37.34044],[-98.34943,37.35506],[-98.33155,37.35503],[-98.33164,37.36952],[-98.29513,37.3696],[-98.29523,37.38411],[-98.28191,37.38411],[-98.28188,37.39867],[-98.26363,37.3987],[-98.2637,37.42776],[-98.20858,37.4278],[-98.20871,37.44223],[-98.22742,37.44218],[-98.22711,37.45684],[-98.28159,37.45682],[-98.28207,37.47129],[-98.26387,37.47118],[-98.26384,37.48582],[-98.24554,37.48565],[-98.24557,37.47114],[-98.20913,37.47117],[-98.20899,37.45669],[-98.19066,37.45685]]],[[[-98.00868,37.47262],[-98.0087,37.48753],[-97.99033,37.48768],[-97.99032,37.47281],[-98.00868,37.47262]]],[[[-99.04885,37.48492],[-99.06708,37.4849],[-99.0669,37.47046],[-99.04868,37.47047],[-99.04885,37.48492],[-99.03069,37.48495],[-99.03052,37.47052],[-99.01225,37.47054],[-99.01246,37.45628],[-99.04847,37.45604],[-99.04849,37.44158],[-99.06672,37.44158],[-99.06672,37.45607],[-99.08504,37.45586],[-99.08504,37.47046],[-99.11471,37.4704],[-99.12133,37.47035],[-99.12147,37.44147],[-99.15708,37.44103],[-99.15696,37.42664],[-99.10299,37.42691],[-99.10278,37.41244],[-99.08454,37.41245],[-99.08418,37.38401],[-99.10267,37.38392],[-99.10261,37.398],[-99.22932,37.3977],[-99.22926,37.38322],[-99.2371,37.38315],[-99.23698,37.36847],[-99.27294,37.36854],[-99.27313,37.35392],[-99.36388,37.35294],[-99.36409,37.33838],[-99.38223,37.33828],[-99.38257,37.32374],[-99.40058,37.32344],[-99.40081,37.2946],[-99.43638,37.29448],[-99.43627,37.30893],[-99.45443,37.30894],[-99.45432,37.32344],[-99.49045,37.32335],[-99.49001,37.33789],[-99.63461,37.33698],[-99.63429,37.35161],[-99.61675,37.3517],[-99.61612,37.36614],[-99.59798,37.36615],[-99.59811,37.35181],[-99.48985,37.35235],[-99.48965,37.38139],[-99.50133,37.38127],[-99.50195,37.43895],[-99.52004,37.43876],[-99.52018,37.45335],[-99.42878,37.45394],[-99.42874,37.43943],[-99.39224,37.43949],[-99.39229,37.42516],[-99.37414,37.42536],[-99.37419,37.411],[-99.33779,37.41126],[-99.33787,37.39679],[-99.28366,37.39715],[-99.2838,37.41155],[-99.24755,37.41197],[-99.24762,37.42639],[-99.21136,37.42639],[-99.21164,37.44072],[-99.26554,37.44059],[-99.2657,37.45507],[-99.28396,37.455],[-99.28391,37.46907],[-99.2481,37.46907],[-99.24752,37.45534],[-99.22934,37.45541],[-99.23018,37.48382],[-99.21222,37.48401],[-99.21163,37.45519],[-99.15745,37.4553],[-99.15783,37.47004],[-99.1396,37.47017],[-99.14003,37.49923],[-99.1217,37.49922],[-99.12163,37.48488],[-99.10357,37.48483],[-99.10373,37.49939],[-99.04908,37.49938],[-99.04885,37.48492]]],[[[-98.00868,37.47262],[-98.00847,37.45812],[-98.04495,37.45757],[-98.04481,37.50166],[-98.02674,37.50181],[-98.02688,37.47252],[-98.00868,37.47262]]],[[[-97.94433,37.48791],[-97.95383,37.48787],[-97.9537,37.5026],[-97.93548,37.50284],[-97.9355,37.48792],[-97.94433,37.48791]]],[[[-97.73429,37.50367],[-97.69785,37.50362],[-97.69778,37.48914],[-97.73437,37.48908],[-97.73429,37.50367]]],[[[-99.17607,37.51359],[-99.17614,37.49883],[-99.1941,37.49869],[-99.19427,37.51355],[-99.17607,37.51359]]],[[[-99.14003,37.49923],[-99.1579,37.49899],[-99.1578,37.51367],[-99.14009,37.51365],[-99.14003,37.49923]]],[[[-98.19066,37.45685],[-98.19084,37.50111],[-98.11766,37.50165],[-98.11744,37.51653],[-98.09923,37.51638],[-98.0995,37.50156],[-98.06292,37.502],[-98.06308,37.48717],[-98.11798,37.48673],[-98.11816,37.47177],[-98.17275,37.47137],[-98.17257,37.45683],[-98.19066,37.45685]]],[[[-97.73429,37.50367],[-97.75291,37.50355],[-97.75288,37.51821],[-97.7344,37.51821],[-97.73429,37.50367]]],[[[-99.1578,37.51367],[-99.17607,37.51359],[-99.17594,37.52818],[-99.15775,37.52841],[-99.1578,37.51367]]],[[[-98.11744,37.51653],[-98.13557,37.51658],[-98.13548,37.53113],[-98.11747,37.5312],[-98.11744,37.51653]]],[[[-97.95386,37.53186],[-97.91744,37.53218],[-97.91739,37.51735],[-97.95375,37.51733],[-97.95386,37.53186]]],[[[-97.75288,37.51821],[-97.78943,37.51827],[-97.78956,37.53273],[-97.753,37.53267],[-97.75288,37.51821]]],[[[-97.95386,37.53186],[-97.97183,37.53253],[-97.97207,37.54693],[-97.95394,37.54648],[-97.95386,37.53186]]],[[[-97.78956,37.53273],[-97.8989,37.53218],[-97.89899,37.54689],[-97.78965,37.54718],[-97.78956,37.53273]]],[[[-97.93583,37.56112],[-97.91784,37.56107],[-97.91753,37.5468],[-97.9356,37.54668],[-97.93583,37.56112]]],[[[-97.99045,37.57554],[-97.99034,37.56126],[-98.0266,37.56105],[-98.02663,37.57552],[-97.99045,37.57554]]],[[[-97.93583,37.56112],[-97.95399,37.56118],[-97.95399,37.57556],[-97.93581,37.57549],[-97.93583,37.56112]]],[[[-98.05241,37.58973],[-98.06289,37.58974],[-98.06285,37.60425],[-98.04475,37.60422],[-98.04477,37.58968],[-98.05241,37.58973]]],[[[-100.3612,37.60608],[-100.36125,37.59144],[-100.32475,37.5916],[-100.32475,37.60624],[-100.28849,37.60649],[-100.2885,37.59155],[-100.27016,37.59161],[-100.27022,37.57705],[-100.25208,37.5771],[-100.25206,37.56254],[-100.27037,37.56253],[-100.27052,37.53331],[-100.28882,37.53334],[-100.28887,37.50432],[-100.36126,37.50391],[-100.36123,37.51854],[-100.39793,37.51847],[-100.39786,37.5476],[-100.41579,37.54752],[-100.41584,37.5768],[-100.39773,37.57681],[-100.39758,37.59139],[-100.37949,37.59144],[-100.37944,37.60603],[-100.3612,37.60608]]],[[[-101.98012,37.53495],[-101.98019,37.52048],[-101.99855,37.52047],[-101.99869,37.50589],[-101.98036,37.50578],[-101.98052,37.46217],[-102.01709,37.4623],[-102.01721,37.44769],[-102.04188,37.44784],[-102.04186,37.59328],[-102.03462,37.59336],[-102.03502,37.53513],[-101.98012,37.53495]]],[[[-98.1176,37.63238],[-98.06302,37.63309],[-98.06293,37.61863],[-98.08118,37.61851],[-98.08102,37.60422],[-98.09947,37.60415],[-98.09952,37.61842],[-98.11778,37.61804],[-98.1176,37.63238]]],[[[-97.95399,37.57556],[-97.99045,37.57554],[-97.99063,37.60425],[-98.00885,37.60426],[-98.00887,37.61867],[-97.99055,37.61843],[-97.99045,37.63302],[-97.95386,37.63284],[-97.95388,37.60424],[-97.97248,37.60418],[-97.97236,37.5899],[-97.95395,37.58988],[-97.95399,37.57556]]],[[[-98.1176,37.63238],[-98.13588,37.63278],[-98.13579,37.61828],[-98.15398,37.61841],[-98.15418,37.64693],[-98.11738,37.64649],[-98.1176,37.63238]]],[[[-98.06302,37.63309],[-98.06318,37.64745],[-98.02671,37.64692],[-98.00889,37.64742],[-98.00899,37.63307],[-98.06302,37.63309]]],[[[-98.06318,37.64745],[-98.09932,37.64685],[-98.09925,37.66103],[-98.06325,37.66081],[-98.06318,37.64745]]],[[[-97.93587,37.63271],[-97.95386,37.63284],[-97.95438,37.67584],[-97.93618,37.67602],[-97.93587,37.63271]]],[[[-97.95438,37.67584],[-97.97258,37.67589],[-97.9726,37.66135],[-97.99091,37.66134],[-97.99083,37.69033],[-97.9544,37.69031],[-97.95438,37.67584]]],[[[-99.77863,37.70541],[-99.77865,37.69097],[-99.83385,37.69113],[-99.83348,37.70546],[-99.77863,37.70541]]],[[[-98.11792,37.704],[-98.00918,37.70445],[-98.00914,37.69016],[-98.11774,37.68959],[-98.11792,37.704]]],[[[-98.11792,37.704],[-98.13585,37.70381],[-98.13606,37.71833],[-98.11818,37.71849],[-98.11792,37.704]]],[[[-97.93587,37.63271],[-97.88132,37.63287],[-97.88153,37.64676],[-97.86329,37.64665],[-97.86255,37.66094],[-97.84359,37.66086],[-97.84396,37.68983],[-97.82554,37.69001],[-97.82594,37.71904],[-97.80784,37.71911],[-97.80761,37.70463],[-97.7895,37.70519],[-97.78943,37.69066],[-97.77113,37.6909],[-97.77062,37.66199],[-97.82507,37.66105],[-97.825,37.65385],[-97.82672,37.64668],[-97.82634,37.60428],[-97.89991,37.60405],[-97.89989,37.61837],[-97.91777,37.61834],[-97.91768,37.60406],[-97.93559,37.60408],[-97.93587,37.63271]]],[[[-97.82594,37.71904],[-97.84423,37.71889],[-97.84449,37.73338],[-97.82624,37.7334],[-97.82594,37.71904]]],[[[-97.88149,37.74834],[-97.88121,37.73354],[-97.89988,37.7338],[-97.89985,37.74837],[-97.88149,37.74834]]],[[[-97.5173,37.73635],[-97.55368,37.73591],[-97.55419,37.75041],[-97.51769,37.75093],[-97.5173,37.73635]]],[[[-97.58946,37.75002],[-97.60801,37.74992],[-97.60808,37.76416],[-97.57229,37.76444],[-97.57244,37.75019],[-97.58946,37.75002]]],[[[-97.64463,37.77861],[-97.6263,37.77871],[-97.62627,37.76395],[-97.64453,37.76391],[-97.64463,37.77861]]],[[[-98.22868,37.79087],[-98.22859,37.77631],[-98.24597,37.77634],[-98.24581,37.79085],[-98.22868,37.79087]]],[[[-97.90008,37.76293],[-97.91816,37.76289],[-97.91826,37.79207],[-97.90062,37.79222],[-97.90008,37.76293]]],[[[-97.64463,37.77861],[-97.66315,37.7785],[-97.66337,37.79311],[-97.64475,37.79319],[-97.64463,37.77861]]],[[[-97.66337,37.79311],[-97.68149,37.79302],[-97.68174,37.80756],[-97.66358,37.80764],[-97.66337,37.79311]]],[[[-98.22868,37.79087],[-98.22878,37.80537],[-98.21039,37.80566],[-98.21009,37.82506],[-98.19175,37.82508],[-98.19214,37.79099],[-98.22868,37.79087]]],[[[-97.91815,37.80669],[-97.93642,37.80658],[-97.93621,37.82484],[-97.91795,37.8249],[-97.91815,37.80669]]],[[[-97.68174,37.80756],[-97.6995,37.80747],[-97.69977,37.82511],[-97.68206,37.82508],[-97.68174,37.80756]]],[[[-98.30672,37.83915],[-98.30682,37.82452],[-98.32515,37.82444],[-98.32488,37.83899],[-98.30672,37.83915]]],[[[-98.16037,37.83983],[-98.1053,37.83951],[-98.10526,37.82484],[-98.10052,37.82487],[-98.10066,37.80587],[-98.15544,37.80565],[-98.15534,37.82512],[-98.16026,37.82512],[-98.16037,37.83983]]],[[[-101.79793,37.78826],[-101.79795,37.781],[-101.81641,37.78128],[-101.81617,37.81037],[-101.79756,37.81019],[-101.79793,37.78826]]],[[[-97.95867,37.83931],[-97.94042,37.83931],[-97.94049,37.82483],[-97.95867,37.82476],[-97.95867,37.83931]]],[[[-97.83,37.83921],[-97.81166,37.83938],[-97.8121,37.8249],[-97.83048,37.82488],[-97.83,37.83921]]],[[[-98.30672,37.83915],[-98.30673,37.85378],[-98.28835,37.85378],[-98.28848,37.83921],[-98.30672,37.83915]]],[[[-98.03194,37.85377],[-98.01365,37.85378],[-98.01367,37.83925],[-98.03197,37.83918],[-98.03194,37.85377]]],[[[-97.95867,37.83931],[-97.97688,37.83925],[-97.97706,37.82469],[-97.99547,37.82465],[-97.99531,37.85384],[-97.95867,37.85395],[-97.95867,37.83931]]],[[[-97.83,37.83921],[-97.84835,37.83938],[-97.84844,37.85404],[-97.83001,37.85382],[-97.83,37.83921]]],[[[-97.75661,37.85432],[-97.75666,37.83969],[-97.72024,37.8397],[-97.72056,37.8252],[-97.79379,37.82496],[-97.79328,37.83952],[-97.77497,37.83955],[-97.77496,37.85418],[-97.75661,37.85432]]],[[[-101.85176,37.81759],[-101.8518,37.81042],[-101.87014,37.81081],[-101.87009,37.82693],[-101.85171,37.82695],[-101.85176,37.81759]]],[[[-98.16037,37.83983],[-98.19677,37.83972],[-98.19665,37.85433],[-98.21529,37.85416],[-98.21518,37.82505],[-98.23341,37.82491],[-98.23356,37.83947],[-98.25182,37.83938],[-98.25195,37.85398],[-98.23343,37.85403],[-98.23347,37.86847],[-98.17857,37.86944],[-98.17854,37.85479],[-98.16028,37.85447],[-98.16037,37.83983]]],[[[-98.03193,37.86827],[-98.03194,37.85377],[-98.08682,37.85395],[-98.0869,37.86847],[-98.03193,37.86827]]],[[[-97.84844,37.85404],[-97.86678,37.85398],[-97.86665,37.8685],[-97.84831,37.86856],[-97.84844,37.85404]]],[[[-100.00923,37.87503],[-100.00926,37.8694],[-100.02749,37.86948],[-100.02747,37.88399],[-100.00928,37.88393],[-100.00923,37.87503]]],[[[-100.06409,37.88398],[-100.06406,37.86959],[-100.08245,37.86958],[-100.08247,37.88409],[-100.06409,37.88398]]],[[[-97.87534,37.88301],[-97.88517,37.88301],[-97.88509,37.89761],[-97.86671,37.89761],[-97.86656,37.88305],[-97.87534,37.88301]]],[[[-100.06409,37.88398],[-100.06408,37.89848],[-100.04581,37.89842],[-100.04574,37.88395],[-100.06409,37.88398]]],[[[-98.01374,37.89733],[-98.0319,37.89734],[-98.03185,37.91185],[-98.01373,37.91181],[-98.01374,37.89733]]],[[[-98.03193,37.86827],[-98.03187,37.88284],[-98.01366,37.88288],[-98.01374,37.89733],[-97.97688,37.89762],[-97.97695,37.91199],[-97.94044,37.91209],[-97.94045,37.89757],[-97.95892,37.89786],[-97.95888,37.88318],[-97.99563,37.8828],[-97.99537,37.8683],[-98.03193,37.86827]]],[[[-97.9036,37.89766],[-97.92202,37.8976],[-97.92201,37.91221],[-97.90352,37.91219],[-97.9036,37.89766]]],[[[-99.99149,37.91305],[-100.00939,37.91305],[-100.00937,37.92749],[-99.99147,37.92766],[-99.99149,37.91305]]],[[[-100.04584,37.92773],[-100.04583,37.91315],[-100.08237,37.91325],[-100.08253,37.92769],[-100.04584,37.92773]]],[[[-99.86322,37.94227],[-99.86334,37.91323],[-99.84506,37.91309],[-99.80837,37.91317],[-99.80829,37.94207],[-99.78993,37.94207],[-99.79019,37.89848],[-99.80812,37.89843],[-99.80805,37.88391],[-99.84452,37.88399],[-99.84473,37.82584],[-99.83313,37.82583],[-99.8328,37.80741],[-99.81467,37.80704],[-99.81483,37.7925],[-99.83292,37.79294],[-99.83316,37.76379],[-99.85159,37.76396],[-99.85146,37.77852],[-99.86969,37.77861],[-99.86941,37.79311],[-99.88739,37.79337],[-99.88725,37.80795],[-99.90548,37.80802],[-99.90539,37.82599],[-100.00917,37.82586],[-100.00924,37.84038],[-99.991,37.84036],[-99.99122,37.86935],[-99.93616,37.86951],[-99.93617,37.88406],[-99.9179,37.88424],[-99.91814,37.8988],[-99.93646,37.89871],[-99.93617,37.88406],[-99.95468,37.88402],[-99.95472,37.89859],[-99.9915,37.89839],[-99.99149,37.91305],[-99.97306,37.91311],[-99.97317,37.92767],[-99.95499,37.92769],[-99.95486,37.91314],[-99.9181,37.9133],[-99.91798,37.92782],[-99.89964,37.92798],[-99.89971,37.91337],[-99.88161,37.91327],[-99.88145,37.94238],[-99.86322,37.94227]]],[[[-98.01379,37.94091],[-98.03179,37.94099],[-98.03192,37.95548],[-98.01382,37.9555],[-98.01379,37.94091]]],[[[-99.88145,37.94238],[-99.8996,37.94254],[-99.89959,37.95714],[-99.88137,37.95714],[-99.88145,37.94238]]],[[[-99.77108,37.97096],[-99.7711,37.94208],[-99.78993,37.94207],[-99.78982,37.97105],[-99.77108,37.97096]]],[[[-99.82645,37.97124],[-99.82657,37.94215],[-99.86322,37.94227],[-99.86318,37.95691],[-99.84462,37.95675],[-99.84478,37.97132],[-99.82645,37.97124]]],[[[-97.5173,37.73635],[-97.40803,37.73785],[-97.37157,37.7375],[-97.37192,37.97031],[-97.35487,37.97012],[-97.35512,37.9122],[-97.35386,37.83893],[-97.3355,37.83905],[-97.33586,37.81043],[-97.3174,37.81042],[-97.31741,37.75223],[-97.29934,37.75223],[-97.29901,37.72277],[-97.35395,37.72251],[-97.40797,37.72338],[-97.51712,37.72191],[-97.5173,37.73635]]],[[[-99.82645,37.97124],[-99.82636,38.00037],[-99.80794,38.0002],[-99.80815,37.97115],[-99.82645,37.97124]]],[[[-99.99136,37.99291],[-99.99136,37.98556],[-100.00921,37.98569],[-100.00934,38.00022],[-99.99139,38.00022],[-99.99136,37.99291]]],[[[-99.77108,38.00021],[-99.78967,38.00011],[-99.78957,38.01464],[-99.77107,38.01474],[-99.77108,38.00021]]],[[[-100.10031,38.01502],[-100.10031,38.00059],[-100.11706,38.00057],[-100.11694,38.01502],[-100.10031,38.01502]]],[[[-97.35484,37.99914],[-97.37179,37.9993],[-97.37187,38.01388],[-97.35489,38.01373],[-97.35484,37.99914]]],[[[-99.73443,38.02174],[-99.73441,38.0148],[-99.75272,38.01481],[-99.75275,38.02931],[-99.7344,38.02932],[-99.73443,38.02174]]],[[[-99.97279,38.02966],[-99.97298,38.01514],[-99.99138,38.01498],[-99.99122,38.02963],[-99.97279,38.02966]]],[[[-100.24426,38.05906],[-100.24438,38.04475],[-100.26272,38.04468],[-100.2625,38.05906],[-100.24426,38.05906]]],[[[-100.33544,38.05902],[-100.33567,38.04455],[-100.40898,38.04431],[-100.40872,38.05898],[-100.33544,38.05902]]],[[[-100.42731,38.05894],[-100.42724,38.04424],[-100.48171,38.04449],[-100.48163,38.05909],[-100.42731,38.05894]]],[[[-99.86256,38.05877],[-99.86253,38.04415],[-99.89891,38.04454],[-99.89923,38.01547],[-99.91766,38.0154],[-99.91732,38.05921],[-99.93582,38.05892],[-99.93576,38.0734],[-99.89854,38.0738],[-99.89874,38.05922],[-99.86256,38.05877]]],[[[-99.93582,38.05892],[-99.93593,38.04413],[-99.95424,38.04435],[-99.95452,38.02966],[-99.97279,38.02966],[-99.97246,38.05883],[-99.99094,38.05868],[-99.99092,38.073],[-99.95387,38.07347],[-99.95408,38.05894],[-99.93582,38.05892]]],[[[-100.18969,38.07335],[-100.17136,38.0733],[-100.17168,38.05876],[-100.18985,38.05887],[-100.18969,38.07335]]],[[[-100.22573,38.07358],[-100.226,38.05908],[-100.24426,38.05906],[-100.24391,38.07351],[-100.22573,38.07358]]],[[[-100.51842,38.07402],[-100.51842,38.05946],[-100.53674,38.05959],[-100.53679,38.07413],[-100.51842,38.07402]]],[[[-99.38711,38.07327],[-99.38713,38.0879],[-99.36875,38.08783],[-99.36871,38.07327],[-99.38711,38.07327]]],[[[-99.77094,38.08735],[-99.77086,38.07284],[-99.71606,38.07288],[-99.71605,38.05833],[-99.7344,38.05833],[-99.73436,38.04377],[-99.78934,38.04374],[-99.78904,38.08725],[-99.77094,38.08735]]],[[[-100.18969,38.07335],[-100.22573,38.07358],[-100.22556,38.088],[-100.18958,38.08776],[-100.18969,38.07335]]],[[[-99.4782,38.08802],[-99.47837,38.1026],[-99.46001,38.10273],[-99.4599,38.08817],[-99.4782,38.08802]]],[[[-99.75262,38.10192],[-99.75258,38.08739],[-99.77094,38.08735],[-99.77095,38.10185],[-99.75262,38.10192]]],[[[-99.69755,38.10243],[-99.69783,38.07291],[-99.71606,38.07288],[-99.71589,38.10259],[-99.69755,38.10243]]],[[[-99.86253,38.04415],[-99.84431,38.04401],[-99.84449,38.05861],[-99.86256,38.05877],[-99.86256,38.07333],[-99.84447,38.07326],[-99.84398,38.1023],[-99.82566,38.10214],[-99.826,38.05842],[-99.80763,38.05825],[-99.80762,38.04378],[-99.82583,38.04386],[-99.82603,38.02937],[-99.84434,38.02947],[-99.84447,38.01491],[-99.86266,38.01509],[-99.86253,38.04415]]],[[[-100.15318,38.10219],[-100.15307,38.08773],[-100.17124,38.08776],[-100.17134,38.10227],[-100.15318,38.10219]]],[[[-100.55445,38.11785],[-100.55452,38.10339],[-100.57272,38.10352],[-100.5726,38.11797],[-100.55445,38.11785]]],[[[-99.49691,38.13145],[-99.4784,38.13164],[-99.47843,38.11711],[-99.49686,38.117],[-99.49691,38.13145]]],[[[-99.49691,38.13145],[-99.5153,38.13142],[-99.51531,38.14597],[-99.49709,38.14602],[-99.49691,38.13145]]],[[[-99.62483,38.14573],[-99.62475,38.13126],[-99.64305,38.13123],[-99.64306,38.14571],[-99.62483,38.14573]]],[[[-99.62461,38.0873],[-99.62463,38.07278],[-99.60622,38.0728],[-99.60626,38.08735],[-99.62461,38.0873],[-99.62462,38.1021],[-99.60632,38.10198],[-99.60639,38.13112],[-99.58799,38.13117],[-99.58806,38.14569],[-99.56969,38.14586],[-99.56968,38.13124],[-99.55212,38.13126],[-99.55202,38.11668],[-99.58798,38.11658],[-99.58789,38.102],[-99.53357,38.10221],[-99.53353,38.08777],[-99.51504,38.08776],[-99.51487,38.07304],[-99.49653,38.07328],[-99.49661,38.08795],[-99.4782,38.08802],[-99.47804,38.07332],[-99.38711,38.07327],[-99.38717,38.01519],[-99.40553,38.0152],[-99.40538,38.00067],[-99.42366,38.00066],[-99.42376,37.98598],[-99.55155,37.98544],[-99.55153,37.97071],[-99.56981,37.97084],[-99.56983,37.95631],[-99.58824,37.95633],[-99.58827,37.94187],[-99.60663,37.94196],[-99.60687,37.86933],[-99.58851,37.86931],[-99.58889,37.84021],[-99.6252,37.8403],[-99.62508,37.85489],[-99.64361,37.85479],[-99.64355,37.88392],[-99.66177,37.88406],[-99.66153,37.91319],[-99.67969,37.91336],[-99.67963,37.9278],[-99.69791,37.9278],[-99.69789,37.94225],[-99.75283,37.9421],[-99.75276,37.97118],[-99.77108,37.97096],[-99.771,37.9855],[-99.7527,37.98564],[-99.75271,38.00024],[-99.6976,38.00036],[-99.69783,38.07291],[-99.67925,38.07293],[-99.67925,38.04387],[-99.6613,38.04381],[-99.6614,38.01468],[-99.67926,38.01485],[-99.67939,38.00036],[-99.66132,38.00024],[-99.6614,38.01468],[-99.64304,38.01464],[-99.64303,38.02909],[-99.62464,38.02902],[-99.62465,38.04356],[-99.64303,38.04367],[-99.64304,38.05816],[-99.66132,38.05837],[-99.66126,38.07285],[-99.67925,38.07293],[-99.67915,38.10202],[-99.69755,38.10243],[-99.69769,38.11695],[-99.67925,38.11663],[-99.67934,38.14575],[-99.66152,38.14577],[-99.66124,38.08745],[-99.62461,38.0873]]],[[[-99.58808,38.16026],[-99.58806,38.14569],[-99.62483,38.14573],[-99.62486,38.16035],[-99.58808,38.16026]]],[[[-99.56984,38.17497],[-99.56974,38.16043],[-99.58808,38.16026],[-99.58814,38.17499],[-99.56984,38.17497]]],[[[-99.69778,38.17486],[-99.69767,38.16047],[-99.71618,38.16034],[-99.71609,38.14586],[-99.73446,38.14563],[-99.7343,38.10225],[-99.75262,38.10192],[-99.75296,38.17469],[-99.69778,38.17486]]],[[[-99.1685,38.18872],[-99.09569,38.18886],[-99.09574,38.17436],[-99.16831,38.1742],[-99.1685,38.18872]]],[[[-99.56984,38.17497],[-99.57005,38.18944],[-99.51519,38.18969],[-99.51523,38.1605],[-99.53362,38.16047],[-99.5336,38.17513],[-99.56984,38.17497]]],[[[-99.1685,38.18872],[-99.18701,38.18869],[-99.18723,38.20319],[-99.16865,38.20328],[-99.1685,38.18872]]],[[[-99.69778,38.17486],[-99.69792,38.18939],[-99.66169,38.18942],[-99.6618,38.20399],[-99.64359,38.20391],[-99.64326,38.17493],[-99.69778,38.17486]]],[[[-99.25973,38.21788],[-99.24131,38.21753],[-99.24118,38.20319],[-99.25949,38.20315],[-99.25973,38.21788]]],[[[-99.6618,38.20399],[-99.69811,38.20391],[-99.69819,38.21838],[-99.66202,38.21844],[-99.6618,38.20399]]],[[[-99.15049,38.23229],[-99.13205,38.23245],[-99.13196,38.21787],[-99.15043,38.21786],[-99.15049,38.23229]]],[[[-99.35119,38.23325],[-99.31508,38.23304],[-99.31463,38.20406],[-99.33305,38.2042],[-99.33315,38.2187],[-99.35084,38.21881],[-99.35119,38.23325]]],[[[-99.40608,38.23071],[-99.40599,38.21889],[-99.4244,38.21891],[-99.4245,38.23343],[-99.40612,38.23342],[-99.40608,38.23071]]],[[[-99.69819,38.21838],[-99.71672,38.21835],[-99.71692,38.23284],[-99.6984,38.23293],[-99.69819,38.21838]]],[[[-99.99094,38.05868],[-99.99104,38.0441],[-100.00921,38.04386],[-100.00946,38.02941],[-100.08225,38.02947],[-100.08218,38.01499],[-100.10031,38.01502],[-100.10031,38.02955],[-100.11684,38.02953],[-100.11651,38.08763],[-100.13485,38.08761],[-100.13492,38.10202],[-100.15318,38.10219],[-100.15346,38.11668],[-100.13515,38.11663],[-100.13532,38.16055],[-100.10089,38.16024],[-100.10106,38.18927],[-100.06449,38.18901],[-100.06453,38.20345],[-100.0098,38.20344],[-100.00967,38.18899],[-99.99141,38.18905],[-99.99152,38.20352],[-99.97319,38.20376],[-99.9732,38.21825],[-99.93638,38.21854],[-99.93654,38.23303],[-99.89967,38.23331],[-99.89956,38.21882],[-99.88142,38.21871],[-99.88158,38.23316],[-99.84499,38.23289],[-99.84412,38.1894],[-99.86247,38.18959],[-99.86217,38.1751],[-99.84376,38.17497],[-99.84371,38.16041],[-99.80714,38.16015],[-99.8073,38.11647],[-99.86231,38.11685],[-99.86243,38.08797],[-99.88065,38.08813],[-99.88065,38.11701],[-99.89861,38.11731],[-99.8984,38.08825],[-99.99072,38.08757],[-99.99097,38.11649],[-100.00937,38.11637],[-100.00929,38.08734],[-100.02741,38.0873],[-100.02723,38.07267],[-100.10027,38.0728],[-100.10017,38.04387],[-100.06393,38.04445],[-100.06434,38.05833],[-100.0455,38.05812],[-100.04569,38.04433],[-100.02758,38.04392],[-100.02733,38.05809],[-99.99094,38.05868]]],[[[-99.87542,38.14622],[-99.88066,38.14625],[-99.88058,38.13161],[-99.82554,38.13133],[-99.8254,38.14572],[-99.87542,38.14622]]],[[[-100.02771,38.15989],[-100.00961,38.16001],[-100.00957,38.16718],[-100.00965,38.17448],[-100.02787,38.17451],[-100.02771,38.15989],[-100.04603,38.16005],[-100.04604,38.14562],[-100.02777,38.14542],[-100.02771,38.15989]]],[[[-99.25973,38.21788],[-99.27805,38.21816],[-99.27778,38.20364],[-99.29623,38.20383],[-99.29688,38.24743],[-99.2601,38.24682],[-99.25973,38.21788]]],[[[-99.35119,38.23325],[-99.38772,38.23334],[-99.38789,38.24789],[-99.35142,38.24785],[-99.35119,38.23325]]],[[[-99.44301,38.2479],[-99.44292,38.23339],[-99.51572,38.23317],[-99.51599,38.24756],[-99.44301,38.2479]]],[[[-99.58867,38.24057],[-99.58873,38.23304],[-99.60706,38.23304],[-99.60715,38.26206],[-99.58875,38.26204],[-99.58867,38.24057]]],[[[-99.63958,38.27654],[-99.63932,38.26201],[-99.62525,38.26202],[-99.6255,38.24749],[-99.66218,38.24754],[-99.66215,38.26199],[-99.65776,38.26201],[-99.65803,38.2765],[-99.63958,38.27654]]],[[[-99.03234,38.27574],[-99.03231,38.29022],[-99.01387,38.29027],[-99.0139,38.27576],[-99.03234,38.27574]]],[[[-99.03234,38.27574],[-99.03246,38.2612],[-99.09619,38.26134],[-99.09603,38.2469],[-99.15059,38.24682],[-99.15049,38.23229],[-99.16885,38.23236],[-99.16937,38.26139],[-99.16123,38.2614],[-99.16113,38.29039],[-99.10612,38.2904],[-99.10608,38.2759],[-99.03234,38.27574]]],[[[-98.38793,38.27489],[-98.40672,38.27476],[-98.40633,38.28936],[-98.38788,38.28948],[-98.38793,38.27489]]],[[[-99.67641,38.2764],[-99.67612,38.26192],[-99.69456,38.26189],[-99.69492,38.29103],[-99.67665,38.29096],[-99.67641,38.2764]]],[[[-99.75027,38.29074],[-99.71334,38.29095],[-99.71315,38.27635],[-99.73164,38.27623],[-99.73145,38.26178],[-99.73566,38.26178],[-99.73549,38.24726],[-99.75381,38.24726],[-99.75414,38.26178],[-99.74976,38.26178],[-99.75027,38.29074]]],[[[-98.01736,38.28963],[-97.98033,38.2897],[-97.9805,38.27519],[-98.01727,38.27509],[-98.01736,38.28963]]],[[[-97.79613,38.28962],[-97.79601,38.27515],[-97.81449,38.27512],[-97.81456,38.28962],[-97.79613,38.28962]]],[[[-97.35311,38.28986],[-97.33453,38.28978],[-97.33715,38.17403],[-97.33402,38.17408],[-97.3367,38.08629],[-97.33669,38.05727],[-97.35503,38.05716],[-97.35493,38.02826],[-97.37193,38.02838],[-97.37172,38.20268],[-97.39013,38.20265],[-97.39009,38.23185],[-97.37173,38.23171],[-97.37168,38.24629],[-97.35339,38.24638],[-97.35311,38.28986]]],[[[-98.97687,38.30477],[-98.97695,38.29025],[-98.9954,38.29024],[-98.99535,38.30474],[-98.97687,38.30477]]],[[[-98.42471,38.28938],[-98.4432,38.28928],[-98.44298,38.3038],[-98.42461,38.30389],[-98.42471,38.28938]]],[[[-97.35311,38.28986],[-97.37158,38.28982],[-97.37159,38.30435],[-97.35311,38.30431],[-97.35311,38.28986]]],[[[-98.97687,38.30477],[-98.97686,38.31929],[-98.95837,38.31939],[-98.95836,38.30482],[-98.97687,38.30477]]],[[[-98.95837,38.31939],[-98.95843,38.33389],[-98.94015,38.33376],[-98.94006,38.3193],[-98.95837,38.31939]]],[[[-97.37532,38.31882],[-97.39011,38.31876],[-97.39015,38.33323],[-97.37158,38.33345],[-97.37163,38.31887],[-97.37532,38.31882]]],[[[-97.79613,38.28962],[-97.79618,38.30417],[-97.81435,38.30437],[-97.81428,38.31894],[-97.83284,38.31874],[-97.83274,38.33328],[-97.7963,38.33325],[-97.79587,38.34798],[-97.77747,38.3479],[-97.77775,38.28966],[-97.79613,38.28962]]],[[[-98.46149,38.33296],[-98.46128,38.31832],[-98.47964,38.3184],[-98.48038,38.36198],[-98.46187,38.36212],[-98.46149,38.33296]]],[[[-100.77721,38.34478],[-100.77715,38.33745],[-100.7951,38.33749],[-100.79543,38.35208],[-100.77727,38.35212],[-100.77721,38.34478]]],[[[-97.79587,38.34798],[-97.8142,38.34801],[-97.81418,38.36265],[-97.79584,38.36232],[-97.79587,38.34798]]],[[[-97.83255,38.36242],[-97.85103,38.36239],[-97.85106,38.37693],[-97.83245,38.37701],[-97.83255,38.36242]]],[[[-97.40878,38.37696],[-97.39039,38.37708],[-97.39017,38.34795],[-97.40859,38.34794],[-97.40878,38.37696]]],[[[-97.40878,38.37696],[-97.42715,38.37687],[-97.42728,38.39134],[-97.40898,38.39147],[-97.40878,38.37696]]],[[[-98.88526,38.40531],[-98.86683,38.40528],[-98.86679,38.39074],[-98.88527,38.3907],[-98.88526,38.40531]]],[[[-99.05176,38.40631],[-99.05131,38.37733],[-98.99601,38.37689],[-98.99584,38.36232],[-99.01426,38.36257],[-99.0139,38.34806],[-99.03242,38.34835],[-99.03238,38.33384],[-99.14249,38.33409],[-99.14243,38.34863],[-99.17931,38.34938],[-99.17929,38.37829],[-99.08826,38.37745],[-99.08839,38.39198],[-99.0701,38.39191],[-99.07023,38.40642],[-99.05176,38.40631]]],[[[-99.34454,38.4077],[-99.32605,38.40783],[-99.32547,38.3933],[-99.30699,38.3935],[-99.30633,38.37897],[-99.3248,38.3788],[-99.32416,38.36427],[-99.34263,38.36412],[-99.34326,38.37865],[-99.36268,38.37853],[-99.36313,38.3933],[-99.34398,38.3932],[-99.34454,38.4077]]],[[[-97.42728,38.39134],[-97.44564,38.3913],[-97.44574,38.40574],[-97.42742,38.40592],[-97.42728,38.39134]]],[[[-98.68272,38.40556],[-98.70086,38.40545],[-98.70092,38.42],[-98.68273,38.42005],[-98.68272,38.40556]]],[[[-98.99623,38.42042],[-98.99626,38.4059],[-99.03332,38.40637],[-99.03351,38.42093],[-98.99623,38.42042]]],[[[-97.48211,38.42043],[-97.46423,38.42023],[-97.46418,38.40582],[-97.48218,38.40595],[-97.48211,38.42043]]],[[[-98.88526,38.40531],[-98.97783,38.40568],[-98.97777,38.42015],[-98.92247,38.41984],[-98.92245,38.43429],[-98.90395,38.43428],[-98.90389,38.41976],[-98.88544,38.41979],[-98.88526,38.40531]]],[[[-98.01697,38.42761],[-98.01695,38.42045],[-97.99824,38.42035],[-97.99832,38.40581],[-97.97984,38.40586],[-97.97985,38.36226],[-97.96133,38.36237],[-97.96137,38.34783],[-97.85102,38.3479],[-97.85141,38.28967],[-97.83298,38.28965],[-97.83295,38.27513],[-97.8514,38.27506],[-97.85141,38.26055],[-97.84846,38.26055],[-97.84843,38.23197],[-97.86691,38.23197],[-97.86692,38.24657],[-97.92225,38.2464],[-97.92229,38.26056],[-97.9621,38.26065],[-97.96164,38.31876],[-97.98016,38.3188],[-97.98003,38.33333],[-97.99848,38.33333],[-97.99834,38.36216],[-98.01689,38.36216],[-98.01677,38.39119],[-98.03486,38.391],[-98.03484,38.40569],[-98.05331,38.40559],[-98.05319,38.4201],[-98.03481,38.42024],[-98.03478,38.43478],[-98.01696,38.43492],[-98.01697,38.42761]]],[[[-97.48211,38.42043],[-97.51916,38.42036],[-97.51932,38.43507],[-97.48213,38.43486],[-97.48211,38.42043]]],[[[-98.83011,38.44877],[-98.81158,38.44882],[-98.81164,38.43431],[-98.83019,38.43428],[-98.83011,38.44877]]],[[[-98.75634,38.43442],[-98.71942,38.43444],[-98.71936,38.40533],[-98.75628,38.4054],[-98.75632,38.41993],[-98.79341,38.41972],[-98.79337,38.43427],[-98.77485,38.43435],[-98.77504,38.44897],[-98.75656,38.44902],[-98.75634,38.43442]]],[[[-98.99612,38.44935],[-98.99615,38.43481],[-99.0328,38.43503],[-99.03287,38.4495],[-98.99612,38.44935]]],[[[-99.23511,38.45045],[-99.23458,38.37941],[-99.26968,38.37943],[-99.27034,38.39395],[-99.25257,38.39421],[-99.25337,38.43611],[-99.27197,38.43623],[-99.27135,38.40851],[-99.28916,38.40829],[-99.29038,38.45094],[-99.23511,38.45045]]],[[[-99.32605,38.40783],[-99.32658,38.42233],[-99.34509,38.42215],[-99.34454,38.4077],[-99.3816,38.40755],[-99.38247,38.43727],[-99.40099,38.43692],[-99.40044,38.42195],[-99.41897,38.42189],[-99.41945,38.4368],[-99.43783,38.43675],[-99.43788,38.45127],[-99.36406,38.45178],[-99.36413,38.43722],[-99.34581,38.43703],[-99.34582,38.45154],[-99.32733,38.45145],[-99.32735,38.43693],[-99.30885,38.43667],[-99.30762,38.40806],[-99.32605,38.40783]]],[[[-97.8325,38.42057],[-97.8509,38.42054],[-97.85083,38.44974],[-97.83235,38.44972],[-97.8325,38.42057]]],[[[-100.20992,38.4507],[-100.20967,38.43621],[-100.24642,38.43629],[-100.24654,38.45076],[-100.20992,38.4507]]],[[[-97.55632,38.43493],[-97.57471,38.43484],[-97.57421,38.44932],[-97.53739,38.44953],[-97.53781,38.43501],[-97.55632,38.43493]]],[[[-98.83011,38.44877],[-98.84861,38.44876],[-98.84854,38.46325],[-98.83014,38.46322],[-98.83011,38.44877]]],[[[-99.10689,38.46457],[-99.06995,38.4643],[-99.06974,38.44983],[-99.05124,38.44969],[-99.0512,38.43519],[-99.06955,38.43533],[-99.07022,38.42094],[-99.08841,38.42099],[-99.08819,38.44999],[-99.10655,38.45002],[-99.10689,38.46457]]],[[[-97.79548,38.46414],[-97.79565,38.44965],[-97.81394,38.44977],[-97.81392,38.4643],[-97.79548,38.46414]]],[[[-100.19204,38.4652],[-100.19149,38.45074],[-100.20992,38.4507],[-100.2101,38.46534],[-100.19204,38.4652]]],[[[-100.41192,38.45995],[-100.41179,38.45259],[-100.44852,38.45291],[-100.44876,38.46746],[-100.41207,38.46723],[-100.41192,38.45995]]],[[[-99.10689,38.46457],[-99.16133,38.46456],[-99.16118,38.43576],[-99.21657,38.43578],[-99.21661,38.45033],[-99.19807,38.45019],[-99.19825,38.46483],[-99.17984,38.46469],[-99.17979,38.47929],[-99.107,38.47914],[-99.10689,38.46457]]],[[[-97.79548,38.46414],[-97.79516,38.4786],[-97.75841,38.47834],[-97.75863,38.46397],[-97.79548,38.46414]]],[[[-100.19204,38.4652],[-100.19228,38.47966],[-100.17369,38.47946],[-100.17331,38.46493],[-100.19204,38.4652]]],[[[-100.24642,38.43629],[-100.24622,38.42184],[-100.22791,38.42182],[-100.22603,38.34921],[-100.24493,38.3493],[-100.24473,38.33479],[-100.2997,38.33494],[-100.29975,38.34972],[-100.31814,38.34981],[-100.31816,38.33504],[-100.33681,38.33533],[-100.33659,38.32087],[-100.37321,38.32125],[-100.37316,38.30683],[-100.3548,38.30651],[-100.3548,38.29185],[-100.37327,38.29211],[-100.37312,38.27748],[-100.39148,38.27765],[-100.39144,38.26275],[-100.41016,38.26296],[-100.41005,38.24827],[-100.53785,38.24892],[-100.53801,38.26368],[-100.5559,38.26375],[-100.55573,38.24901],[-100.57412,38.24924],[-100.57388,38.2347],[-100.59226,38.23479],[-100.59192,38.22016],[-100.61024,38.22042],[-100.61044,38.23484],[-100.62854,38.23513],[-100.62872,38.24968],[-100.64699,38.24981],[-100.64818,38.27845],[-100.62986,38.27847],[-100.63029,38.33653],[-100.63056,38.35109],[-100.6489,38.35123],[-100.64904,38.36593],[-100.55726,38.36547],[-100.55733,38.38015],[-100.53936,38.38014],[-100.53924,38.39466],[-100.44756,38.3946],[-100.4477,38.40913],[-100.42933,38.40899],[-100.42969,38.42358],[-100.39292,38.42314],[-100.39314,38.43783],[-100.37494,38.4376],[-100.3751,38.45207],[-100.39349,38.45233],[-100.39374,38.46688],[-100.35687,38.4664],[-100.35696,38.48093],[-100.33903,38.4806],[-100.33899,38.46626],[-100.2653,38.46552],[-100.26484,38.4365],[-100.24642,38.43629]]],[[[-98.95948,38.49261],[-98.86694,38.49235],[-98.86697,38.47784],[-98.95945,38.47809],[-98.95948,38.49261]]],[[[-98.81168,38.49246],[-98.77494,38.4926],[-98.77481,38.46343],[-98.79315,38.46342],[-98.79322,38.47804],[-98.81167,38.47791],[-98.81168,38.49246]]],[[[-99.01472,38.49296],[-99.01456,38.46395],[-99.03288,38.46411],[-99.03307,38.49309],[-99.01472,38.49296]]],[[[-98.42483,38.4781],[-98.40637,38.47808],[-98.40635,38.49261],[-98.38795,38.49274],[-98.38818,38.44921],[-98.40655,38.44908],[-98.40643,38.46355],[-98.42488,38.46357],[-98.42483,38.4781]]],[[[-98.28477,38.46391],[-98.29397,38.46386],[-98.29409,38.49293],[-98.27556,38.49304],[-98.2756,38.46402],[-98.28477,38.46391]]],[[[-99.41944,38.46584],[-99.43786,38.46575],[-99.43792,38.49488],[-99.36406,38.49539],[-99.36405,38.48091],[-99.41947,38.48041],[-99.41944,38.46584]]],[[[-97.59285,38.4928],[-97.57404,38.49413],[-97.57411,38.46402],[-97.59296,38.46379],[-97.59285,38.4928]]],[[[-98.81168,38.49246],[-98.8302,38.49219],[-98.83024,38.50678],[-98.81174,38.50701],[-98.81168,38.49246]]],[[[-98.95948,38.49261],[-99.01472,38.49296],[-99.01472,38.50749],[-98.95939,38.50718],[-98.95948,38.49261]]],[[[-99.19813,38.50838],[-99.19816,38.49389],[-99.21666,38.49392],[-99.21668,38.47939],[-99.30878,38.48031],[-99.30884,38.49484],[-99.25344,38.49435],[-99.25357,38.50893],[-99.19813,38.50838]]],[[[-97.73993,38.5071],[-97.73999,38.4927],[-97.75807,38.49279],[-97.75778,38.50704],[-97.73993,38.5071]]],[[[-100.15568,38.50842],[-100.12081,38.50855],[-100.11941,38.4943],[-100.11944,38.47964],[-100.15512,38.47955],[-100.15568,38.50842]]],[[[-98.79363,38.5216],[-98.75677,38.52172],[-98.75661,38.50722],[-98.79357,38.50708],[-98.79363,38.5216]]],[[[-99.14264,38.52285],[-99.10676,38.52268],[-99.10687,38.50815],[-99.14266,38.50828],[-99.14264,38.52285]]],[[[-99.19813,38.50838],[-99.19822,38.52305],[-99.1797,38.52296],[-99.17969,38.50822],[-99.19813,38.50838]]],[[[-97.73993,38.5071],[-97.74035,38.52189],[-97.72185,38.52188],[-97.72189,38.5071],[-97.73993,38.5071]]],[[[-101.93743,38.46554],[-101.91897,38.4656],[-101.91915,38.48013],[-101.88262,38.48012],[-101.88261,38.49449],[-101.86419,38.4945],[-101.86418,38.47998],[-101.84565,38.48006],[-101.84565,38.46573],[-101.77057,38.46578],[-101.77054,38.43666],[-101.75209,38.4367],[-101.75194,38.4077],[-101.73369,38.40769],[-101.73356,38.39312],[-101.65929,38.39336],[-101.65941,38.32077],[-101.67804,38.32068],[-101.67804,38.30629],[-101.71481,38.30594],[-101.7148,38.29152],[-101.7331,38.29149],[-101.73326,38.26263],[-101.74464,38.26255],[-101.74454,38.20442],[-101.72595,38.2044],[-101.72568,38.17546],[-101.68885,38.17555],[-101.68876,38.16103],[-101.59682,38.16151],[-101.59718,38.17592],[-101.57875,38.17599],[-101.57915,38.19086],[-101.56033,38.19062],[-101.56049,38.20536],[-101.469,38.20571],[-101.46902,38.22011],[-101.45077,38.2202],[-101.45084,38.23467],[-101.43232,38.23473],[-101.43262,38.26363],[-101.41993,38.26366],[-101.4203,38.29266],[-101.40188,38.29272],[-101.40208,38.30721],[-101.38348,38.30735],[-101.38373,38.32173],[-101.3286,38.32183],[-101.32882,38.33642],[-101.21837,38.33692],[-101.21901,38.35129],[-101.20051,38.35134],[-101.19973,38.32228],[-101.18131,38.32234],[-101.18085,38.30786],[-101.1627,38.30791],[-101.16258,38.29344],[-101.14431,38.29351],[-101.14382,38.26448],[-101.12163,38.2645],[-101.12162,38.2208],[-101.1032,38.22092],[-101.10327,38.20642],[-101.15838,38.2064],[-101.15827,38.19189],[-101.17669,38.19183],[-101.17639,38.16281],[-101.21276,38.16272],[-101.21248,38.14812],[-101.24923,38.148],[-101.2493,38.16259],[-101.32232,38.16253],[-101.32234,38.177],[-101.41409,38.17675],[-101.41394,38.16213],[-101.45026,38.16219],[-101.45015,38.14756],[-101.46855,38.14762],[-101.46849,38.11871],[-101.48683,38.11865],[-101.48661,38.07518],[-101.52327,38.07506],[-101.52326,38.06052],[-101.54119,38.06052],[-101.54135,37.98758],[-101.52324,37.98766],[-101.52333,37.95855],[-101.50527,37.95845],[-101.50507,37.94396],[-101.45002,37.94402],[-101.45015,37.91506],[-101.46844,37.91505],[-101.46847,37.90052],[-101.39531,37.90037],[-101.39546,37.88566],[-101.37732,37.88586],[-101.37728,37.87187],[-101.39552,37.87174],[-101.39579,37.8283],[-101.40046,37.82829],[-101.40027,37.80905],[-101.43612,37.80924],[-101.43615,37.79465],[-101.45457,37.79453],[-101.45462,37.77996],[-101.49138,37.78001],[-101.49131,37.76542],[-101.52724,37.76545],[-101.52717,37.7508],[-101.60032,37.75123],[-101.6001,37.76589],[-101.61853,37.76604],[-101.61844,37.78051],[-101.65368,37.7806],[-101.65362,37.79519],[-101.7269,37.79514],[-101.72696,37.78066],[-101.74306,37.78081],[-101.74261,37.82704],[-101.76176,37.82702],[-101.76177,37.84151],[-101.79832,37.84155],[-101.79846,37.856],[-101.83504,37.85594],[-101.83505,37.87046],[-101.85336,37.8705],[-101.85346,37.88496],[-101.94479,37.88502],[-101.94482,37.87048],[-101.98138,37.87047],[-101.98133,37.85583],[-101.99965,37.85584],[-101.99955,37.82688],[-101.99772,37.82687],[-101.99784,37.79664],[-102.0429,37.7965],[-102.04339,37.89953],[-102.04469,37.97597],[-102.04427,38.12485],[-102.0451,38.49428],[-102.02986,38.49441],[-102.02951,38.47993],[-101.99296,38.48003],[-101.99292,38.46546],[-101.93743,38.46554]]],[[[-98.62761,38.52189],[-98.6461,38.52198],[-98.64608,38.53646],[-98.6274,38.5365],[-98.62761,38.52189]]],[[[-98.40635,38.49261],[-98.42482,38.49259],[-98.42483,38.4781],[-98.4433,38.47809],[-98.44332,38.50718],[-98.42489,38.50713],[-98.42488,38.53636],[-98.40645,38.53638],[-98.40635,38.49261]]],[[[-99.19822,38.52305],[-99.27241,38.52374],[-99.27225,38.50897],[-99.30919,38.50935],[-99.30969,38.53876],[-99.19842,38.53765],[-99.19822,38.52305]]],[[[-100.1561,38.53758],[-100.15583,38.52329],[-100.17434,38.52319],[-100.17418,38.50852],[-100.19273,38.50863],[-100.19272,38.53766],[-100.1561,38.53758]]],[[[-97.59285,38.4928],[-97.61111,38.49263],[-97.61114,38.50702],[-97.62962,38.50714],[-97.62963,38.52187],[-97.70338,38.5219],[-97.70345,38.53638],[-97.59274,38.53642],[-97.59285,38.4928]]],[[[-98.75677,38.52172],[-98.75675,38.53619],[-98.73832,38.53622],[-98.73823,38.55071],[-98.7198,38.55066],[-98.71977,38.52184],[-98.75677,38.52172]]],[[[-98.68297,38.53635],[-98.70126,38.53616],[-98.70134,38.55071],[-98.68287,38.55082],[-98.68297,38.53635]]],[[[-98.73823,38.55071],[-98.75671,38.55074],[-98.7571,38.56521],[-98.73853,38.56525],[-98.73823,38.55071]]],[[[-98.62761,38.52189],[-98.59064,38.52183],[-98.59041,38.55082],[-98.57246,38.55085],[-98.5724,38.56536],[-98.51708,38.56539],[-98.51702,38.55087],[-98.50785,38.55085],[-98.49861,38.55102],[-98.49854,38.56556],[-98.46167,38.5654],[-98.46163,38.55085],[-98.44323,38.55083],[-98.4433,38.53636],[-98.46176,38.5363],[-98.46186,38.52184],[-98.48038,38.52182],[-98.4804,38.49277],[-98.49884,38.49286],[-98.49892,38.47842],[-98.53593,38.4784],[-98.53595,38.4639],[-98.62754,38.46359],[-98.62765,38.49256],[-98.60908,38.49272],[-98.60915,38.50723],[-98.62763,38.5074],[-98.62761,38.52189]]],[[[-98.42455,38.56551],[-98.40608,38.56549],[-98.40628,38.55091],[-98.42464,38.55093],[-98.42455,38.56551]]],[[[-98.29415,38.56551],[-98.27556,38.56522],[-98.27566,38.53617],[-98.29422,38.53651],[-98.29415,38.56551]]],[[[-98.16438,38.43501],[-98.18288,38.43506],[-98.183,38.42047],[-98.16454,38.42045],[-98.16438,38.43501],[-98.10882,38.43494],[-98.10885,38.4203],[-98.09046,38.42022],[-98.09043,38.3912],[-98.07191,38.39118],[-98.07205,38.37653],[-98.05348,38.37652],[-98.05383,38.34741],[-98.03531,38.34745],[-98.03565,38.30403],[-98.01725,38.3042],[-98.01736,38.28963],[-98.07275,38.28961],[-98.07279,38.27501],[-98.09121,38.275],[-98.09061,38.34752],[-98.10905,38.34752],[-98.10909,38.36206],[-98.12747,38.36198],[-98.12749,38.37655],[-98.2385,38.37693],[-98.23869,38.36245],[-98.25725,38.36244],[-98.2571,38.34791],[-98.2756,38.34788],[-98.27585,38.3769],[-98.29433,38.3768],[-98.29437,38.3913],[-98.31273,38.39123],[-98.31275,38.40574],[-98.27592,38.40595],[-98.27561,38.44948],[-98.25713,38.44956],[-98.25708,38.53667],[-98.23857,38.53668],[-98.23871,38.55122],[-98.22009,38.55116],[-98.22023,38.56572],[-98.18311,38.56544],[-98.18307,38.55097],[-98.16457,38.55118],[-98.16417,38.50758],[-98.14592,38.50757],[-98.14582,38.44951],[-98.16427,38.44957],[-98.16438,38.43501]]],[[[-100.26624,38.56698],[-100.24776,38.56678],[-100.24757,38.5523],[-100.21106,38.55229],[-100.21094,38.49432],[-100.24704,38.49434],[-100.24731,38.50882],[-100.26552,38.50909],[-100.26602,38.52343],[-100.22928,38.52325],[-100.22949,38.53778],[-100.26601,38.53802],[-100.26624,38.56698]]],[[[-98.79363,38.5216],[-98.83015,38.52165],[-98.83024,38.50678],[-98.84868,38.50676],[-98.8486,38.52163],[-98.88561,38.52106],[-98.88573,38.53556],[-98.90425,38.5357],[-98.90418,38.55023],[-98.95973,38.55098],[-98.95999,38.57998],[-98.88576,38.57913],[-98.88571,38.5646],[-98.86723,38.5649],[-98.86717,38.55033],[-98.83027,38.55063],[-98.83026,38.53615],[-98.79363,38.5362],[-98.79363,38.5216]]],[[[-98.72003,38.5797],[-98.70155,38.57971],[-98.70149,38.56518],[-98.71992,38.5652],[-98.72003,38.5797]]],[[[-98.29415,38.56551],[-98.34993,38.5652],[-98.35007,38.57978],[-98.29413,38.58005],[-98.29415,38.56551]]],[[[-100.26624,38.56698],[-100.28459,38.56727],[-100.28468,38.58158],[-100.26644,38.58148],[-100.26624,38.56698]]],[[[-98.72003,38.5797],[-98.75711,38.57971],[-98.7571,38.56521],[-98.77547,38.56522],[-98.77564,38.59426],[-98.72006,38.59424],[-98.72003,38.5797]]],[[[-98.36943,38.60874],[-98.35001,38.60865],[-98.3497,38.59426],[-98.36937,38.59424],[-98.36943,38.60874]]],[[[-99.93711,38.59532],[-99.95548,38.59512],[-99.95573,38.6094],[-99.93718,38.60976],[-99.93711,38.59532]]],[[[-100.08464,38.60976],[-100.08495,38.59528],[-100.15636,38.5956],[-100.15646,38.61013],[-100.08464,38.60976]]],[[[-100.17489,38.61019],[-100.17485,38.59565],[-100.21171,38.59595],[-100.21198,38.61028],[-100.17489,38.61019]]],[[[-99.93711,38.59532],[-99.90072,38.59553],[-99.90073,38.61014],[-99.88231,38.61027],[-99.88193,38.62479],[-99.86344,38.62491],[-99.86335,38.58141],[-99.93691,38.58086],[-99.93711,38.59532]]],[[[-100.08464,38.60976],[-100.08425,38.62438],[-100.01111,38.62347],[-100.01113,38.60895],[-100.08464,38.60976]]],[[[-98.36943,38.60874],[-98.40638,38.60877],[-98.40644,38.59435],[-98.4249,38.59442],[-98.42455,38.56551],[-98.46167,38.5654],[-98.46194,38.60893],[-98.47989,38.60895],[-98.47994,38.62345],[-98.49839,38.62349],[-98.49848,38.6526],[-98.42505,38.65235],[-98.425,38.63786],[-98.40647,38.63781],[-98.40637,38.62324],[-98.36942,38.62324],[-98.36943,38.60874]]],[[[-100.45063,38.65553],[-100.45097,38.62645],[-100.46867,38.62686],[-100.46829,38.65584],[-100.45063,38.65553]]],[[[-100.46829,38.65584],[-100.50485,38.65647],[-100.50468,38.6707],[-100.46806,38.67026],[-100.46829,38.65584]]],[[[-100.52329,38.67079],[-100.52366,38.65648],[-100.54218,38.65664],[-100.54174,38.67096],[-100.52329,38.67079]]],[[[-100.00577,38.7036],[-100.00596,38.6963],[-100.02458,38.69629],[-100.02422,38.71082],[-100.00559,38.71085],[-100.00577,38.7036]]],[[[-100.11688,38.70418],[-100.11714,38.69702],[-100.08267,38.69668],[-100.08304,38.68218],[-100.13635,38.68262],[-100.13533,38.71172],[-100.11669,38.71155],[-100.11688,38.70418]]],[[[-100.81877,38.71442],[-100.8004,38.71454],[-100.80044,38.69972],[-100.79815,38.69974],[-100.79757,38.68564],[-100.81619,38.68563],[-100.8164,38.69975],[-100.81883,38.69976],[-100.81877,38.71442]]],[[[-99.91317,38.71093],[-99.91343,38.69637],[-99.93194,38.69638],[-99.93135,38.72541],[-99.91297,38.72546],[-99.91317,38.71093]]],[[[-101.00287,38.71397],[-101.003,38.69953],[-101.04014,38.69982],[-101.04001,38.71423],[-101.00287,38.71397]]],[[[-100.15326,38.72634],[-100.15383,38.69732],[-100.17246,38.69753],[-100.17182,38.72647],[-100.15326,38.72634]]],[[[-100.28468,38.58158],[-100.32164,38.58181],[-100.32257,38.61086],[-100.28539,38.61052],[-100.28551,38.62491],[-100.34107,38.62547],[-100.34116,38.6401],[-100.3585,38.64021],[-100.35839,38.65469],[-100.37678,38.65496],[-100.37701,38.64034],[-100.39553,38.64048],[-100.39528,38.65509],[-100.45063,38.65553],[-100.45031,38.67],[-100.39508,38.66955],[-100.39457,38.68431],[-100.34041,38.68366],[-100.33916,38.69895],[-100.3021,38.69864],[-100.30326,38.68332],[-100.26552,38.683],[-100.26486,38.69818],[-100.24636,38.69812],[-100.24589,38.71262],[-100.22751,38.71239],[-100.22725,38.72709],[-100.20872,38.7269],[-100.20914,38.71235],[-100.19066,38.71231],[-100.19098,38.69774],[-100.22833,38.69786],[-100.22977,38.66839],[-100.23053,38.61031],[-100.24848,38.61036],[-100.24815,38.59592],[-100.28485,38.59621],[-100.28468,38.58158]]],[[[-100.68902,38.72185],[-100.68931,38.71462],[-100.67081,38.7146],[-100.67122,38.70011],[-100.66977,38.70012],[-100.6697,38.68574],[-100.59578,38.68547],[-100.59566,38.67115],[-100.70625,38.67151],[-100.70633,38.68596],[-100.68815,38.6858],[-100.68814,38.70014],[-100.72517,38.70014],[-100.72481,38.68601],[-100.77985,38.68544],[-100.78019,38.69968],[-100.7452,38.70015],[-100.74505,38.71467],[-100.72665,38.71462],[-100.72645,38.72909],[-100.68879,38.72917],[-100.68902,38.72185]]],[[[-100.9105,38.72784],[-100.91066,38.71351],[-100.92862,38.71338],[-100.92866,38.72784],[-100.9105,38.72784]]],[[[-101.00287,38.71397],[-101.00266,38.72846],[-100.98434,38.7283],[-100.98451,38.71379],[-101.00287,38.71397]]],[[[-100.15326,38.72634],[-100.15289,38.74087],[-100.11615,38.74054],[-100.11635,38.72606],[-100.15326,38.72634]]],[[[-101.04001,38.71423],[-101.07692,38.71472],[-101.07682,38.72915],[-101.03997,38.72876],[-101.04001,38.71423]]],[[[-102.02139,38.71241],[-102.02139,38.69784],[-102.04523,38.69785],[-102.0452,38.71214],[-102.02139,38.71241]]],[[[-99.63463,38.73985],[-99.61607,38.73994],[-99.61634,38.72543],[-99.59782,38.72551],[-99.59847,38.6965],[-99.56699,38.69657],[-99.56741,38.66937],[-99.6226,38.66924],[-99.62315,38.64034],[-99.64169,38.64028],[-99.64208,38.62582],[-99.66059,38.62573],[-99.66032,38.64029],[-99.75288,38.64001],[-99.75365,38.6112],[-99.77221,38.61109],[-99.77203,38.59636],[-99.79049,38.59634],[-99.79069,38.61102],[-99.80854,38.61077],[-99.80837,38.62517],[-99.84516,38.62502],[-99.84473,38.63922],[-99.86313,38.63944],[-99.86174,38.6965],[-99.8763,38.69647],[-99.87611,38.71098],[-99.89473,38.71094],[-99.89412,38.74002],[-99.85711,38.7401],[-99.85734,38.72555],[-99.82019,38.72551],[-99.82046,38.71102],[-99.80216,38.71092],[-99.74647,38.71116],[-99.74565,38.75493],[-99.67137,38.7546],[-99.67167,38.74005],[-99.63463,38.73985]]],[[[-100.81877,38.71442],[-100.87371,38.71381],[-100.87361,38.74271],[-100.85513,38.74284],[-100.85515,38.7284],[-100.81863,38.72889],[-100.81877,38.71442]]],[[[-100.9105,38.72784],[-100.91042,38.74231],[-100.89211,38.74256],[-100.89198,38.72791],[-100.9105,38.72784]]],[[[-100.94728,38.72796],[-100.94746,38.71348],[-100.96589,38.71363],[-100.96563,38.7426],[-100.94705,38.74247],[-100.94728,38.72796]]],[[[-101.07682,38.72915],[-101.11361,38.72952],[-101.1136,38.71499],[-101.13226,38.71525],[-101.13196,38.74422],[-101.07672,38.74365],[-101.07682,38.72915]]],[[[-100.00437,38.76884],[-100.00482,38.75434],[-99.98654,38.75452],[-99.98676,38.73991],[-100.00511,38.73984],[-100.0053,38.72531],[-100.04251,38.72529],[-100.04306,38.69627],[-100.08013,38.69666],[-100.07994,38.71101],[-100.09814,38.71127],[-100.09744,38.75467],[-100.02335,38.75442],[-100.02308,38.76891],[-100.00437,38.76884]]],[[[-101.15039,38.75002],[-101.1506,38.74443],[-101.18728,38.74471],[-101.18739,38.75912],[-101.15028,38.75874],[-101.15039,38.75002]]],[[[-101.22439,38.77369],[-101.22449,38.75941],[-101.26163,38.75955],[-101.26146,38.77406],[-101.22439,38.77369]]],[[[-101.46414,38.80194],[-101.46445,38.77229],[-101.48305,38.77264],[-101.48257,38.8017],[-101.46414,38.80194]]],[[[-99.8179,38.87053],[-99.76196,38.8708],[-99.76246,38.8563],[-99.8182,38.85593],[-99.8179,38.87053]]],[[[-99.8179,38.87053],[-99.83635,38.87046],[-99.83611,38.88499],[-99.81764,38.88503],[-99.8179,38.87053]]],[[[-101.63072,38.84441],[-101.62972,38.85882],[-101.6115,38.85891],[-101.61178,38.84442],[-101.63072,38.84441]]],[[[-101.77869,38.85804],[-101.77894,38.84356],[-101.79762,38.84341],[-101.7973,38.85791],[-101.77869,38.85804]]],[[[-101.40866,38.78781],[-101.37192,38.78812],[-101.37171,38.80265],[-101.40854,38.8024],[-101.40866,38.78781],[-101.44568,38.78746],[-101.44551,38.8021],[-101.46414,38.80194],[-101.46397,38.81623],[-101.50084,38.81618],[-101.50107,38.83062],[-101.51946,38.83051],[-101.5193,38.84507],[-101.57484,38.84472],[-101.57466,38.85916],[-101.38911,38.86072],[-101.38884,38.87512],[-101.37061,38.87527],[-101.29675,38.87536],[-101.29711,38.86089],[-101.27871,38.86095],[-101.27822,38.87534],[-101.25972,38.87538],[-101.25999,38.86106],[-101.22303,38.86086],[-101.22316,38.84651],[-101.20479,38.8464],[-101.20547,38.80292],[-101.26109,38.80304],[-101.26133,38.78847],[-101.31676,38.78821],[-101.31675,38.77383],[-101.28008,38.77399],[-101.27994,38.75952],[-101.29839,38.75949],[-101.29877,38.74495],[-101.31725,38.74513],[-101.31766,38.7159],[-101.33605,38.71594],[-101.33605,38.73068],[-101.39115,38.72987],[-101.39092,38.74433],[-101.40954,38.74411],[-101.40866,38.78781]]],[[[-101.63072,38.84441],[-101.63078,38.82968],[-101.66739,38.82964],[-101.66687,38.8586],[-101.68545,38.85845],[-101.68536,38.87293],[-101.64827,38.87328],[-101.64828,38.84426],[-101.63072,38.84441]]],[[[-100.59377,38.90242],[-100.59395,38.88794],[-100.64947,38.88815],[-100.64962,38.90259],[-100.59377,38.90242]]],[[[-99.76169,38.89941],[-99.70619,38.90003],[-99.70623,38.91448],[-99.69737,38.91451],[-99.61373,38.91408],[-99.61385,38.89954],[-99.59502,38.89942],[-99.59496,38.91389],[-99.55823,38.91376],[-99.55835,38.89928],[-99.50276,38.89966],[-99.50289,38.88521],[-99.52143,38.88503],[-99.52202,38.84154],[-99.55899,38.84147],[-99.55896,38.85609],[-99.57755,38.85617],[-99.57741,38.87052],[-99.59543,38.87045],[-99.5956,38.85598],[-99.61414,38.85587],[-99.61431,38.84139],[-99.63291,38.84139],[-99.63302,38.82672],[-99.6516,38.82705],[-99.65148,38.84158],[-99.67015,38.84172],[-99.66987,38.85615],[-99.74398,38.85627],[-99.74337,38.87092],[-99.72479,38.87094],[-99.72477,38.88551],[-99.76179,38.88519],[-99.76169,38.89941]]],[[[-99.76175,38.91396],[-99.76169,38.89941],[-99.79906,38.89966],[-99.79877,38.91414],[-99.76175,38.91396]]],[[[-101.77869,38.85804],[-101.77826,38.88702],[-101.70383,38.88729],[-101.70398,38.87275],[-101.76009,38.87264],[-101.76019,38.85829],[-101.77869,38.85804]]],[[[-100.15102,38.91488],[-100.15125,38.9004],[-100.16994,38.90043],[-100.16971,38.91494],[-100.15102,38.91488]]],[[[-101.85239,38.87501],[-101.85246,38.87216],[-101.871,38.87217],[-101.87089,38.88672],[-101.85227,38.88666],[-101.85239,38.87501]]],[[[-100.68682,38.91714],[-100.66829,38.91712],[-100.66835,38.90259],[-100.70521,38.9029],[-100.70506,38.91736],[-100.68682,38.91714]]],[[[-100.76072,38.90979],[-100.76082,38.90248],[-100.79793,38.90258],[-100.79772,38.91706],[-100.76062,38.91706],[-100.76072,38.90979]]],[[[-99.76175,38.91396],[-99.76181,38.9289],[-99.72434,38.92849],[-99.72434,38.91408],[-99.76175,38.91396]]],[[[-99.79877,38.91414],[-99.81739,38.91404],[-99.81722,38.9286],[-99.79876,38.92868],[-99.79877,38.91414]]],[[[-100.16971,38.91494],[-100.1883,38.91507],[-100.1878,38.92944],[-100.16932,38.92936],[-100.16971,38.91494]]],[[[-101.9076,38.90122],[-101.88915,38.90115],[-101.88926,38.88684],[-101.90782,38.8866],[-101.9076,38.90122]]],[[[-99.76181,38.9289],[-99.78001,38.92867],[-99.78004,38.94311],[-99.76137,38.9434],[-99.76181,38.9289]]],[[[-99.83518,38.94296],[-99.83537,38.92849],[-99.85428,38.92843],[-99.8542,38.94289],[-99.83518,38.94296]]],[[[-100.83361,38.92397],[-100.83376,38.91666],[-100.88964,38.91627],[-100.88932,38.93083],[-100.83348,38.93115],[-100.83361,38.92397]]],[[[-100.92589,38.93058],[-100.90772,38.93065],[-100.9081,38.91626],[-100.92608,38.91607],[-100.92589,38.93058]]],[[[-100.15102,38.91488],[-100.15078,38.92937],[-100.09474,38.92911],[-100.09444,38.94364],[-100.05741,38.94313],[-100.0576,38.9286],[-100.03904,38.92853],[-100.03935,38.91405],[-99.92817,38.91399],[-99.92836,38.89946],[-99.91013,38.89939],[-99.9103,38.88497],[-99.85436,38.88507],[-99.85483,38.87043],[-99.9104,38.87052],[-99.91057,38.85593],[-99.94725,38.85602],[-99.94683,38.88475],[-99.96548,38.88487],[-99.96556,38.87036],[-100.00259,38.87052],[-100.00219,38.88467],[-100.05829,38.88516],[-100.05779,38.89963],[-100.09512,38.9],[-100.09493,38.91453],[-100.15102,38.91488]]],[[[-101.9076,38.90122],[-101.92617,38.90122],[-101.92584,38.9157],[-101.9075,38.91569],[-101.9076,38.90122]]],[[[-100.59377,38.90242],[-100.59346,38.91698],[-100.575,38.91628],[-100.57482,38.94559],[-100.51943,38.94499],[-100.51947,38.93077],[-100.53809,38.93064],[-100.53807,38.91613],[-100.55651,38.91605],[-100.55682,38.90177],[-100.59377,38.90242]]],[[[-99.72459,38.95727],[-99.72442,38.94305],[-99.74303,38.94318],[-99.74312,38.95793],[-99.72456,38.95795],[-99.72459,38.95727]]],[[[-100.92589,38.93058],[-100.94445,38.93053],[-100.94418,38.94506],[-100.92565,38.94496],[-100.92589,38.93058]]],[[[-100.1878,38.92944],[-100.22501,38.9296],[-100.22519,38.91527],[-100.2797,38.91556],[-100.2796,38.92999],[-100.2436,38.92982],[-100.24327,38.94432],[-100.22471,38.94417],[-100.22425,38.95866],[-100.20577,38.95862],[-100.20606,38.94407],[-100.18761,38.944],[-100.1878,38.92944]]],[[[-100.2796,38.92999],[-100.29808,38.93016],[-100.29768,38.95928],[-100.27933,38.95914],[-100.2796,38.92999]]],[[[-100.33475,38.95976],[-100.31621,38.95958],[-100.31647,38.94466],[-100.33491,38.94496],[-100.33475,38.95976]]],[[[-99.68744,38.97232],[-99.6878,38.95791],[-99.70591,38.95803],[-99.70581,38.97257],[-99.68744,38.97232]]],[[[-99.83518,38.94296],[-99.83526,38.97205],[-99.81672,38.97203],[-99.81692,38.95756],[-99.79869,38.95764],[-99.7987,38.94312],[-99.83518,38.94296]]],[[[-100.33475,38.95976],[-100.40873,38.95981],[-100.40869,38.97398],[-100.33479,38.97423],[-100.33475,38.95976]]],[[[-100.5932,38.94583],[-100.59341,38.93133],[-100.61198,38.93138],[-100.61154,38.97513],[-100.59259,38.97493],[-100.5932,38.94583]]],[[[-101.90696,38.95921],[-101.90715,38.94467],[-101.92554,38.94477],[-101.92566,38.93014],[-101.96292,38.93],[-101.96275,38.94467],[-101.94424,38.94463],[-101.94405,38.95932],[-101.90696,38.95921]]],[[[-101.96275,38.94467],[-101.98132,38.94465],[-101.98102,38.95926],[-101.96259,38.9592],[-101.96275,38.94467]]],[[[-100.44581,38.98843],[-100.42715,38.98857],[-100.42724,38.97405],[-100.44571,38.97409],[-100.44581,38.98843]]],[[[-100.46435,38.98071],[-100.46419,38.97379],[-100.48241,38.97384],[-100.48204,38.98834],[-100.46436,38.98828],[-100.46435,38.98071]]],[[[-100.62992,38.98964],[-100.63022,38.97516],[-100.66729,38.975],[-100.66687,38.98967],[-100.62992,38.98964]]],[[[-100.68542,38.98968],[-100.6856,38.97529],[-100.70369,38.9753],[-100.70346,38.98989],[-100.68542,38.98968]]],[[[-99.63127,38.9864],[-99.61268,38.98627],[-99.61268,39.00076],[-99.59406,39.00087],[-99.59447,38.97185],[-99.63163,38.97183],[-99.63127,38.9864]]],[[[-99.63127,38.9864],[-99.64989,38.98658],[-99.64982,39.00096],[-99.63138,39.00082],[-99.63127,38.9864]]],[[[-99.64989,38.98658],[-99.65082,38.94323],[-99.66922,38.94336],[-99.66875,38.97212],[-99.68744,38.97232],[-99.68696,39.00136],[-99.66842,39.00117],[-99.66866,38.98668],[-99.64989,38.98658]]],[[[-100.94418,38.94506],[-100.98134,38.9452],[-100.98107,38.9597],[-101.07346,38.96024],[-101.07331,38.97476],[-101.03626,38.97431],[-101.03611,38.98888],[-100.9808,38.98863],[-100.98097,38.97419],[-100.96243,38.97386],[-100.96248,38.95967],[-100.94391,38.95955],[-100.94418,38.94506]]],[[[-101.07331,38.97476],[-101.09185,38.97483],[-101.09171,38.98933],[-101.07321,38.98907],[-101.07331,38.97476]]],[[[-100.51903,39.00296],[-100.50059,39.0028],[-100.50091,38.98832],[-100.51942,38.98843],[-100.51903,39.00296]]],[[[-100.53764,39.00314],[-100.53783,38.98859],[-100.62992,38.98964],[-100.6296,39.00417],[-100.53764,39.00314]]],[[[-101.51719,38.98285],[-101.5173,38.97565],[-101.55444,38.97547],[-101.55421,38.99009],[-101.51705,38.99029],[-101.51719,38.98285]]],[[[-101.09171,38.98933],[-101.11031,38.98968],[-101.11027,39.00371],[-101.09145,39.00359],[-101.09171,38.98933]]],[[[-100.51903,39.00296],[-100.53764,39.00314],[-100.53734,39.01759],[-100.51889,39.01721],[-100.51903,39.00296]]],[[[-101.11027,39.00371],[-101.14705,39.00392],[-101.14693,39.01843],[-101.11016,39.01816],[-101.11027,39.00371]]],[[[-99.51967,39.05931],[-99.51971,39.0448],[-99.4825,39.04507],[-99.48334,38.98695],[-99.50198,38.98695],[-99.50208,38.97233],[-99.57647,38.97181],[-99.57614,39.00092],[-99.55777,39.00103],[-99.55658,39.05903],[-99.51967,39.05931]]],[[[-101.47923,39.04867],[-101.47942,39.03408],[-101.53523,39.03362],[-101.53506,39.04816],[-101.47923,39.04867]]],[[[-99.81519,39.07361],[-99.7969,39.07372],[-99.79734,39.05915],[-99.81546,39.05912],[-99.81519,39.07361]]],[[[-99.59264,39.08774],[-99.57475,39.08789],[-99.57491,39.07341],[-99.59288,39.07333],[-99.59264,39.08774]]],[[[-101.4611,39.06314],[-101.46105,39.04884],[-101.47923,39.04867],[-101.4791,39.0631],[-101.4611,39.06314]]],[[[-99.81519,39.07361],[-99.85209,39.07369],[-99.85172,39.08811],[-99.8148,39.08805],[-99.81519,39.07361]]],[[[-99.92582,39.08811],[-99.90756,39.08804],[-99.90762,39.07356],[-99.88901,39.07381],[-99.88928,39.05945],[-99.92644,39.05921],[-99.92582,39.08811]]],[[[-101.99809,39.04599],[-101.99792,39.0603],[-101.96084,39.06062],[-101.96101,39.04602],[-101.99809,39.04599]]],[[[-99.59264,39.08774],[-99.61122,39.08787],[-99.61092,39.10229],[-99.59237,39.10227],[-99.59264,39.08774]]],[[[-101.57207,39.07693],[-101.55349,39.07701],[-101.55369,39.04795],[-101.57234,39.04786],[-101.57207,39.07693]]],[[[-99.72214,39.10302],[-99.66677,39.10275],[-99.66721,39.07384],[-99.68608,39.07399],[-99.68573,39.08854],[-99.70362,39.08869],[-99.72226,39.08856],[-99.7225,39.0742],[-99.75974,39.07391],[-99.75908,39.10291],[-99.72214,39.10302]]],[[[-99.92582,39.08811],[-99.94428,39.08822],[-99.94393,39.10271],[-99.92548,39.10255],[-99.92582,39.08811]]],[[[-99.9625,39.10273],[-99.96292,39.08831],[-100.00013,39.08849],[-99.99968,39.10288],[-99.9625,39.10273]]],[[[-100.11055,39.10315],[-100.11068,39.07412],[-100.13021,39.07437],[-100.12984,39.10338],[-100.11055,39.10315]]],[[[-101.4611,39.06314],[-101.46055,39.09229],[-101.44206,39.09233],[-101.44236,39.06329],[-101.4611,39.06314]]],[[[-99.61092,39.10229],[-99.62954,39.10252],[-99.62921,39.11701],[-99.61057,39.11681],[-99.61092,39.10229]]],[[[-101.57207,39.07693],[-101.58986,39.07674],[-101.58972,39.09118],[-101.57192,39.09126],[-101.57207,39.07693]]],[[[-101.31283,39.10173],[-101.3129,39.09273],[-101.34999,39.09289],[-101.35016,39.07838],[-101.36786,39.0784],[-101.36823,39.04944],[-101.40549,39.04915],[-101.40535,39.06359],[-101.42375,39.06345],[-101.42351,39.09247],[-101.36755,39.09298],[-101.36725,39.10747],[-101.31272,39.10732],[-101.31283,39.10173]]],[[[-99.98073,39.11856],[-99.98076,39.11728],[-99.99928,39.11735],[-99.99907,39.13203],[-99.98054,39.132],[-99.98073,39.11856]]],[[[-100.07293,39.10301],[-100.05467,39.10297],[-100.05455,39.11748],[-100.07303,39.11754],[-100.07293,39.10301],[-100.11055,39.10315],[-100.11063,39.11758],[-100.12963,39.11781],[-100.12946,39.13199],[-100.01767,39.13199],[-100.01927,39.0738],[-100.03622,39.0738],[-100.03608,39.08826],[-100.05453,39.08846],[-100.05472,39.07394],[-100.07326,39.07406],[-100.07293,39.10301]]],[[[-101.38589,39.12022],[-101.38584,39.10732],[-101.40468,39.10714],[-101.40438,39.1217],[-101.3859,39.12179],[-101.38589,39.12022]]],[[[-99.45619,39.14002],[-99.45625,39.13265],[-99.47482,39.1326],[-99.47496,39.14722],[-99.45622,39.14719],[-99.45619,39.14002]]],[[[-99.88455,39.14663],[-99.88438,39.1321],[-99.92177,39.13206],[-99.92185,39.14657],[-99.88455,39.14663]]],[[[-99.95915,39.14163],[-99.95914,39.1321],[-99.94321,39.13205],[-99.94359,39.11715],[-99.96219,39.11727],[-99.96192,39.13209],[-99.97772,39.13201],[-99.97776,39.14643],[-99.95917,39.14652],[-99.95915,39.14163]]],[[[-101.25632,39.12222],[-101.25693,39.09254],[-101.2389,39.09232],[-101.23934,39.06332],[-101.22053,39.06295],[-101.22103,39.0484],[-101.1838,39.04775],[-101.18435,39.00459],[-101.16563,39.00414],[-101.1659,38.98987],[-101.14715,38.98951],[-101.14723,38.9757],[-101.18463,38.97602],[-101.18465,38.96165],[-101.24047,38.96191],[-101.25869,38.96211],[-101.25853,38.97665],[-101.27677,38.97673],[-101.2766,39.00555],[-101.29512,39.00565],[-101.29444,39.07818],[-101.27582,39.0781],[-101.27555,39.09268],[-101.29431,39.09267],[-101.29367,39.12182],[-101.27508,39.12169],[-101.27501,39.13542],[-101.25621,39.13526],[-101.25632,39.12222]]],[[[-100.14802,39.12501],[-100.14808,39.11779],[-100.16673,39.11784],[-100.16607,39.13208],[-100.25705,39.13266],[-100.25722,39.16146],[-100.2387,39.16137],[-100.23871,39.14697],[-100.1643,39.14646],[-100.16447,39.13209],[-100.14802,39.13215],[-100.14802,39.12501]]],[[[-99.71676,39.17599],[-99.69839,39.17604],[-99.69839,39.16148],[-99.71685,39.16134],[-99.71676,39.17599]]],[[[-100.2754,39.16152],[-100.27544,39.14719],[-100.29396,39.14742],[-100.29389,39.1618],[-100.31259,39.16181],[-100.31264,39.17611],[-100.2754,39.17594],[-100.2754,39.16152]]],[[[-99.38189,39.17669],[-99.40041,39.17661],[-99.40028,39.16194],[-99.41897,39.16201],[-99.41902,39.13274],[-99.43751,39.1327],[-99.43776,39.17644],[-99.419,39.17656],[-99.41928,39.19104],[-99.38843,39.19123],[-99.38186,39.19125],[-99.38189,39.17669]]],[[[-99.71676,39.17599],[-99.7543,39.17569],[-99.7544,39.19031],[-99.7167,39.19037],[-99.71676,39.17599]]],[[[-99.77305,39.19046],[-99.77296,39.1759],[-99.7543,39.17569],[-99.75414,39.14661],[-99.88455,39.14663],[-99.88455,39.16113],[-99.79185,39.16141],[-99.79204,39.1905],[-99.77305,39.19046]]],[[[-99.62372,39.17625],[-99.60521,39.17637],[-99.60531,39.2056],[-99.58696,39.2052],[-99.58669,39.17605],[-99.56823,39.17629],[-99.56822,39.20526],[-99.54967,39.20524],[-99.54943,39.17618],[-99.53097,39.17613],[-99.53105,39.16161],[-99.51239,39.16155],[-99.51244,39.14698],[-99.54962,39.14705],[-99.54939,39.16166],[-99.62387,39.16166],[-99.62372,39.17625]]],[[[-99.62372,39.17625],[-99.66119,39.17618],[-99.66119,39.1616],[-99.67976,39.16152],[-99.67982,39.20523],[-99.66121,39.20526],[-99.66122,39.19081],[-99.6425,39.19093],[-99.64251,39.20537],[-99.6237,39.20549],[-99.62372,39.17625]]],[[[-99.7544,39.19031],[-99.77305,39.19046],[-99.77315,39.20493],[-99.75439,39.20494],[-99.7544,39.19031]]],[[[-102.04384,39.14764],[-102.04399,39.13316],[-102.04715,39.13316],[-102.04746,39.17679],[-102.04362,39.17678],[-102.04384,39.14764]]],[[[-99.21458,39.23424],[-99.21419,39.1906],[-99.2701,39.19082],[-99.27027,39.20537],[-99.25157,39.20523],[-99.25177,39.21975],[-99.23319,39.21973],[-99.23334,39.23418],[-99.21458,39.23424]]],[[[-99.47496,39.23408],[-99.47516,39.21977],[-99.49376,39.21962],[-99.49366,39.23414],[-99.47496,39.23408]]],[[[-99.21458,39.23424],[-99.21454,39.24876],[-99.19593,39.24875],[-99.19596,39.23433],[-99.21458,39.23424]]],[[[-99.49366,39.23414],[-99.51243,39.23442],[-99.51238,39.24871],[-99.49357,39.24821],[-99.49366,39.23414]]],[[[-99.47496,39.23408],[-99.47497,39.24854],[-99.45637,39.24895],[-99.45637,39.23413],[-99.47496,39.23408]]],[[[-101.58972,39.09118],[-101.60844,39.09105],[-101.60855,39.07652],[-101.68264,39.07607],[-101.68284,39.06159],[-101.59008,39.06229],[-101.59067,39.01873],[-101.60891,39.01856],[-101.60915,39.00406],[-101.59084,39.00419],[-101.59067,39.01873],[-101.5167,39.01926],[-101.51685,39.00473],[-101.57261,39.00433],[-101.57322,38.961],[-101.62858,38.96049],[-101.6283,38.97506],[-101.64681,38.97487],[-101.64638,39.00381],[-101.6651,39.00358],[-101.66486,39.0183],[-101.68345,39.01816],[-101.6836,39.00349],[-101.75768,39.00321],[-101.75806,38.98867],[-101.77646,38.98854],[-101.77618,39.00313],[-101.81348,39.00269],[-101.81319,39.03174],[-101.83171,39.03161],[-101.83253,38.95922],[-101.86992,38.95919],[-101.87021,38.94473],[-101.88883,38.94467],[-101.88829,38.95925],[-101.90696,38.95921],[-101.90688,38.97373],[-101.94368,38.97374],[-101.94345,38.98821],[-101.98048,38.98817],[-101.98079,38.9736],[-102.03657,38.97325],[-102.03671,38.95873],[-102.04602,38.9587],[-102.04656,39.03145],[-102.01688,39.03147],[-102.01667,39.04595],[-101.99809,39.04599],[-101.99843,39.03158],[-101.9428,39.03174],[-101.94254,39.04603],[-101.92393,39.04612],[-101.92395,39.06065],[-101.88712,39.06075],[-101.88683,39.07537],[-101.84983,39.07524],[-101.84967,39.08962],[-101.83081,39.08971],[-101.83061,39.10421],[-101.81223,39.10429],[-101.81179,39.13334],[-101.79339,39.13344],[-101.79358,39.11886],[-101.71902,39.11966],[-101.71891,39.13368],[-101.68972,39.13384],[-101.68923,39.16286],[-101.671,39.16298],[-101.67098,39.19205],[-101.65221,39.19189],[-101.65216,39.20651],[-101.61493,39.20658],[-101.61479,39.22103],[-101.57776,39.22108],[-101.57791,39.20679],[-101.55936,39.2069],[-101.55946,39.1923],[-101.52201,39.19226],[-101.52213,39.13465],[-101.4969,39.13474],[-101.49719,39.12094],[-101.51546,39.12087],[-101.51574,39.10642],[-101.58954,39.10578],[-101.58972,39.09118]]],[[[-99.27013,39.26315],[-99.25213,39.26324],[-99.25219,39.24881],[-99.27019,39.24868],[-99.27013,39.26315]]],[[[-99.30752,39.26357],[-99.30755,39.24904],[-99.32618,39.24909],[-99.32638,39.19069],[-99.30772,39.19062],[-99.30767,39.1761],[-99.21426,39.17615],[-99.21439,39.16165],[-99.26987,39.16182],[-99.26997,39.14734],[-99.30761,39.14709],[-99.32631,39.14721],[-99.32625,39.16168],[-99.38216,39.16206],[-99.38189,39.17669],[-99.36344,39.1766],[-99.36374,39.24913],[-99.4005,39.24915],[-99.40031,39.2637],[-99.30752,39.26357]]],[[[-99.51238,39.24871],[-99.53108,39.24909],[-99.53098,39.26368],[-99.51237,39.26328],[-99.51238,39.24871]]],[[[-99.25213,39.26324],[-99.25167,39.27781],[-99.23297,39.27783],[-99.23337,39.26328],[-99.25213,39.26324]]],[[[-99.15837,39.27818],[-99.1586,39.24913],[-99.17727,39.24895],[-99.17718,39.26334],[-99.21449,39.26321],[-99.21441,39.27771],[-99.15837,39.27818]]],[[[-99.27013,39.26315],[-99.30752,39.26357],[-99.30745,39.27802],[-99.27009,39.27762],[-99.27013,39.26315]]],[[[-99.53098,39.26368],[-99.56833,39.26392],[-99.56819,39.27836],[-99.53079,39.27818],[-99.53098,39.26368]]],[[[-99.60503,39.29287],[-99.60548,39.2492],[-99.62424,39.24902],[-99.62416,39.26369],[-99.64245,39.26358],[-99.64236,39.29261],[-99.60503,39.29287]]],[[[-99.88451,39.29164],[-99.84737,39.29183],[-99.84732,39.26275],[-99.86588,39.26266],[-99.86587,39.27724],[-99.88446,39.27721],[-99.88451,39.29164]]],[[[-99.67947,39.30701],[-99.66084,39.30712],[-99.66147,39.2635],[-99.67993,39.26338],[-99.67947,39.30701]]],[[[-99.88462,39.3062],[-99.88451,39.29164],[-99.90323,39.29162],[-99.90328,39.26261],[-99.94028,39.26245],[-99.94019,39.27688],[-99.92193,39.27699],[-99.92194,39.30597],[-99.88462,39.3062]]],[[[-99.67947,39.30701],[-99.69833,39.30688],[-99.69857,39.29246],[-99.71643,39.29239],[-99.7164,39.27786],[-99.79144,39.27765],[-99.79091,39.2923],[-99.75361,39.29227],[-99.75366,39.30674],[-99.71639,39.30697],[-99.71619,39.32145],[-99.67896,39.32149],[-99.67947,39.30701]]],[[[-99.75366,39.30674],[-99.7911,39.3068],[-99.79091,39.2923],[-99.82867,39.29214],[-99.82861,39.30672],[-99.8098,39.30669],[-99.80942,39.32131],[-99.75349,39.32132],[-99.75366,39.30674]]],[[[-99.82861,39.30672],[-99.84722,39.3065],[-99.84684,39.32106],[-99.82831,39.32128],[-99.82861,39.30672]]],[[[-100.12565,39.3205],[-100.12581,39.30615],[-100.14447,39.30618],[-100.14415,39.32058],[-100.12565,39.3205]]],[[[-100.16256,39.34945],[-100.16232,39.33504],[-100.1813,39.33515],[-100.1812,39.34952],[-100.16256,39.34945]]],[[[-100.12551,39.34945],[-100.14377,39.34947],[-100.14376,39.36397],[-100.12525,39.36366],[-100.12551,39.34945]]],[[[-99.80819,39.37925],[-99.80853,39.36479],[-99.82731,39.36474],[-99.82699,39.37929],[-99.80819,39.37925]]],[[[-100.06934,39.36367],[-100.06933,39.3783],[-100.05081,39.37836],[-100.05065,39.36374],[-100.06934,39.36367]]],[[[-99.80819,39.37925],[-99.8081,39.40832],[-99.78947,39.40824],[-99.78973,39.37932],[-99.80819,39.37925]]],[[[-99.8081,39.40832],[-99.82654,39.40843],[-99.82642,39.4229],[-99.80814,39.4228],[-99.8081,39.40832]]],[[[-99.82699,39.37929],[-99.92017,39.37861],[-99.92058,39.364],[-99.93907,39.36393],[-99.93935,39.34935],[-99.95787,39.34945],[-99.95807,39.33479],[-99.86528,39.33538],[-99.86591,39.30636],[-99.88462,39.3062],[-99.88417,39.32071],[-99.97699,39.32018],[-99.97673,39.33476],[-100.01389,39.33495],[-100.01419,39.32034],[-100.03271,39.32035],[-100.03243,39.33491],[-100.12561,39.335],[-100.12551,39.34945],[-100.10661,39.34923],[-100.10655,39.36355],[-100.06934,39.36367],[-100.06953,39.34939],[-100.03231,39.34947],[-100.03173,39.37848],[-99.99458,39.37839],[-99.99436,39.39299],[-99.97568,39.393],[-99.97593,39.3784],[-99.93865,39.37848],[-99.93834,39.40756],[-99.91984,39.40768],[-99.91987,39.42224],[-99.90113,39.4224],[-99.90118,39.39324],[-99.82658,39.3938],[-99.82699,39.37929]]],[[[-99.99482,39.36363],[-99.99515,39.34935],[-99.97649,39.34943],[-99.97624,39.36369],[-99.99482,39.36363]]],[[[-99.93834,39.40756],[-99.95691,39.40748],[-99.95696,39.42198],[-99.93835,39.42199],[-99.93834,39.40756]]],[[[-99.73218,39.43762],[-99.7136,39.43748],[-99.71419,39.40852],[-99.75214,39.40807],[-99.75221,39.42268],[-99.73253,39.42278],[-99.73218,39.43762]]],[[[-99.56588,39.45209],[-99.56603,39.43757],[-99.58441,39.43759],[-99.58436,39.45211],[-99.56588,39.45209]]],[[[-99.73209,39.4521],[-99.73218,39.43762],[-99.75209,39.43737],[-99.75123,39.4522],[-99.73209,39.4521]]],[[[-99.58436,39.45211],[-99.60189,39.45215],[-99.60184,39.46659],[-99.58428,39.46657],[-99.58436,39.45211]]],[[[-99.67628,39.46621],[-99.67646,39.45184],[-99.73209,39.4521],[-99.73204,39.46659],[-99.67628,39.46621]]],[[[-99.67628,39.46621],[-99.67645,39.48094],[-99.63901,39.48102],[-99.63916,39.46689],[-99.67628,39.46621]]],[[[-99.52821,39.48103],[-99.5283,39.46639],[-99.51803,39.46639],[-99.50977,39.46641],[-99.50946,39.48099],[-99.49087,39.4811],[-99.49112,39.45204],[-99.56588,39.45209],[-99.5655,39.49556],[-99.5467,39.49556],[-99.54685,39.48101],[-99.52821,39.48103]]],[[[-99.50946,39.48099],[-99.52821,39.48103],[-99.52802,39.51006],[-99.47187,39.51001],[-99.47202,39.49563],[-99.50935,39.49546],[-99.50946,39.48099]]],[[[-99.5655,39.49556],[-99.58465,39.4955],[-99.58455,39.50997],[-99.56561,39.51004],[-99.5655,39.49556]]],[[[-99.41547,39.51718],[-99.41555,39.50993],[-99.43446,39.51014],[-99.43441,39.52467],[-99.41541,39.52444],[-99.41547,39.51718]]],[[[-99.39625,39.53898],[-99.34193,39.53882],[-99.34232,39.49499],[-99.3972,39.4955],[-99.39684,39.51],[-99.37817,39.5099],[-99.37794,39.52447],[-99.39663,39.5245],[-99.39625,39.53898]]],[[[-99.39625,39.53898],[-99.43412,39.53901],[-99.43393,39.55354],[-99.3961,39.55341],[-99.39625,39.53898]]],[[[-99.5089,39.5534],[-99.47166,39.5534],[-99.47165,39.53897],[-99.50906,39.53894],[-99.5089,39.5534]]],[[[-99.5089,39.5534],[-99.52777,39.55336],[-99.52772,39.56749],[-99.50889,39.56755],[-99.5089,39.5534]]],[[[-99.55279,39.58196],[-99.53407,39.58203],[-99.53411,39.5675],[-99.54624,39.5674],[-99.5464,39.5534],[-99.60229,39.55324],[-99.60233,39.56731],[-99.55265,39.56741],[-99.55279,39.58196]]],[[[-99.83398,39.59598],[-99.81526,39.59609],[-99.81522,39.58159],[-99.83398,39.58159],[-99.83398,39.59598]]],[[[-99.60125,39.63969],[-99.49676,39.64009],[-99.49674,39.62552],[-99.40316,39.62524],[-99.30927,39.62555],[-99.30934,39.63995],[-99.29049,39.64002],[-99.29036,39.59658],[-99.3653,39.59652],[-99.36526,39.58207],[-99.42157,39.58184],[-99.42153,39.56734],[-99.44034,39.56744],[-99.44026,39.59639],[-99.40301,39.59633],[-99.403,39.61082],[-99.53412,39.61107],[-99.53404,39.62544],[-99.57162,39.62513],[-99.57162,39.6108],[-99.59044,39.61088],[-99.59049,39.62521],[-99.62802,39.62545],[-99.62807,39.64002],[-99.60125,39.63969]]],[[[-99.66557,39.63233],[-99.66559,39.62513],[-99.68428,39.62509],[-99.68417,39.61059],[-99.70269,39.61063],[-99.70282,39.5962],[-99.72176,39.596],[-99.72167,39.58164],[-99.75922,39.58161],[-99.75937,39.5961],[-99.79641,39.59612],[-99.79634,39.61053],[-99.77793,39.61046],[-99.77824,39.62483],[-99.74073,39.62501],[-99.74058,39.63938],[-99.72187,39.63944],[-99.72195,39.62502],[-99.70293,39.62521],[-99.70294,39.63965],[-99.66556,39.63966],[-99.66557,39.63233]]],[[[-99.94626,39.61048],[-100.00227,39.61047],[-100.00213,39.59598],[-100.05844,39.59596],[-100.05861,39.6105],[-100.02092,39.61041],[-100.02102,39.63939],[-100.00209,39.63948],[-100.00209,39.62489],[-99.94593,39.62491],[-99.94626,39.61048]]],[[[-102.05014,39.62061],[-102.05076,39.71274],[-102.05005,39.71272],[-102.05014,39.62061]]],[[[-99.83398,39.59598],[-99.87108,39.59586],[-99.87112,39.61033],[-99.88078,39.61035],[-99.89004,39.61029],[-99.8901,39.59583],[-99.94625,39.59592],[-99.94626,39.61048],[-99.9274,39.61053],[-99.92746,39.6251],[-99.87117,39.6248],[-99.87111,39.63922],[-99.85247,39.63935],[-99.85256,39.68279],[-99.8152,39.68269],[-99.81507,39.69714],[-99.77761,39.69726],[-99.77759,39.72614],[-99.7217,39.72627],[-99.72196,39.68286],[-99.70287,39.68313],[-99.70292,39.72654],[-99.68408,39.72661],[-99.68401,39.75573],[-99.62789,39.7557],[-99.62811,39.71221],[-99.6467,39.71224],[-99.64654,39.72666],[-99.66526,39.72653],[-99.66534,39.71217],[-99.68424,39.7123],[-99.68422,39.69779],[-99.66535,39.69752],[-99.66564,39.65406],[-99.70282,39.6539],[-99.7029,39.66864],[-99.72209,39.66831],[-99.72207,39.65381],[-99.74054,39.65379],[-99.74048,39.66837],[-99.75909,39.66842],[-99.7593,39.63934],[-99.81528,39.63932],[-99.81522,39.62493],[-99.85244,39.6248],[-99.8525,39.61034],[-99.8338,39.61037],[-99.83398,39.59598]]],[[[-99.64619,39.78461],[-99.62747,39.78471],[-99.62764,39.77021],[-99.6463,39.77014],[-99.64619,39.78461]]],[[[-99.64619,39.78461],[-99.66481,39.78478],[-99.66485,39.79925],[-99.64613,39.79914],[-99.64619,39.78461]]],[[[-100.36668,39.80653],[-100.36685,39.78488],[-100.40368,39.78485],[-100.40355,39.79935],[-100.38524,39.79929],[-100.38521,39.81389],[-100.36663,39.8138],[-100.36668,39.80653]]],[[[-99.45908,39.82842],[-99.45912,39.81405],[-99.47791,39.81382],[-99.4778,39.82841],[-99.45908,39.82842]]],[[[-99.54312,39.82844],[-99.51519,39.82857],[-99.51561,39.78502],[-99.49644,39.7851],[-99.49643,39.79958],[-99.45911,39.79961],[-99.45916,39.78507],[-99.44032,39.78501],[-99.44039,39.75599],[-99.47792,39.75613],[-99.47817,39.74154],[-99.49668,39.74159],[-99.49653,39.7561],[-99.51558,39.75601],[-99.51559,39.7417],[-99.53456,39.74147],[-99.5346,39.72701],[-99.59061,39.72682],[-99.59056,39.74129],[-99.60934,39.74121],[-99.60933,39.77028],[-99.55276,39.77045],[-99.55271,39.78493],[-99.53378,39.78501],[-99.53373,39.81391],[-99.55256,39.81402],[-99.5525,39.82844],[-99.54312,39.82844]]],[[[-99.32842,39.84258],[-99.32839,39.8137],[-99.34706,39.81374],[-99.34699,39.77032],[-99.38445,39.7702],[-99.38468,39.79916],[-99.4028,39.79933],[-99.40301,39.84277],[-99.32842,39.84258]]],[[[-99.42174,39.84283],[-99.42164,39.82835],[-99.45908,39.82842],[-99.45916,39.84293],[-99.42174,39.84283]]],[[[-99.2538,39.85686],[-99.21655,39.8571],[-99.21648,39.84265],[-99.25389,39.84232],[-99.2538,39.85686]]],[[[-99.27252,39.85714],[-99.27255,39.84246],[-99.32842,39.84258],[-99.32841,39.8571],[-99.27252,39.85714]]],[[[-99.40301,39.84277],[-99.42174,39.84283],[-99.42172,39.85734],[-99.4029,39.85718],[-99.40301,39.84277]]],[[[-99.96369,39.85662],[-99.92647,39.85669],[-99.92649,39.82766],[-99.94531,39.82767],[-99.94526,39.8421],[-99.96375,39.84212],[-99.96369,39.85662]]],[[[-99.2538,39.85686],[-99.27252,39.85714],[-99.27251,39.87156],[-99.25388,39.87139],[-99.2538,39.85686]]],[[[-99.21662,39.88612],[-99.19799,39.88639],[-99.19791,39.87191],[-99.21655,39.87166],[-99.21662,39.88612]]],[[[-101.78566,39.85789],[-101.78591,39.84347],[-101.80473,39.84352],[-101.80444,39.85805],[-101.78566,39.85789]]],[[[-99.21662,39.88612],[-99.23532,39.8859],[-99.23545,39.90039],[-99.21678,39.9006],[-99.21662,39.88612]]],[[[-99.16068,39.87202],[-99.17912,39.87191],[-99.17917,39.90085],[-99.16082,39.90094],[-99.16068,39.87202]]],[[[-99.08582,39.91589],[-99.08573,39.90141],[-99.14214,39.90099],[-99.14225,39.91555],[-99.08582,39.91589]]],[[[-101.71059,39.875],[-101.71055,39.87243],[-101.72939,39.87236],[-101.7296,39.88691],[-101.71083,39.88691],[-101.71059,39.875]]],[[[-101.69208,39.90826],[-101.69206,39.90139],[-101.71077,39.9015],[-101.71086,39.91586],[-101.69215,39.91592],[-101.69208,39.90826]]],[[[-101.82372,39.91607],[-101.8237,39.90162],[-101.84248,39.90161],[-101.84251,39.91617],[-101.82372,39.91607]]],[[[-99.50039,39.94413],[-99.51523,39.94423],[-99.51542,39.95878],[-99.49711,39.95845],[-99.49699,39.94417],[-99.50039,39.94413]]],[[[-99.40341,39.98741],[-99.40336,39.97296],[-99.4222,39.97303],[-99.42217,39.98753],[-99.40341,39.98741]]],[[[-98.91692,40.00231],[-98.91709,39.98791],[-98.93582,39.98787],[-98.93583,39.92997],[-98.97339,39.93016],[-98.97342,39.91564],[-98.99226,39.91576],[-98.99208,39.90136],[-99.02969,39.90143],[-99.02987,39.91587],[-99.06709,39.91597],[-99.06714,39.93039],[-99.08582,39.93039],[-99.08581,39.94487],[-99.01096,39.94468],[-99.01065,40.0022],[-98.91692,40.00231]]],[[[-99.34747,39.98731],[-99.36619,39.98737],[-99.36631,40.00213],[-99.34751,40.0021],[-99.34747,39.98731]]],[[[-99.81356,39.99119],[-99.81362,39.98668],[-99.85046,39.98713],[-99.85053,39.97253],[-99.88861,39.9724],[-99.88813,40.00002],[-99.88905,40.00159],[-99.81332,40.00153],[-99.81356,39.99119]]],[[[-100.79493,39.99474],[-100.79494,39.98751],[-100.83289,39.98766],[-100.833,39.97317],[-100.86954,39.97327],[-100.86946,39.98776],[-100.88814,39.98785],[-100.8882,40.00219],[-100.7951,40.00213],[-100.79493,39.99474]]],[[[-101.03742,40.00001],[-101.03747,39.98739],[-101.05619,39.98722],[-101.05594,39.90046],[-101.09301,39.9003],[-101.09274,39.94385],[-101.11159,39.94396],[-101.11185,39.98742],[-101.13051,39.98744],[-101.13057,40.00265],[-101.03742,40.0024],[-101.03742,40.00001]]],[[[-101.28115,39.99492],[-101.28124,39.98767],[-101.29927,39.98769],[-101.29907,39.97325],[-101.3929,39.97358],[-101.39274,39.9593],[-101.41089,39.95932],[-101.41074,39.94495],[-101.46704,39.94498],[-101.46712,39.95943],[-101.44842,39.95944],[-101.44898,40.00263],[-101.28113,40.00261],[-101.28115,39.99492]]],[[[-101.6932,40],[-101.69287,39.98824],[-101.71167,39.98829],[-101.71219,40.00291],[-101.69326,40.00287],[-101.6932,40]]],[[[-101.82372,39.91607],[-101.82361,39.93055],[-101.84246,39.93062],[-101.84251,39.91617],[-101.86121,39.91636],[-101.86129,39.90179],[-101.88,39.90163],[-101.87982,39.93073],[-101.99255,39.93049],[-101.99265,39.91595],[-102.01156,39.91603],[-102.0116,39.90157],[-102.02983,39.90152],[-102.03062,39.87247],[-102.04929,39.8724],[-102.04984,39.82885],[-102.03106,39.82878],[-102.03095,39.81424],[-102.04983,39.81421],[-102.04981,39.72728],[-102.05084,39.72729],[-102.05171,40.00316],[-101.73077,40.00289],[-101.73053,39.97363],[-101.74886,39.97381],[-101.7485,39.90119],[-101.76745,39.90119],[-101.7672,39.93033],[-101.80493,39.93045],[-101.80497,39.91597],[-101.82372,39.91607]]]]},"properties":{"OBJECTID":1,"satthick_2022_2024_MANUAL":null,"name":"Saturated thickness: No classified value","classLabel":"No classified value","color":"#888888","hasValue":false,"period":"2022\u20132024"}},{"type":"Feature","id":2,"geometry":{"type":"MultiPolygon","coordinates":[[[[-101.71827,37.00003],[-101.71835,36.99632],[-101.75433,36.99629],[-101.75453,37.02531],[-101.71822,37.02531],[-101.71827,37.00003]]],[[[-100.34435,37.16922],[-100.30831,37.16926],[-100.30824,37.15465],[-100.32632,37.15461],[-100.32626,37.12537],[-100.34436,37.12559],[-100.34375,37.09673],[-100.3619,37.09679],[-100.36192,37.08235],[-100.38009,37.08249],[-100.38002,37.06797],[-100.39818,37.06834],[-100.39824,37.0826],[-100.41617,37.0828],[-100.41639,37.09711],[-100.39829,37.09701],[-100.39859,37.12572],[-100.38038,37.12562],[-100.3806,37.14005],[-100.3444,37.14015],[-100.34435,37.16922]]],[[[-100.34435,37.16922],[-100.36266,37.16929],[-100.36265,37.18395],[-100.34444,37.18384],[-100.34435,37.16922]]],[[[-99.38157,37.19297],[-99.36349,37.19299],[-99.36279,37.16395],[-99.39906,37.1639],[-99.39949,37.17809],[-99.38139,37.17849],[-99.38157,37.19297]]],[[[-99.35482,37.20755],[-99.36388,37.20749],[-99.36408,37.22209],[-99.34609,37.22216],[-99.34574,37.20759],[-99.35482,37.20755]]],[[[-99.2012,37.20877],[-99.20069,37.19427],[-99.21872,37.19419],[-99.21839,37.17982],[-99.23661,37.17961],[-99.23739,37.20859],[-99.2556,37.20849],[-99.25547,37.22297],[-99.20134,37.22339],[-99.2012,37.20877]]],[[[-101.79122,37.12832],[-101.79124,37.12703],[-101.80945,37.12703],[-101.80928,37.14164],[-101.82731,37.14155],[-101.82729,37.15621],[-101.84536,37.15629],[-101.84556,37.17079],[-101.86356,37.1708],[-101.864,37.18534],[-101.90002,37.18532],[-101.9001,37.19979],[-101.82759,37.19988],[-101.82749,37.18529],[-101.80958,37.18524],[-101.80929,37.15627],[-101.79134,37.1562],[-101.79122,37.12832]]],[[[-101.71881,37.21439],[-101.71864,37.19991],[-101.73701,37.19981],[-101.73704,37.21436],[-101.71881,37.21439]]],[[[-100.10952,37.24129],[-100.10939,37.22673],[-100.12748,37.22684],[-100.12765,37.24126],[-100.10952,37.24129]]],[[[-100.19981,37.25003],[-100.19982,37.24152],[-100.21787,37.2416],[-100.21799,37.25617],[-100.19983,37.25602],[-100.19981,37.25003]]],[[[-98.40398,37.31158],[-98.40405,37.29707],[-98.42199,37.29715],[-98.42219,37.31171],[-98.40398,37.31158]]],[[[-98.40398,37.31158],[-98.40387,37.32621],[-98.38538,37.32609],[-98.38558,37.31152],[-98.40398,37.31158]]],[[[-99.13908,37.39814],[-99.13889,37.38363],[-99.14704,37.3836],[-99.14706,37.3692],[-99.12887,37.36927],[-99.12895,37.35474],[-99.14724,37.35468],[-99.14717,37.33996],[-99.16539,37.34012],[-99.1651,37.31107],[-99.18326,37.31111],[-99.18312,37.32552],[-99.20118,37.3254],[-99.20146,37.3833],[-99.22926,37.38322],[-99.22932,37.3977],[-99.13908,37.39814]]],[[[-98.5927,37.41304],[-98.57437,37.41296],[-98.57445,37.39856],[-98.59286,37.39875],[-98.5927,37.41304]]],[[[-98.5927,37.41304],[-98.61101,37.41321],[-98.61096,37.42739],[-98.59255,37.42734],[-98.5927,37.41304]]],[[[-98.26361,37.4132],[-98.28187,37.41317],[-98.282,37.42772],[-98.2637,37.42776],[-98.26361,37.4132]]],[[[-98.84822,37.45598],[-98.81171,37.45602],[-98.81165,37.44165],[-98.84798,37.44141],[-98.84817,37.42701],[-98.86645,37.42715],[-98.86646,37.44158],[-98.88486,37.44166],[-98.8846,37.45614],[-98.84822,37.45598]]],[[[-98.9212,37.45623],[-98.90295,37.45612],[-98.90291,37.44171],[-98.92129,37.44168],[-98.9212,37.45623]]],[[[-98.22726,37.45001],[-98.22742,37.44218],[-98.20871,37.44223],[-98.20858,37.4278],[-98.24544,37.42761],[-98.24545,37.45659],[-98.22711,37.45684],[-98.22726,37.45001]]],[[[-98.9212,37.45623],[-98.93933,37.45623],[-98.93915,37.47038],[-98.92086,37.47025],[-98.9212,37.45623]]],[[[-98.20913,37.47117],[-98.19088,37.47133],[-98.19066,37.45685],[-98.20899,37.45669],[-98.20913,37.47117]]],[[[-99.04885,37.48492],[-99.04868,37.47047],[-99.0669,37.47046],[-99.06708,37.4849],[-99.04885,37.48492]]],[[[-99.79361,37.48268],[-99.79316,37.45342],[-99.77424,37.45276],[-99.77449,37.46743],[-99.68345,37.46719],[-99.68336,37.45273],[-99.66506,37.45265],[-99.6649,37.43827],[-99.68314,37.43832],[-99.68304,37.42381],[-99.64664,37.42398],[-99.6468,37.43841],[-99.62864,37.43849],[-99.62856,37.42402],[-99.6104,37.42413],[-99.61016,37.39512],[-99.57363,37.39538],[-99.57378,37.40985],[-99.55572,37.40986],[-99.55559,37.39548],[-99.5194,37.39566],[-99.51944,37.40987],[-99.50154,37.41002],[-99.50133,37.38127],[-99.50758,37.38134],[-99.50773,37.36672],[-99.54334,37.36653],[-99.54342,37.35194],[-99.59811,37.35181],[-99.59798,37.36615],[-99.63404,37.36614],[-99.63393,37.3807],[-99.62821,37.38074],[-99.62835,37.39509],[-99.64647,37.39497],[-99.64644,37.38062],[-99.66442,37.38041],[-99.66458,37.39488],[-99.68281,37.39471],[-99.68299,37.40924],[-99.73729,37.40906],[-99.73754,37.42359],[-99.75573,37.42358],[-99.75593,37.43822],[-99.81171,37.43922],[-99.81252,37.48308],[-99.79361,37.48268]]],[[[-99.10373,37.49939],[-99.10357,37.48483],[-99.12163,37.48488],[-99.1217,37.49922],[-99.10373,37.49939]]],[[[-99.90645,37.4853],[-99.90649,37.50003],[-99.88822,37.49961],[-99.8882,37.48489],[-99.90645,37.4853]]],[[[-98.04482,37.50002],[-98.04507,37.48673],[-98.06308,37.48717],[-98.06292,37.502],[-98.04481,37.50166],[-98.04482,37.50002]]],[[[-99.10373,37.49939],[-99.10377,37.51393],[-99.08573,37.51402],[-99.08564,37.49937],[-99.10373,37.49939]]],[[[-99.77541,37.51195],[-99.77479,37.48224],[-99.79361,37.48268],[-99.79418,37.5123],[-99.77541,37.51195]]],[[[-98.35526,37.54359],[-98.35514,37.51469],[-98.39201,37.51469],[-98.39184,37.54363],[-98.35526,37.54359]]],[[[-99.32022,37.49839],[-99.31993,37.48369],[-99.30192,37.48371],[-99.30219,37.49838],[-99.32022,37.49839],[-99.32043,37.51309],[-99.26628,37.51326],[-99.26654,37.54275],[-99.24835,37.5428],[-99.24843,37.55749],[-99.23012,37.55759],[-99.23017,37.54283],[-99.21232,37.54283],[-99.21222,37.51339],[-99.19427,37.51355],[-99.1941,37.49869],[-99.17614,37.49883],[-99.17607,37.51359],[-99.1578,37.51367],[-99.1579,37.49899],[-99.14003,37.49923],[-99.1396,37.47017],[-99.15783,37.47004],[-99.15745,37.4553],[-99.21163,37.45519],[-99.21222,37.48401],[-99.23018,37.48382],[-99.22934,37.45541],[-99.24752,37.45534],[-99.2481,37.46907],[-99.28391,37.46907],[-99.28396,37.455],[-99.2657,37.45507],[-99.26554,37.44059],[-99.21164,37.44072],[-99.21136,37.42639],[-99.24762,37.42639],[-99.24755,37.41197],[-99.35593,37.41118],[-99.35584,37.42577],[-99.37414,37.42536],[-99.37408,37.43972],[-99.35588,37.44018],[-99.3558,37.45465],[-99.37405,37.45418],[-99.37395,37.46862],[-99.41066,37.46833],[-99.41049,37.45402],[-99.44752,37.45389],[-99.4477,37.49792],[-99.42955,37.49799],[-99.42957,37.48315],[-99.41116,37.48311],[-99.39284,37.48328],[-99.39295,37.49812],[-99.35637,37.4983],[-99.35674,37.51302],[-99.3385,37.513],[-99.3381,37.4983],[-99.32022,37.49839]]],[[[-99.96116,37.54536],[-99.96105,37.5601],[-99.94282,37.55971],[-99.94288,37.54496],[-99.96116,37.54536]]],[[[-99.77541,37.51195],[-99.77587,37.55646],[-99.75765,37.55641],[-99.75806,37.58627],[-99.72148,37.58626],[-99.72133,37.57134],[-99.70315,37.57141],[-99.70309,37.54171],[-99.75762,37.54169],[-99.75712,37.51199],[-99.77541,37.51195]]],[[[-99.19495,37.60134],[-99.19471,37.58665],[-99.23052,37.58692],[-99.23072,37.60158],[-99.19495,37.60134]]],[[[-99.304,37.61621],[-99.24916,37.61626],[-99.2488,37.58684],[-99.267,37.58678],[-99.26664,37.55747],[-99.30305,37.55733],[-99.3028,37.5426],[-99.33906,37.54243],[-99.33985,37.60149],[-99.32197,37.60139],[-99.32219,37.61623],[-99.304,37.61621]]],[[[-97.99045,37.57554],[-98.02663,37.57552],[-98.0266,37.56105],[-97.99034,37.56126],[-97.99045,37.57554],[-97.97224,37.57556],[-97.95399,37.57556],[-97.95399,37.56118],[-97.93583,37.56112],[-97.9356,37.54668],[-97.97207,37.54693],[-97.97183,37.53253],[-97.95386,37.53186],[-97.95375,37.51733],[-97.91739,37.51735],[-97.91744,37.53218],[-97.78956,37.53273],[-97.78943,37.51827],[-97.75288,37.51821],[-97.75291,37.50355],[-97.73429,37.50367],[-97.73437,37.48908],[-97.69778,37.48914],[-97.69773,37.47457],[-97.73432,37.47447],[-97.73295,37.41596],[-97.71468,37.41619],[-97.71408,37.38697],[-97.65775,37.38731],[-97.65739,37.37277],[-97.67524,37.37264],[-97.6747,37.35807],[-97.72897,37.35784],[-97.7291,37.37219],[-97.73026,37.3868],[-97.75069,37.38657],[-97.75073,37.4011],[-97.76925,37.40093],[-97.77007,37.44466],[-97.78816,37.44464],[-97.78834,37.45925],[-97.77029,37.45914],[-97.77106,37.47434],[-97.78928,37.47429],[-97.78834,37.45925],[-97.95345,37.45866],[-97.95379,37.47301],[-97.97208,37.47302],[-97.97181,37.45873],[-97.99017,37.45842],[-97.99033,37.48768],[-98.0087,37.48753],[-98.00878,37.51722],[-98.04487,37.5165],[-98.0448,37.57537],[-98.06289,37.57533],[-98.06289,37.58974],[-98.04477,37.58968],[-98.04475,37.60422],[-98.06285,37.60425],[-98.06289,37.58974],[-98.08106,37.58977],[-98.08118,37.61851],[-98.00887,37.61867],[-98.00885,37.60426],[-97.99063,37.60425],[-97.99045,37.57554]]],[[[-97.95373,37.50003],[-97.95383,37.48787],[-97.9355,37.48792],[-97.93548,37.50284],[-97.9537,37.5026],[-97.95373,37.50003]]],[[[-97.95386,37.63284],[-97.93587,37.63271],[-97.93573,37.61842],[-97.95385,37.6185],[-97.95386,37.63284]]],[[[-101.7435,37.59951],[-101.74349,37.59196],[-101.77995,37.59198],[-101.77996,37.60656],[-101.74348,37.60636],[-101.7435,37.59951]]],[[[-101.16348,37.62503],[-101.16348,37.61994],[-101.19903,37.61991],[-101.19906,37.63445],[-101.16345,37.63451],[-101.16348,37.62503]]],[[[-98.39185,37.65972],[-98.37379,37.65983],[-98.37409,37.64519],[-98.39226,37.64511],[-98.39185,37.65972]]],[[[-98.20913,37.47117],[-98.24557,37.47114],[-98.24554,37.48565],[-98.26384,37.48582],[-98.2639,37.50054],[-98.28231,37.50078],[-98.28219,37.48597],[-98.26384,37.48582],[-98.26387,37.47118],[-98.37338,37.47124],[-98.37352,37.48575],[-98.30034,37.48602],[-98.30054,37.51519],[-98.2824,37.51553],[-98.28212,37.55825],[-98.3005,37.55818],[-98.30064,37.57259],[-98.28201,37.57274],[-98.28214,37.60178],[-98.2637,37.60201],[-98.26386,37.61648],[-98.28226,37.61636],[-98.28239,37.63085],[-98.30059,37.6308],[-98.3007,37.64531],[-98.28263,37.64536],[-98.28277,37.65983],[-98.24609,37.65992],[-98.24596,37.64541],[-98.26429,37.64534],[-98.26394,37.63101],[-98.24584,37.63097],[-98.24571,37.6018],[-98.22706,37.60245],[-98.22698,37.57333],[-98.2455,37.57279],[-98.24548,37.55829],[-98.22706,37.55884],[-98.2271,37.54428],[-98.19064,37.54534],[-98.19059,37.55986],[-98.13547,37.5604],[-98.13557,37.51658],[-98.11744,37.51653],[-98.11766,37.50165],[-98.20909,37.50095],[-98.20913,37.47117]]],[[[-101.68983,37.62503],[-101.68985,37.6207],[-101.70809,37.62072],[-101.7082,37.63531],[-101.68988,37.63527],[-101.68983,37.62503]]],[[[-98.39185,37.65972],[-98.40966,37.65978],[-98.40972,37.67433],[-98.39146,37.67432],[-98.39185,37.65972]]],[[[-101.56291,37.65672],[-101.56291,37.64946],[-101.54471,37.64942],[-101.54455,37.63494],[-101.58091,37.63502],[-101.58092,37.6205],[-101.61721,37.62057],[-101.61737,37.63494],[-101.59925,37.6348],[-101.59943,37.64965],[-101.58107,37.64957],[-101.58109,37.66404],[-101.56291,37.66396],[-101.56291,37.65672]]],[[[-101.30904,37.65624],[-101.30905,37.64909],[-101.2903,37.64908],[-101.29027,37.63454],[-101.38198,37.63461],[-101.38209,37.64914],[-101.36386,37.64914],[-101.3638,37.67819],[-101.30899,37.6781],[-101.30904,37.65624]]],[[[-101.454,37.67097],[-101.45391,37.6638],[-101.47214,37.66377],[-101.47237,37.67839],[-101.45408,37.67835],[-101.454,37.67097]]],[[[-101.81623,37.67982],[-101.79814,37.67965],[-101.79815,37.66515],[-101.81625,37.66536],[-101.81623,37.67982]]],[[[-101.81623,37.67982],[-101.83435,37.67986],[-101.83449,37.66547],[-101.85253,37.66556],[-101.85226,37.69456],[-101.81614,37.69423],[-101.81623,37.67982]]],[[[-97.57229,37.76444],[-97.55403,37.76456],[-97.55419,37.75041],[-97.57244,37.75019],[-97.57229,37.76444]]],[[[-100.12481,37.63517],[-100.12471,37.64968],[-100.14288,37.64976],[-100.14301,37.63521],[-100.12481,37.63517],[-100.12497,37.62063],[-100.10675,37.62044],[-100.10689,37.6059],[-100.07044,37.60552],[-100.07052,37.59089],[-100.05224,37.59065],[-100.05233,37.57612],[-100.03393,37.57592],[-100.03399,37.56132],[-100.01528,37.56108],[-100.01576,37.54645],[-99.96116,37.54536],[-99.96115,37.53071],[-99.97951,37.53113],[-99.97953,37.51638],[-99.99752,37.51689],[-99.99724,37.4435],[-100.01565,37.44343],[-100.01572,37.4145],[-99.97855,37.41411],[-99.97851,37.42871],[-99.95984,37.42824],[-99.96124,37.47195],[-99.92477,37.47103],[-99.92467,37.48575],[-99.90645,37.4853],[-99.90651,37.47059],[-99.86893,37.46973],[-99.8688,37.45531],[-99.84989,37.45479],[-99.84965,37.4403],[-99.81171,37.43922],[-99.81139,37.42473],[-99.79274,37.42407],[-99.79228,37.39499],[-99.81111,37.39572],[-99.81071,37.38136],[-99.79691,37.38094],[-99.79728,37.36698],[-99.83413,37.36777],[-99.83419,37.35326],[-99.92476,37.35429],[-99.92453,37.33973],[-100.0371,37.34205],[-100.03713,37.35672],[-100.05579,37.35717],[-100.05558,37.38632],[-100.07058,37.3866],[-100.07069,37.41584],[-100.08907,37.41606],[-100.08902,37.38691],[-100.0916,37.38693],[-100.09173,37.3431],[-100.10991,37.34361],[-100.10979,37.32899],[-100.12815,37.3289],[-100.12859,37.37283],[-100.14648,37.37274],[-100.14657,37.38713],[-100.14432,37.38714],[-100.1441,37.40179],[-100.16209,37.40186],[-100.1622,37.44587],[-100.14396,37.44575],[-100.1439,37.46039],[-100.12567,37.46029],[-100.12596,37.48914],[-100.10733,37.48927],[-100.10724,37.50392],[-100.08921,37.50368],[-100.0892,37.5182],[-100.05244,37.5177],[-100.05236,37.56157],[-100.07068,37.56188],[-100.07086,37.54719],[-100.08907,37.54742],[-100.08909,37.5621],[-100.10729,37.5622],[-100.10731,37.54764],[-100.12551,37.54787],[-100.12566,37.53321],[-100.14378,37.53315],[-100.14391,37.51855],[-100.18039,37.51876],[-100.18059,37.48953],[-100.21627,37.48978],[-100.21615,37.50432],[-100.25254,37.50422],[-100.25247,37.48969],[-100.37957,37.48927],[-100.37947,37.50387],[-100.4159,37.50378],[-100.41583,37.51846],[-100.45185,37.51844],[-100.45193,37.53307],[-100.48856,37.53304],[-100.48854,37.54762],[-100.50685,37.5476],[-100.50689,37.57685],[-100.5253,37.5769],[-100.52505,37.5914],[-100.48864,37.59135],[-100.4884,37.63492],[-100.50683,37.63502],[-100.50701,37.66401],[-100.47012,37.66423],[-100.47004,37.64963],[-100.43361,37.64972],[-100.43358,37.66426],[-100.39742,37.66432],[-100.39762,37.63528],[-100.361,37.6353],[-100.36105,37.64983],[-100.37932,37.6498],[-100.37916,37.66441],[-100.36095,37.66433],[-100.36077,37.69369],[-100.36071,37.70831],[-100.37895,37.70824],[-100.37893,37.72285],[-100.48831,37.72254],[-100.48835,37.69317],[-100.50654,37.69315],[-100.50701,37.66401],[-100.54302,37.66422],[-100.54296,37.67894],[-100.59797,37.67863],[-100.59802,37.69314],[-100.67051,37.69284],[-100.6705,37.70732],[-100.65232,37.70733],[-100.6521,37.76565],[-100.61555,37.76602],[-100.61564,37.75105],[-100.59745,37.75125],[-100.5976,37.73667],[-100.57931,37.73669],[-100.5795,37.72243],[-100.56129,37.72248],[-100.5611,37.73677],[-100.54285,37.73702],[-100.54272,37.76607],[-100.50607,37.76615],[-100.50618,37.78067],[-100.41533,37.78084],[-100.41541,37.75191],[-100.37892,37.75192],[-100.37879,37.76639],[-100.36067,37.76626],[-100.36049,37.78092],[-100.32407,37.78107],[-100.32414,37.75185],[-100.36065,37.75188],[-100.36071,37.7373],[-100.3424,37.73725],[-100.34245,37.72279],[-100.32427,37.72278],[-100.32415,37.7083],[-100.26973,37.70809],[-100.26964,37.73712],[-100.25136,37.73708],[-100.25147,37.75171],[-100.2331,37.75155],[-100.23307,37.7371],[-100.19719,37.73695],[-100.19716,37.75154],[-100.16073,37.75147],[-100.16072,37.73692],[-100.12416,37.73695],[-100.12421,37.72251],[-100.10607,37.72232],[-100.10614,37.70773],[-100.12435,37.70796],[-100.12438,37.69335],[-100.10623,37.69321],[-100.10636,37.67865],[-100.07011,37.67837],[-100.07011,37.66381],[-100.03358,37.66359],[-100.03332,37.70742],[-99.96086,37.7068],[-99.961,37.69217],[-99.9247,37.69166],[-99.92486,37.67706],[-99.94303,37.67729],[-99.94306,37.66259],[-99.9611,37.66281],[-99.96109,37.67755],[-99.99681,37.67795],[-99.99703,37.63395],[-100.01543,37.63418],[-100.01507,37.6195],[-100.05213,37.61991],[-100.05207,37.63449],[-100.12481,37.63517]]],[[[-100.37944,37.60603],[-100.37949,37.59144],[-100.39758,37.59139],[-100.39773,37.57681],[-100.41584,37.5768],[-100.41579,37.54752],[-100.39786,37.5476],[-100.39793,37.51847],[-100.36123,37.51854],[-100.36126,37.50391],[-100.28887,37.50432],[-100.28882,37.53334],[-100.27052,37.53331],[-100.27037,37.56253],[-100.25206,37.56254],[-100.25208,37.5771],[-100.27022,37.57705],[-100.27016,37.59161],[-100.2885,37.59155],[-100.28849,37.60649],[-100.32475,37.60624],[-100.32475,37.5916],[-100.36125,37.59144],[-100.3612,37.60608],[-100.37944,37.60603]]],[[[-99.92257,37.42002],[-99.92234,37.41284],[-99.94072,37.41325],[-99.94061,37.39873],[-99.90382,37.39797],[-99.90411,37.42706],[-99.92267,37.42737],[-99.92257,37.42002]]],[[[-99.45106,37.82586],[-99.45034,37.80724],[-99.46842,37.80767],[-99.46856,37.82571],[-99.45106,37.82586]]],[[[-101.34561,37.809],[-101.34575,37.79441],[-101.3639,37.7944],[-101.36384,37.80902],[-101.34561,37.809]]],[[[-101.34561,37.809],[-101.34553,37.82812],[-101.32746,37.82818],[-101.32742,37.80891],[-101.34561,37.809]]],[[[-98.32488,37.83899],[-98.32464,37.85365],[-98.30673,37.85378],[-98.30672,37.83915],[-98.32488,37.83899]]],[[[-100.62545,37.85769],[-100.59208,37.8575],[-100.5922,37.84284],[-100.62873,37.84329],[-100.62858,37.85742],[-100.62545,37.85769]]],[[[-99.95468,37.88402],[-99.93617,37.88406],[-99.93616,37.86951],[-99.95451,37.86953],[-99.95468,37.88402]]],[[[-99.20573,37.91257],[-99.18744,37.91271],[-99.1874,37.8835],[-99.20573,37.88358],[-99.20575,37.86891],[-99.22399,37.8691],[-99.22396,37.88366],[-99.24112,37.88366],[-99.24115,37.89816],[-99.27775,37.89823],[-99.2777,37.91286],[-99.20573,37.91257]]],[[[-98.37536,37.91199],[-98.38053,37.91195],[-98.38071,37.92644],[-98.36238,37.92636],[-98.36246,37.912],[-98.37536,37.91199]]],[[[-98.19712,37.92668],[-98.21543,37.92666],[-98.21517,37.94107],[-98.19719,37.94121],[-98.19712,37.92668]]],[[[-99.6614,38.01468],[-99.66132,38.00024],[-99.67939,38.00036],[-99.67926,38.01485],[-99.6614,38.01468]]],[[[-101.28602,38.00968],[-101.28602,38.00237],[-101.30428,38.00231],[-101.30423,37.9878],[-101.32208,37.98782],[-101.32221,38.01693],[-101.286,38.01698],[-101.28602,38.00968]]],[[[-97.57229,37.76444],[-97.62627,37.76395],[-97.6263,37.77871],[-97.64463,37.77861],[-97.64475,37.79319],[-97.66337,37.79311],[-97.66358,37.80764],[-97.68174,37.80756],[-97.68206,37.82508],[-97.72056,37.8252],[-97.72024,37.8397],[-97.75666,37.83969],[-97.75661,37.85432],[-97.77496,37.85418],[-97.77497,37.83955],[-97.79328,37.83952],[-97.79379,37.82496],[-97.8121,37.8249],[-97.81166,37.83938],[-97.83,37.83921],[-97.83001,37.85382],[-97.84844,37.85404],[-97.84831,37.86856],[-97.86665,37.8685],[-97.86671,37.89761],[-97.9036,37.89766],[-97.90352,37.91219],[-97.97695,37.91199],[-97.97688,37.89762],[-97.9957,37.89736],[-98.01374,37.89733],[-98.01373,37.91181],[-98.03185,37.91185],[-98.0319,37.89734],[-98.01374,37.89733],[-98.01366,37.88288],[-98.03187,37.88284],[-98.03193,37.86827],[-98.0869,37.86847],[-98.08682,37.85395],[-98.03194,37.85377],[-98.03197,37.83918],[-98.01367,37.83925],[-98.01365,37.85378],[-97.99531,37.85384],[-97.99547,37.82465],[-97.97706,37.82469],[-97.97688,37.83925],[-97.95867,37.83931],[-97.95867,37.82476],[-97.94049,37.82483],[-97.94042,37.83931],[-97.92207,37.83947],[-97.92203,37.82488],[-97.93621,37.82484],[-97.93642,37.80658],[-97.91815,37.80669],[-97.91816,37.76289],[-97.88168,37.7629],[-97.88149,37.74834],[-97.93642,37.74835],[-97.93639,37.73381],[-97.88121,37.73354],[-97.88149,37.74834],[-97.84474,37.74784],[-97.84423,37.71889],[-97.82594,37.71904],[-97.82554,37.69001],[-97.84396,37.68983],[-97.84359,37.66086],[-97.86255,37.66094],[-97.86329,37.64665],[-97.88153,37.64676],[-97.88132,37.63287],[-97.91765,37.63261],[-97.9176,37.64692],[-97.93588,37.64704],[-97.93618,37.67602],[-97.95438,37.67584],[-97.9544,37.69031],[-97.99083,37.69033],[-97.99091,37.66134],[-97.95436,37.66133],[-97.95386,37.63284],[-98.00899,37.63307],[-98.00889,37.64742],[-98.02671,37.64692],[-98.06318,37.64745],[-98.06325,37.66081],[-98.09925,37.66103],[-98.09932,37.64685],[-98.15418,37.64693],[-98.15398,37.61841],[-98.19058,37.61786],[-98.19025,37.64633],[-98.22714,37.64571],[-98.22716,37.67452],[-98.19053,37.67466],[-98.19063,37.68919],[-98.17235,37.68913],[-98.1725,37.70365],[-98.15417,37.70385],[-98.15436,37.71827],[-98.24622,37.7181],[-98.24597,37.77634],[-98.22859,37.77631],[-98.22868,37.79087],[-98.19214,37.79099],[-98.19175,37.82508],[-98.21009,37.82506],[-98.21039,37.80566],[-98.22878,37.80537],[-98.22868,37.79087],[-98.24581,37.79085],[-98.24597,37.77634],[-98.26429,37.77616],[-98.26416,37.79072],[-98.33753,37.79077],[-98.33748,37.82444],[-98.34365,37.82449],[-98.34348,37.83912],[-98.32488,37.83899],[-98.32515,37.82444],[-98.28849,37.82461],[-98.28835,37.85378],[-98.30673,37.85378],[-98.307,37.86837],[-98.28869,37.86819],[-98.28891,37.88287],[-98.21509,37.88337],[-98.21484,37.89762],[-98.1966,37.89803],[-98.19712,37.92668],[-98.16054,37.92679],[-98.16059,37.985],[-98.17839,37.98508],[-98.17869,37.97046],[-98.19729,37.97034],[-98.19737,37.95584],[-98.23323,37.95542],[-98.23416,37.99904],[-98.19734,37.99927],[-98.19731,38.01386],[-98.17884,38.01411],[-98.1789,38.02871],[-98.16067,38.02846],[-98.16085,38.04315],[-98.14225,38.04303],[-98.14215,38.02854],[-98.12427,38.02788],[-98.10585,38.02829],[-98.10586,38.01378],[-98.03192,38.01351],[-98.0319,37.99912],[-98.01387,37.99919],[-98.01364,37.98455],[-97.97712,37.98407],[-97.97796,37.96954],[-97.88515,37.96997],[-97.88517,37.95542],[-97.86686,37.9556],[-97.86671,37.94109],[-97.83011,37.94097],[-97.83009,37.92648],[-97.84845,37.92658],[-97.84838,37.9122],[-97.79382,37.91223],[-97.79303,37.89751],[-97.73803,37.89803],[-97.73813,37.88349],[-97.70204,37.88349],[-97.70208,37.86876],[-97.66541,37.86873],[-97.66533,37.88324],[-97.62844,37.88335],[-97.62869,37.86874],[-97.64704,37.86874],[-97.64712,37.82495],[-97.64503,37.82496],[-97.64488,37.80778],[-97.62648,37.80792],[-97.62636,37.79328],[-97.58979,37.79349],[-97.5896,37.77899],[-97.57259,37.77909],[-97.57229,37.76444]]],[[[-98.03192,37.95548],[-98.03191,37.98462],[-98.05039,37.98477],[-98.05068,37.95562],[-98.06885,37.95532],[-98.06834,37.94131],[-98.05059,37.94134],[-98.05068,37.95562],[-98.03192,37.95548],[-98.03179,37.94099],[-98.01379,37.94091],[-98.01382,37.9555],[-98.03192,37.95548]]],[[[-98.16037,37.83983],[-98.16026,37.82512],[-98.15534,37.82512],[-98.15544,37.80565],[-98.10066,37.80587],[-98.10052,37.82487],[-98.10526,37.82484],[-98.1053,37.83951],[-98.16037,37.83983],[-98.16028,37.85447],[-98.17854,37.85479],[-98.17857,37.86944],[-98.23347,37.86847],[-98.23343,37.85403],[-98.25195,37.85398],[-98.25182,37.83938],[-98.23356,37.83947],[-98.23341,37.82491],[-98.21518,37.82505],[-98.21529,37.85416],[-98.19665,37.85433],[-98.19677,37.83972],[-98.16037,37.83983]]],[[[-98.11792,37.704],[-98.11774,37.68959],[-98.00914,37.69016],[-98.00918,37.70445],[-98.11792,37.704],[-98.11818,37.71849],[-98.13606,37.71833],[-98.13585,37.70381],[-98.11792,37.704]]],[[[-98.80285,38.05054],[-98.80293,38.04335],[-98.82117,38.04347],[-98.82116,38.058],[-98.80284,38.05779],[-98.80285,38.05054]]],[[[-99.09572,38.0581],[-99.07712,38.05806],[-99.07722,38.02911],[-99.09554,38.02907],[-99.09572,38.0581]]],[[[-99.86253,38.04415],[-99.86256,38.05877],[-99.84449,38.05861],[-99.84431,38.04401],[-99.86253,38.04415]]],[[[-97.8116,38.05743],[-97.79393,38.05758],[-97.79366,38.04287],[-97.81169,38.04287],[-97.8116,38.05743]]],[[[-99.6614,38.01468],[-99.6613,38.04381],[-99.67925,38.04387],[-99.67925,38.07293],[-99.66126,38.07285],[-99.66132,38.05837],[-99.64304,38.05816],[-99.64303,38.04367],[-99.62465,38.04356],[-99.62464,38.02902],[-99.64303,38.02909],[-99.64304,38.01464],[-99.6614,38.01468]]],[[[-99.60622,38.08007],[-99.60622,38.0728],[-99.62463,38.07278],[-99.62461,38.0873],[-99.60626,38.08735],[-99.60622,38.08007]]],[[[-99.50583,38.07316],[-99.51487,38.07304],[-99.51504,38.08776],[-99.49661,38.08795],[-99.49653,38.07328],[-99.50583,38.07316]]],[[[-97.51867,38.0867],[-97.50028,38.08669],[-97.50029,38.07224],[-97.51857,38.07225],[-97.51867,38.0867]]],[[[-99.67925,38.07293],[-99.69783,38.07291],[-99.69755,38.10243],[-99.67915,38.10202],[-99.67925,38.07293]]],[[[-99.77094,38.08735],[-99.78904,38.08725],[-99.78916,38.0727],[-99.8258,38.07309],[-99.82566,38.10214],[-99.77095,38.10185],[-99.77094,38.08735]]],[[[-97.51867,38.0867],[-97.53695,38.08675],[-97.537,38.10146],[-97.51877,38.10142],[-97.51867,38.0867]]],[[[-99.57849,38.10208],[-99.58789,38.102],[-99.58798,38.11658],[-99.5696,38.11666],[-99.5696,38.10214],[-99.57849,38.10208]]],[[[-97.97753,38.11489],[-97.97794,38.10025],[-97.95937,38.10017],[-97.95901,38.07155],[-98.01422,38.07167],[-98.01494,38.08607],[-98.01461,38.11501],[-97.97753,38.11489]]],[[[-99.88065,38.11701],[-99.88064,38.10262],[-99.89843,38.10277],[-99.89861,38.11731],[-99.88065,38.11701]]],[[[-98.93107,38.1238],[-98.93106,38.11647],[-98.89472,38.11641],[-98.89483,38.08735],[-98.87642,38.08728],[-98.87634,38.07263],[-98.858,38.07255],[-98.85802,38.05813],[-98.91317,38.05831],[-98.91304,38.07286],[-98.93136,38.07288],[-98.93119,38.10202],[-98.9678,38.10196],[-98.96768,38.11657],[-98.94932,38.1165],[-98.94936,38.13104],[-98.93102,38.13106],[-98.93107,38.1238]]],[[[-101.0665,38.11227],[-101.0664,38.10504],[-101.0848,38.105],[-101.08503,38.1195],[-101.06657,38.11961],[-101.0665,38.11227]]],[[[-97.57408,38.12502],[-97.57403,38.11595],[-97.55565,38.11592],[-97.55548,38.10142],[-97.59209,38.1014],[-97.59204,38.13049],[-97.57409,38.13052],[-97.57408,38.12502]]],[[[-99.8254,38.14572],[-99.82554,38.13133],[-99.88058,38.13161],[-99.88066,38.14625],[-99.8254,38.14572]]],[[[-98.54638,38.15107],[-98.54634,38.14364],[-98.50964,38.14361],[-98.50957,38.12904],[-98.52776,38.129],[-98.52805,38.11451],[-98.56469,38.11454],[-98.5648,38.12937],[-98.58293,38.12936],[-98.58308,38.144],[-98.60138,38.14398],[-98.60152,38.15854],[-98.54641,38.15826],[-98.54638,38.15107]]],[[[-99.09574,38.17436],[-99.09568,38.1599],[-99.0589,38.16007],[-99.05878,38.13093],[-99.11378,38.13066],[-99.11396,38.15985],[-99.1503,38.15984],[-99.15018,38.17429],[-99.09574,38.17436]]],[[[-99.18701,38.18869],[-99.1685,38.18872],[-99.16831,38.1742],[-99.18672,38.17421],[-99.18701,38.18869]]],[[[-99.58814,38.17499],[-99.58833,38.18949],[-99.57005,38.18944],[-99.56984,38.17497],[-99.58814,38.17499]]],[[[-99.09574,38.17436],[-99.09569,38.2034],[-99.07724,38.20343],[-99.07729,38.17437],[-99.09574,38.17436]]],[[[-99.58814,38.17499],[-99.58808,38.16026],[-99.62486,38.16035],[-99.62483,38.14573],[-99.64306,38.14571],[-99.64305,38.13123],[-99.66139,38.13126],[-99.66152,38.14577],[-99.67934,38.14575],[-99.67925,38.11663],[-99.69769,38.11695],[-99.69755,38.10243],[-99.71589,38.10259],[-99.71606,38.07288],[-99.77086,38.07284],[-99.77094,38.08735],[-99.75258,38.08739],[-99.75262,38.10192],[-99.7343,38.10225],[-99.73446,38.14563],[-99.71609,38.14586],[-99.71618,38.16034],[-99.69767,38.16047],[-99.69778,38.17486],[-99.64326,38.17493],[-99.64359,38.20391],[-99.60684,38.20393],[-99.60654,38.17501],[-99.58814,38.17499]]],[[[-99.18701,38.18869],[-99.31436,38.18955],[-99.31463,38.20406],[-99.27778,38.20364],[-99.27805,38.21816],[-99.25973,38.21788],[-99.25949,38.20315],[-99.18723,38.20319],[-99.18701,38.18869]]],[[[-99.64359,38.20391],[-99.6618,38.20399],[-99.66202,38.21844],[-99.64376,38.21842],[-99.64359,38.20391]]],[[[-99.09572,38.0581],[-99.13208,38.05817],[-99.13208,38.04357],[-99.1687,38.04354],[-99.16867,38.05806],[-99.187,38.05802],[-99.18705,38.07239],[-99.24069,38.07253],[-99.24061,38.04354],[-99.22335,38.04357],[-99.22349,38.02902],[-99.2052,38.02902],[-99.20523,37.99985],[-99.22364,37.99991],[-99.22373,37.98529],[-99.2772,37.98556],[-99.27722,38.00026],[-99.29569,38.00052],[-99.29568,38.01498],[-99.31411,38.015],[-99.31394,38.00056],[-99.35027,38.0008],[-99.35025,37.98633],[-99.36866,37.98631],[-99.36872,37.9718],[-99.38698,37.97171],[-99.38679,37.94258],[-99.36848,37.94267],[-99.36857,37.92783],[-99.33238,37.92773],[-99.33244,37.91312],[-99.35041,37.91315],[-99.35047,37.89847],[-99.36853,37.89869],[-99.36875,37.9133],[-99.42337,37.91346],[-99.4232,37.92796],[-99.47781,37.92757],[-99.478,37.94221],[-99.55159,37.94174],[-99.55132,37.9275],[-99.53298,37.92757],[-99.53293,37.9131],[-99.55135,37.91295],[-99.55162,37.88372],[-99.5144,37.88365],[-99.51452,37.86919],[-99.44159,37.8697],[-99.44228,37.84037],[-99.49683,37.8402],[-99.49699,37.82558],[-99.56025,37.8257],[-99.55983,37.7926],[-99.59651,37.79266],[-99.5966,37.77814],[-99.61462,37.77797],[-99.61468,37.76337],[-99.5599,37.76349],[-99.55983,37.7926],[-99.52371,37.79241],[-99.52382,37.77804],[-99.50467,37.77823],[-99.50476,37.76392],[-99.52384,37.76407],[-99.52356,37.7496],[-99.55982,37.74939],[-99.55984,37.73493],[-99.54139,37.73482],[-99.54104,37.7199],[-99.50452,37.71977],[-99.50401,37.69004],[-99.52236,37.69014],[-99.52225,37.67519],[-99.54073,37.67527],[-99.54075,37.69021],[-99.55888,37.69016],[-99.55844,37.66039],[-99.43159,37.66028],[-99.4314,37.64548],[-99.41316,37.64555],[-99.41295,37.63075],[-99.44905,37.63067],[-99.44913,37.64551],[-99.48558,37.64548],[-99.48537,37.63068],[-99.5036,37.63071],[-99.50335,37.61596],[-99.55786,37.61574],[-99.55747,37.58593],[-99.52127,37.58612],[-99.52143,37.60098],[-99.48498,37.60104],[-99.48479,37.58633],[-99.46662,37.58625],[-99.46643,37.57144],[-99.41222,37.57167],[-99.41201,37.55686],[-99.37561,37.55703],[-99.37544,37.54224],[-99.41189,37.54218],[-99.41165,37.5275],[-99.44793,37.5273],[-99.44784,37.5126],[-99.50247,37.51247],[-99.50228,37.4977],[-99.53875,37.49748],[-99.53885,37.5122],[-99.55662,37.51217],[-99.5568,37.52681],[-99.53893,37.52691],[-99.53931,37.57121],[-99.57566,37.5718],[-99.57539,37.55692],[-99.59379,37.55686],[-99.59356,37.54239],[-99.61198,37.54228],[-99.61168,37.52738],[-99.6661,37.5267],[-99.66631,37.54165],[-99.6847,37.54174],[-99.68515,37.58633],[-99.64899,37.58621],[-99.6487,37.57152],[-99.61229,37.57163],[-99.61274,37.6014],[-99.64935,37.60131],[-99.6495,37.61615],[-99.74014,37.6162],[-99.74022,37.63118],[-99.75881,37.63105],[-99.75902,37.64611],[-99.74032,37.6461],[-99.74032,37.64923],[-99.74234,37.654],[-99.74223,37.67633],[-99.72393,37.67633],[-99.72389,37.69075],[-99.7422,37.69089],[-99.74218,37.70535],[-99.76046,37.70548],[-99.76053,37.69105],[-99.7422,37.69089],[-99.74223,37.67633],[-99.76049,37.67642],[-99.76049,37.66186],[-99.77876,37.66175],[-99.77885,37.64588],[-99.83389,37.64619],[-99.83401,37.66191],[-99.85247,37.66199],[-99.85236,37.67664],[-99.87068,37.67657],[-99.87034,37.72027],[-99.88826,37.72056],[-99.88787,37.74973],[-99.90617,37.74989],[-99.90583,37.77893],[-99.94263,37.77929],[-99.94249,37.79383],[-99.9607,37.7939],[-99.96053,37.80841],[-100.05165,37.80938],[-100.05157,37.79481],[-100.06976,37.79482],[-100.06996,37.80936],[-100.08817,37.80942],[-100.08811,37.82617],[-100.10069,37.82622],[-100.10072,37.85515],[-100.13616,37.85533],[-100.13592,37.86993],[-100.1544,37.87014],[-100.15428,37.88468],[-100.20923,37.88492],[-100.20929,37.87039],[-100.24575,37.87048],[-100.24565,37.88498],[-100.26384,37.88502],[-100.26374,37.91411],[-100.28203,37.91411],[-100.28208,37.92843],[-100.33684,37.92876],[-100.3366,37.95774],[-100.31855,37.9576],[-100.31832,37.98666],[-100.2268,37.98649],[-100.22667,38.00105],[-100.20857,38.00096],[-100.20856,38.01539],[-100.19019,38.01538],[-100.18998,38.04449],[-100.24438,38.04475],[-100.24426,38.05906],[-100.226,38.05908],[-100.22573,38.07358],[-100.18969,38.07335],[-100.18985,38.05887],[-100.17168,38.05876],[-100.17124,38.08776],[-100.15307,38.08773],[-100.15318,38.10219],[-100.13492,38.10202],[-100.13485,38.08761],[-100.11651,38.08763],[-100.11649,38.08025],[-100.11694,38.01502],[-100.15366,38.01516],[-100.15363,38.00078],[-100.17198,38.00078],[-100.17214,37.98626],[-100.15368,37.98615],[-100.15374,37.97178],[-100.11718,37.9715],[-100.11707,37.98599],[-100.10041,37.98592],[-100.10031,38.00059],[-100.06398,38.00055],[-100.06409,38.01499],[-100.08218,38.01499],[-100.08225,38.02947],[-100.00946,38.02941],[-100.00921,38.04386],[-99.99104,38.0441],[-99.99094,38.05868],[-99.97246,38.05883],[-99.97279,38.02966],[-99.99122,38.02963],[-99.99138,38.01498],[-99.97298,38.01514],[-99.97279,38.02966],[-99.95452,38.02966],[-99.95424,38.04435],[-99.93593,38.04413],[-99.93582,38.05892],[-99.91732,38.05921],[-99.91766,38.0154],[-99.89923,38.01547],[-99.89891,38.04454],[-99.86253,38.04415],[-99.86266,38.01509],[-99.84447,38.01491],[-99.84434,38.02947],[-99.82603,38.02937],[-99.82583,38.04386],[-99.80762,38.04378],[-99.80763,38.05825],[-99.78928,38.0582],[-99.78934,38.04374],[-99.73436,38.04377],[-99.7344,38.02932],[-99.75275,38.02931],[-99.75272,38.01481],[-99.78957,38.01464],[-99.78967,38.00011],[-99.82636,38.00037],[-99.82645,37.97124],[-99.84478,37.97132],[-99.84462,37.95675],[-99.89959,37.95714],[-99.89964,37.92798],[-99.93656,37.92774],[-99.93654,37.91332],[-99.95486,37.91314],[-99.95499,37.92769],[-99.97317,37.92767],[-99.97306,37.91311],[-99.99149,37.91305],[-99.99139,37.94204],[-100.00941,37.94212],[-100.00937,37.92749],[-100.08253,37.92769],[-100.08237,37.91325],[-100.10053,37.91329],[-100.10067,37.86969],[-100.06406,37.86959],[-100.06409,37.88398],[-100.04574,37.88395],[-100.04565,37.86949],[-100.00926,37.8694],[-100.00943,37.89838],[-99.95472,37.89859],[-99.95468,37.88402],[-99.97297,37.88395],[-99.97288,37.86945],[-99.99122,37.86935],[-99.991,37.84036],[-100.00924,37.84038],[-100.00917,37.82586],[-99.90539,37.82599],[-99.90548,37.80802],[-99.88725,37.80795],[-99.88739,37.79337],[-99.86941,37.79311],[-99.86969,37.77861],[-99.85146,37.77852],[-99.85159,37.76396],[-99.83316,37.76379],[-99.83292,37.79294],[-99.81483,37.7925],[-99.81467,37.80704],[-99.8328,37.80741],[-99.83313,37.82583],[-99.84473,37.82584],[-99.84452,37.88399],[-99.80805,37.88391],[-99.80812,37.89843],[-99.79019,37.89848],[-99.78993,37.94207],[-99.7711,37.94208],[-99.77108,37.97096],[-99.75276,37.97118],[-99.75283,37.9421],[-99.69789,37.94225],[-99.69791,37.9278],[-99.67963,37.9278],[-99.67969,37.91336],[-99.66153,37.91319],[-99.66177,37.88406],[-99.64355,37.88392],[-99.64361,37.85479],[-99.62508,37.85489],[-99.6252,37.8403],[-99.58889,37.84021],[-99.58851,37.86931],[-99.60687,37.86933],[-99.60663,37.94196],[-99.58827,37.94187],[-99.58824,37.95633],[-99.56983,37.95631],[-99.56981,37.97084],[-99.55153,37.97071],[-99.55155,37.98544],[-99.42376,37.98598],[-99.42366,38.00066],[-99.40538,38.00067],[-99.40553,38.0152],[-99.38717,38.01519],[-99.38711,38.07327],[-99.36871,38.07327],[-99.36875,38.08783],[-99.38713,38.0879],[-99.38711,38.07327],[-99.47804,38.07332],[-99.4782,38.08802],[-99.4599,38.08817],[-99.46001,38.10273],[-99.47837,38.1026],[-99.4784,38.13164],[-99.49691,38.13145],[-99.49709,38.14602],[-99.51531,38.14597],[-99.51519,38.18969],[-99.55214,38.18956],[-99.55228,38.20403],[-99.47875,38.2042],[-99.47879,38.2187],[-99.49715,38.21868],[-99.49739,38.23321],[-99.4245,38.23343],[-99.4244,38.21891],[-99.40599,38.21889],[-99.40612,38.23342],[-99.35119,38.23325],[-99.35084,38.21881],[-99.33315,38.2187],[-99.33305,38.2042],[-99.44264,38.20448],[-99.44236,38.17539],[-99.40551,38.17549],[-99.40557,38.16096],[-99.38709,38.16097],[-99.38703,38.13155],[-99.35028,38.1316],[-99.35031,38.14619],[-99.20492,38.14521],[-99.20505,38.13067],[-99.16846,38.13083],[-99.16825,38.11632],[-99.15017,38.1162],[-99.15032,38.10163],[-99.13202,38.10162],[-99.13194,38.08717],[-99.11406,38.08713],[-99.11397,38.07258],[-99.0956,38.07262],[-99.09572,38.0581]]],[[[-99.66889,37.77036],[-99.6689,37.76334],[-99.72373,37.76329],[-99.72384,37.7344],[-99.66893,37.73428],[-99.66895,37.74883],[-99.63283,37.74859],[-99.63295,37.77794],[-99.6689,37.77793],[-99.66889,37.77036]]],[[[-99.99136,37.99291],[-99.99139,38.00022],[-100.00934,38.00022],[-100.00921,37.98569],[-99.99136,37.98556],[-99.99136,37.99291]]],[[[-100.1351,38.05861],[-100.15332,38.05876],[-100.1536,38.02963],[-100.13535,38.02955],[-100.1351,38.05861]]],[[[-99.79701,37.69094],[-99.77865,37.69097],[-99.77863,37.70541],[-99.83348,37.70546],[-99.83385,37.69113],[-99.79701,37.69094]]],[[[-99.09603,38.2469],[-99.09562,38.21792],[-99.13196,38.21787],[-99.13205,38.23245],[-99.15049,38.23229],[-99.15059,38.24682],[-99.09603,38.2469]]],[[[-99.51572,38.23317],[-99.5155,38.21863],[-99.57031,38.21869],[-99.57049,38.23311],[-99.58873,38.23304],[-99.58858,38.24756],[-99.51599,38.24756],[-99.51572,38.23317]]],[[[-99.60702,38.24757],[-99.60706,38.23304],[-99.62535,38.233],[-99.62525,38.26202],[-99.60715,38.26206],[-99.60702,38.24757]]],[[[-99.65803,38.2765],[-99.65776,38.26201],[-99.67612,38.26192],[-99.67641,38.2764],[-99.65803,38.2765]]],[[[-101.54236,38.2489],[-101.54216,38.23446],[-101.57893,38.23424],[-101.57913,38.2487],[-101.59753,38.24866],[-101.59757,38.26302],[-101.56113,38.26317],[-101.56079,38.24881],[-101.54236,38.2489]]],[[[-99.66202,38.21844],[-99.69819,38.21838],[-99.6984,38.23293],[-99.71692,38.23284],[-99.71708,38.24739],[-99.73549,38.24726],[-99.73566,38.26178],[-99.73145,38.26178],[-99.73164,38.27623],[-99.71315,38.27635],[-99.71334,38.29095],[-99.69492,38.29103],[-99.69456,38.26189],[-99.6803,38.26191],[-99.67999,38.23301],[-99.66225,38.23303],[-99.66202,38.21844]]],[[[-99.09603,38.2469],[-99.09619,38.26134],[-99.03246,38.2612],[-99.03234,38.27574],[-99.0139,38.27576],[-99.01387,38.29027],[-98.97695,38.29025],[-98.97687,38.30477],[-98.95836,38.30482],[-98.95837,38.31939],[-98.94006,38.3193],[-98.94015,38.33376],[-99.03238,38.33384],[-99.03242,38.34835],[-99.0139,38.34806],[-99.01426,38.36257],[-98.94045,38.36164],[-98.86662,38.36172],[-98.8664,38.34726],[-98.88496,38.34732],[-98.88478,38.33254],[-98.90328,38.33258],[-98.90335,38.30354],[-98.92163,38.30365],[-98.92167,38.28912],[-98.94005,38.29032],[-98.94027,38.26129],[-98.94964,38.26128],[-98.9495,38.24722],[-99.09603,38.2469]]],[[[-98.49881,38.36179],[-98.49854,38.34731],[-98.48017,38.34743],[-98.47964,38.3184],[-98.46128,38.31832],[-98.46187,38.36212],[-98.44327,38.36219],[-98.44324,38.34757],[-98.40635,38.34762],[-98.40619,38.33318],[-98.3311,38.33314],[-98.33096,38.30419],[-98.31248,38.30425],[-98.31236,38.28979],[-98.294,38.28976],[-98.29416,38.27522],[-98.27559,38.27525],[-98.27594,38.26081],[-98.28916,38.2607],[-98.28912,38.24616],[-98.34429,38.24638],[-98.34431,38.26067],[-98.42525,38.26076],[-98.42502,38.27473],[-98.46149,38.27528],[-98.46163,38.28973],[-98.47987,38.28981],[-98.47959,38.30422],[-98.49823,38.30443],[-98.4983,38.33283],[-98.51677,38.33272],[-98.51704,38.3472],[-98.53533,38.34726],[-98.53554,38.3617],[-98.5173,38.3617],[-98.51746,38.37629],[-98.49893,38.37644],[-98.49881,38.36179]]],[[[-98.44298,38.3038],[-98.4432,38.28928],[-98.42471,38.28938],[-98.42461,38.30389],[-98.44298,38.3038]]],[[[-98.40633,38.28936],[-98.40672,38.27476],[-98.38793,38.27489],[-98.38788,38.28948],[-98.40633,38.28936]]],[[[-97.8116,38.05743],[-97.83026,38.05748],[-97.83022,38.04292],[-97.8485,38.04296],[-97.84854,38.02842],[-97.88528,38.0285],[-97.88525,38.0139],[-97.90369,38.01399],[-97.90375,38.02852],[-97.92187,38.02857],[-97.92193,38.04298],[-97.9404,38.04273],[-97.94048,38.08643],[-97.922,38.08658],[-97.92205,38.10102],[-97.9409,38.10056],[-97.9408,38.1148],[-97.95928,38.11468],[-97.9592,38.12942],[-97.99593,38.12959],[-97.99563,38.14395],[-98.01435,38.14432],[-98.0143,38.18792],[-98.0505,38.18817],[-98.05071,38.17359],[-98.08758,38.17378],[-98.08761,38.21739],[-98.0691,38.21752],[-98.069,38.20286],[-98.05008,38.20268],[-98.05065,38.21728],[-98.0691,38.21752],[-98.06912,38.23201],[-98.08767,38.23194],[-98.08768,38.24657],[-98.12451,38.24676],[-98.12463,38.26049],[-98.14665,38.2605],[-98.14673,38.27499],[-98.16504,38.27504],[-98.16506,38.30407],[-98.18347,38.30411],[-98.18336,38.31865],[-98.20174,38.31869],[-98.20174,38.33318],[-98.22022,38.33328],[-98.22026,38.36233],[-98.23869,38.36245],[-98.2385,38.37693],[-98.12749,38.37655],[-98.12747,38.36198],[-98.10909,38.36206],[-98.10905,38.34752],[-98.09061,38.34752],[-98.09121,38.275],[-98.07279,38.27501],[-98.07275,38.28961],[-98.01736,38.28963],[-98.01727,38.27509],[-97.96201,38.27513],[-97.9621,38.26065],[-97.92229,38.26056],[-97.92225,38.2464],[-97.90392,38.2466],[-97.90397,38.20284],[-97.88542,38.20284],[-97.88541,38.17368],[-97.9405,38.17371],[-97.94048,38.18823],[-97.99575,38.18762],[-97.99572,38.17313],[-97.95899,38.17318],[-97.95907,38.15887],[-97.92216,38.15918],[-97.92217,38.14466],[-97.90396,38.14487],[-97.90395,38.1303],[-97.88542,38.13032],[-97.88541,38.10103],[-97.86704,38.10102],[-97.86696,38.08649],[-97.82997,38.08657],[-97.83031,38.07204],[-97.81171,38.07199],[-97.8116,38.05743]]],[[[-98.86679,38.39074],[-98.86683,38.40528],[-98.88526,38.40531],[-98.88544,38.41979],[-98.84853,38.41974],[-98.84849,38.39071],[-98.86679,38.39074]]],[[[-98.88526,38.40531],[-98.88527,38.3907],[-98.86679,38.39074],[-98.86671,38.37625],[-98.9037,38.37623],[-98.90379,38.39072],[-99.01469,38.39165],[-99.01444,38.37711],[-99.05131,38.37733],[-99.05176,38.40631],[-98.99626,38.4059],[-98.99623,38.42042],[-98.97777,38.42015],[-98.97783,38.40568],[-98.88526,38.40531]]],[[[-98.88544,38.41979],[-98.90389,38.41976],[-98.90395,38.43428],[-98.8856,38.43436],[-98.88544,38.41979]]],[[[-99.25338,38.42917],[-99.2524,38.40869],[-99.25257,38.39421],[-99.27134,38.39394],[-99.27197,38.43623],[-99.25337,38.43611],[-99.25338,38.42917]]],[[[-99.41897,38.42189],[-99.41877,38.4073],[-99.43734,38.4074],[-99.43783,38.43675],[-99.41945,38.4368],[-99.41897,38.42189]]],[[[-98.94092,38.43442],[-98.99615,38.43481],[-98.99612,38.44935],[-98.94099,38.44897],[-98.94092,38.43442]]],[[[-99.06995,38.4643],[-99.03288,38.46411],[-99.03287,38.4495],[-99.06974,38.44983],[-99.06995,38.4643]]],[[[-98.49901,38.46387],[-98.49905,38.44935],[-98.48059,38.44925],[-98.48062,38.43468],[-98.49906,38.43486],[-98.49908,38.42006],[-98.5904,38.42026],[-98.59061,38.43477],[-98.60911,38.43462],[-98.60888,38.46357],[-98.49901,38.46387]]],[[[-97.77699,38.46392],[-97.77723,38.44956],[-97.75884,38.44951],[-97.759,38.39135],[-97.74041,38.39138],[-97.74055,38.34781],[-97.75904,38.34792],[-97.75919,38.27518],[-97.74074,38.27512],[-97.74068,38.26056],[-97.73916,38.26056],[-97.73868,38.21739],[-97.7574,38.21732],[-97.7571,38.20288],[-97.77558,38.20281],[-97.77552,38.17367],[-97.75709,38.17374],[-97.75745,38.15938],[-97.7389,38.15952],[-97.73901,38.13031],[-97.81168,38.13011],[-97.81171,38.14457],[-97.84869,38.14477],[-97.84876,38.15937],[-97.86708,38.15931],[-97.86689,38.18832],[-97.8485,38.18825],[-97.84842,38.21741],[-97.86693,38.21743],[-97.86691,38.23197],[-97.84843,38.23197],[-97.84846,38.26055],[-97.85141,38.26055],[-97.8514,38.27506],[-97.83295,38.27513],[-97.83298,38.28965],[-97.85141,38.28967],[-97.85144,38.32602],[-97.85103,38.36239],[-97.83255,38.36242],[-97.83235,38.44972],[-97.79565,38.44965],[-97.79548,38.46414],[-97.77699,38.46392]]],[[[-97.79587,38.34798],[-97.7963,38.33325],[-97.83274,38.33328],[-97.83284,38.31874],[-97.81428,38.31894],[-97.81435,38.30437],[-97.79618,38.30417],[-97.79613,38.28962],[-97.81456,38.28962],[-97.81449,38.27512],[-97.79601,38.27515],[-97.79613,38.28962],[-97.77775,38.28966],[-97.77747,38.3479],[-97.79587,38.34798],[-97.79584,38.36232],[-97.81418,38.36265],[-97.8142,38.34801],[-97.79587,38.34798]]],[[[-98.86697,38.47784],[-98.84861,38.47772],[-98.84854,38.46325],[-98.92252,38.46329],[-98.92265,38.47777],[-98.86697,38.47784]]],[[[-98.71938,38.46353],[-98.71927,38.44893],[-98.70094,38.44897],[-98.70094,38.4345],[-98.6644,38.43462],[-98.66433,38.42007],[-98.62734,38.42015],[-98.62722,38.40565],[-98.6088,38.40569],[-98.60884,38.39112],[-98.62737,38.39114],[-98.62737,38.37663],[-98.64583,38.37654],[-98.64541,38.35124],[-98.64595,38.3476],[-98.66408,38.34757],[-98.66397,38.36197],[-98.70057,38.36191],[-98.70079,38.37642],[-98.75574,38.37632],[-98.75628,38.4054],[-98.68272,38.40556],[-98.68273,38.42005],[-98.71936,38.41999],[-98.71942,38.43444],[-98.75634,38.43442],[-98.75656,38.44902],[-98.77504,38.44897],[-98.77478,38.47813],[-98.73793,38.47799],[-98.7379,38.46357],[-98.71938,38.46353]]],[[[-99.06995,38.4643],[-99.10689,38.46457],[-99.107,38.47914],[-99.06991,38.47893],[-99.06995,38.4643]]],[[[-99.19825,38.46483],[-99.19807,38.45019],[-99.21661,38.45033],[-99.21657,38.43578],[-99.23499,38.4359],[-99.23511,38.45045],[-99.29038,38.45094],[-99.2904,38.43643],[-99.28797,38.37918],[-99.30633,38.37897],[-99.30699,38.3935],[-99.32547,38.3933],[-99.32605,38.40783],[-99.30762,38.40806],[-99.30885,38.43667],[-99.32735,38.43693],[-99.32733,38.45145],[-99.34582,38.45154],[-99.34581,38.43703],[-99.36413,38.43722],[-99.36406,38.45178],[-99.41945,38.45132],[-99.41947,38.48041],[-99.36405,38.48091],[-99.23519,38.47949],[-99.23519,38.46506],[-99.19825,38.46483]]],[[[-97.59326,38.47832],[-97.59296,38.46379],[-97.57411,38.46402],[-97.57471,38.43484],[-97.51932,38.43507],[-97.51916,38.42036],[-97.48211,38.42043],[-97.48218,38.40595],[-97.44574,38.40574],[-97.44564,38.3913],[-97.42728,38.39134],[-97.42715,38.37687],[-97.40878,38.37696],[-97.40859,38.34794],[-97.39017,38.34795],[-97.39011,38.31876],[-97.37163,38.31887],[-97.37158,38.28982],[-97.35311,38.28986],[-97.35339,38.24638],[-97.37168,38.24629],[-97.37173,38.23171],[-97.39009,38.23185],[-97.39013,38.20265],[-97.37172,38.20268],[-97.37186,37.79591],[-97.39011,37.79615],[-97.39031,37.854],[-97.40856,37.85402],[-97.4088,37.89775],[-97.42701,37.8979],[-97.42702,37.97056],[-97.40872,37.97057],[-97.40869,37.98521],[-97.42711,37.98519],[-97.42706,38.0139],[-97.44548,38.01391],[-97.44577,38.05753],[-97.46399,38.05757],[-97.46393,38.07211],[-97.48184,38.07215],[-97.48183,38.08668],[-97.46376,38.08664],[-97.46368,38.13034],[-97.48195,38.13028],[-97.48208,38.15935],[-97.50056,38.15965],[-97.50066,38.17397],[-97.53754,38.17397],[-97.53756,38.20308],[-97.55589,38.20319],[-97.55588,38.21769],[-97.57432,38.21777],[-97.57425,38.24682],[-97.59214,38.24675],[-97.59226,38.26075],[-97.64848,38.26069],[-97.6491,38.33343],[-97.6485,38.36225],[-97.66693,38.36211],[-97.66681,38.39105],[-97.62994,38.39125],[-97.63003,38.40575],[-97.61179,38.40581],[-97.61179,38.4203],[-97.63007,38.42021],[-97.63008,38.43478],[-97.64866,38.43472],[-97.64834,38.47844],[-97.59326,38.47832]]],[[[-98.95945,38.48531],[-98.95945,38.47809],[-99.01465,38.47848],[-99.01472,38.49296],[-98.95948,38.49261],[-98.95945,38.48531]]],[[[-99.03307,38.49309],[-99.03297,38.47861],[-99.05151,38.47877],[-99.05157,38.49329],[-99.07001,38.49341],[-99.06981,38.50791],[-99.03281,38.5076],[-99.03307,38.49309]]],[[[-99.107,38.47914],[-99.21668,38.47939],[-99.21666,38.49392],[-99.19816,38.49389],[-99.19813,38.50838],[-99.08832,38.50806],[-99.08849,38.49352],[-99.10696,38.49365],[-99.107,38.47914]]],[[[-98.82097,38.50692],[-98.83024,38.50678],[-98.83015,38.52165],[-98.81173,38.52161],[-98.81174,38.50701],[-98.82097,38.50692]]],[[[-99.19813,38.50838],[-99.27225,38.50897],[-99.27241,38.52374],[-99.19822,38.52305],[-99.19813,38.50838]]],[[[-97.66677,38.52188],[-97.66679,38.50728],[-97.64811,38.50742],[-97.64819,38.49301],[-97.6669,38.49281],[-97.66692,38.47829],[-97.68541,38.47815],[-97.68539,38.49261],[-97.72195,38.49264],[-97.72185,38.52188],[-97.66677,38.52188]]],[[[-98.4618,38.50725],[-98.48039,38.50728],[-98.48038,38.52182],[-98.46186,38.52184],[-98.46176,38.5363],[-98.4433,38.53636],[-98.44332,38.50718],[-98.4618,38.50725]]],[[[-98.71995,38.57247],[-98.71992,38.5652],[-98.70149,38.56518],[-98.70126,38.53616],[-98.64608,38.53646],[-98.6461,38.52198],[-98.62761,38.52189],[-98.62763,38.5074],[-98.60915,38.50723],[-98.60908,38.49272],[-98.6644,38.49238],[-98.66449,38.50749],[-98.69186,38.50687],[-98.71957,38.50733],[-98.7195,38.49256],[-98.73793,38.49255],[-98.73801,38.50706],[-98.75661,38.50722],[-98.75677,38.52172],[-98.71977,38.52184],[-98.7198,38.55066],[-98.73823,38.55071],[-98.73853,38.56525],[-98.7571,38.56521],[-98.75711,38.57971],[-98.72003,38.5797],[-98.71995,38.57247]]],[[[-98.36939,38.60146],[-98.36937,38.59424],[-98.3497,38.59426],[-98.34993,38.5652],[-98.29415,38.56551],[-98.29422,38.53651],[-98.27566,38.53617],[-98.27556,38.49304],[-98.29409,38.49293],[-98.29402,38.44942],[-98.31242,38.44944],[-98.31241,38.46386],[-98.34949,38.46373],[-98.34947,38.44923],[-98.38818,38.44921],[-98.38795,38.49274],[-98.40635,38.49261],[-98.40608,38.56549],[-98.42455,38.56551],[-98.4249,38.59442],[-98.40644,38.59435],[-98.40638,38.60877],[-98.36943,38.60874],[-98.36939,38.60146]]],[[[-100.13533,38.71172],[-100.13635,38.68262],[-100.08304,38.68218],[-100.08267,38.69668],[-100.09854,38.69681],[-100.09814,38.71127],[-100.07994,38.71101],[-100.08013,38.69666],[-100.04306,38.69627],[-100.04278,38.71084],[-100.02422,38.71082],[-100.02458,38.69629],[-99.97209,38.6963],[-99.96906,38.69631],[-99.9688,38.71085],[-99.95021,38.7109],[-99.9505,38.69635],[-99.91343,38.69637],[-99.91317,38.71093],[-99.87611,38.71098],[-99.8763,38.69647],[-99.86174,38.6965],[-99.86344,38.62491],[-99.88193,38.62479],[-99.88231,38.61027],[-99.90073,38.61014],[-99.90072,38.59553],[-99.93711,38.59532],[-99.93718,38.60976],[-100.01113,38.60895],[-100.01111,38.62347],[-100.08425,38.62438],[-100.08464,38.60976],[-100.23053,38.61031],[-100.22977,38.66839],[-100.22833,38.69786],[-100.15383,38.69732],[-100.15356,38.71193],[-100.13533,38.71172]]],[[[-100.13533,38.71172],[-100.13484,38.7262],[-100.11635,38.72606],[-100.11669,38.71155],[-100.13533,38.71172]]],[[[-101.92688,38.84325],[-101.9271,38.82868],[-101.94559,38.82857],[-101.94538,38.843],[-101.92688,38.84325]]],[[[-100.81068,38.11962],[-100.79225,38.11958],[-100.79215,38.10517],[-100.77387,38.10499],[-100.77392,38.06148],[-100.75578,38.06117],[-100.75575,38.04657],[-100.71903,38.04652],[-100.71894,38.06103],[-100.70068,38.0609],[-100.70082,38.04631],[-100.68229,38.04617],[-100.68249,38.03166],[-100.64608,38.03138],[-100.64614,38.06049],[-100.62789,38.06027],[-100.62798,38.07488],[-100.60967,38.07469],[-100.60948,38.08926],[-100.62766,38.08931],[-100.62746,38.10386],[-100.68259,38.10439],[-100.68274,38.11896],[-100.70091,38.11916],[-100.70103,38.14822],[-100.71934,38.14832],[-100.71965,38.19188],[-100.68284,38.1918],[-100.68311,38.20634],[-100.66459,38.20628],[-100.66471,38.22078],[-100.68329,38.22086],[-100.68311,38.20634],[-100.71967,38.20645],[-100.71965,38.19188],[-100.73788,38.19199],[-100.73779,38.17741],[-100.75634,38.17739],[-100.75605,38.14843],[-100.7924,38.14849],[-100.79235,38.13407],[-100.81078,38.13414],[-100.81068,38.11962],[-100.84707,38.11985],[-100.84727,38.13439],[-100.82886,38.13433],[-100.82891,38.14145],[-100.82907,38.16332],[-100.84747,38.16348],[-100.84761,38.19236],[-100.7924,38.19204],[-100.7924,38.2067],[-100.77429,38.20649],[-100.77437,38.22103],[-100.79249,38.22111],[-100.7924,38.2067],[-100.8476,38.20683],[-100.84758,38.22133],[-100.86605,38.22149],[-100.86624,38.26498],[-100.92063,38.26519],[-100.92041,38.19253],[-100.90197,38.19253],[-100.90191,38.17809],[-100.92031,38.17811],[-100.92029,38.16353],[-100.95695,38.16342],[-100.95679,38.14894],[-100.9385,38.14896],[-100.93854,38.13442],[-100.9019,38.13456],[-100.90177,38.10562],[-100.93838,38.10533],[-100.93844,38.09098],[-100.9567,38.0909],[-100.95685,38.11993],[-100.99293,38.11985],[-100.99283,38.10526],[-101.02958,38.10524],[-101.02975,38.11979],[-101.0481,38.11968],[-101.04829,38.14863],[-101.08495,38.14844],[-101.08507,38.13405],[-101.10286,38.13397],[-101.10269,38.10491],[-101.1393,38.10484],[-101.13932,38.09034],[-101.15763,38.0903],[-101.15773,38.07579],[-101.1943,38.07572],[-101.19457,38.01739],[-101.231,38.01708],[-101.23095,38.03166],[-101.28593,38.03158],[-101.28589,38.04624],[-101.30431,38.04626],[-101.30429,38.03155],[-101.3588,38.03154],[-101.35882,38.00235],[-101.37711,38.00239],[-101.37713,38.03153],[-101.41371,38.03159],[-101.41373,38.04606],[-101.45008,38.04608],[-101.45014,38.03149],[-101.46816,38.03146],[-101.46817,38.01698],[-101.43179,38.01708],[-101.43181,38.00254],[-101.41383,38.00247],[-101.41358,37.95879],[-101.39543,37.95865],[-101.39539,37.97327],[-101.3042,37.97323],[-101.30429,37.92974],[-101.32222,37.92963],[-101.32218,37.91512],[-101.3403,37.91503],[-101.34071,37.88603],[-101.35901,37.88591],[-101.35931,37.82816],[-101.36405,37.82819],[-101.36384,37.80902],[-101.38196,37.8091],[-101.38229,37.76541],[-101.36395,37.76523],[-101.364,37.75072],[-101.38237,37.75075],[-101.38217,37.73621],[-101.40055,37.73612],[-101.4005,37.72177],[-101.43607,37.72188],[-101.43586,37.70721],[-101.45435,37.70727],[-101.45422,37.69275],[-101.50894,37.69285],[-101.50901,37.67831],[-101.54475,37.67838],[-101.54495,37.69276],[-101.59949,37.69319],[-101.59979,37.70768],[-101.65375,37.70793],[-101.6539,37.72246],[-101.67199,37.72246],[-101.67188,37.7079],[-101.68998,37.70796],[-101.69,37.66445],[-101.72666,37.66449],[-101.72669,37.67887],[-101.74353,37.67902],[-101.74348,37.64991],[-101.72646,37.64991],[-101.72653,37.62075],[-101.76177,37.62107],[-101.76163,37.66465],[-101.77986,37.66492],[-101.77981,37.67953],[-101.76151,37.67918],[-101.76137,37.70804],[-101.74353,37.708],[-101.7433,37.73698],[-101.79771,37.7376],[-101.79796,37.76665],[-101.81625,37.76682],[-101.81641,37.78128],[-101.79795,37.781],[-101.79756,37.81019],[-101.81617,37.81037],[-101.81641,37.78128],[-101.87008,37.78176],[-101.87022,37.79628],[-101.8885,37.79635],[-101.88855,37.75274],[-101.92518,37.75291],[-101.92515,37.73833],[-101.90685,37.73827],[-101.90706,37.70917],[-101.88882,37.70916],[-101.8889,37.69463],[-101.87106,37.69469],[-101.87098,37.68033],[-101.88891,37.68017],[-101.88892,37.65112],[-101.85251,37.65101],[-101.85254,37.63649],[-101.83457,37.6363],[-101.83456,37.62155],[-101.81616,37.62155],[-101.81606,37.57779],[-101.83447,37.57792],[-101.83434,37.59244],[-101.85353,37.59284],[-101.8702,37.59285],[-101.87019,37.5781],[-101.85244,37.57801],[-101.85253,37.56349],[-101.83441,37.56329],[-101.83425,37.54876],[-101.81632,37.54879],[-101.81634,37.53419],[-101.7982,37.53419],[-101.79824,37.51971],[-101.78013,37.51946],[-101.78013,37.50492],[-101.6715,37.50464],[-101.67155,37.47562],[-101.72621,37.47571],[-101.72615,37.46119],[-101.63511,37.46107],[-101.63506,37.44653],[-101.61713,37.44657],[-101.61706,37.43204],[-101.59885,37.43208],[-101.59873,37.41765],[-101.56228,37.41755],[-101.56232,37.38848],[-101.55679,37.38844],[-101.55627,37.34482],[-101.5381,37.34473],[-101.53817,37.33006],[-101.55631,37.33009],[-101.55629,37.3156],[-101.61026,37.31591],[-101.61025,37.30136],[-101.57443,37.3011],[-101.57449,37.25767],[-101.59253,37.25778],[-101.59288,37.24312],[-101.66481,37.24358],[-101.6646,37.25788],[-101.6829,37.25785],[-101.68249,37.27247],[-101.70077,37.27245],[-101.70068,37.25788],[-101.73696,37.25797],[-101.73701,37.27261],[-101.79193,37.27245],[-101.79183,37.2435],[-101.81001,37.24357],[-101.8099,37.22878],[-101.84574,37.22886],[-101.84584,37.21438],[-101.86382,37.21442],[-101.86399,37.22893],[-101.90028,37.22903],[-101.90029,37.24357],[-101.95437,37.24344],[-101.95433,37.22881],[-101.99053,37.22888],[-101.99012,37.1997],[-101.97216,37.19982],[-101.9721,37.18517],[-101.93593,37.18517],[-101.93581,37.17059],[-101.88177,37.17077],[-101.88173,37.15605],[-101.86312,37.15621],[-101.8635,37.1271],[-101.89985,37.12687],[-101.89983,37.09753],[-101.88172,37.09779],[-101.88175,37.11242],[-101.86368,37.11224],[-101.86351,37.08309],[-101.84538,37.0831],[-101.84523,37.06866],[-101.86345,37.06864],[-101.86318,37.0396],[-101.88128,37.03961],[-101.88126,37.02511],[-101.82693,37.02514],[-101.82685,37.01066],[-101.80879,37.01063],[-101.80868,36.9941],[-101.82678,36.99402],[-101.82679,36.99618],[-101.91707,36.99588],[-101.91719,37.01053],[-101.93533,37.01053],[-101.9355,37.03966],[-101.97159,37.0395],[-101.9716,37.02496],[-101.98973,37.02488],[-101.98945,36.99322],[-102.02589,36.99311],[-102.02596,37.02488],[-102.00788,37.02491],[-102.00787,37.05389],[-101.98989,37.05381],[-101.98981,37.0829],[-101.97171,37.08287],[-101.9718,37.09748],[-101.95374,37.0975],[-101.95368,37.11193],[-101.9717,37.11192],[-101.9718,37.09748],[-101.98985,37.09763],[-101.9899,37.11212],[-102.00046,37.11232],[-102.02593,37.11211],[-102.02583,37.09758],[-102.04205,37.09757],[-102.04188,37.44784],[-102.01721,37.44769],[-102.01709,37.4623],[-101.98052,37.46217],[-101.98036,37.50578],[-101.99869,37.50589],[-101.99855,37.52047],[-101.98019,37.52048],[-101.98012,37.53495],[-102.03502,37.53513],[-102.03462,37.59336],[-102.04186,37.59328],[-102.04174,37.69482],[-102.0429,37.7965],[-101.99784,37.79664],[-101.99772,37.82687],[-101.99955,37.82688],[-101.99965,37.85584],[-101.98133,37.85583],[-101.98138,37.87047],[-101.94482,37.87048],[-101.94479,37.88502],[-101.85346,37.88496],[-101.85336,37.8705],[-101.83505,37.87046],[-101.83504,37.85594],[-101.79846,37.856],[-101.79832,37.84155],[-101.76177,37.84151],[-101.76176,37.82702],[-101.74261,37.82704],[-101.74306,37.78081],[-101.72696,37.78066],[-101.7269,37.79514],[-101.65362,37.79519],[-101.65368,37.7806],[-101.61844,37.78051],[-101.61853,37.76604],[-101.6001,37.76589],[-101.60032,37.75123],[-101.52717,37.7508],[-101.52724,37.76545],[-101.49131,37.76542],[-101.49138,37.78001],[-101.45462,37.77996],[-101.45457,37.79453],[-101.43615,37.79465],[-101.43612,37.80924],[-101.40027,37.80905],[-101.40046,37.82829],[-101.39579,37.8283],[-101.39552,37.87174],[-101.37728,37.87187],[-101.37732,37.88586],[-101.39546,37.88566],[-101.39531,37.90037],[-101.46847,37.90052],[-101.46844,37.91505],[-101.45015,37.91506],[-101.45002,37.94402],[-101.50507,37.94396],[-101.50527,37.95845],[-101.52333,37.95855],[-101.52324,37.98766],[-101.54135,37.98758],[-101.54119,38.06052],[-101.52326,38.06052],[-101.52327,38.07506],[-101.48661,38.07518],[-101.48672,38.10421],[-101.46842,38.10428],[-101.46855,38.14762],[-101.45015,38.14756],[-101.45026,38.16219],[-101.41394,38.16213],[-101.41409,38.17675],[-101.32234,38.177],[-101.32232,38.16253],[-101.2493,38.16259],[-101.24923,38.148],[-101.21248,38.14812],[-101.21276,38.16272],[-101.17639,38.16281],[-101.17669,38.19183],[-101.15827,38.19189],[-101.15838,38.2064],[-101.10327,38.20642],[-101.1032,38.22092],[-101.12162,38.2208],[-101.12163,38.2645],[-101.14382,38.26448],[-101.14431,38.29351],[-101.16258,38.29344],[-101.1627,38.30791],[-101.18085,38.30786],[-101.18131,38.32234],[-101.19973,38.32228],[-101.20051,38.35134],[-101.21901,38.35129],[-101.21837,38.33692],[-101.32882,38.33642],[-101.3286,38.32183],[-101.38373,38.32173],[-101.38348,38.30735],[-101.40208,38.30721],[-101.40188,38.29272],[-101.4203,38.29266],[-101.41993,38.26366],[-101.43262,38.26363],[-101.43232,38.23473],[-101.45084,38.23467],[-101.45077,38.2202],[-101.46902,38.22011],[-101.469,38.20571],[-101.52411,38.20527],[-101.52427,38.21987],[-101.50586,38.22006],[-101.50613,38.26341],[-101.51214,38.26343],[-101.51207,38.27789],[-101.49365,38.27793],[-101.49355,38.29242],[-101.47527,38.29259],[-101.47525,38.32149],[-101.45697,38.32144],[-101.4571,38.36495],[-101.43959,38.36515],[-101.44014,38.39415],[-101.54922,38.39373],[-101.54915,38.37913],[-101.58577,38.37897],[-101.58565,38.36452],[-101.60409,38.36442],[-101.60413,38.34987],[-101.58558,38.34999],[-101.5858,38.3065],[-101.6042,38.30639],[-101.6041,38.27754],[-101.62272,38.27744],[-101.62274,38.26288],[-101.63389,38.26287],[-101.63437,38.2194],[-101.65232,38.21913],[-101.65221,38.20463],[-101.63467,38.20495],[-101.63437,38.2194],[-101.59747,38.21981],[-101.59739,38.19083],[-101.57915,38.19086],[-101.57875,38.17599],[-101.59718,38.17592],[-101.59682,38.16151],[-101.65193,38.16106],[-101.68876,38.16103],[-101.68885,38.17555],[-101.72568,38.17546],[-101.72595,38.2044],[-101.74454,38.20442],[-101.74464,38.26255],[-101.73326,38.26263],[-101.7331,38.29149],[-101.7148,38.29152],[-101.71481,38.30594],[-101.67804,38.30629],[-101.65944,38.30633],[-101.65934,38.2918],[-101.64106,38.29194],[-101.64089,38.33532],[-101.65927,38.33537],[-101.65929,38.39336],[-101.73356,38.39312],[-101.73369,38.40769],[-101.75194,38.4077],[-101.75209,38.4367],[-101.77054,38.43666],[-101.77057,38.46578],[-101.84565,38.46573],[-101.84565,38.48006],[-101.86418,38.47998],[-101.86419,38.4945],[-101.88261,38.49449],[-101.88262,38.48012],[-101.91915,38.48013],[-101.91897,38.4656],[-101.95595,38.4655],[-101.99292,38.46546],[-101.99296,38.48003],[-102.02951,38.47993],[-102.02986,38.49441],[-102.0451,38.49428],[-102.04523,38.69785],[-102.02139,38.69784],[-102.02139,38.71241],[-102.0452,38.71214],[-102.04544,38.79921],[-101.96442,38.79949],[-101.96427,38.81397],[-101.92728,38.81415],[-101.92751,38.79977],[-101.89042,38.79976],[-101.89064,38.78525],[-101.85359,38.78525],[-101.85333,38.81436],[-101.89021,38.81425],[-101.88944,38.87217],[-101.79707,38.87221],[-101.79762,38.84341],[-101.77894,38.84356],[-101.77869,38.85804],[-101.76019,38.85829],[-101.76009,38.87264],[-101.72283,38.87269],[-101.72293,38.85831],[-101.70415,38.85829],[-101.70464,38.84389],[-101.66701,38.84411],[-101.66739,38.82964],[-101.63078,38.82968],[-101.63072,38.84441],[-101.61178,38.84442],[-101.6115,38.85891],[-101.57466,38.85916],[-101.57484,38.84472],[-101.5193,38.84507],[-101.51946,38.83051],[-101.50107,38.83062],[-101.50084,38.81618],[-101.46397,38.81623],[-101.46414,38.80194],[-101.48257,38.8017],[-101.48305,38.77264],[-101.40888,38.77301],[-101.40954,38.74411],[-101.39092,38.74433],[-101.39115,38.72987],[-101.33605,38.73068],[-101.33605,38.71594],[-101.31766,38.7159],[-101.31725,38.74513],[-101.29877,38.74495],[-101.29839,38.75949],[-101.27994,38.75952],[-101.28008,38.77399],[-101.26146,38.77406],[-101.26163,38.75955],[-101.18739,38.75912],[-101.18728,38.74471],[-101.13196,38.74422],[-101.13226,38.71525],[-101.1136,38.71499],[-101.11361,38.72952],[-101.09546,38.72927],[-101.09546,38.70039],[-101.003,38.69953],[-101.00287,38.71397],[-100.98451,38.71379],[-100.98434,38.7283],[-100.96573,38.72814],[-100.96609,38.69913],[-100.94482,38.69894],[-100.94449,38.67028],[-100.92626,38.67032],[-100.92603,38.61283],[-100.94453,38.61272],[-100.94452,38.54027],[-100.96305,38.54026],[-100.9626,38.51128],[-100.94414,38.51126],[-100.94408,38.49677],[-100.92556,38.49677],[-100.92471,38.40989],[-100.94332,38.40977],[-100.94309,38.39528],[-100.96158,38.39524],[-100.96086,38.33715],[-100.92402,38.3373],[-100.92372,38.30832],[-100.90519,38.30861],[-100.90504,38.29416],[-100.88665,38.29409],[-100.88728,38.33756],[-100.86891,38.33756],[-100.86921,38.38125],[-100.85094,38.38111],[-100.85137,38.43904],[-100.86986,38.43906],[-100.87025,38.48265],[-100.88882,38.48251],[-100.88875,38.52601],[-100.87034,38.52612],[-100.87076,38.59876],[-100.88936,38.59858],[-100.88994,38.65652],[-100.9078,38.65613],[-100.90797,38.69901],[-100.89209,38.69916],[-100.89231,38.71361],[-100.81877,38.71442],[-100.81883,38.69976],[-100.8164,38.69975],[-100.81619,38.68563],[-100.70633,38.68596],[-100.70625,38.67151],[-100.66974,38.67136],[-100.66978,38.65683],[-100.63257,38.65671],[-100.63274,38.67142],[-100.6267,38.67141],[-100.59566,38.67115],[-100.5955,38.65659],[-100.46829,38.65584],[-100.46867,38.62686],[-100.45097,38.62645],[-100.45063,38.65553],[-100.39528,38.65509],[-100.39553,38.64048],[-100.37701,38.64034],[-100.37678,38.65496],[-100.37542,38.65495],[-100.35839,38.65469],[-100.3585,38.64021],[-100.34116,38.6401],[-100.34107,38.62547],[-100.28551,38.62491],[-100.28539,38.61052],[-100.32257,38.61086],[-100.32164,38.58181],[-100.28468,38.58158],[-100.28459,38.56727],[-100.26624,38.56698],[-100.26601,38.53802],[-100.22949,38.53778],[-100.22928,38.52325],[-100.28446,38.52356],[-100.28364,38.49481],[-100.15557,38.49422],[-100.15512,38.47955],[-100.19228,38.47966],[-100.19204,38.4652],[-100.2101,38.46534],[-100.20992,38.4507],[-100.25564,38.45071],[-100.26509,38.45093],[-100.2653,38.46552],[-100.33899,38.46626],[-100.33903,38.4806],[-100.35696,38.48093],[-100.35687,38.4664],[-100.39374,38.46688],[-100.39349,38.45233],[-100.3751,38.45207],[-100.37494,38.4376],[-100.39314,38.43783],[-100.39292,38.42314],[-100.42969,38.42358],[-100.42933,38.40899],[-100.4477,38.40913],[-100.44756,38.3946],[-100.53924,38.39466],[-100.53936,38.38014],[-100.55733,38.38015],[-100.55726,38.36547],[-100.64904,38.36593],[-100.6489,38.35123],[-100.63056,38.35109],[-100.62986,38.27847],[-100.6665,38.27851],[-100.66669,38.29307],[-100.68466,38.29331],[-100.6847,38.26418],[-100.68355,38.26419],[-100.68357,38.23559],[-100.66476,38.23544],[-100.66493,38.24983],[-100.62872,38.24968],[-100.62854,38.23513],[-100.61044,38.23484],[-100.60912,38.14714],[-100.62772,38.14741],[-100.62751,38.11847],[-100.60932,38.11827],[-100.60927,38.1038],[-100.59106,38.1037],[-100.59134,38.07475],[-100.57292,38.07451],[-100.57313,38.05987],[-100.55465,38.05977],[-100.55474,38.04527],[-100.42724,38.04424],[-100.42731,38.05894],[-100.40872,38.05898],[-100.40898,38.04431],[-100.26272,38.04468],[-100.26291,38.03029],[-100.2812,38.03012],[-100.28137,38.01567],[-100.29979,38.01567],[-100.29981,38.0012],[-100.33618,38.00121],[-100.33615,38.01568],[-100.35444,38.01569],[-100.46367,38.0154],[-100.4638,38.00083],[-100.48207,38.00102],[-100.48193,38.01557],[-100.53674,38.01614],[-100.5367,38.03069],[-100.5548,38.03083],[-100.55488,38.01621],[-100.57322,38.01634],[-100.57318,37.98737],[-100.60968,37.98762],[-100.60978,38.0165],[-100.628,38.01662],[-100.62791,38.00222],[-100.64632,38.00238],[-100.64635,37.98783],[-100.71942,37.98845],[-100.71916,38.01747],[-100.75568,38.0176],[-100.75568,38.00339],[-100.77419,38.00359],[-100.77422,38.01813],[-100.81088,38.01834],[-100.81076,38.06181],[-100.84748,38.06187],[-100.84717,38.09088],[-100.8289,38.09086],[-100.82874,38.10536],[-100.81052,38.10528],[-100.81068,38.11962]]],[[[-100.78642,38.3521],[-100.79543,38.35208],[-100.7951,38.33749],[-100.77715,38.33745],[-100.77727,38.35212],[-100.78642,38.3521]]],[[[-100.7228,38.44645],[-100.7231,38.46823],[-100.74135,38.46834],[-100.74158,38.48322],[-100.7782,38.48299],[-100.77778,38.45377],[-100.75949,38.45378],[-100.75936,38.43918],[-100.72269,38.43915],[-100.7228,38.44645]]],[[[-100.43005,38.45274],[-100.41179,38.45259],[-100.41207,38.46723],[-100.44876,38.46746],[-100.44852,38.45291],[-100.43005,38.45274]]],[[[-100.68671,38.5116],[-100.68676,38.52616],[-100.70512,38.52622],[-100.70518,38.5407],[-100.72364,38.54081],[-100.72374,38.55536],[-100.7417,38.55521],[-100.74206,38.56984],[-100.76057,38.56971],[-100.76086,38.61373],[-100.7971,38.61373],[-100.79699,38.59921],[-100.77915,38.59916],[-100.77867,38.51196],[-100.72342,38.51173],[-100.72337,38.49724],[-100.68669,38.49695],[-100.68671,38.5116]]],[[[-100.99862,38.40119],[-100.99908,38.43892],[-101.01721,38.43901],[-101.01692,38.4098],[-101.03564,38.40979],[-101.0357,38.39536],[-100.99861,38.39556],[-100.99862,38.40119]]],[[[-101.60416,38.42238],[-101.60421,38.48065],[-101.58554,38.48062],[-101.58557,38.49516],[-101.55009,38.49539],[-101.55008,38.50983],[-101.6042,38.50961],[-101.6042,38.49509],[-101.62257,38.49495],[-101.62263,38.48031],[-101.64103,38.48034],[-101.64099,38.42232],[-101.60416,38.42238]]],[[[-101.69704,38.5237],[-101.69711,38.53826],[-101.71545,38.53831],[-101.71556,38.58181],[-101.73383,38.58184],[-101.7339,38.56731],[-101.75245,38.56725],[-101.75249,38.52383],[-101.69704,38.5237]]],[[[-101.59495,38.56775],[-101.58565,38.56781],[-101.58567,38.58237],[-101.60409,38.5822],[-101.60403,38.59672],[-101.62262,38.5967],[-101.62256,38.56761],[-101.59495,38.56775]]],[[[-101.51346,38.59003],[-101.51347,38.5827],[-101.49492,38.58283],[-101.49506,38.59735],[-101.51346,38.59729],[-101.51346,38.59003]]],[[[-101.84647,38.66903],[-101.84659,38.68356],[-101.82809,38.68348],[-101.82804,38.698],[-101.83622,38.69795],[-101.836,38.71245],[-101.85464,38.7124],[-101.85481,38.69792],[-101.88366,38.69792],[-101.88364,38.68359],[-101.90159,38.68362],[-101.90161,38.66907],[-101.84647,38.66903]]],[[[-101.7522,38.69833],[-101.75218,38.68371],[-101.71543,38.68367],[-101.71539,38.69864],[-101.72558,38.69857],[-101.7254,38.71309],[-101.74394,38.71293],[-101.74236,38.80009],[-101.72376,38.80024],[-101.72335,38.82928],[-101.74192,38.82918],[-101.74208,38.81458],[-101.76069,38.81456],[-101.76097,38.80005],[-101.79802,38.79986],[-101.79857,38.77079],[-101.8166,38.77067],[-101.81736,38.72698],[-101.79951,38.7272],[-101.79954,38.71257],[-101.76241,38.71282],[-101.76265,38.69826],[-101.7522,38.69833]]],[[[-101.85388,38.7561],[-101.87255,38.7561],[-101.87265,38.74139],[-101.83557,38.74148],[-101.83531,38.75602],[-101.85388,38.7561]]],[[[-101.62474,38.75721],[-101.61312,38.75731],[-101.61292,38.77186],[-101.65001,38.77173],[-101.64974,38.78619],[-101.66836,38.7861],[-101.66806,38.80056],[-101.70523,38.80033],[-101.70551,38.78584],[-101.68681,38.78596],[-101.68718,38.77143],[-101.66859,38.77158],[-101.66879,38.7571],[-101.62474,38.75721]]],[[[-101.58565,38.69953],[-101.57718,38.69964],[-101.57674,38.71413],[-101.59543,38.71393],[-101.59561,38.69943],[-101.58565,38.69953]]],[[[-101.34043,38.08217],[-101.34035,38.07524],[-101.3041,38.07557],[-101.3042,38.06093],[-101.24905,38.06084],[-101.24894,38.09011],[-101.34046,38.09009],[-101.34043,38.08217]]],[[[-101.86243,37.82693],[-101.87009,37.82693],[-101.87014,37.81081],[-101.8518,37.81042],[-101.85171,37.82695],[-101.86243,37.82693]]],[[[-101.97972,37.72392],[-101.96142,37.72392],[-101.96142,37.73851],[-101.97969,37.73834],[-101.97979,37.75293],[-101.99803,37.753],[-101.99794,37.76746],[-102.03469,37.76734],[-102.03461,37.75283],[-102.01639,37.75295],[-102.01656,37.72399],[-101.97972,37.72392]]],[[[-101.90689,37.60747],[-101.88871,37.60744],[-101.8888,37.622],[-101.90701,37.62203],[-101.90689,37.60747]]],[[[-101.99906,37.41829],[-101.98073,37.41833],[-101.98063,37.44761],[-101.99898,37.44763],[-101.99906,37.41829]]],[[[-101.79877,37.43239],[-101.79847,37.41807],[-101.78076,37.41791],[-101.78075,37.43237],[-101.79877,37.43239]]],[[[-101.8048,37.33069],[-101.79172,37.33074],[-101.79176,37.34517],[-101.81005,37.3452],[-101.81009,37.33071],[-101.8048,37.33069]]],[[[-101.71759,37.69338],[-101.70849,37.69336],[-101.7084,37.7079],[-101.72679,37.70793],[-101.7267,37.69341],[-101.71759,37.69338]]],[[[-100.02079,38.92103],[-100.0208,38.91373],[-100.03935,38.91405],[-100.03904,38.92853],[-100.0576,38.9286],[-100.05741,38.94313],[-100.0207,38.94278],[-100.02079,38.92103]]],[[[-101.90696,38.95921],[-101.88829,38.95925],[-101.88883,38.94467],[-101.90715,38.94467],[-101.90696,38.95921]]],[[[-100.39018,38.98876],[-100.37157,38.9889],[-100.37177,38.97444],[-100.39028,38.97425],[-100.39018,38.98876]]],[[[-101.90696,38.95921],[-101.98102,38.95926],[-101.98132,38.94465],[-101.96275,38.94467],[-101.96292,38.93],[-101.90732,38.93017],[-101.9075,38.91569],[-101.92584,38.9157],[-101.92617,38.90122],[-101.9076,38.90122],[-101.90782,38.8866],[-101.88926,38.88684],[-101.88938,38.87502],[-101.88944,38.87217],[-101.90809,38.8722],[-101.90848,38.84315],[-101.92688,38.84325],[-101.92642,38.87224],[-101.94509,38.8723],[-101.94506,38.90123],[-101.96326,38.90111],[-101.96311,38.91565],[-102.00009,38.91548],[-102.00028,38.88655],[-102.03759,38.88629],[-102.03725,38.91537],[-102.04586,38.91465],[-102.04602,38.9587],[-102.03671,38.95873],[-102.03657,38.97325],[-101.98079,38.9736],[-101.98048,38.98817],[-101.94345,38.98821],[-101.94368,38.97374],[-101.90688,38.97373],[-101.90696,38.95921]]],[[[-101.5169,39.00002],[-101.51705,38.99029],[-101.57292,38.98989],[-101.57261,39.00433],[-101.51685,39.00473],[-101.5169,39.00002]]],[[[-101.59073,39.0133],[-101.59084,39.00419],[-101.60915,39.00406],[-101.60891,39.01856],[-101.59067,39.01873],[-101.59073,39.0133]]],[[[-99.62954,39.10252],[-99.6299,39.08814],[-99.66707,39.08842],[-99.66677,39.10275],[-99.62954,39.10252]]],[[[-99.27936,39.17619],[-99.28891,39.17616],[-99.28892,39.19074],[-99.2701,39.19082],[-99.26994,39.1763],[-99.27936,39.17619]]],[[[-99.40063,39.19114],[-99.41928,39.19104],[-99.41939,39.20561],[-99.40078,39.20572],[-99.40063,39.19114]]],[[[-101.85708,39.20572],[-101.83846,39.20568],[-101.83865,39.19125],[-101.85725,39.19118],[-101.85708,39.20572]]],[[[-99.36372,39.23455],[-99.3634,39.20551],[-99.38206,39.20567],[-99.38209,39.22015],[-99.40078,39.22004],[-99.4005,39.24915],[-99.36374,39.24913],[-99.36372,39.23455]]],[[[-100.87017,39.24201],[-100.87007,39.2348],[-100.77778,39.23467],[-100.77731,39.20569],[-100.75877,39.20571],[-100.75854,39.1912],[-100.79605,39.19121],[-100.79604,39.1768],[-100.81466,39.17686],[-100.81455,39.1623],[-100.92603,39.1621],[-100.92611,39.22026],[-100.94397,39.22019],[-100.94376,39.23472],[-100.92592,39.23479],[-100.926,39.24925],[-100.87029,39.24917],[-100.87017,39.24201]]],[[[-99.53103,39.25002],[-99.53108,39.24909],[-99.51238,39.24871],[-99.51243,39.23442],[-99.49366,39.23414],[-99.49376,39.21962],[-99.47516,39.21977],[-99.47511,39.2125],[-99.47514,39.20519],[-99.49365,39.20504],[-99.49364,39.19049],[-99.53102,39.19056],[-99.53097,39.17613],[-99.54943,39.17618],[-99.54967,39.20524],[-99.56822,39.20526],[-99.56823,39.19081],[-99.58707,39.19075],[-99.58696,39.2052],[-99.60531,39.2056],[-99.60544,39.22004],[-99.64257,39.21987],[-99.64253,39.24905],[-99.58699,39.24919],[-99.58698,39.26392],[-99.53098,39.26368],[-99.53103,39.25002]]],[[[-101.85664,39.23481],[-101.85708,39.20572],[-101.87566,39.20572],[-101.87546,39.23475],[-101.85664,39.23481]]],[[[-99.21441,39.27771],[-99.21449,39.26321],[-99.17718,39.26334],[-99.17727,39.24895],[-99.21454,39.24876],[-99.21458,39.23424],[-99.23334,39.23418],[-99.23319,39.21973],[-99.25177,39.21975],[-99.25157,39.20523],[-99.32632,39.20527],[-99.32618,39.24909],[-99.30755,39.24904],[-99.30752,39.26357],[-99.27013,39.26315],[-99.27019,39.24868],[-99.25219,39.24881],[-99.25213,39.26324],[-99.23337,39.26328],[-99.23297,39.27783],[-99.21441,39.27771]]],[[[-99.64239,39.28535],[-99.64239,39.2781],[-99.66126,39.27814],[-99.66101,39.29253],[-99.64236,39.29261],[-99.64239,39.28535]]],[[[-101.85664,39.23481],[-101.85647,39.26378],[-101.81955,39.26385],[-101.81956,39.23491],[-101.85664,39.23481]]],[[[-99.7911,39.3068],[-99.75366,39.30674],[-99.75361,39.29227],[-99.79091,39.2923],[-99.7911,39.3068]]],[[[-100.38631,39.30666],[-100.3863,39.2923],[-100.36808,39.29212],[-100.36822,39.27777],[-100.40494,39.2781],[-100.40486,39.30683],[-100.38631,39.30666]]],[[[-100.55361,39.3069],[-100.53497,39.3068],[-100.53515,39.29231],[-100.5537,39.29239],[-100.55361,39.3069]]],[[[-101.6891,39.28968],[-101.68913,39.27896],[-101.70771,39.27885],[-101.70768,39.29337],[-101.68908,39.29341],[-101.6891,39.28968]]],[[[-101.9489,39.30375],[-101.94903,39.29289],[-101.98637,39.29284],[-101.98627,39.30738],[-101.94889,39.30737],[-101.9489,39.30375]]],[[[-100.92637,39.35084],[-100.92668,39.32169],[-100.88923,39.32172],[-100.88918,39.29269],[-100.90788,39.29268],[-100.90787,39.26367],[-100.92605,39.26381],[-100.92615,39.27826],[-100.96225,39.27813],[-100.96224,39.29262],[-101.03703,39.29251],[-101.03678,39.33614],[-101.01809,39.33609],[-101.01794,39.35048],[-100.92637,39.35084]]],[[[-100.47922,39.37191],[-100.47932,39.36481],[-100.5162,39.3649],[-100.516,39.37953],[-100.53466,39.37956],[-100.53453,39.39394],[-100.47905,39.39384],[-100.47922,39.37191]]],[[[-101.12973,39.4238],[-101.1109,39.42366],[-101.11102,39.40918],[-101.12974,39.40932],[-101.12973,39.395],[-101.14845,39.39505],[-101.14843,39.42412],[-101.12973,39.4238]]],[[[-99.9756,39.4147],[-99.97568,39.393],[-99.99436,39.39299],[-99.99458,39.37839],[-100.03173,39.37848],[-100.03192,39.36378],[-100.05065,39.36374],[-100.05074,39.39291],[-100.06936,39.3929],[-100.06923,39.40729],[-100.05065,39.4073],[-100.05053,39.45088],[-100.03126,39.45084],[-100.03133,39.43625],[-100.01263,39.43629],[-100.01267,39.42186],[-99.97556,39.422],[-99.9756,39.4147]]],[[[-100.12565,39.3205],[-100.14415,39.32058],[-100.14447,39.30618],[-100.12581,39.30615],[-100.12565,39.3205],[-100.10691,39.32051],[-100.10758,39.24804],[-100.12628,39.24816],[-100.12625,39.26258],[-100.14504,39.26256],[-100.14504,39.2481],[-100.16357,39.24806],[-100.16396,39.18996],[-100.14528,39.18996],[-100.1451,39.21894],[-100.07047,39.21892],[-100.06993,39.29142],[-100.05133,39.29141],[-100.05136,39.27695],[-100.03328,39.27696],[-100.03336,39.26253],[-99.97753,39.2624],[-99.97745,39.27689],[-99.95879,39.27693],[-99.9588,39.29141],[-99.94017,39.29137],[-99.94005,39.3058],[-99.92194,39.30597],[-99.92193,39.27699],[-99.94019,39.27688],[-99.94028,39.26245],[-99.90328,39.26261],[-99.90321,39.27713],[-99.86587,39.27724],[-99.86607,39.24826],[-99.88465,39.2482],[-99.88479,39.23364],[-99.81045,39.23395],[-99.81036,39.24853],[-99.75405,39.24856],[-99.75353,39.2778],[-99.7164,39.27786],[-99.71643,39.29239],[-99.69857,39.29246],[-99.69866,39.27794],[-99.67976,39.27793],[-99.67993,39.26338],[-99.66147,39.2635],[-99.66122,39.23438],[-99.71656,39.23417],[-99.71664,39.21959],[-99.7356,39.21948],[-99.73555,39.20491],[-99.77315,39.20493],[-99.77305,39.19046],[-99.79204,39.1905],[-99.79185,39.16141],[-99.88455,39.16113],[-99.88455,39.14663],[-99.94052,39.14655],[-99.94045,39.13207],[-99.95914,39.1321],[-99.95917,39.14652],[-99.97776,39.14643],[-99.97772,39.13201],[-99.99907,39.13203],[-99.99928,39.11735],[-100.01801,39.11741],[-100.01767,39.13199],[-100.01496,39.13198],[-100.01493,39.14633],[-100.12669,39.14625],[-100.12656,39.16073],[-100.16429,39.16096],[-100.1642,39.17542],[-100.20138,39.17564],[-100.20141,39.16121],[-100.22009,39.16122],[-100.22016,39.14673],[-100.23871,39.14697],[-100.2387,39.16137],[-100.2754,39.16152],[-100.2754,39.17594],[-100.31264,39.17611],[-100.31259,39.16181],[-100.29389,39.1618],[-100.29396,39.14742],[-100.25716,39.14722],[-100.25705,39.13266],[-100.22159,39.13241],[-100.22275,39.10355],[-100.18542,39.10339],[-100.18533,39.11772],[-100.11063,39.11758],[-100.11055,39.10315],[-100.12984,39.10338],[-100.13021,39.07437],[-100.11068,39.07412],[-100.11055,39.10315],[-100.09196,39.10296],[-100.09197,39.08867],[-100.07311,39.08857],[-100.07326,39.07406],[-99.98196,39.07378],[-99.98167,39.08835],[-99.92582,39.08811],[-99.92644,39.05921],[-99.88928,39.05945],[-99.88901,39.07381],[-99.87044,39.0738],[-99.87021,39.08828],[-99.85172,39.08811],[-99.85209,39.07369],[-99.81519,39.07361],[-99.81546,39.05912],[-99.79734,39.05915],[-99.7969,39.07372],[-99.81519,39.07361],[-99.8148,39.08805],[-99.77774,39.08837],[-99.77809,39.07392],[-99.75974,39.07391],[-99.70398,39.07418],[-99.70362,39.08869],[-99.68573,39.08854],[-99.68627,39.05951],[-99.66747,39.05943],[-99.66721,39.07384],[-99.61149,39.07342],[-99.61122,39.08787],[-99.59264,39.08774],[-99.59288,39.07333],[-99.55637,39.07353],[-99.55777,39.00103],[-99.57614,39.00092],[-99.57636,38.98633],[-99.59425,38.98635],[-99.59406,39.00087],[-99.61268,39.00076],[-99.61268,38.98627],[-99.63127,38.9864],[-99.63138,39.00082],[-99.64982,39.00096],[-99.64989,38.98658],[-99.66866,38.98668],[-99.66842,39.00117],[-99.68696,39.00136],[-99.68719,38.98686],[-99.70548,38.98715],[-99.70581,38.97257],[-99.72375,38.97126],[-99.72456,38.95795],[-99.74312,38.95793],[-99.74303,38.94318],[-99.7987,38.94312],[-99.79869,38.95764],[-99.81692,38.95756],[-99.81672,38.97203],[-99.83526,38.97205],[-99.83518,38.94296],[-99.8542,38.94289],[-99.85428,38.92843],[-99.83537,38.92849],[-99.83518,38.94296],[-99.81706,38.94306],[-99.81739,38.91404],[-99.79877,38.91414],[-99.79906,38.89966],[-99.76169,38.89941],[-99.76179,38.88519],[-99.72477,38.88551],[-99.72479,38.87094],[-99.74337,38.87092],[-99.74398,38.85627],[-99.76246,38.8563],[-99.76196,38.8708],[-99.8179,38.87053],[-99.81764,38.88503],[-99.83611,38.88499],[-99.83635,38.87046],[-99.85483,38.87043],[-99.85436,38.88507],[-99.9103,38.88497],[-99.91013,38.89939],[-99.92836,38.89946],[-99.92817,38.91399],[-99.96506,38.91394],[-99.96481,38.97226],[-99.98345,38.9722],[-99.98331,38.98672],[-100.07477,38.98705],[-100.07531,38.97255],[-100.09385,38.97269],[-100.09474,38.92911],[-100.15078,38.92937],[-100.15102,38.91488],[-100.16971,38.91494],[-100.1694,38.94395],[-100.18761,38.944],[-100.18726,38.95844],[-100.22425,38.95866],[-100.22471,38.94417],[-100.26104,38.94435],[-100.26093,38.95888],[-100.29768,38.95928],[-100.2978,38.98838],[-100.3348,38.98867],[-100.33489,39.00309],[-100.39037,39.00318],[-100.39018,38.98876],[-100.46436,38.98828],[-100.46417,39.0172],[-100.4819,39.01728],[-100.4817,39.03177],[-100.5192,39.03192],[-100.51889,39.01721],[-100.53734,39.01759],[-100.53764,39.00314],[-100.6296,39.00417],[-100.62992,38.98964],[-100.70346,38.98989],[-100.70369,38.9753],[-100.61154,38.97513],[-100.61198,38.93138],[-100.57492,38.93119],[-100.575,38.91628],[-100.59346,38.91698],[-100.59377,38.90242],[-100.66835,38.90259],[-100.66829,38.91712],[-100.70506,38.91736],[-100.70521,38.9029],[-100.76082,38.90248],[-100.76062,38.91706],[-100.83376,38.91666],[-100.83348,38.93115],[-100.88932,38.93083],[-100.88964,38.91627],[-100.9081,38.91626],[-100.90772,38.93065],[-100.92589,38.93058],[-100.92565,38.94496],[-100.94418,38.94506],[-100.94391,38.95955],[-100.96248,38.95967],[-100.96243,38.97386],[-100.98097,38.97419],[-100.9808,38.98863],[-101.03611,38.98888],[-101.03626,38.97431],[-101.07331,38.97476],[-101.07321,38.98907],[-101.09171,38.98933],[-101.09145,39.00359],[-101.11027,39.00371],[-101.11004,39.04694],[-101.14662,39.04712],[-101.14715,38.98951],[-101.1659,38.98987],[-101.16563,39.00414],[-101.18435,39.00459],[-101.1838,39.04775],[-101.22103,39.0484],[-101.22053,39.06295],[-101.23934,39.06332],[-101.2389,39.09232],[-101.25693,39.09254],[-101.25621,39.13526],[-101.27501,39.13542],[-101.27508,39.12169],[-101.29367,39.12182],[-101.2942,39.10731],[-101.3498,39.10753],[-101.3494,39.13534],[-101.35448,39.13532],[-101.3544,39.14974],[-101.33599,39.14978],[-101.33545,39.17887],[-101.35418,39.17879],[-101.35401,39.19324],[-101.39154,39.19303],[-101.39153,39.17863],[-101.41048,39.17858],[-101.41041,39.19307],[-101.42915,39.19295],[-101.429,39.1639],[-101.41031,39.164],[-101.41022,39.14958],[-101.42878,39.14949],[-101.4289,39.1349],[-101.46691,39.13487],[-101.4662,39.1491],[-101.48505,39.14908],[-101.4852,39.1348],[-101.47822,39.13477],[-101.4783,39.12113],[-101.4604,39.12139],[-101.46046,39.10687],[-101.44186,39.10696],[-101.44206,39.09233],[-101.46055,39.09229],[-101.4611,39.06314],[-101.4791,39.0631],[-101.47923,39.04867],[-101.55369,39.04795],[-101.55349,39.07701],[-101.57207,39.07693],[-101.57192,39.09126],[-101.58972,39.09118],[-101.58954,39.10578],[-101.51574,39.10642],[-101.51546,39.12087],[-101.49719,39.12094],[-101.4969,39.13474],[-101.52213,39.13465],[-101.52201,39.19226],[-101.55946,39.1923],[-101.55936,39.2069],[-101.57791,39.20679],[-101.57776,39.22108],[-101.61479,39.22103],[-101.61493,39.20658],[-101.65216,39.20651],[-101.65221,39.19189],[-101.67098,39.19205],[-101.671,39.16298],[-101.68923,39.16286],[-101.68972,39.13384],[-101.71891,39.13368],[-101.71902,39.11966],[-101.79358,39.11886],[-101.79339,39.13344],[-101.78314,39.13347],[-101.78295,39.14798],[-101.8203,39.14781],[-101.82039,39.1333],[-101.81179,39.13334],[-101.81223,39.10429],[-101.83061,39.10421],[-101.83081,39.08971],[-101.84967,39.08962],[-101.84983,39.07524],[-101.88683,39.07537],[-101.88712,39.06075],[-101.92395,39.06065],[-101.92393,39.04612],[-101.94254,39.04603],[-101.9428,39.03174],[-101.97969,39.0316],[-101.99843,39.03158],[-101.99809,39.04599],[-101.96101,39.04602],[-101.96084,39.06062],[-101.99792,39.0603],[-101.99778,39.07475],[-102.0164,39.07485],[-102.0165,39.06042],[-101.99792,39.0603],[-101.99809,39.04599],[-102.01667,39.04595],[-102.01688,39.03147],[-102.04656,39.03145],[-102.04715,39.13316],[-102.04399,39.13316],[-102.04384,39.14764],[-101.98798,39.14795],[-101.9879,39.16233],[-101.93198,39.16231],[-101.93213,39.1478],[-101.87617,39.14777],[-101.87601,39.16228],[-101.83886,39.16235],[-101.83881,39.17674],[-101.82005,39.17684],[-101.81999,39.1912],[-101.80141,39.19118],[-101.8011,39.20583],[-101.76386,39.206],[-101.76376,39.22055],[-101.74511,39.22048],[-101.74495,39.23501],[-101.72628,39.23518],[-101.7264,39.24963],[-101.6891,39.24976],[-101.6893,39.26444],[-101.61456,39.26453],[-101.61452,39.27896],[-101.59616,39.27893],[-101.5962,39.2935],[-101.57743,39.29354],[-101.57758,39.30795],[-101.55887,39.30803],[-101.55891,39.32257],[-101.54013,39.32252],[-101.54008,39.29359],[-101.48486,39.29387],[-101.48484,39.30837],[-101.42859,39.30865],[-101.42846,39.32312],[-101.39115,39.32327],[-101.39126,39.30877],[-101.35397,39.30896],[-101.3538,39.3234],[-101.31645,39.32347],[-101.31648,39.33786],[-101.27888,39.3379],[-101.27889,39.35236],[-101.26022,39.35234],[-101.26044,39.38123],[-101.22288,39.38099],[-101.22283,39.39543],[-101.18533,39.39526],[-101.18587,39.36642],[-101.16679,39.36622],[-101.16687,39.35177],[-101.1857,39.35191],[-101.18565,39.32302],[-101.13014,39.32239],[-101.13004,39.29331],[-101.09281,39.2929],[-101.09284,39.26393],[-101.07426,39.26379],[-101.07446,39.22019],[-101.09326,39.22036],[-101.09334,39.20582],[-101.1119,39.20611],[-101.11201,39.19171],[-101.09342,39.19138],[-101.09361,39.16249],[-101.07495,39.1623],[-101.07503,39.14771],[-101.03766,39.14749],[-101.03727,39.19101],[-101.00034,39.19105],[-101.00033,39.17658],[-100.98169,39.17658],[-100.98201,39.16206],[-101.01905,39.16204],[-101.01944,39.13309],[-101.01624,39.1331],[-101.01636,39.11919],[-101.03451,39.11918],[-101.03469,39.10464],[-101.10912,39.10484],[-101.10907,39.11931],[-101.12761,39.11947],[-101.12821,39.07596],[-101.1097,39.07598],[-101.10987,39.06153],[-100.97997,39.06119],[-100.97976,39.07563],[-100.88717,39.07563],[-100.88697,39.09004],[-100.83134,39.0905],[-100.83104,39.10494],[-100.81244,39.10502],[-100.81207,39.1195],[-100.73821,39.11909],[-100.73788,39.13347],[-100.7026,39.13337],[-100.70271,39.14788],[-100.66549,39.14773],[-100.66554,39.16226],[-100.64697,39.1622],[-100.64701,39.1766],[-100.59148,39.17661],[-100.59176,39.22],[-100.62869,39.21989],[-100.62853,39.2055],[-100.66581,39.20557],[-100.66587,39.23449],[-100.68451,39.2345],[-100.68424,39.26341],[-100.70292,39.26348],[-100.7027,39.29258],[-100.7212,39.2926],[-100.72099,39.35057],[-100.73984,39.35069],[-100.73965,39.37949],[-100.70211,39.37949],[-100.70227,39.36513],[-100.68346,39.36512],[-100.68362,39.33606],[-100.62744,39.33593],[-100.62765,39.32149],[-100.57218,39.32135],[-100.57197,39.33591],[-100.55338,39.33588],[-100.55361,39.3069],[-100.57226,39.30691],[-100.57237,39.27799],[-100.5166,39.27778],[-100.51682,39.26346],[-100.49839,39.26369],[-100.49848,39.249],[-100.47996,39.24908],[-100.48004,39.2345],[-100.46148,39.23451],[-100.46156,39.22003],[-100.44305,39.22003],[-100.44297,39.2346],[-100.36859,39.23448],[-100.36883,39.22009],[-100.31263,39.21946],[-100.31256,39.23385],[-100.29386,39.23383],[-100.29397,39.21932],[-100.28466,39.21923],[-100.23862,39.21905],[-100.23828,39.23359],[-100.21976,39.23359],[-100.21956,39.24807],[-100.23812,39.24808],[-100.23795,39.26258],[-100.25656,39.26256],[-100.25639,39.27708],[-100.2749,39.27714],[-100.27475,39.29156],[-100.29354,39.29167],[-100.29342,39.30612],[-100.38631,39.30666],[-100.38619,39.33556],[-100.29322,39.33501],[-100.29339,39.32058],[-100.27447,39.32055],[-100.27447,39.33507],[-100.25575,39.33503],[-100.25569,39.37848],[-100.23706,39.37847],[-100.2371,39.39301],[-100.21839,39.39289],[-100.21816,39.40739],[-100.1995,39.40741],[-100.19951,39.42192],[-100.18092,39.42187],[-100.18083,39.45113],[-100.12532,39.45088],[-100.12551,39.40743],[-100.14415,39.40737],[-100.14413,39.39288],[-100.18086,39.3929],[-100.18085,39.37845],[-100.16228,39.37836],[-100.16244,39.36393],[-100.14376,39.36397],[-100.14394,39.33513],[-100.12561,39.335],[-100.12565,39.3205]]],[[[-100.17193,39.3495],[-100.1812,39.34952],[-100.1813,39.33515],[-100.16232,39.33504],[-100.16256,39.34945],[-100.17193,39.3495]]],[[[-100.62543,39.27787],[-100.6281,39.27788],[-100.62828,39.26335],[-100.6097,39.26334],[-100.60964,39.27778],[-100.62543,39.27787]]],[[[-100.51723,39.1983],[-100.51716,39.19105],[-100.53579,39.1911],[-100.53566,39.1766],[-100.55429,39.17659],[-100.55411,39.16212],[-100.57269,39.16218],[-100.57248,39.14765],[-100.55392,39.14762],[-100.55383,39.13317],[-100.55333,39.13317],[-100.55499,39.08993],[-100.51745,39.08969],[-100.51792,39.07568],[-100.46313,39.07531],[-100.46252,39.08977],[-100.42587,39.08989],[-100.42512,39.10446],[-100.40696,39.10436],[-100.40532,39.13319],[-100.40541,39.14754],[-100.42402,39.14756],[-100.42413,39.19102],[-100.44283,39.19099],[-100.44297,39.20555],[-100.5173,39.20553],[-100.51723,39.1983]]],[[[-101.27969,39.1789],[-101.29833,39.17893],[-101.29842,39.16442],[-101.27971,39.16456],[-101.27969,39.1789],[-101.24259,39.17844],[-101.2426,39.16413],[-101.22399,39.16386],[-101.22411,39.13498],[-101.20542,39.13472],[-101.20545,39.14911],[-101.18681,39.14894],[-101.18636,39.22139],[-101.20508,39.22157],[-101.20491,39.25057],[-101.22356,39.25063],[-101.22357,39.26527],[-101.2422,39.2653],[-101.24228,39.25073],[-101.29806,39.25124],[-101.29818,39.22229],[-101.27955,39.22229],[-101.27969,39.1789]]],[[[-101.1676,39.25023],[-101.16806,39.17772],[-101.13064,39.17745],[-101.13071,39.20636],[-101.14934,39.20645],[-101.14901,39.25007],[-101.1676,39.25023],[-101.16751,39.26474],[-101.18621,39.26476],[-101.18645,39.25043],[-101.1676,39.25023]]],[[[-101.22349,39.29413],[-101.24212,39.29428],[-101.24213,39.27988],[-101.2235,39.2797],[-101.22349,39.29413]]],[[[-99.77865,39.05922],[-99.77885,39.04479],[-99.79745,39.04471],[-99.79765,39.01548],[-99.74178,39.01543],[-99.74166,39.04506],[-99.76029,39.04495],[-99.76002,39.05947],[-99.77865,39.05922]]],[[[-99.9086,39.00002],[-99.90835,38.97195],[-99.87252,38.97203],[-99.87177,39.00095],[-99.90856,39.00094],[-99.9086,39.00002]]],[[[-100.42338,39.42927],[-100.42338,39.42284],[-100.46037,39.42273],[-100.46048,39.45176],[-100.44192,39.4519],[-100.44189,39.43732],[-100.42341,39.43733],[-100.42338,39.42927]]],[[[-100.60841,39.45188],[-100.55315,39.45182],[-100.55322,39.40834],[-100.59056,39.40851],[-100.59039,39.43739],[-100.60835,39.43739],[-100.60841,39.45188]]],[[[-101.01729,39.45218],[-101.01738,39.43784],[-101.05435,39.43769],[-101.0545,39.4233],[-101.09206,39.42354],[-101.09178,39.45257],[-101.01729,39.45218]]],[[[-100.33046,39.45856],[-100.33039,39.40785],[-100.36758,39.40811],[-100.36772,39.4226],[-100.38601,39.42272],[-100.38604,39.45178],[-100.36788,39.45169],[-100.368,39.46617],[-100.33048,39.46589],[-100.33046,39.45856]]],[[[-100.49722,39.45896],[-100.49711,39.45169],[-100.53443,39.45186],[-100.53451,39.4663],[-100.4973,39.4662],[-100.49722,39.45896]]],[[[-100.83202,39.4668],[-100.83198,39.45241],[-100.85073,39.45237],[-100.85075,39.46678],[-100.83202,39.4668]]],[[[-99.52821,39.48103],[-99.50946,39.48099],[-99.50977,39.46641],[-99.5283,39.46639],[-99.52821,39.48103]]],[[[-99.52821,39.48103],[-99.54685,39.48101],[-99.5467,39.49556],[-99.52811,39.49561],[-99.52821,39.48103]]],[[[-100.88809,39.46683],[-100.88813,39.45243],[-100.90682,39.45243],[-100.90684,39.43788],[-100.9256,39.43787],[-100.92551,39.48144],[-100.88813,39.48147],[-100.88809,39.46683]]],[[[-100.96125,39.46691],[-100.96115,39.45243],[-100.99882,39.45237],[-100.99865,39.48143],[-100.96123,39.48146],[-100.96125,39.46691]]],[[[-101.0728,39.48138],[-101.07292,39.46694],[-101.09169,39.46716],[-101.0916,39.48155],[-101.0728,39.48138]]],[[[-101.0728,39.48138],[-101.07273,39.49598],[-101.03582,39.49574],[-101.03598,39.48128],[-101.0728,39.48138]]],[[[-100.60841,39.45188],[-100.62699,39.45169],[-100.627,39.43738],[-100.64567,39.43745],[-100.64584,39.50984],[-100.60839,39.50974],[-100.60847,39.49528],[-100.5718,39.49509],[-100.57179,39.46632],[-100.60845,39.46631],[-100.60841,39.45188]]],[[[-100.73897,39.50001],[-100.73902,39.49608],[-100.7764,39.49632],[-100.77604,39.52517],[-100.7387,39.52501],[-100.73897,39.50001]]],[[[-100.83145,39.52494],[-100.83156,39.51048],[-100.8691,39.51045],[-100.86888,39.5249],[-100.83145,39.52494]]],[[[-100.10627,39.54511],[-100.1063,39.53785],[-100.12507,39.53779],[-100.12493,39.55228],[-100.10625,39.5524],[-100.10627,39.54511]]],[[[-100.38519,39.54568],[-100.38531,39.53854],[-100.40402,39.53865],[-100.40376,39.55288],[-100.42241,39.55292],[-100.42246,39.56764],[-100.42348,39.56765],[-100.42359,39.58197],[-100.40474,39.58209],[-100.40469,39.56763],[-100.38514,39.56767],[-100.38519,39.54568]]],[[[-99.61874,39.62543],[-99.60925,39.62541],[-99.60923,39.61092],[-99.57162,39.6108],[-99.57162,39.62513],[-99.53404,39.62544],[-99.53413,39.59651],[-99.55278,39.59649],[-99.55265,39.56741],[-99.60233,39.56731],[-99.60229,39.55324],[-99.5464,39.5534],[-99.54624,39.5674],[-99.53411,39.5675],[-99.53407,39.58203],[-99.45909,39.58184],[-99.45914,39.59637],[-99.47799,39.59662],[-99.47794,39.61108],[-99.44016,39.61081],[-99.44034,39.56744],[-99.52772,39.56749],[-99.52777,39.55336],[-99.5089,39.5534],[-99.50906,39.53894],[-99.50039,39.53877],[-99.47165,39.53897],[-99.47166,39.5534],[-99.43393,39.55354],[-99.43441,39.52467],[-99.45311,39.52446],[-99.45322,39.50993],[-99.58455,39.50997],[-99.58465,39.4955],[-99.5655,39.49556],[-99.56557,39.4811],[-99.60169,39.48103],[-99.60175,39.49557],[-99.63908,39.49561],[-99.63901,39.48102],[-99.67645,39.48094],[-99.67628,39.46621],[-99.76975,39.46656],[-99.77012,39.45205],[-99.75123,39.4522],[-99.75221,39.42268],[-99.82642,39.4229],[-99.82654,39.40843],[-99.8081,39.40832],[-99.80808,39.39378],[-99.86393,39.39358],[-99.86392,39.42268],[-99.84514,39.42281],[-99.84479,39.49548],[-99.807,39.49567],[-99.80705,39.51019],[-99.78824,39.51014],[-99.78821,39.4956],[-99.75989,39.49551],[-99.75065,39.49553],[-99.75042,39.51011],[-99.71319,39.50999],[-99.71348,39.53895],[-99.69555,39.53888],[-99.6957,39.55328],[-99.65811,39.55328],[-99.65795,39.53887],[-99.62089,39.53891],[-99.62098,39.55334],[-99.63944,39.55328],[-99.63975,39.56742],[-99.64655,39.56741],[-99.64661,39.59632],[-99.62788,39.59642],[-99.62789,39.611],[-99.68417,39.61059],[-99.68428,39.62509],[-99.61874,39.62543]]],[[[-101.97537,39.5973],[-101.95671,39.59732],[-101.95657,39.61181],[-101.93791,39.61185],[-101.93823,39.56837],[-101.97543,39.56829],[-101.97542,39.58273],[-101.99412,39.58267],[-101.99396,39.61172],[-101.97535,39.61174],[-101.97537,39.5973]]],[[[-101.29763,39.74246],[-101.29825,39.71328],[-101.3171,39.71325],[-101.31743,39.69874],[-101.33622,39.69873],[-101.33597,39.71328],[-101.37377,39.71324],[-101.37399,39.69873],[-101.3926,39.69902],[-101.3921,39.72777],[-101.37343,39.72766],[-101.37303,39.74225],[-101.29763,39.74246]]],[[[-99.64619,39.78461],[-99.6463,39.77014],[-99.62764,39.77021],[-99.62789,39.7557],[-99.66495,39.7558],[-99.66481,39.78478],[-99.64619,39.78461]]],[[[-99.62764,39.77021],[-99.62747,39.78471],[-99.64619,39.78461],[-99.64606,39.81355],[-99.59004,39.81381],[-99.58995,39.78474],[-99.60917,39.78479],[-99.60933,39.77028],[-99.62764,39.77021]]],[[[-101.56088,39.78593],[-101.5609,39.77137],[-101.57978,39.77138],[-101.57946,39.80039],[-101.56068,39.80041],[-101.56088,39.78593]]],[[[-99.50724,39.81402],[-99.5154,39.81397],[-99.51519,39.82857],[-99.49641,39.82848],[-99.4965,39.8141],[-99.50724,39.81402]]],[[[-99.55252,39.81956],[-99.55256,39.81402],[-99.57131,39.81395],[-99.57138,39.82842],[-99.5525,39.82844],[-99.55252,39.81956]]],[[[-99.2909,39.90041],[-99.25401,39.90029],[-99.2539,39.88575],[-99.23532,39.8859],[-99.23536,39.87145],[-99.27251,39.87156],[-99.27252,39.85714],[-99.29085,39.85703],[-99.2909,39.90041]]],[[[-99.16108,39.91539],[-99.16082,39.90094],[-99.17917,39.90085],[-99.17922,39.9153],[-99.16108,39.91539]]],[[[-101.82372,39.91607],[-101.84251,39.91617],[-101.84246,39.93062],[-101.82361,39.93055],[-101.82372,39.91607]]],[[[-99.16108,39.91539],[-99.16099,39.92994],[-99.25415,39.92929],[-99.25425,39.94386],[-99.29082,39.94386],[-99.29098,39.9294],[-99.30966,39.92947],[-99.30963,39.91497],[-99.32845,39.91498],[-99.32845,39.88611],[-99.34698,39.88607],[-99.34705,39.87157],[-99.36585,39.87159],[-99.3658,39.85709],[-99.38468,39.85718],[-99.38466,39.84277],[-99.40301,39.84277],[-99.40279,39.87166],[-99.47798,39.8719],[-99.47777,39.85738],[-99.51531,39.85747],[-99.51528,39.84296],[-99.6254,39.84265],[-99.62704,39.8427],[-99.62709,39.85719],[-99.64596,39.85717],[-99.64586,39.87153],[-99.66446,39.87152],[-99.66455,39.88582],[-99.646,39.886],[-99.64567,39.91489],[-99.68323,39.91476],[-99.68302,39.92925],[-99.72026,39.92913],[-99.72104,39.88578],[-99.73922,39.88581],[-99.73931,39.87146],[-99.70218,39.87123],[-99.70201,39.8425],[-99.72095,39.84249],[-99.72093,39.82808],[-99.73913,39.82802],[-99.73941,39.76997],[-99.72121,39.76999],[-99.72161,39.75548],[-99.70283,39.75564],[-99.70303,39.71205],[-99.72185,39.71176],[-99.7217,39.72627],[-99.74015,39.72643],[-99.77759,39.72614],[-99.77758,39.71171],[-99.79631,39.71174],[-99.79637,39.72612],[-99.81513,39.72618],[-99.81515,39.74072],[-99.79642,39.74067],[-99.79541,39.78435],[-99.85187,39.78392],[-99.85199,39.76935],[-99.946,39.76944],[-99.94562,39.813],[-100.00177,39.81291],[-100.00145,39.82764],[-100.02028,39.82765],[-100.02024,39.84218],[-100.00157,39.84219],[-100.00163,39.85664],[-99.98269,39.85665],[-99.98261,39.90013],[-99.96373,39.89999],[-99.96374,39.9145],[-99.95399,39.91452],[-99.94496,39.91448],[-99.94519,39.89998],[-99.92642,39.89991],[-99.92631,39.91445],[-99.94496,39.91448],[-99.94491,39.92923],[-99.92605,39.92907],[-99.92597,39.94361],[-99.90724,39.9435],[-99.90724,39.95802],[-99.88868,39.95802],[-99.88861,39.9724],[-99.81369,39.97217],[-99.81353,39.95798],[-99.7758,39.95819],[-99.77574,39.9726],[-99.75691,39.97278],[-99.75675,39.98723],[-99.68209,39.98725],[-99.68231,39.97275],[-99.64491,39.97286],[-99.64418,40.00187],[-99.36631,40.00213],[-99.36619,39.98737],[-99.35219,39.98728],[-99.34747,39.98731],[-99.34751,40.0021],[-99.32848,40.00207],[-99.32866,39.95829],[-99.26338,39.95833],[-99.25414,39.95836],[-99.254,39.98724],[-99.19785,39.98741],[-99.1976,40.002],[-99.01065,40.0022],[-99.01096,39.94468],[-99.08581,39.94487],[-99.08582,39.91589],[-99.16108,39.91539]]],[[[-99.49712,39.95482],[-99.49716,39.98741],[-99.51535,39.98764],[-99.51533,39.97321],[-99.53419,39.97311],[-99.53422,39.95857],[-99.51542,39.95878],[-99.51523,39.94423],[-99.49699,39.94417],[-99.49712,39.95482]]],[[[-99.4222,39.97303],[-99.40336,39.97296],[-99.40341,39.98741],[-99.42217,39.98753],[-99.4222,39.97303]]],[[[-99.96369,39.85662],[-99.96375,39.84212],[-99.94526,39.8421],[-99.94531,39.82767],[-99.92649,39.82766],[-99.92647,39.85669],[-99.96369,39.85662]]],[[[-99.60835,39.92957],[-99.62655,39.92947],[-99.62676,39.91496],[-99.60872,39.91497],[-99.60835,39.92957]]],[[[-100.00052,39.99794],[-100.00062,39.98711],[-100.03799,39.98706],[-100.03785,40.0017],[-100.00042,40.00171],[-100.00052,39.99794]]],[[[-101.84251,39.91617],[-101.84248,39.90161],[-101.8237,39.90162],[-101.82372,39.91607],[-101.80497,39.91597],[-101.80493,39.93045],[-101.7672,39.93033],[-101.76745,39.90119],[-101.7485,39.90119],[-101.74886,39.97381],[-101.73053,39.97363],[-101.73077,40.00289],[-101.71219,40.00291],[-101.71167,39.98829],[-101.70229,39.98822],[-101.69287,39.98824],[-101.69326,40.00287],[-101.44898,40.00263],[-101.44842,39.95944],[-101.46712,39.95943],[-101.46704,39.94498],[-101.44825,39.94491],[-101.41074,39.94495],[-101.41089,39.95932],[-101.39274,39.9593],[-101.3929,39.97358],[-101.29907,39.97325],[-101.29927,39.98769],[-101.28124,39.98767],[-101.28113,40.00261],[-101.13057,40.00265],[-101.13051,39.98744],[-101.11185,39.98742],[-101.11159,39.94396],[-101.09274,39.94385],[-101.09301,39.9003],[-101.05594,39.90046],[-101.05619,39.98722],[-101.03747,39.98739],[-101.03742,40.0024],[-100.8882,40.00219],[-100.88814,39.98785],[-100.86946,39.98776],[-100.86954,39.97327],[-100.833,39.97317],[-100.83289,39.98766],[-100.79494,39.98751],[-100.7951,40.00213],[-100.53352,40.00188],[-100.53365,39.98731],[-100.51452,39.9874],[-100.51513,39.95835],[-100.50935,39.95833],[-100.44044,39.95845],[-100.44043,39.97296],[-100.42159,39.97304],[-100.42124,40.00189],[-100.34636,40.0018],[-100.34631,39.98768],[-100.38476,39.98728],[-100.38472,39.9728],[-100.40262,39.97298],[-100.40272,39.95853],[-100.4217,39.95846],[-100.42188,39.92959],[-100.40297,39.9297],[-100.40313,39.91519],[-100.3283,39.91517],[-100.32806,39.92962],[-100.30943,39.92968],[-100.3093,39.94417],[-100.29054,39.94388],[-100.29015,40.00181],[-100.07501,40.00164],[-100.07538,39.97266],[-100.01967,39.97261],[-100.01981,39.95802],[-100.11348,39.95819],[-100.11351,39.94364],[-100.13218,39.94355],[-100.13242,39.92903],[-100.15125,39.92889],[-100.15142,39.91449],[-100.17034,39.91431],[-100.17023,39.88547],[-100.19794,39.88546],[-100.19794,39.85651],[-100.17929,39.85637],[-100.17959,39.82752],[-100.25474,39.82783],[-100.2547,39.8135],[-100.21734,39.81324],[-100.21757,39.79874],[-100.19881,39.79856],[-100.19876,39.78417],[-100.15258,39.78384],[-100.15228,39.79834],[-100.1146,39.7986],[-100.11475,39.78413],[-100.09612,39.78422],[-100.0962,39.76959],[-100.07731,39.76967],[-100.0773,39.75533],[-100.03961,39.75526],[-100.03973,39.66828],[-100.05835,39.66844],[-100.05851,39.6539],[-100.02104,39.65383],[-100.02109,39.6249],[-100.03945,39.62487],[-100.03953,39.61041],[-100.05861,39.6105],[-100.05844,39.59596],[-100.00213,39.59598],[-100.00227,39.58138],[-99.965,39.58145],[-99.96498,39.56699],[-99.95623,39.56697],[-99.95638,39.55279],[-100.01253,39.55254],[-100.01245,39.56695],[-100.07802,39.56706],[-100.07802,39.58146],[-100.11543,39.58143],[-100.11529,39.56693],[-100.14342,39.56707],[-100.14357,39.55238],[-100.19938,39.55239],[-100.19888,39.56715],[-100.27333,39.56735],[-100.27368,39.55253],[-100.29242,39.55262],[-100.29251,39.53799],[-100.34845,39.53837],[-100.34787,39.56768],[-100.34853,39.56768],[-100.34832,39.61111],[-100.40479,39.61107],[-100.40476,39.59656],[-100.46061,39.59657],[-100.46087,39.56767],[-100.45979,39.56765],[-100.45981,39.55288],[-100.47864,39.55289],[-100.47873,39.53842],[-100.49704,39.53846],[-100.49705,39.55293],[-100.57156,39.55305],[-100.57126,39.568],[-100.59173,39.56803],[-100.59162,39.58244],[-100.64755,39.58257],[-100.64758,39.6116],[-100.66619,39.61168],[-100.66613,39.62617],[-100.68485,39.6262],[-100.70357,39.62613],[-100.70358,39.61163],[-100.72224,39.6117],[-100.7222,39.5972],[-100.74089,39.59722],[-100.74088,39.58261],[-100.7595,39.58268],[-100.75948,39.5681],[-100.7756,39.56809],[-100.77596,39.55429],[-100.7941,39.55421],[-100.79389,39.56804],[-100.8154,39.56795],[-100.81533,39.58271],[-100.83406,39.58261],[-100.83418,39.59705],[-100.85246,39.59708],[-100.8522,39.62604],[-100.92671,39.626],[-100.92657,39.65493],[-100.94516,39.65495],[-100.94505,39.68383],[-100.96303,39.68378],[-100.96278,39.69843],[-100.98154,39.69816],[-100.98143,39.71267],[-100.99981,39.71266],[-100.99988,39.72721],[-101.01894,39.72708],[-101.01868,39.71243],[-101.03737,39.71276],[-101.0376,39.72723],[-101.09337,39.7271],[-101.09356,39.71269],[-101.11237,39.71269],[-101.1125,39.69822],[-101.16871,39.69851],[-101.16868,39.71303],[-101.18691,39.71306],[-101.18705,39.69861],[-101.22451,39.69858],[-101.22405,39.7274],[-101.24282,39.72748],[-101.24242,39.74184],[-101.2606,39.74209],[-101.26028,39.81405],[-101.22251,39.8141],[-101.22229,39.85745],[-101.24139,39.85736],[-101.24143,39.87191],[-101.26027,39.87169],[-101.26088,39.88621],[-101.29794,39.88661],[-101.29807,39.90097],[-101.39186,39.90162],[-101.39152,39.87273],[-101.42901,39.8727],[-101.42921,39.88715],[-101.50406,39.88728],[-101.50407,39.85838],[-101.54103,39.85833],[-101.5411,39.84383],[-101.55986,39.84378],[-101.55994,39.82928],[-101.6162,39.82927],[-101.61627,39.84376],[-101.63557,39.84376],[-101.6356,39.82929],[-101.65433,39.82915],[-101.65456,39.81475],[-101.67325,39.81463],[-101.67363,39.7856],[-101.6924,39.78548],[-101.69257,39.7709],[-101.71128,39.77098],[-101.71155,39.75652],[-101.73036,39.75649],[-101.7303,39.74197],[-101.74935,39.74187],[-101.74939,39.72746],[-101.82494,39.72779],[-101.82517,39.66979],[-101.84387,39.66999],[-101.84374,39.68434],[-101.86261,39.68442],[-101.86259,39.69891],[-101.89998,39.6987],[-101.90004,39.68419],[-101.91883,39.68414],[-101.91902,39.66973],[-101.91899,39.65525],[-101.90024,39.65533],[-101.90035,39.64081],[-102.03141,39.64047],[-102.03147,39.61147],[-102.05027,39.61138],[-102.05002,39.65489],[-102.03132,39.65494],[-102.03127,39.66939],[-102.03132,39.71276],[-102.05005,39.71272],[-102.04993,39.74175],[-102.03129,39.74177],[-102.03085,39.7708],[-102.03106,39.82878],[-102.04984,39.82885],[-102.04929,39.8724],[-102.03062,39.87247],[-102.02983,39.90152],[-102.0116,39.90157],[-102.01156,39.91603],[-101.99265,39.91595],[-101.99255,39.93049],[-101.87982,39.93073],[-101.88,39.90163],[-101.86129,39.90179],[-101.86121,39.91636],[-101.84251,39.91617]]],[[[-101.69895,39.90144],[-101.69206,39.90139],[-101.69215,39.91592],[-101.71086,39.91586],[-101.71077,39.9015],[-101.69895,39.90144]]],[[[-101.7296,39.88681],[-101.72939,39.87236],[-101.71055,39.87243],[-101.71083,39.88691],[-101.7296,39.88681]]],[[[-101.79528,39.84348],[-101.78591,39.84347],[-101.78566,39.85789],[-101.80444,39.85805],[-101.80473,39.84352],[-101.79528,39.84348]]],[[[-100.50043,39.88591],[-100.49736,39.88586],[-100.49722,39.90038],[-100.47859,39.90052],[-100.47846,39.91499],[-100.49731,39.91492],[-100.49691,39.94391],[-100.51519,39.94383],[-100.51527,39.92935],[-100.53388,39.92935],[-100.5339,39.90045],[-100.51535,39.90041],[-100.51542,39.88592],[-100.50043,39.88591]]],[[[-100.45963,39.91501],[-100.45961,39.90056],[-100.4407,39.90069],[-100.44078,39.91505],[-100.45963,39.91501]]],[[[-101.18501,39.85731],[-101.18491,39.84282],[-101.20362,39.84284],[-101.20357,39.82852],[-101.16684,39.82847],[-101.16692,39.85728],[-101.18501,39.85731]]],[[[-100.68423,39.82841],[-100.68426,39.79968],[-100.64644,39.7997],[-100.64657,39.82841],[-100.68423,39.82841]]],[[[-100.38522,39.80661],[-100.38524,39.79929],[-100.40355,39.79935],[-100.40368,39.78485],[-100.36685,39.78488],[-100.36663,39.8138],[-100.38521,39.81389],[-100.38522,39.80661]]],[[[-100.49766,39.74112],[-100.49778,39.72676],[-100.47889,39.72663],[-100.47908,39.6832],[-100.46074,39.68328],[-100.46094,39.66881],[-100.44209,39.66875],[-100.44189,39.69774],[-100.4231,39.69782],[-100.42274,39.7267],[-100.44152,39.72675],[-100.4414,39.7412],[-100.46016,39.7412],[-100.46003,39.75581],[-100.49757,39.75569],[-100.49766,39.74112]]],[[[-100.38577,39.70502],[-100.38587,39.68329],[-100.36737,39.68308],[-100.36727,39.66885],[-100.34836,39.66862],[-100.34836,39.63994],[-100.32965,39.64],[-100.32956,39.69747],[-100.36737,39.69763],[-100.36739,39.71218],[-100.38573,39.71224],[-100.38577,39.70502]]],[[[-100.25493,39.61599],[-100.25492,39.61072],[-100.23626,39.61047],[-100.23631,39.62487],[-100.25498,39.62519],[-100.25493,39.61599]]],[[[-100.94459,39.94423],[-100.94425,39.97324],[-100.96237,39.97329],[-100.96235,39.98774],[-100.98126,39.98756],[-100.98093,39.94419],[-100.94459,39.94423]]]]},"properties":{"OBJECTID":2,"satthick_2022_2024_MANUAL":1,"name":"Saturated thickness: Under 50","classLabel":"Under 50","color":"#ffff73","hasValue":true,"period":"2022\u20132024"}},{"type":"Feature","id":3,"geometry":{"type":"MultiPolygon","coordinates":[[[[-100.41575,37.01041],[-100.41573,37.00126],[-100.43377,37.0012],[-100.43387,37.01043],[-100.41575,37.01041]]],[[[-101.71822,37.02531],[-101.70025,37.02518],[-101.70027,36.9962],[-101.71835,36.99632],[-101.71822,37.02531]]],[[[-101.75453,37.02531],[-101.75433,36.99445],[-101.80868,36.9941],[-101.80879,37.01063],[-101.82685,37.01066],[-101.82693,37.02514],[-101.75453,37.02531]]],[[[-101.71822,37.02531],[-101.75453,37.02531],[-101.75447,37.03982],[-101.71831,37.04001],[-101.71822,37.02531]]],[[[-101.9355,37.03966],[-101.93533,37.01053],[-101.91719,37.01053],[-101.91707,36.99588],[-101.97114,36.9959],[-101.97129,36.99331],[-101.98945,36.99322],[-101.98973,37.02488],[-101.9716,37.02496],[-101.97159,37.0395],[-101.9355,37.03966]]],[[[-100.39818,37.06834],[-100.43438,37.06833],[-100.43456,37.08287],[-100.39824,37.0826],[-100.39818,37.06834]]],[[[-100.39818,37.06834],[-100.38002,37.06797],[-100.38009,37.08249],[-100.36192,37.08235],[-100.3619,37.09679],[-100.32575,37.09659],[-100.32551,37.08213],[-100.3437,37.08226],[-100.34359,37.06807],[-100.36177,37.06814],[-100.36126,37.03907],[-100.37938,37.03926],[-100.37981,37.05366],[-100.39805,37.05382],[-100.39818,37.06834]]],[[[-100.39859,37.12572],[-100.39829,37.09701],[-100.41639,37.09711],[-100.41659,37.12581],[-100.39859,37.12572]]],[[[-100.3806,37.14005],[-100.38038,37.12562],[-100.39859,37.12572],[-100.39889,37.14017],[-100.3806,37.14005]]],[[[-101.9718,37.09748],[-101.9717,37.11192],[-101.95368,37.11193],[-101.95374,37.0975],[-101.9718,37.09748]]],[[[-101.9718,37.09748],[-101.97171,37.08287],[-101.98981,37.0829],[-101.98989,37.05381],[-102.00787,37.05389],[-102.00788,37.02491],[-102.02596,37.02488],[-102.02589,36.99311],[-102.04216,36.9931],[-102.04205,37.09757],[-102.02583,37.09758],[-102.02593,37.11211],[-102.00046,37.11232],[-101.9899,37.11212],[-101.98985,37.09763],[-101.9718,37.09748]]],[[[-100.2902,37.14014],[-100.2899,37.11103],[-100.3438,37.11105],[-100.34436,37.12559],[-100.32626,37.12537],[-100.32632,37.15461],[-100.30824,37.15465],[-100.30826,37.14012],[-100.2902,37.14014]]],[[[-101.88175,37.11242],[-101.88172,37.09779],[-101.89983,37.09753],[-101.89985,37.12687],[-101.88171,37.12708],[-101.88175,37.11242]]],[[[-99.34538,37.19305],[-99.345,37.17857],[-99.36314,37.17859],[-99.36349,37.19299],[-99.34538,37.19305]]],[[[-100.16365,37.19761],[-100.16355,37.18294],[-100.18181,37.18342],[-100.1817,37.19778],[-100.16365,37.19761]]],[[[-99.34538,37.19305],[-99.34574,37.20759],[-99.32779,37.20773],[-99.3273,37.19314],[-99.34538,37.19305]]],[[[-100.32621,37.22755],[-100.32623,37.19827],[-100.30812,37.19834],[-100.30831,37.16926],[-100.34435,37.16922],[-100.34444,37.18384],[-100.36265,37.18395],[-100.36266,37.16929],[-100.34435,37.16922],[-100.3444,37.14015],[-100.3806,37.14005],[-100.38062,37.19832],[-100.36269,37.19837],[-100.36265,37.21292],[-100.34439,37.21295],[-100.34444,37.22745],[-100.32621,37.22755]]],[[[-99.32782,37.22225],[-99.34609,37.22216],[-99.34636,37.25127],[-99.32814,37.25123],[-99.32782,37.22225]]],[[[-101.8099,37.22878],[-101.80958,37.18524],[-101.82749,37.18529],[-101.82759,37.19988],[-101.9001,37.19979],[-101.90002,37.18532],[-101.864,37.18534],[-101.86356,37.1708],[-101.84556,37.17079],[-101.84536,37.15629],[-101.82729,37.15621],[-101.82731,37.14155],[-101.80928,37.14164],[-101.80945,37.12703],[-101.79124,37.12703],[-101.79126,37.11258],[-101.84584,37.11218],[-101.84566,37.09782],[-101.79108,37.098],[-101.79126,37.11258],[-101.77289,37.11257],[-101.77284,37.08348],[-101.79096,37.08347],[-101.79078,37.06894],[-101.80903,37.06887],[-101.80898,37.05434],[-101.82707,37.05423],[-101.82693,37.02514],[-101.88126,37.02511],[-101.88128,37.03961],[-101.86318,37.0396],[-101.86345,37.06864],[-101.84523,37.06866],[-101.84538,37.0831],[-101.86351,37.08309],[-101.86312,37.15621],[-101.88173,37.15605],[-101.88177,37.17077],[-101.93581,37.17059],[-101.93593,37.18517],[-101.9721,37.18517],[-101.97216,37.19982],[-101.99012,37.1997],[-101.99053,37.22888],[-101.95433,37.22881],[-101.95437,37.24344],[-101.90029,37.24357],[-101.90028,37.22903],[-101.86399,37.22893],[-101.86382,37.21442],[-101.84584,37.21438],[-101.84574,37.22886],[-101.8099,37.22878]]],[[[-101.73713,37.24333],[-101.73696,37.25797],[-101.70068,37.25788],[-101.70077,37.27245],[-101.68249,37.27247],[-101.6829,37.25785],[-101.6646,37.25788],[-101.66481,37.24358],[-101.61045,37.24335],[-101.6101,37.2288],[-101.62815,37.22885],[-101.62806,37.21439],[-101.66443,37.21438],[-101.66486,37.22901],[-101.68283,37.22901],[-101.68302,37.24357],[-101.73713,37.24333]]],[[[-101.73696,37.25797],[-101.75545,37.258],[-101.75542,37.24342],[-101.73713,37.24333],[-101.73714,37.22894],[-101.70121,37.22905],[-101.70094,37.18538],[-101.73709,37.18522],[-101.73702,37.17062],[-101.75522,37.17095],[-101.75495,37.14156],[-101.77311,37.14157],[-101.77294,37.12703],[-101.79124,37.12703],[-101.79134,37.1562],[-101.80929,37.15627],[-101.80958,37.18524],[-101.79145,37.18523],[-101.79145,37.17072],[-101.77336,37.1708],[-101.77355,37.19996],[-101.75507,37.19994],[-101.75528,37.22892],[-101.8099,37.22878],[-101.81001,37.24357],[-101.79183,37.2435],[-101.79193,37.27245],[-101.73701,37.27261],[-101.73696,37.25797]]],[[[-101.73704,37.21436],[-101.73701,37.19981],[-101.71864,37.19991],[-101.71881,37.21439],[-101.73704,37.21436]]],[[[-98.49559,37.32619],[-98.49563,37.31175],[-98.51448,37.3118],[-98.51435,37.32623],[-98.49559,37.32619]]],[[[-98.53241,37.34808],[-98.53239,37.34078],[-98.55063,37.34096],[-98.55058,37.35531],[-98.53244,37.35529],[-98.53241,37.34808]]],[[[-101.53817,37.33006],[-101.53812,37.28648],[-101.52003,37.28638],[-101.51986,37.25753],[-101.55611,37.25745],[-101.55609,37.24306],[-101.59288,37.24312],[-101.59253,37.25778],[-101.57449,37.25767],[-101.57443,37.3011],[-101.61025,37.30136],[-101.61026,37.31591],[-101.55629,37.3156],[-101.55631,37.33009],[-101.53817,37.33006]]],[[[-99.5259,37.35216],[-99.54342,37.35194],[-99.54334,37.36653],[-99.52586,37.36663],[-99.5259,37.35216]]],[[[-99.61675,37.3517],[-99.63429,37.35161],[-99.63404,37.36614],[-99.61612,37.36614],[-99.61675,37.3517]]],[[[-99.50133,37.38127],[-99.48965,37.38139],[-99.48985,37.35235],[-99.50786,37.35218],[-99.50758,37.38134],[-99.50133,37.38127]]],[[[-99.20143,37.33356],[-99.20118,37.3254],[-99.18312,37.32552],[-99.18326,37.31111],[-99.12897,37.31125],[-99.12841,37.25303],[-99.14671,37.2528],[-99.14673,37.23826],[-99.18321,37.238],[-99.18321,37.22349],[-99.25547,37.22297],[-99.25513,37.19383],[-99.27318,37.1936],[-99.27269,37.17911],[-99.30913,37.17898],[-99.31015,37.23716],[-99.29199,37.2373],[-99.29208,37.25167],[-99.27386,37.25179],[-99.27391,37.26645],[-99.23739,37.26668],[-99.23755,37.28116],[-99.21926,37.28127],[-99.21931,37.31038],[-99.2374,37.31029],[-99.2371,37.38315],[-99.20146,37.3833],[-99.20143,37.33356]]],[[[-99.11081,37.37503],[-99.11084,37.36933],[-99.14706,37.3692],[-99.14704,37.3836],[-99.13889,37.38363],[-99.13908,37.39814],[-99.10261,37.398],[-99.10267,37.38392],[-99.11087,37.38388],[-99.11081,37.37503]]],[[[-100.16365,37.19761],[-100.16378,37.21223],[-100.18193,37.21241],[-100.1817,37.19778],[-100.19986,37.19796],[-100.19981,37.18348],[-100.18181,37.18342],[-100.18197,37.1688],[-100.25402,37.16914],[-100.25405,37.1838],[-100.27206,37.18388],[-100.27209,37.19842],[-100.23583,37.19854],[-100.23599,37.21261],[-100.25395,37.21273],[-100.25391,37.22726],[-100.32621,37.22755],[-100.32629,37.24201],[-100.29012,37.2419],[-100.29049,37.27102],[-100.27207,37.27107],[-100.2725,37.32897],[-100.18255,37.3288],[-100.18263,37.37258],[-100.16437,37.37257],[-100.16455,37.38722],[-100.16193,37.38721],[-100.16209,37.40186],[-100.1441,37.40179],[-100.14432,37.38714],[-100.14657,37.38713],[-100.14648,37.37274],[-100.12859,37.37283],[-100.12815,37.3289],[-100.10979,37.32899],[-100.10991,37.34361],[-100.09173,37.3431],[-100.09172,37.32856],[-100.07373,37.32819],[-100.07345,37.25539],[-100.09163,37.25568],[-100.09176,37.28484],[-100.16403,37.28521],[-100.16388,37.25599],[-100.1279,37.25597],[-100.12797,37.27052],[-100.10979,37.27048],[-100.10952,37.24129],[-100.12765,37.24126],[-100.12748,37.22684],[-100.10939,37.22673],[-100.10905,37.1975],[-100.12698,37.19758],[-100.12676,37.18295],[-100.14524,37.18283],[-100.14532,37.19754],[-100.16365,37.19761]]],[[[-100.19981,37.25003],[-100.19983,37.25602],[-100.21799,37.25617],[-100.21787,37.2416],[-100.19982,37.24152],[-100.19981,37.25003]]],[[[-99.2838,37.41155],[-99.28366,37.39715],[-99.33787,37.39679],[-99.33779,37.41126],[-99.2838,37.41155]]],[[[-98.64763,37.4131],[-98.64764,37.39853],[-98.66596,37.39866],[-98.66597,37.41304],[-98.64763,37.4131]]],[[[-99.37414,37.42536],[-99.35584,37.42577],[-99.35593,37.41118],[-99.37419,37.411],[-99.37414,37.42536]]],[[[-98.68393,37.42753],[-98.68396,37.41315],[-98.70221,37.4131],[-98.7023,37.42755],[-98.68393,37.42753]]],[[[-99.90411,37.42706],[-99.90382,37.39797],[-99.94061,37.39873],[-99.94072,37.41325],[-99.92234,37.41284],[-99.92267,37.42737],[-99.90411,37.42706]]],[[[-100.16209,37.40186],[-100.1804,37.40187],[-100.18053,37.43121],[-100.1622,37.43129],[-100.16209,37.40186]]],[[[-100.98027,37.43135],[-100.9802,37.4169],[-100.99861,37.41693],[-100.99837,37.43142],[-100.98027,37.43135]]],[[[-100.8345,37.43859],[-100.83451,37.4313],[-100.87102,37.43149],[-100.87102,37.41684],[-100.90735,37.41684],[-100.90734,37.44561],[-100.8345,37.44585],[-100.8345,37.43859]]],[[[-97.78834,37.45925],[-97.78816,37.44464],[-97.77007,37.44466],[-97.76899,37.38642],[-97.78731,37.38641],[-97.78748,37.40092],[-97.80717,37.40091],[-97.80725,37.4155],[-97.82552,37.41543],[-97.82558,37.43012],[-97.86211,37.42993],[-97.8623,37.45911],[-97.78834,37.45925]]],[[[-101.78075,37.43237],[-101.78076,37.41791],[-101.79847,37.41807],[-101.79877,37.43239],[-101.78075,37.43237]]],[[[-100.1439,37.46039],[-100.14396,37.44575],[-100.1622,37.44587],[-100.16206,37.46052],[-100.1439,37.46039]]],[[[-99.37414,37.42536],[-99.39229,37.42516],[-99.39224,37.43949],[-99.42874,37.43943],[-99.42878,37.45394],[-99.41049,37.45402],[-99.41066,37.46833],[-99.37395,37.46862],[-99.37405,37.45418],[-99.3558,37.45465],[-99.35588,37.44018],[-99.37408,37.43972],[-99.37414,37.42536]]],[[[-101.45298,37.4172],[-101.43488,37.41706],[-101.43485,37.43163],[-101.41662,37.43167],[-101.41672,37.44613],[-101.38025,37.4459],[-101.38019,37.43143],[-101.36217,37.43147],[-101.36188,37.38809],[-101.35764,37.38815],[-101.35754,37.34446],[-101.37582,37.34445],[-101.37594,37.35899],[-101.39359,37.35907],[-101.39355,37.38814],[-101.45308,37.38829],[-101.45298,37.4172]]],[[[-100.1439,37.46039],[-100.1438,37.47506],[-100.12568,37.47486],[-100.12567,37.46029],[-100.1439,37.46039]]],[[[-100.27068,37.48961],[-100.27068,37.47507],[-100.30702,37.4749],[-100.30689,37.44571],[-100.32516,37.44566],[-100.32496,37.48942],[-100.27068,37.48961]]],[[[-99.32022,37.49839],[-99.30219,37.49838],[-99.30192,37.48371],[-99.31993,37.48369],[-99.32022,37.49839]]],[[[-98.26391,37.50003],[-98.26384,37.48582],[-98.28219,37.48597],[-98.28231,37.50078],[-98.2639,37.50054],[-98.26391,37.50003]]],[[[-98.19996,37.47126],[-98.20913,37.47117],[-98.20909,37.50095],[-98.19084,37.50111],[-98.19088,37.47133],[-98.19996,37.47126]]],[[[-100.21619,37.50006],[-100.21627,37.48978],[-100.25247,37.48969],[-100.25254,37.50422],[-100.21615,37.50432],[-100.21619,37.50006]]],[[[-100.36131,37.48934],[-100.3613,37.47477],[-100.39786,37.47474],[-100.39789,37.50369],[-100.37947,37.50387],[-100.37957,37.48927],[-100.36131,37.48934]]],[[[-100.0892,37.5182],[-100.08921,37.50368],[-100.10724,37.50392],[-100.10751,37.51847],[-100.0892,37.5182]]],[[[-100.16212,37.51864],[-100.16226,37.50405],[-100.18046,37.50412],[-100.18039,37.51876],[-100.16212,37.51864]]],[[[-100.12566,37.53321],[-100.12572,37.51847],[-100.14391,37.51855],[-100.14378,37.53315],[-100.12566,37.53321]]],[[[-100.48856,37.53304],[-100.45193,37.53307],[-100.45185,37.51844],[-100.41583,37.51846],[-100.4159,37.50378],[-100.47036,37.50392],[-100.47034,37.51843],[-100.48854,37.51848],[-100.48856,37.53304]]],[[[-100.68889,37.53304],[-100.68899,37.51854],[-100.7072,37.51853],[-100.70724,37.48945],[-100.72549,37.4894],[-100.72546,37.47481],[-100.7617,37.47479],[-100.76184,37.50385],[-100.74368,37.50393],[-100.74361,37.5185],[-100.72546,37.51869],[-100.72542,37.53323],[-100.68889,37.53304]]],[[[-100.48856,37.53304],[-100.50687,37.53302],[-100.50685,37.5476],[-100.48854,37.54762],[-100.48856,37.53304]]],[[[-100.0892,37.5182],[-100.08917,37.53287],[-100.07086,37.5326],[-100.07068,37.56188],[-100.05236,37.56157],[-100.05244,37.5177],[-100.0892,37.5182]]],[[[-101.78013,37.51946],[-101.79824,37.51971],[-101.7982,37.53419],[-101.7801,37.53395],[-101.78013,37.51946]]],[[[-100.08917,37.53287],[-100.12566,37.53321],[-100.12551,37.54787],[-100.10731,37.54764],[-100.10729,37.5622],[-100.08909,37.5621],[-100.08917,37.53287]]],[[[-99.94282,37.55971],[-99.96105,37.5601],[-99.96106,37.57475],[-99.94281,37.57444],[-99.94282,37.55971]]],[[[-100.50685,37.5476],[-100.52501,37.54753],[-100.52513,37.56233],[-100.54322,37.56233],[-100.54319,37.59135],[-100.52505,37.5914],[-100.5253,37.5769],[-100.50689,37.57685],[-100.50685,37.5476]]],[[[-99.10596,37.60069],[-99.10572,37.58618],[-99.12272,37.58618],[-99.12323,37.61544],[-99.10617,37.61529],[-99.10596,37.60069]]],[[[-100.48861,37.60596],[-100.48864,37.59135],[-100.50677,37.59135],[-100.50678,37.60591],[-100.48861,37.60596]]],[[[-99.32219,37.61623],[-99.32197,37.60139],[-99.33985,37.60149],[-99.34006,37.61619],[-99.32219,37.61623]]],[[[-99.48537,37.63068],[-99.48498,37.60104],[-99.52143,37.60098],[-99.52127,37.58612],[-99.55747,37.58593],[-99.55786,37.61574],[-99.50335,37.61596],[-99.5036,37.63071],[-99.48537,37.63068]]],[[[-100.12481,37.63517],[-100.14301,37.63521],[-100.14288,37.64976],[-100.12471,37.64968],[-100.12481,37.63517]]],[[[-101.8888,37.622],[-101.88871,37.60744],[-101.90689,37.60747],[-101.90701,37.62203],[-101.8888,37.622]]],[[[-99.05184,37.6296],[-99.01505,37.62947],[-99.01538,37.64388],[-98.96045,37.64427],[-98.96011,37.65902],[-98.94174,37.65923],[-98.94173,37.62996],[-98.97857,37.62978],[-98.97829,37.61528],[-98.99671,37.61518],[-98.99638,37.60072],[-99.05137,37.60057],[-99.05184,37.6296]]],[[[-98.73946,37.61621],[-98.73937,37.60167],[-98.70271,37.60173],[-98.70275,37.57274],[-98.7211,37.57283],[-98.72111,37.55832],[-98.70278,37.55828],[-98.70262,37.54373],[-98.73947,37.54382],[-98.73934,37.58711],[-98.75779,37.58693],[-98.75764,37.60156],[-98.79439,37.60127],[-98.79435,37.61592],[-98.81282,37.6158],[-98.81176,37.66091],[-98.73923,37.66058],[-98.73946,37.61621]]],[[[-99.85247,37.66199],[-99.83401,37.66191],[-99.83389,37.64619],[-99.85242,37.64651],[-99.85247,37.66199]]],[[[-99.85247,37.66199],[-99.87077,37.66204],[-99.87068,37.67657],[-99.85236,37.67664],[-99.85247,37.66199]]],[[[-99.96105,37.5601],[-99.96116,37.54536],[-100.01576,37.54645],[-100.01528,37.56108],[-100.03399,37.56132],[-100.03393,37.57592],[-100.05233,37.57612],[-100.05224,37.59065],[-100.07052,37.59089],[-100.07044,37.60552],[-100.10689,37.6059],[-100.10675,37.62044],[-100.12497,37.62063],[-100.12481,37.63517],[-100.05207,37.63449],[-100.05213,37.61991],[-100.01507,37.6195],[-100.01543,37.63418],[-99.99703,37.63395],[-99.99681,37.67795],[-99.96109,37.67755],[-99.96103,37.60401],[-99.99719,37.60466],[-99.99726,37.59003],[-99.99711,37.56073],[-99.96105,37.5601]]],[[[-99.05184,37.6296],[-99.12351,37.63012],[-99.12382,37.64468],[-99.10654,37.64448],[-99.1057,37.68803],[-99.06924,37.68775],[-99.06968,37.65878],[-99.05146,37.65867],[-99.05184,37.6296]]],[[[-99.74223,37.67633],[-99.7422,37.69089],[-99.72389,37.69075],[-99.72393,37.67633],[-99.74223,37.67633]]],[[[-98.60941,37.70371],[-98.60959,37.68922],[-98.6278,37.6892],[-98.62769,37.70368],[-98.60941,37.70371]]],[[[-98.66436,37.69552],[-98.66437,37.68937],[-98.64613,37.68922],[-98.64626,37.66019],[-98.72098,37.66056],[-98.72079,37.6897],[-98.70248,37.68961],[-98.7025,37.70411],[-98.6644,37.70386],[-98.66436,37.69552]]],[[[-99.7422,37.69089],[-99.76053,37.69105],[-99.76046,37.70548],[-99.74218,37.70535],[-99.7422,37.69089]]],[[[-101.16348,37.61994],[-101.16345,37.63451],[-101.19906,37.63445],[-101.19908,37.64902],[-101.16347,37.64897],[-101.16358,37.66353],[-101.21728,37.6634],[-101.21716,37.67801],[-101.1819,37.67811],[-101.18159,37.69256],[-101.0901,37.69273],[-101.0902,37.67821],[-101.10856,37.6782],[-101.10875,37.6491],[-101.12699,37.64907],[-101.12691,37.63452],[-101.14521,37.63446],[-101.14519,37.61985],[-101.16348,37.61994]]],[[[-98.60941,37.70371],[-98.60935,37.71831],[-98.59112,37.71818],[-98.59119,37.70365],[-98.60941,37.70371]]],[[[-100.50701,37.66401],[-100.50654,37.69315],[-100.48835,37.69317],[-100.48831,37.72254],[-100.37893,37.72285],[-100.37895,37.70824],[-100.36071,37.70831],[-100.36095,37.66433],[-100.37916,37.66441],[-100.37932,37.6498],[-100.36105,37.64983],[-100.361,37.6353],[-100.39762,37.63528],[-100.39742,37.66432],[-100.43358,37.66426],[-100.43361,37.64972],[-100.47004,37.64963],[-100.47012,37.66423],[-100.50701,37.66401]]],[[[-99.43159,37.66028],[-99.44922,37.66029],[-99.44936,37.67512],[-99.48595,37.67517],[-99.48576,37.66029],[-99.55844,37.66039],[-99.55888,37.69016],[-99.54075,37.69021],[-99.54073,37.67527],[-99.52225,37.67519],[-99.52236,37.69014],[-99.50401,37.69004],[-99.50452,37.71977],[-99.46814,37.71952],[-99.468,37.70472],[-99.4497,37.70471],[-99.44999,37.73436],[-99.43213,37.73423],[-99.43159,37.66028]]],[[[-101.70845,37.70072],[-101.70849,37.69336],[-101.7267,37.69341],[-101.72679,37.70793],[-101.7084,37.7079],[-101.70845,37.70072]]],[[[-99.50452,37.71977],[-99.54104,37.7199],[-99.54139,37.73482],[-99.55984,37.73493],[-99.55982,37.74939],[-99.52356,37.7496],[-99.52295,37.73473],[-99.50469,37.73462],[-99.50452,37.71977]]],[[[-97.91806,37.73384],[-97.93639,37.73381],[-97.93642,37.74835],[-97.89985,37.74837],[-97.89988,37.7338],[-97.91806,37.73384]]],[[[-101.05375,37.72974],[-101.05378,37.72223],[-101.07197,37.72213],[-101.07198,37.73646],[-101.05371,37.73651],[-101.05375,37.72974]]],[[[-100.12416,37.73695],[-100.16072,37.73692],[-100.16073,37.75147],[-100.12407,37.75142],[-100.12416,37.73695]]],[[[-100.2331,37.75155],[-100.19716,37.75154],[-100.19719,37.73695],[-100.23307,37.7371],[-100.2331,37.75155]]],[[[-97.50033,37.73659],[-97.5173,37.73635],[-97.51769,37.75093],[-97.49947,37.75116],[-97.49911,37.73663],[-97.50033,37.73659]]],[[[-99.52356,37.7496],[-99.52384,37.76407],[-99.50476,37.76392],[-99.50523,37.74945],[-99.52356,37.7496]]],[[[-100.2331,37.75155],[-100.25147,37.75171],[-100.25161,37.76632],[-100.23316,37.7662],[-100.2331,37.75155]]],[[[-97.55403,37.76456],[-97.53572,37.76478],[-97.53598,37.75065],[-97.55419,37.75041],[-97.55403,37.76456]]],[[[-99.63294,37.7702],[-99.63283,37.74859],[-99.66895,37.74883],[-99.66893,37.73428],[-99.72384,37.7344],[-99.72373,37.76329],[-99.6689,37.76334],[-99.6689,37.77793],[-99.63295,37.77794],[-99.63294,37.7702]]],[[[-97.55403,37.76456],[-97.57229,37.76444],[-97.57259,37.77909],[-97.55422,37.77912],[-97.55403,37.76456]]],[[[-100.25147,37.75171],[-100.25136,37.73708],[-100.26964,37.73712],[-100.26973,37.70809],[-100.32415,37.7083],[-100.32427,37.72278],[-100.34245,37.72279],[-100.3424,37.73725],[-100.36071,37.7373],[-100.36065,37.75188],[-100.32414,37.75185],[-100.32407,37.78107],[-100.30614,37.78099],[-100.30601,37.73725],[-100.28788,37.73716],[-100.28812,37.75181],[-100.25147,37.75171]]],[[[-99.55983,37.7926],[-99.5599,37.76349],[-99.61468,37.76337],[-99.61462,37.77797],[-99.5966,37.77814],[-99.59651,37.79266],[-99.55983,37.7926]]],[[[-97.57259,37.77909],[-97.5896,37.77899],[-97.58979,37.79349],[-97.57288,37.79359],[-97.57259,37.77909]]],[[[-101.96142,37.73851],[-101.96142,37.72392],[-102.01656,37.72399],[-102.01639,37.75295],[-102.03461,37.75283],[-102.03469,37.76734],[-101.99794,37.76746],[-101.99803,37.753],[-101.97979,37.75293],[-101.97969,37.73834],[-101.96142,37.73851]]],[[[-101.81625,37.76682],[-101.83463,37.76692],[-101.83464,37.78147],[-101.81641,37.78128],[-101.81625,37.76682]]],[[[-101.23515,37.77567],[-101.23511,37.76495],[-101.19921,37.7655],[-101.19864,37.75064],[-101.18143,37.75085],[-101.18146,37.70709],[-101.21699,37.70706],[-101.21693,37.72157],[-101.23528,37.7216],[-101.23521,37.73624],[-101.27191,37.73613],[-101.27188,37.76534],[-101.25363,37.76546],[-101.25364,37.79398],[-101.23543,37.79423],[-101.23515,37.77567]]],[[[-98.68471,37.81689],[-98.68468,37.80601],[-98.70304,37.80616],[-98.70285,37.82472],[-98.6847,37.82461],[-98.68471,37.81689]]],[[[-101.81625,37.76682],[-101.79796,37.76665],[-101.79771,37.7376],[-101.7433,37.73698],[-101.74353,37.708],[-101.76137,37.70804],[-101.76151,37.67918],[-101.77981,37.67953],[-101.77986,37.66492],[-101.76163,37.66465],[-101.76177,37.62107],[-101.72653,37.62075],[-101.72646,37.64991],[-101.74348,37.64991],[-101.74353,37.67902],[-101.72669,37.67887],[-101.72666,37.66449],[-101.69,37.66445],[-101.68998,37.70796],[-101.67188,37.7079],[-101.67199,37.72246],[-101.6539,37.72246],[-101.65375,37.70793],[-101.59979,37.70768],[-101.59949,37.69319],[-101.54495,37.69276],[-101.54475,37.67838],[-101.50901,37.67831],[-101.50894,37.69285],[-101.45422,37.69275],[-101.45435,37.70727],[-101.43586,37.70721],[-101.43607,37.72188],[-101.4005,37.72177],[-101.40055,37.73612],[-101.38217,37.73621],[-101.38237,37.75075],[-101.364,37.75072],[-101.36389,37.73617],[-101.3273,37.73612],[-101.3273,37.72163],[-101.30905,37.72163],[-101.30894,37.69258],[-101.2899,37.69261],[-101.28999,37.67808],[-101.25351,37.67796],[-101.25348,37.66351],[-101.21728,37.6634],[-101.21721,37.63432],[-101.19906,37.63445],[-101.19903,37.61991],[-101.16348,37.61994],[-101.16353,37.60544],[-101.19913,37.60539],[-101.1992,37.59086],[-101.21743,37.5908],[-101.21739,37.57635],[-101.19925,37.57632],[-101.19914,37.54733],[-101.25384,37.54747],[-101.25354,37.53283],[-101.30831,37.53293],[-101.30856,37.56187],[-101.27214,37.56187],[-101.2723,37.57643],[-101.254,37.57643],[-101.25393,37.60542],[-101.38175,37.60561],[-101.38186,37.62019],[-101.41729,37.62019],[-101.4172,37.60567],[-101.43529,37.60568],[-101.43555,37.62002],[-101.47184,37.62004],[-101.47206,37.63477],[-101.50868,37.63482],[-101.50839,37.59127],[-101.54462,37.59144],[-101.5447,37.57697],[-101.56283,37.57701],[-101.56287,37.56239],[-101.58098,37.5624],[-101.58097,37.54778],[-101.6173,37.54799],[-101.61705,37.5046],[-101.63512,37.50458],[-101.63511,37.47553],[-101.61698,37.4755],[-101.61699,37.46103],[-101.59864,37.46098],[-101.59878,37.44657],[-101.56224,37.44643],[-101.5622,37.46095],[-101.54411,37.46086],[-101.54402,37.43196],[-101.50745,37.43205],[-101.50747,37.44652],[-101.48944,37.44621],[-101.48934,37.46072],[-101.41671,37.46061],[-101.41672,37.44613],[-101.43478,37.44609],[-101.43485,37.43163],[-101.45296,37.43167],[-101.45298,37.4172],[-101.52585,37.41738],[-101.52582,37.40292],[-101.54402,37.40295],[-101.5439,37.38842],[-101.53856,37.38842],[-101.53844,37.37403],[-101.52026,37.37386],[-101.52005,37.33008],[-101.53817,37.33006],[-101.5381,37.34473],[-101.55627,37.34482],[-101.55679,37.38844],[-101.56232,37.38848],[-101.56228,37.41755],[-101.59873,37.41765],[-101.59885,37.43208],[-101.61706,37.43204],[-101.61713,37.44657],[-101.63506,37.44653],[-101.63511,37.46107],[-101.72615,37.46119],[-101.72621,37.47571],[-101.67155,37.47562],[-101.6715,37.50464],[-101.78013,37.50492],[-101.78013,37.51946],[-101.65328,37.51909],[-101.65323,37.53353],[-101.68973,37.5338],[-101.68974,37.54822],[-101.7435,37.54833],[-101.74349,37.57739],[-101.75046,37.57742],[-101.77999,37.57754],[-101.78001,37.54841],[-101.79804,37.54873],[-101.7982,37.53419],[-101.81634,37.53419],[-101.81632,37.54879],[-101.83425,37.54876],[-101.83441,37.56329],[-101.85253,37.56349],[-101.85244,37.57801],[-101.87019,37.5781],[-101.8702,37.59285],[-101.85353,37.59284],[-101.83434,37.59244],[-101.83447,37.57792],[-101.81606,37.57779],[-101.81616,37.62155],[-101.83456,37.62155],[-101.83457,37.6363],[-101.85254,37.63649],[-101.85251,37.65101],[-101.88892,37.65112],[-101.88891,37.68017],[-101.87098,37.68033],[-101.87106,37.69469],[-101.8889,37.69463],[-101.88882,37.70916],[-101.90706,37.70917],[-101.90685,37.73827],[-101.92515,37.73833],[-101.92518,37.75291],[-101.88855,37.75274],[-101.8885,37.79635],[-101.87022,37.79628],[-101.87008,37.75268],[-101.85218,37.75234],[-101.85212,37.7383],[-101.81612,37.73777],[-101.81625,37.76682]]],[[[-101.81623,37.67982],[-101.81625,37.66536],[-101.79815,37.66515],[-101.79814,37.67965],[-101.81623,37.67982],[-101.81614,37.69423],[-101.85226,37.69456],[-101.85253,37.66556],[-101.83449,37.66547],[-101.83435,37.67986],[-101.81623,37.67982]]],[[[-101.6988,37.62068],[-101.68985,37.6207],[-101.68988,37.63527],[-101.7082,37.63531],[-101.70809,37.62072],[-101.6988,37.62068]]],[[[-101.65336,37.64239],[-101.65334,37.63519],[-101.67172,37.63521],[-101.67159,37.62076],[-101.65335,37.62072],[-101.65326,37.59168],[-101.61738,37.59145],[-101.61721,37.62057],[-101.58092,37.6205],[-101.58091,37.63502],[-101.54455,37.63494],[-101.54471,37.64942],[-101.56291,37.64946],[-101.56291,37.66396],[-101.58109,37.66404],[-101.58107,37.64957],[-101.59943,37.64965],[-101.59925,37.6348],[-101.63521,37.63509],[-101.63521,37.64971],[-101.65337,37.64974],[-101.65336,37.64239]]],[[[-101.46307,37.66378],[-101.45391,37.6638],[-101.45408,37.67835],[-101.47237,37.67839],[-101.47214,37.66377],[-101.46307,37.66378]]],[[[-101.3638,37.67086],[-101.36386,37.64914],[-101.38209,37.64914],[-101.38198,37.63461],[-101.29027,37.63454],[-101.2903,37.64908],[-101.30905,37.64909],[-101.30899,37.6781],[-101.3638,37.67819],[-101.3638,37.67086]]],[[[-101.77724,37.60654],[-101.77996,37.60656],[-101.77995,37.59198],[-101.74349,37.59196],[-101.74348,37.60636],[-101.77724,37.60654]]],[[[-101.34575,37.79441],[-101.34561,37.809],[-101.32742,37.80891],[-101.32769,37.79433],[-101.34575,37.79441]]],[[[-101.36384,37.80902],[-101.3639,37.7944],[-101.34575,37.79441],[-101.34559,37.7799],[-101.36391,37.77995],[-101.36395,37.76523],[-101.38229,37.76541],[-101.38196,37.8091],[-101.36384,37.80902]]],[[[-98.44711,37.82453],[-98.45405,37.82456],[-98.45387,37.83908],[-98.43558,37.839],[-98.43561,37.8245],[-98.44711,37.82453]]],[[[-98.30017,37.82454],[-98.30682,37.82452],[-98.30672,37.83915],[-98.28848,37.83921],[-98.28849,37.82461],[-98.30017,37.82454]]],[[[-99.9546,37.87503],[-99.95451,37.86953],[-99.97288,37.86945],[-99.97297,37.88395],[-99.95468,37.88402],[-99.9546,37.87503]]],[[[-97.58979,37.79349],[-97.62636,37.79328],[-97.62648,37.80792],[-97.64488,37.80778],[-97.64503,37.82496],[-97.64712,37.82495],[-97.64704,37.86874],[-97.62869,37.86874],[-97.62844,37.88335],[-97.61041,37.88332],[-97.61053,37.82521],[-97.60835,37.82521],[-97.60828,37.808],[-97.59004,37.80808],[-97.58979,37.79349]]],[[[-99.9179,37.88424],[-99.93617,37.88406],[-99.93646,37.89871],[-99.91814,37.8988],[-99.9179,37.88424]]],[[[-97.70204,37.88349],[-97.73813,37.88349],[-97.73803,37.89803],[-97.70211,37.89801],[-97.70204,37.88349]]],[[[-97.42701,37.8979],[-97.4088,37.89775],[-97.40856,37.85402],[-97.39031,37.854],[-97.39011,37.79615],[-97.37186,37.79591],[-97.37157,37.7375],[-97.44449,37.7375],[-97.44491,37.78104],[-97.42672,37.78149],[-97.42696,37.85406],[-97.4454,37.85411],[-97.44545,37.88329],[-97.42701,37.88325],[-97.42701,37.8979]]],[[[-97.73803,37.89803],[-97.79303,37.89751],[-97.79382,37.91223],[-97.73863,37.91233],[-97.73803,37.89803]]],[[[-97.62844,37.88335],[-97.66533,37.88324],[-97.66541,37.86873],[-97.70208,37.86876],[-97.70204,37.88349],[-97.6837,37.88337],[-97.68373,37.89791],[-97.66541,37.89784],[-97.66544,37.91233],[-97.64708,37.91237],[-97.6471,37.89782],[-97.62871,37.89782],[-97.62844,37.88335]]],[[[-99.91805,37.9205],[-99.9181,37.9133],[-99.93654,37.91332],[-99.93656,37.92774],[-99.91798,37.92782],[-99.91805,37.9205]]],[[[-101.32218,37.91512],[-101.32219,37.90053],[-101.3041,37.9005],[-101.30402,37.88606],[-101.32227,37.88616],[-101.32249,37.87184],[-101.34101,37.87147],[-101.341,37.84252],[-101.32264,37.84261],[-101.3227,37.82818],[-101.34553,37.82812],[-101.34561,37.809],[-101.36384,37.80902],[-101.36405,37.82819],[-101.35931,37.82816],[-101.35901,37.88591],[-101.34071,37.88603],[-101.3403,37.91503],[-101.32218,37.91512]]],[[[-99.88145,37.94238],[-99.88161,37.91327],[-99.89971,37.91337],[-99.8996,37.94254],[-99.88145,37.94238]]],[[[-99.99147,37.92766],[-100.00937,37.92749],[-100.00941,37.94212],[-99.99139,37.94204],[-99.99147,37.92766]]],[[[-97.79382,37.91223],[-97.84838,37.9122],[-97.84845,37.92658],[-97.83009,37.92648],[-97.83011,37.94097],[-97.81177,37.94128],[-97.81179,37.92675],[-97.79374,37.92677],[-97.79382,37.91223]]],[[[-101.30429,37.92974],[-101.30426,37.91521],[-101.32218,37.91512],[-101.32222,37.92963],[-101.30429,37.92974]]],[[[-98.74697,37.94856],[-98.74692,37.94122],[-98.76565,37.94147],[-98.76567,37.95595],[-98.74701,37.95583],[-98.74697,37.94856]]],[[[-98.05068,37.95562],[-98.05059,37.94134],[-98.06834,37.94131],[-98.06885,37.95532],[-98.05068,37.95562]]],[[[-99.88145,37.94238],[-99.88137,37.95714],[-99.86318,37.95691],[-99.86322,37.94227],[-99.88145,37.94238]]],[[[-97.83011,37.94097],[-97.86671,37.94109],[-97.86686,37.9556],[-97.83033,37.95566],[-97.83011,37.94097]]],[[[-97.86686,37.9556],[-97.88517,37.95542],[-97.88515,37.96997],[-97.86696,37.97012],[-97.86686,37.9556]]],[[[-97.42701,37.8979],[-97.4455,37.8979],[-97.44541,37.97056],[-97.42702,37.97056],[-97.42701,37.8979]]],[[[-98.05068,37.95562],[-98.05039,37.98477],[-98.03191,37.98462],[-98.03192,37.95548],[-98.05068,37.95562]]],[[[-97.97712,37.98407],[-97.94024,37.98454],[-97.94037,37.96991],[-97.97796,37.96954],[-97.97712,37.98407]]],[[[-97.88515,37.96997],[-97.90354,37.97012],[-97.90344,37.98472],[-97.88508,37.98452],[-97.88515,37.96997]]],[[[-97.66572,37.97065],[-97.68393,37.97064],[-97.68383,37.98521],[-97.66547,37.98522],[-97.66572,37.97065]]],[[[-97.42702,37.97056],[-97.42711,37.98519],[-97.40869,37.98521],[-97.40872,37.97057],[-97.42702,37.97056]]],[[[-97.97712,37.98407],[-98.01364,37.98455],[-98.01387,37.99919],[-97.97706,37.99924],[-97.97712,37.98407]]],[[[-100.10031,38.00059],[-100.10041,37.98592],[-100.11707,37.98599],[-100.11706,38.00057],[-100.10031,38.00059]]],[[[-98.01387,37.99919],[-98.0319,37.99912],[-98.03192,38.01351],[-98.01363,38.01343],[-98.01387,37.99919]]],[[[-100.10031,38.00059],[-100.10031,38.01502],[-100.06409,38.01499],[-100.06398,38.00055],[-100.10031,38.00059]]],[[[-100.11706,38.00057],[-100.13538,38.00061],[-100.13551,37.98608],[-100.11707,37.98599],[-100.11718,37.9715],[-100.15374,37.97178],[-100.15368,37.98615],[-100.17214,37.98626],[-100.17198,38.00078],[-100.15363,38.00078],[-100.15366,38.01516],[-100.11694,38.01502],[-100.11706,38.00057]]],[[[-98.53658,37.99843],[-98.54569,37.99838],[-98.5459,38.0274],[-98.5275,38.02739],[-98.52735,37.99844],[-98.53658,37.99843]]],[[[-100.71942,37.98845],[-100.73748,37.9887],[-100.73743,38.00312],[-100.75568,38.00339],[-100.75568,38.0176],[-100.71916,38.01747],[-100.71942,37.98845]]],[[[-98.03192,38.01351],[-98.10586,38.01378],[-98.10585,38.02829],[-98.03192,38.02817],[-98.03192,38.01351]]],[[[-100.75568,38.00339],[-100.75595,37.97449],[-100.79234,37.97469],[-100.7926,38.00369],[-100.81092,38.00375],[-100.81088,38.01834],[-100.77422,38.01813],[-100.77419,38.00359],[-100.75568,38.00339]]],[[[-101.23113,38.00244],[-101.231,38.01708],[-101.21276,38.01717],[-101.21293,38.00252],[-101.23113,38.00244]]],[[[-98.10585,38.02829],[-98.12427,38.02788],[-98.14215,38.02854],[-98.14225,38.04303],[-98.10578,38.04271],[-98.10585,38.02829]]],[[[-99.87068,37.67657],[-99.88861,37.67657],[-99.8889,37.647],[-99.90699,37.64733],[-99.90689,37.66219],[-99.94306,37.66259],[-99.94303,37.67729],[-99.92486,37.67706],[-99.9247,37.69166],[-99.961,37.69217],[-99.96086,37.7068],[-100.03332,37.70742],[-100.03358,37.66359],[-100.07011,37.66381],[-100.07011,37.67837],[-100.10636,37.67865],[-100.10623,37.69321],[-100.12438,37.69335],[-100.12435,37.70796],[-100.10614,37.70773],[-100.10607,37.72232],[-100.12421,37.72251],[-100.12416,37.73695],[-100.08813,37.73674],[-100.0882,37.72222],[-100.03328,37.72193],[-100.03321,37.73647],[-100.06979,37.73667],[-100.06957,37.76579],[-100.10577,37.76598],[-100.1056,37.79499],[-100.1243,37.795],[-100.12436,37.82634],[-100.118,37.82632],[-100.11799,37.84086],[-100.15445,37.8411],[-100.15449,37.85551],[-100.1911,37.85583],[-100.1912,37.82673],[-100.17923,37.82665],[-100.179,37.80967],[-100.16075,37.80973],[-100.16084,37.79516],[-100.21502,37.79515],[-100.21486,37.78048],[-100.25157,37.78081],[-100.25151,37.79539],[-100.23328,37.79532],[-100.23327,37.80986],[-100.21479,37.80972],[-100.21481,37.82689],[-100.22771,37.82691],[-100.22763,37.84145],[-100.24586,37.84156],[-100.2458,37.85605],[-100.39207,37.85645],[-100.39204,37.87081],[-100.41032,37.87106],[-100.41023,37.84184],[-100.39208,37.84179],[-100.39223,37.82759],[-100.25171,37.82704],[-100.25141,37.80991],[-100.26976,37.81003],[-100.26983,37.79546],[-100.32405,37.79551],[-100.32407,37.78107],[-100.36049,37.78092],[-100.36067,37.76626],[-100.37879,37.76639],[-100.37892,37.75192],[-100.41541,37.75191],[-100.41533,37.78084],[-100.50618,37.78067],[-100.50607,37.76615],[-100.54272,37.76607],[-100.54285,37.73702],[-100.5611,37.73677],[-100.56129,37.72248],[-100.5795,37.72243],[-100.57931,37.73669],[-100.5976,37.73667],[-100.59745,37.75125],[-100.61564,37.75105],[-100.61555,37.76602],[-100.6521,37.76565],[-100.65232,37.70733],[-100.6705,37.70732],[-100.67051,37.69284],[-100.59802,37.69314],[-100.59797,37.67863],[-100.54296,37.67894],[-100.54302,37.66422],[-100.50701,37.66401],[-100.50683,37.63502],[-100.4884,37.63492],[-100.48851,37.62038],[-100.54302,37.62055],[-100.54301,37.64968],[-100.5796,37.64955],[-100.57966,37.66403],[-100.67062,37.66369],[-100.67053,37.67822],[-100.68899,37.6784],[-100.68897,37.70736],[-100.70709,37.70737],[-100.70689,37.75113],[-100.67058,37.75098],[-100.67002,37.795],[-100.72473,37.795],[-100.72456,37.82903],[-100.73794,37.82907],[-100.73783,37.84364],[-100.75594,37.84365],[-100.75605,37.85818],[-100.77426,37.85824],[-100.77403,37.88727],[-100.73772,37.88718],[-100.73798,37.91628],[-100.7197,37.91617],[-100.71942,37.98845],[-100.64635,37.98783],[-100.64632,38.00238],[-100.62791,38.00222],[-100.628,38.01662],[-100.60978,38.0165],[-100.60968,37.98762],[-100.57318,37.98737],[-100.57322,38.01634],[-100.55488,38.01621],[-100.5548,38.03083],[-100.5367,38.03069],[-100.53674,38.01614],[-100.48193,38.01557],[-100.48207,38.00102],[-100.4638,38.00083],[-100.46367,38.0154],[-100.35444,38.01569],[-100.33615,38.01568],[-100.33618,38.00121],[-100.29981,38.0012],[-100.29979,38.01567],[-100.28137,38.01567],[-100.2812,38.03012],[-100.26291,38.03029],[-100.26272,38.04468],[-100.18998,38.04449],[-100.19019,38.01538],[-100.20856,38.01539],[-100.20857,38.00096],[-100.22667,38.00105],[-100.2268,37.98649],[-100.31832,37.98666],[-100.31855,37.9576],[-100.3366,37.95774],[-100.33684,37.92876],[-100.28208,37.92843],[-100.28203,37.91411],[-100.26374,37.91411],[-100.26384,37.88502],[-100.24565,37.88498],[-100.24575,37.87048],[-100.20929,37.87039],[-100.20923,37.88492],[-100.15428,37.88468],[-100.1544,37.87014],[-100.13592,37.86993],[-100.13616,37.85533],[-100.10072,37.85515],[-100.10069,37.82622],[-100.08811,37.82617],[-100.08817,37.80942],[-100.06996,37.80936],[-100.06976,37.79482],[-100.05157,37.79481],[-100.05165,37.80938],[-99.96053,37.80841],[-99.9607,37.7939],[-99.94249,37.79383],[-99.94263,37.77929],[-99.90583,37.77893],[-99.90617,37.74989],[-99.88787,37.74973],[-99.88826,37.72056],[-99.87034,37.72027],[-99.87068,37.67657]]],[[[-99.99228,37.73631],[-99.99658,37.73633],[-99.99654,37.7218],[-99.94273,37.72118],[-99.94291,37.70666],[-99.90626,37.70596],[-99.90636,37.7354],[-99.99228,37.73631]]],[[[-100.40988,37.94315],[-100.40966,37.97205],[-100.44582,37.97208],[-100.44614,37.94318],[-100.40988,37.94315]]],[[[-100.62545,37.85769],[-100.62858,37.85742],[-100.62873,37.84329],[-100.5922,37.84284],[-100.59208,37.8575],[-100.62545,37.85769]]],[[[-98.23416,37.99904],[-98.23436,38.02828],[-98.21582,38.02842],[-98.21598,38.05744],[-98.16103,38.05759],[-98.16067,38.02846],[-98.1789,38.02871],[-98.17884,38.01411],[-98.19731,38.01386],[-98.19734,37.99927],[-98.23416,37.99904]]],[[[-100.13515,38.04414],[-100.13535,38.02955],[-100.1536,38.02963],[-100.15332,38.05876],[-100.1351,38.05861],[-100.13515,38.04414]]],[[[-101.231,38.01708],[-101.24927,38.01697],[-101.24946,38.00237],[-101.23113,38.00244],[-101.23115,37.98791],[-101.26767,37.98782],[-101.26775,37.97316],[-101.28618,37.97325],[-101.28608,37.92971],[-101.30429,37.92974],[-101.3042,37.97323],[-101.39539,37.97327],[-101.39543,37.95865],[-101.41358,37.95879],[-101.41383,38.00247],[-101.43181,38.00254],[-101.43179,38.01708],[-101.46817,38.01698],[-101.46816,38.03146],[-101.45014,38.03149],[-101.45008,38.04608],[-101.41373,38.04606],[-101.41371,38.03159],[-101.37713,38.03153],[-101.37711,38.00239],[-101.35882,38.00235],[-101.3588,38.03154],[-101.30429,38.03155],[-101.30431,38.04626],[-101.28589,38.04624],[-101.28593,38.03158],[-101.23095,38.03166],[-101.231,38.01708]]],[[[-101.31341,38.01689],[-101.32221,38.01693],[-101.32208,37.98782],[-101.30423,37.9878],[-101.30428,38.00231],[-101.28602,38.00237],[-101.286,38.01698],[-101.31341,38.01689]]],[[[-98.40874,38.0569],[-98.41776,38.0568],[-98.41784,38.07138],[-98.38143,38.07155],[-98.38166,38.05703],[-98.40874,38.0569]]],[[[-100.81088,38.01834],[-100.82929,38.01836],[-100.8292,38.04733],[-100.84753,38.04739],[-100.84748,38.06187],[-100.81076,38.06181],[-100.81088,38.01834]]],[[[-100.57292,38.07451],[-100.53679,38.07413],[-100.53674,38.05959],[-100.51842,38.05946],[-100.51845,38.04492],[-100.55474,38.04527],[-100.55465,38.05977],[-100.57313,38.05987],[-100.57292,38.07451]]],[[[-101.17613,38.05393],[-101.17609,38.04656],[-101.19452,38.0465],[-101.1943,38.07572],[-101.17604,38.07573],[-101.17613,38.05393]]],[[[-100.57292,38.07451],[-100.59134,38.07475],[-100.59109,38.08912],[-100.57275,38.08902],[-100.57292,38.07451]]],[[[-98.23416,37.99904],[-98.23323,37.95542],[-98.19737,37.95584],[-98.19729,37.97034],[-98.17869,37.97046],[-98.17839,37.98508],[-98.16059,37.985],[-98.16054,37.92679],[-98.19712,37.92668],[-98.19719,37.94121],[-98.21517,37.94107],[-98.21543,37.92666],[-98.19712,37.92668],[-98.1966,37.89803],[-98.21484,37.89762],[-98.21509,37.88337],[-98.28891,37.88287],[-98.28869,37.86819],[-98.307,37.86837],[-98.30673,37.85378],[-98.32464,37.85365],[-98.32488,37.83899],[-98.34348,37.83912],[-98.34365,37.82449],[-98.33748,37.82444],[-98.33753,37.79077],[-98.26416,37.79072],[-98.26429,37.77616],[-98.24597,37.77634],[-98.24622,37.7181],[-98.15436,37.71827],[-98.15417,37.70385],[-98.1725,37.70365],[-98.17235,37.68913],[-98.19063,37.68919],[-98.19053,37.67466],[-98.22716,37.67452],[-98.22714,37.64571],[-98.19025,37.64633],[-98.19058,37.61786],[-98.13579,37.61828],[-98.13588,37.63278],[-98.1176,37.63238],[-98.11778,37.61804],[-98.09952,37.61842],[-98.09947,37.60415],[-98.08102,37.60422],[-98.08106,37.58977],[-98.06289,37.58974],[-98.06289,37.57533],[-98.0448,37.57537],[-98.04487,37.5165],[-98.00878,37.51722],[-98.00868,37.47262],[-98.02688,37.47252],[-98.02674,37.50181],[-98.0995,37.50156],[-98.09923,37.51638],[-98.11744,37.51653],[-98.11747,37.5312],[-98.13548,37.53113],[-98.13547,37.5604],[-98.19059,37.55986],[-98.19064,37.54534],[-98.2271,37.54428],[-98.22706,37.55884],[-98.24548,37.55829],[-98.2455,37.57279],[-98.22698,37.57333],[-98.22706,37.60245],[-98.24571,37.6018],[-98.24584,37.63097],[-98.26394,37.63101],[-98.26429,37.64534],[-98.24596,37.64541],[-98.24609,37.65992],[-98.28277,37.65983],[-98.28263,37.64536],[-98.3007,37.64531],[-98.30059,37.6308],[-98.28239,37.63085],[-98.28226,37.61636],[-98.26386,37.61648],[-98.2637,37.60201],[-98.28214,37.60178],[-98.28201,37.57274],[-98.30064,37.57259],[-98.3005,37.55818],[-98.28212,37.55825],[-98.2824,37.51553],[-98.30054,37.51519],[-98.30034,37.48602],[-98.37352,37.48575],[-98.37338,37.47124],[-98.28207,37.47129],[-98.28159,37.45682],[-98.24545,37.45659],[-98.24544,37.42761],[-98.282,37.42772],[-98.28187,37.41317],[-98.26361,37.4132],[-98.26363,37.3987],[-98.30013,37.39864],[-98.30015,37.38411],[-98.34948,37.38395],[-98.34945,37.36944],[-98.36773,37.36947],[-98.36768,37.35504],[-98.38597,37.35504],[-98.38538,37.32609],[-98.40387,37.32621],[-98.40398,37.31158],[-98.42219,37.31171],[-98.42199,37.29715],[-98.46011,37.2974],[-98.45966,37.31188],[-98.44036,37.3118],[-98.44046,37.32617],[-98.42224,37.32624],[-98.42235,37.34048],[-98.44059,37.34051],[-98.44066,37.35495],[-98.51419,37.35523],[-98.51416,37.36978],[-98.53234,37.36983],[-98.5318,37.38403],[-98.53801,37.38404],[-98.53796,37.39859],[-98.55621,37.39853],[-98.55653,37.38412],[-98.57467,37.38418],[-98.57437,37.41296],[-98.5927,37.41304],[-98.59255,37.42734],[-98.61096,37.42739],[-98.61109,37.39898],[-98.62944,37.39882],[-98.6293,37.41334],[-98.64763,37.4131],[-98.64756,37.42763],[-98.68393,37.42753],[-98.68382,37.44178],[-98.72045,37.44176],[-98.72057,37.41297],[-98.73877,37.41281],[-98.73875,37.3984],[-98.79351,37.39835],[-98.7933,37.41269],[-98.86643,37.41274],[-98.86645,37.42715],[-98.84817,37.42701],[-98.84798,37.44141],[-98.81165,37.44165],[-98.81171,37.45602],[-98.8846,37.45614],[-98.88467,37.42729],[-98.90285,37.42722],[-98.90258,37.4703],[-98.93915,37.47038],[-98.93933,37.45623],[-99.01246,37.45628],[-99.01225,37.47054],[-99.03052,37.47052],[-99.03069,37.48495],[-99.04885,37.48492],[-99.04908,37.49938],[-99.08564,37.49937],[-99.08573,37.51402],[-99.10377,37.51393],[-99.10373,37.49939],[-99.14003,37.49923],[-99.14009,37.51365],[-99.1578,37.51367],[-99.15775,37.52841],[-99.17594,37.52818],[-99.17607,37.51359],[-99.21222,37.51339],[-99.21232,37.54283],[-99.23017,37.54283],[-99.23012,37.55759],[-99.24843,37.55749],[-99.24835,37.5428],[-99.26654,37.54275],[-99.26628,37.51326],[-99.32043,37.51309],[-99.32022,37.49839],[-99.3381,37.4983],[-99.3385,37.513],[-99.35674,37.51302],[-99.35637,37.4983],[-99.39295,37.49812],[-99.39284,37.48328],[-99.41116,37.48311],[-99.42957,37.48315],[-99.42955,37.49799],[-99.4477,37.49792],[-99.44752,37.45389],[-99.52018,37.45335],[-99.52001,37.46802],[-99.55609,37.46787],[-99.55582,37.43889],[-99.53818,37.43883],[-99.53775,37.42423],[-99.50164,37.42445],[-99.50154,37.41002],[-99.51944,37.40987],[-99.5194,37.39566],[-99.55559,37.39548],[-99.55572,37.40986],[-99.57378,37.40985],[-99.57363,37.39538],[-99.61016,37.39512],[-99.6104,37.42413],[-99.62856,37.42402],[-99.62864,37.43849],[-99.6468,37.43841],[-99.64664,37.42398],[-99.68304,37.42381],[-99.68314,37.43832],[-99.6649,37.43827],[-99.66506,37.45265],[-99.68336,37.45273],[-99.68345,37.46719],[-99.77449,37.46743],[-99.77424,37.45276],[-99.79316,37.45342],[-99.79361,37.48268],[-99.77479,37.48224],[-99.77541,37.51195],[-99.75712,37.51199],[-99.75762,37.54169],[-99.70309,37.54171],[-99.70315,37.57141],[-99.72133,37.57134],[-99.72148,37.58626],[-99.75806,37.58627],[-99.75765,37.55641],[-99.77587,37.55646],[-99.77541,37.51195],[-99.79418,37.5123],[-99.79361,37.48268],[-99.81252,37.48308],[-99.81171,37.43922],[-99.84965,37.4403],[-99.84989,37.45479],[-99.8688,37.45531],[-99.86893,37.46973],[-99.90651,37.47059],[-99.90645,37.4853],[-99.8882,37.48489],[-99.88822,37.49961],[-99.90649,37.50003],[-99.90645,37.4853],[-99.92467,37.48575],[-99.92477,37.47103],[-99.96124,37.47195],[-99.95984,37.42824],[-99.97851,37.42871],[-99.97855,37.41411],[-100.01572,37.4145],[-100.01565,37.44343],[-99.99724,37.4435],[-99.99752,37.51689],[-99.97953,37.51638],[-99.97951,37.53113],[-99.96115,37.53071],[-99.96116,37.54536],[-99.94288,37.54496],[-99.94282,37.55971],[-99.92447,37.55935],[-99.92473,37.54455],[-99.90648,37.54421],[-99.90622,37.55892],[-99.88817,37.55848],[-99.88819,37.58811],[-99.92461,37.58876],[-99.92458,37.61824],[-99.83265,37.61662],[-99.83306,37.64617],[-99.77885,37.64588],[-99.77876,37.66175],[-99.76049,37.66186],[-99.76049,37.67642],[-99.74223,37.67633],[-99.74234,37.654],[-99.74032,37.64923],[-99.74032,37.6461],[-99.75902,37.64611],[-99.75881,37.63105],[-99.74022,37.63118],[-99.74014,37.6162],[-99.6495,37.61615],[-99.64935,37.60131],[-99.61274,37.6014],[-99.61229,37.57163],[-99.6487,37.57152],[-99.64899,37.58621],[-99.68515,37.58633],[-99.6847,37.54174],[-99.66631,37.54165],[-99.6661,37.5267],[-99.61168,37.52738],[-99.61198,37.54228],[-99.59356,37.54239],[-99.59379,37.55686],[-99.57539,37.55692],[-99.57566,37.5718],[-99.53931,37.57121],[-99.53893,37.52691],[-99.5568,37.52681],[-99.55662,37.51217],[-99.53885,37.5122],[-99.53875,37.49748],[-99.50228,37.4977],[-99.50247,37.51247],[-99.44784,37.5126],[-99.44793,37.5273],[-99.41165,37.5275],[-99.41189,37.54218],[-99.37544,37.54224],[-99.37561,37.55703],[-99.41201,37.55686],[-99.41222,37.57167],[-99.46643,37.57144],[-99.46662,37.58625],[-99.48479,37.58633],[-99.48498,37.60104],[-99.46678,37.601],[-99.4669,37.61593],[-99.4672,37.63071],[-99.48537,37.63068],[-99.48558,37.64548],[-99.44913,37.64551],[-99.44905,37.63067],[-99.41295,37.63075],[-99.41316,37.64555],[-99.4314,37.64548],[-99.43159,37.66028],[-99.35872,37.6603],[-99.35856,37.63091],[-99.39475,37.63075],[-99.39437,37.60128],[-99.33985,37.60149],[-99.33906,37.54243],[-99.3028,37.5426],[-99.30305,37.55733],[-99.26664,37.55747],[-99.267,37.58678],[-99.2488,37.58684],[-99.24916,37.61626],[-99.32219,37.61623],[-99.32245,37.64569],[-99.21374,37.64553],[-99.21379,37.6603],[-99.19585,37.66009],[-99.1954,37.63075],[-99.21338,37.63091],[-99.21309,37.61622],[-99.1772,37.61589],[-99.17696,37.60118],[-99.15892,37.60109],[-99.15873,37.58642],[-99.17675,37.58656],[-99.17627,37.55725],[-99.15825,37.55712],[-99.1581,37.54272],[-99.14015,37.54273],[-99.14017,37.55704],[-99.08639,37.55688],[-99.08615,37.54295],[-98.95866,37.54289],[-98.95847,37.52846],[-98.92161,37.52857],[-98.92142,37.51412],[-98.90315,37.51404],[-98.90277,37.49945],[-98.84772,37.49947],[-98.84757,37.48487],[-98.8293,37.48499],[-98.82959,37.47046],[-98.73835,37.47063],[-98.73851,37.45616],[-98.66552,37.45631],[-98.66548,37.47061],[-98.64729,37.47051],[-98.64707,37.48516],[-98.59272,37.48545],[-98.59259,37.47069],[-98.55603,37.47081],[-98.55618,37.45638],[-98.53782,37.45645],[-98.53792,37.44204],[-98.4281,37.44211],[-98.42805,37.42759],[-98.40983,37.42769],[-98.40988,37.44229],[-98.39172,37.44235],[-98.3917,37.4567],[-98.40994,37.45678],[-98.40993,37.4712],[-98.43088,37.4712],[-98.44654,37.47115],[-98.44653,37.45668],[-98.46461,37.45666],[-98.46471,37.4855],[-98.48299,37.48549],[-98.48317,37.54335],[-98.44688,37.54371],[-98.44688,37.55799],[-98.42844,37.558],[-98.42841,37.57257],[-98.41013,37.57253],[-98.41039,37.61614],[-98.42872,37.61636],[-98.42881,37.6309],[-98.46502,37.63081],[-98.46484,37.65985],[-98.48322,37.65992],[-98.48322,37.67451],[-98.44673,37.67459],[-98.44657,37.68887],[-98.42811,37.68884],[-98.4282,37.70333],[-98.40992,37.70332],[-98.41004,37.73245],[-98.42856,37.73244],[-98.42877,37.74709],[-98.46485,37.74723],[-98.46485,37.73265],[-98.48311,37.73257],[-98.48302,37.70345],[-98.51955,37.70357],[-98.51976,37.74734],[-98.50155,37.74719],[-98.50172,37.76178],[-98.46485,37.76186],[-98.46483,37.77642],[-98.44751,37.77661],[-98.44738,37.79125],[-98.39215,37.79084],[-98.3922,37.82451],[-98.3806,37.82457],[-98.38063,37.8682],[-98.41726,37.86813],[-98.41739,37.8827],[-98.45385,37.88271],[-98.45373,37.89718],[-98.50867,37.89692],[-98.50877,37.88247],[-98.52706,37.88245],[-98.52706,37.89689],[-98.56364,37.89677],[-98.56361,37.91128],[-98.54532,37.91134],[-98.54529,37.92584],[-98.47204,37.9261],[-98.47204,37.94054],[-98.454,37.94069],[-98.4542,37.96977],[-98.43581,37.96979],[-98.43574,37.99878],[-98.38095,37.99881],[-98.38086,37.9845],[-98.32563,37.98439],[-98.32568,37.99893],[-98.30723,37.99911],[-98.30776,38.0573],[-98.28916,38.05736],[-98.28908,38.08637],[-98.27066,38.08641],[-98.27071,38.10098],[-98.25212,38.10084],[-98.25211,38.0863],[-98.23434,38.08633],[-98.23432,38.07911],[-98.23436,38.07187],[-98.2707,38.07193],[-98.27048,37.99928],[-98.23416,37.99904]]],[[[-98.31643,37.92627],[-98.32562,37.9261],[-98.32561,37.89705],[-98.28893,37.89742],[-98.28894,37.91201],[-98.2706,37.91214],[-98.27049,37.94138],[-98.28886,37.94093],[-98.28893,37.92649],[-98.31643,37.92627]]],[[[-98.36238,37.92636],[-98.38071,37.92644],[-98.38053,37.91195],[-98.36246,37.912],[-98.36238,37.92636]]],[[[-98.31928,37.7616],[-98.31945,37.74689],[-98.33769,37.74687],[-98.33766,37.73258],[-98.39211,37.73247],[-98.3915,37.68887],[-98.35544,37.68897],[-98.35547,37.70348],[-98.31929,37.70331],[-98.31925,37.68875],[-98.30107,37.68889],[-98.30104,37.73253],[-98.28285,37.73253],[-98.28252,37.7762],[-98.31931,37.77612],[-98.31928,37.7616]]],[[[-98.39185,37.65972],[-98.39227,37.61605],[-98.37417,37.61614],[-98.37375,37.60157],[-98.3554,37.60159],[-98.3555,37.61612],[-98.33712,37.61629],[-98.33709,37.63087],[-98.37414,37.63068],[-98.37379,37.65983],[-98.39185,37.65972],[-98.39146,37.67432],[-98.40972,37.67433],[-98.40966,37.65978],[-98.39185,37.65972]]],[[[-98.35526,37.54359],[-98.39184,37.54363],[-98.39201,37.51469],[-98.35514,37.51469],[-98.35526,37.54359]]],[[[-99.21294,37.60154],[-99.23072,37.60158],[-99.23052,37.58692],[-99.19471,37.58665],[-99.19495,37.60134],[-99.21294,37.60154]]],[[[-99.5746,37.50003],[-99.57509,37.51261],[-99.64788,37.51223],[-99.64738,37.48219],[-99.57444,37.48264],[-99.5746,37.50003]]],[[[-99.69303,37.49694],[-99.70213,37.49697],[-99.70185,37.48206],[-99.6654,37.48198],[-99.66562,37.49691],[-99.69303,37.49694]]],[[[-99.86047,37.58761],[-99.86963,37.58777],[-99.86946,37.54356],[-99.83196,37.54261],[-99.83185,37.52782],[-99.81313,37.52739],[-99.81329,37.54217],[-99.79468,37.54202],[-99.79516,37.57153],[-99.81374,37.57188],[-99.8139,37.5867],[-99.86047,37.58761]]],[[[-99.97957,37.48705],[-99.96118,37.48655],[-99.96123,37.50135],[-99.97952,37.50169],[-99.97957,37.48705]]],[[[-98.42833,37.39852],[-98.42829,37.38402],[-98.44057,37.38399],[-98.44083,37.36946],[-98.40424,37.3695],[-98.40423,37.384],[-98.41013,37.38402],[-98.41003,37.39858],[-98.42833,37.39852]]],[[[-101.24899,38.06926],[-101.24905,38.06084],[-101.3042,38.06093],[-101.3041,38.07557],[-101.34035,38.07524],[-101.34046,38.09009],[-101.24894,38.09011],[-101.24899,38.06926]]],[[[-98.56469,38.11454],[-98.52805,38.11451],[-98.52794,38.09992],[-98.56464,38.10005],[-98.56469,38.11454]]],[[[-100.90177,38.10562],[-100.90182,38.09112],[-100.92025,38.09105],[-100.92038,38.07656],[-100.95672,38.07629],[-100.9567,38.0909],[-100.93844,38.09098],[-100.93838,38.10533],[-100.90177,38.10562]]],[[[-100.59082,38.11805],[-100.59106,38.1037],[-100.60927,38.1038],[-100.60932,38.11827],[-100.59082,38.11805]]],[[[-98.91317,38.05831],[-98.85802,38.05813],[-98.858,38.07255],[-98.87634,38.07263],[-98.87642,38.08728],[-98.89483,38.08735],[-98.89472,38.11641],[-98.93106,38.11647],[-98.93102,38.13106],[-98.87628,38.13082],[-98.87631,38.11627],[-98.85788,38.11622],[-98.8579,38.10166],[-98.83952,38.10155],[-98.83951,38.08703],[-98.82114,38.08699],[-98.82116,38.07242],[-98.78459,38.07228],[-98.78459,38.05775],[-98.72914,38.05754],[-98.72894,38.01386],[-98.76601,38.01413],[-98.76596,37.99953],[-98.78448,37.99967],[-98.78451,37.9851],[-98.80287,37.98531],[-98.80299,38.01431],[-98.82134,38.01446],[-98.82124,38.02899],[-98.83964,38.02907],[-98.83959,38.04361],[-98.91314,38.04379],[-98.91317,38.05831]]],[[[-98.82113,38.05071],[-98.82117,38.04347],[-98.80293,38.04335],[-98.80284,38.05779],[-98.82116,38.058],[-98.82113,38.05071]]],[[[-100.9567,38.0909],[-101.02941,38.09068],[-101.02958,38.10524],[-100.99283,38.10526],[-100.99293,38.11985],[-100.95685,38.11993],[-100.9567,38.0909]]],[[[-101.46846,38.11188],[-101.46842,38.10428],[-101.48672,38.10421],[-101.48683,38.11865],[-101.46849,38.11871],[-101.46846,38.11188]]],[[[-99.05878,38.13093],[-99.05864,38.11636],[-99.09549,38.11612],[-99.09555,38.08716],[-99.02205,38.08737],[-99.02193,38.10194],[-98.98607,38.10195],[-98.98608,38.13105],[-98.94936,38.13104],[-98.94932,38.1165],[-98.96768,38.11657],[-98.9678,38.10196],[-98.93119,38.10202],[-98.93136,38.07288],[-98.91304,38.07286],[-98.91317,38.05831],[-98.9681,38.05837],[-98.96818,38.02937],[-98.94981,38.02943],[-98.9498,38.01501],[-98.91317,38.01495],[-98.91298,37.98575],[-98.89463,37.98561],[-98.89457,37.97104],[-98.87641,37.97094],[-98.87631,37.98545],[-98.85795,37.98541],[-98.85804,37.9708],[-98.8396,37.97071],[-98.83951,37.94171],[-98.87634,37.94183],[-98.87648,37.95635],[-98.94946,37.95662],[-98.94946,37.9419],[-99.0044,37.94187],[-99.0045,37.95668],[-99.05891,37.95644],[-99.05888,37.9709],[-99.15071,37.97062],[-99.15071,37.95608],[-99.18728,37.95614],[-99.18746,37.92714],[-99.16912,37.92716],[-99.16919,37.91267],[-99.15093,37.91262],[-99.15085,37.89797],[-99.13256,37.89803],[-99.13255,37.88349],[-99.16933,37.88335],[-99.16911,37.86869],[-99.18747,37.86886],[-99.18754,37.85421],[-99.24124,37.85448],[-99.2412,37.86911],[-99.29544,37.86909],[-99.29569,37.88373],[-99.31384,37.88364],[-99.31374,37.86898],[-99.33212,37.86911],[-99.33242,37.85464],[-99.35083,37.85483],[-99.3514,37.82564],[-99.31462,37.82546],[-99.31444,37.84004],[-99.27782,37.8398],[-99.27785,37.82537],[-99.26869,37.82534],[-99.26825,37.80645],[-99.37736,37.80691],[-99.37745,37.82573],[-99.40616,37.82586],[-99.43193,37.82579],[-99.43238,37.80674],[-99.45034,37.80724],[-99.45106,37.82586],[-99.46856,37.82571],[-99.46842,37.80767],[-99.45034,37.80724],[-99.44984,37.79286],[-99.48639,37.79269],[-99.48661,37.80723],[-99.50543,37.80706],[-99.50545,37.79263],[-99.50448,37.79267],[-99.50467,37.77823],[-99.52382,37.77804],[-99.52371,37.79241],[-99.55983,37.7926],[-99.56025,37.8257],[-99.49699,37.82558],[-99.49683,37.8402],[-99.44228,37.84037],[-99.44159,37.8697],[-99.51452,37.86919],[-99.5144,37.88365],[-99.55162,37.88372],[-99.55135,37.91295],[-99.53293,37.9131],[-99.53298,37.92757],[-99.55132,37.9275],[-99.55159,37.94174],[-99.478,37.94221],[-99.47781,37.92757],[-99.4232,37.92796],[-99.42337,37.91346],[-99.36875,37.9133],[-99.36853,37.89869],[-99.35047,37.89847],[-99.35041,37.91315],[-99.33244,37.91312],[-99.33238,37.92773],[-99.36857,37.92783],[-99.36848,37.94267],[-99.38679,37.94258],[-99.38698,37.97171],[-99.36872,37.9718],[-99.36866,37.98631],[-99.35025,37.98633],[-99.35027,38.0008],[-99.31394,38.00056],[-99.31411,38.015],[-99.29568,38.01498],[-99.29569,38.00052],[-99.27722,38.00026],[-99.2772,37.98556],[-99.22373,37.98529],[-99.22364,37.99991],[-99.20523,37.99985],[-99.2052,38.02902],[-99.22349,38.02902],[-99.22335,38.04357],[-99.24061,38.04354],[-99.24069,38.07253],[-99.18705,38.07239],[-99.187,38.05802],[-99.16867,38.05806],[-99.1687,38.04354],[-99.13208,38.04357],[-99.13208,38.05817],[-99.09572,38.0581],[-99.09554,38.02907],[-99.07722,38.02911],[-99.07712,38.05806],[-99.09572,38.0581],[-99.0956,38.07262],[-99.11397,38.07258],[-99.11406,38.08713],[-99.13194,38.08717],[-99.13202,38.10162],[-99.15032,38.10163],[-99.15017,38.1162],[-99.16825,38.11632],[-99.16846,38.13083],[-99.20505,38.13067],[-99.20492,38.14521],[-99.1319,38.14527],[-99.13177,38.15985],[-99.11396,38.15985],[-99.11378,38.13066],[-99.05878,38.13093]]],[[[-99.2777,37.91286],[-99.27775,37.89823],[-99.24115,37.89816],[-99.24112,37.88366],[-99.22396,37.88366],[-99.22399,37.8691],[-99.20575,37.86891],[-99.20573,37.88358],[-99.1874,37.8835],[-99.18744,37.91271],[-99.2777,37.91286]]],[[[-99.38667,37.88429],[-99.40493,37.88437],[-99.4057,37.85485],[-99.36918,37.85501],[-99.36857,37.88408],[-99.38667,37.88429]]],[[[-99.47796,37.88395],[-99.45975,37.88418],[-99.45962,37.91336],[-99.47806,37.91332],[-99.47796,37.88395]]],[[[-101.02958,38.10524],[-101.04793,38.10512],[-101.04798,38.07606],[-101.06622,38.07589],[-101.06618,38.09056],[-101.07516,38.09054],[-101.12104,38.0904],[-101.12113,38.07586],[-101.15773,38.07579],[-101.15763,38.0903],[-101.13932,38.09034],[-101.1393,38.10484],[-101.10269,38.10491],[-101.10286,38.13397],[-101.08507,38.13405],[-101.08495,38.14844],[-101.04829,38.14863],[-101.0481,38.11968],[-101.02975,38.11979],[-101.02958,38.10524]]],[[[-101.07572,38.11956],[-101.08503,38.1195],[-101.0848,38.105],[-101.0664,38.10504],[-101.06657,38.11961],[-101.07572,38.11956]]],[[[-99.18672,38.17421],[-99.15018,38.17429],[-99.1503,38.15984],[-99.18648,38.15983],[-99.18672,38.17421]]],[[[-98.52805,38.11451],[-98.52776,38.129],[-98.50957,38.12904],[-98.50964,38.14361],[-98.54634,38.14364],[-98.54641,38.15826],[-98.58312,38.15862],[-98.60152,38.15854],[-98.60138,38.14398],[-98.58308,38.144],[-98.58293,38.12936],[-98.5648,38.12937],[-98.56469,38.11454],[-98.60116,38.11497],[-98.60123,38.1293],[-98.61935,38.12939],[-98.62008,38.1731],[-98.56506,38.17302],[-98.5648,38.18762],[-98.54635,38.18748],[-98.54661,38.17295],[-98.50959,38.17272],[-98.50966,38.15819],[-98.49124,38.15812],[-98.49098,38.11478],[-98.52805,38.11451]]],[[[-99.18672,38.17421],[-99.20506,38.17428],[-99.20525,38.18878],[-99.18701,38.18869],[-99.18672,38.17421]]],[[[-100.71965,38.19188],[-100.71934,38.14832],[-100.70103,38.14822],[-100.70091,38.11916],[-100.68274,38.11896],[-100.68259,38.10439],[-100.62746,38.10386],[-100.62766,38.08931],[-100.60948,38.08926],[-100.60967,38.07469],[-100.62798,38.07488],[-100.62789,38.06027],[-100.64614,38.06049],[-100.64608,38.03138],[-100.68249,38.03166],[-100.68229,38.04617],[-100.70082,38.04631],[-100.70068,38.0609],[-100.71894,38.06103],[-100.71903,38.04652],[-100.75575,38.04657],[-100.75578,38.06117],[-100.77392,38.06148],[-100.77387,38.10499],[-100.79215,38.10517],[-100.79225,38.11958],[-100.81068,38.11962],[-100.81078,38.13414],[-100.79235,38.13407],[-100.7924,38.14849],[-100.75605,38.14843],[-100.75634,38.17739],[-100.73779,38.17741],[-100.73788,38.19199],[-100.71965,38.19188]]],[[[-99.20492,38.14521],[-99.35031,38.14619],[-99.35028,38.1316],[-99.38703,38.13155],[-99.38709,38.16097],[-99.40557,38.16096],[-99.40551,38.17549],[-99.44236,38.17539],[-99.44264,38.20448],[-99.31463,38.20406],[-99.31436,38.18955],[-99.22364,38.18873],[-99.22345,38.17422],[-99.31432,38.17506],[-99.31439,38.16021],[-99.20491,38.15973],[-99.20492,38.14521]]],[[[-100.68311,38.20634],[-100.68284,38.1918],[-100.71965,38.19188],[-100.71967,38.20645],[-100.68311,38.20634]]],[[[-98.0691,38.21752],[-98.05065,38.21728],[-98.05008,38.20268],[-98.069,38.20286],[-98.0691,38.21752]]],[[[-100.7924,38.2067],[-100.7924,38.19204],[-100.84761,38.19236],[-100.8476,38.20683],[-100.7924,38.2067]]],[[[-100.68311,38.20634],[-100.68329,38.22086],[-100.66471,38.22078],[-100.66459,38.20628],[-100.68311,38.20634]]],[[[-100.7924,38.2067],[-100.79249,38.22111],[-100.77437,38.22103],[-100.77429,38.20649],[-100.7924,38.2067]]],[[[-101.63437,38.2194],[-101.63467,38.20495],[-101.65221,38.20463],[-101.65232,38.21913],[-101.63437,38.2194]]],[[[-97.9404,38.04273],[-97.92193,38.04298],[-97.92187,38.02857],[-97.90375,38.02852],[-97.90369,38.01399],[-97.88525,38.0139],[-97.88528,38.0285],[-97.84854,38.02842],[-97.8485,38.04296],[-97.83022,38.04292],[-97.83026,38.05748],[-97.8116,38.05743],[-97.81169,38.04287],[-97.79366,38.04287],[-97.79393,38.05758],[-97.8116,38.05743],[-97.81171,38.07199],[-97.83031,38.07204],[-97.82997,38.08657],[-97.86696,38.08649],[-97.86704,38.10102],[-97.88541,38.10103],[-97.88542,38.13032],[-97.90395,38.1303],[-97.90396,38.14487],[-97.92217,38.14466],[-97.92216,38.15918],[-97.95907,38.15887],[-97.95899,38.17318],[-97.99572,38.17313],[-97.99575,38.18762],[-97.94048,38.18823],[-97.9405,38.17371],[-97.88541,38.17368],[-97.88542,38.20284],[-97.90397,38.20284],[-97.90392,38.2466],[-97.86692,38.24657],[-97.86693,38.21743],[-97.84842,38.21741],[-97.8485,38.18825],[-97.86689,38.18832],[-97.86708,38.15931],[-97.84876,38.15937],[-97.84869,38.14477],[-97.81171,38.14457],[-97.81168,38.13011],[-97.73901,38.13031],[-97.73896,38.14487],[-97.72043,38.14479],[-97.72044,38.11572],[-97.79396,38.11567],[-97.79384,38.07211],[-97.77537,38.07199],[-97.77537,38.05735],[-97.7388,38.05748],[-97.73878,38.02849],[-97.79356,38.0284],[-97.7937,38.01387],[-97.84853,38.01384],[-97.84852,37.99938],[-97.92202,37.99938],[-97.92202,38.0138],[-97.94012,38.0133],[-97.9404,38.04273]]],[[[-97.7387,38.17377],[-97.7389,38.15952],[-97.75745,38.15938],[-97.75709,38.17374],[-97.77552,38.17367],[-97.77558,38.20281],[-97.7571,38.20288],[-97.7574,38.21732],[-97.73868,38.21739],[-97.73911,38.24644],[-97.72035,38.24639],[-97.72031,38.18836],[-97.73865,38.1883],[-97.7387,38.17377]]],[[[-98.72944,38.25002],[-98.7296,38.21706],[-98.74815,38.21731],[-98.74816,38.2028],[-98.8027,38.20328],[-98.80267,38.21785],[-98.78497,38.21778],[-98.78489,38.23224],[-98.76646,38.23206],[-98.76643,38.24655],[-98.74793,38.2464],[-98.74781,38.26087],[-98.72936,38.26086],[-98.72944,38.25002]]],[[[-99.53401,38.21856],[-99.5155,38.21863],[-99.51572,38.23317],[-99.49739,38.23321],[-99.49715,38.21868],[-99.47879,38.2187],[-99.47875,38.2042],[-99.55228,38.20403],[-99.55214,38.18956],[-99.58833,38.18949],[-99.58814,38.17499],[-99.60654,38.17501],[-99.60684,38.20393],[-99.64359,38.20391],[-99.64376,38.21842],[-99.66202,38.21844],[-99.66225,38.23303],[-99.67999,38.23301],[-99.6803,38.26191],[-99.66215,38.26199],[-99.66218,38.24754],[-99.6255,38.24749],[-99.62535,38.233],[-99.57049,38.23311],[-99.57031,38.21869],[-99.53401,38.21856]]],[[[-100.8476,38.20683],[-100.88352,38.20707],[-100.88359,38.14911],[-100.86572,38.14899],[-100.86592,38.19238],[-100.84761,38.19236],[-100.84747,38.16348],[-100.82907,38.16332],[-100.82891,38.14145],[-100.82886,38.13433],[-100.84727,38.13439],[-100.84707,38.11985],[-100.81068,38.11962],[-100.81052,38.10528],[-100.82874,38.10536],[-100.8289,38.09086],[-100.84717,38.09088],[-100.84748,38.06187],[-100.88345,38.06209],[-100.88352,38.10563],[-100.90177,38.10562],[-100.9019,38.13456],[-100.93854,38.13442],[-100.9385,38.14896],[-100.95679,38.14894],[-100.95695,38.16342],[-100.92029,38.16353],[-100.92031,38.17811],[-100.90191,38.17809],[-100.90197,38.19253],[-100.92041,38.19253],[-100.92063,38.26519],[-100.86624,38.26498],[-100.86605,38.22149],[-100.84758,38.22133],[-100.8476,38.20683]]],[[[-98.92167,38.28912],[-98.92165,38.26115],[-98.93069,38.2613],[-98.93097,38.21807],[-98.98615,38.2184],[-98.98616,38.20382],[-99.00436,38.20372],[-99.0043,38.16014],[-99.02206,38.1601],[-99.02206,38.13108],[-99.05878,38.13093],[-99.0589,38.16007],[-99.09568,38.1599],[-99.09574,38.17436],[-99.07729,38.17437],[-99.07724,38.20343],[-99.09569,38.2034],[-99.09603,38.2469],[-98.9495,38.24722],[-98.94964,38.26128],[-98.94027,38.26129],[-98.94005,38.29032],[-98.92167,38.28912]]],[[[-99.04064,38.22364],[-99.04058,38.21801],[-99.02226,38.2181],[-99.02242,38.23255],[-99.04074,38.23244],[-99.04064,38.22364]]],[[[-100.64704,38.25703],[-100.64699,38.24981],[-100.66493,38.24983],[-100.66476,38.23544],[-100.68357,38.23559],[-100.68355,38.26419],[-100.6847,38.26418],[-100.68466,38.29331],[-100.66669,38.29307],[-100.6665,38.27851],[-100.64818,38.27845],[-100.64704,38.25703]]],[[[-98.73749,38.32622],[-98.73751,38.31893],[-98.71924,38.31893],[-98.71919,38.27551],[-98.73768,38.27548],[-98.73779,38.29003],[-98.77449,38.28992],[-98.77441,38.3189],[-98.75616,38.31893],[-98.75603,38.33336],[-98.73748,38.33339],[-98.73749,38.32622]]],[[[-98.0691,38.21752],[-98.08761,38.21739],[-98.08758,38.17378],[-98.05071,38.17359],[-98.0505,38.18817],[-98.0143,38.18792],[-98.01435,38.14432],[-97.99563,38.14395],[-97.99593,38.12959],[-97.9592,38.12942],[-97.95928,38.11468],[-97.9408,38.1148],[-97.9409,38.10056],[-97.92205,38.10102],[-97.922,38.08658],[-97.94048,38.08643],[-97.9404,38.04273],[-98.03198,38.04268],[-98.03195,38.08608],[-98.05045,38.08636],[-98.05035,38.10109],[-98.06858,38.10115],[-98.06856,38.11565],[-98.08726,38.1155],[-98.08722,38.13027],[-98.10564,38.13027],[-98.10558,38.14473],[-98.12456,38.14481],[-98.1245,38.17391],[-98.14232,38.17393],[-98.14228,38.23211],[-98.16071,38.23196],[-98.16077,38.24651],[-98.1974,38.24637],[-98.19776,38.17375],[-98.21598,38.17354],[-98.21595,38.15874],[-98.30743,38.15888],[-98.30744,38.17355],[-98.32587,38.17356],[-98.32585,38.1882],[-98.3442,38.18831],[-98.34432,38.20267],[-98.43645,38.20215],[-98.43626,38.21698],[-98.45478,38.21667],[-98.45468,38.2313],[-98.47258,38.23123],[-98.47247,38.24583],[-98.49088,38.24587],[-98.49078,38.26089],[-98.49827,38.26093],[-98.49823,38.30443],[-98.47959,38.30422],[-98.47987,38.28981],[-98.46163,38.28973],[-98.46149,38.27528],[-98.42502,38.27473],[-98.42525,38.26076],[-98.34431,38.26067],[-98.34429,38.24638],[-98.28912,38.24616],[-98.28916,38.2607],[-98.27594,38.26081],[-98.27559,38.27525],[-98.29416,38.27522],[-98.294,38.28976],[-98.31236,38.28979],[-98.31248,38.30425],[-98.25705,38.30433],[-98.25702,38.31889],[-98.27543,38.31873],[-98.2756,38.34788],[-98.2571,38.34791],[-98.25725,38.36244],[-98.22026,38.36233],[-98.22022,38.33328],[-98.20174,38.33318],[-98.20174,38.31869],[-98.18336,38.31865],[-98.18347,38.30411],[-98.16506,38.30407],[-98.16504,38.27504],[-98.14673,38.27499],[-98.14665,38.2605],[-98.12463,38.26049],[-98.12451,38.24676],[-98.08768,38.24657],[-98.08767,38.23194],[-98.06912,38.23201],[-98.0691,38.21752]]],[[[-98.01466,38.10777],[-98.01494,38.08607],[-98.01422,38.07167],[-97.95901,38.07155],[-97.95937,38.10017],[-97.97794,38.10025],[-97.97753,38.11489],[-98.01461,38.11501],[-98.01466,38.10777]]],[[[-101.64089,38.33532],[-101.64106,38.29194],[-101.65934,38.2918],[-101.65944,38.30633],[-101.67804,38.30629],[-101.67804,38.32068],[-101.65941,38.32077],[-101.65927,38.33537],[-101.64089,38.33532]]],[[[-98.62737,38.37663],[-98.62742,38.34769],[-98.64595,38.3476],[-98.64541,38.35124],[-98.64583,38.37654],[-98.62737,38.37663]]],[[[-98.62737,38.37663],[-98.62737,38.39114],[-98.60884,38.39112],[-98.60894,38.37661],[-98.62737,38.37663]]],[[[-98.40635,38.34762],[-98.44324,38.34757],[-98.44327,38.36219],[-98.48038,38.36198],[-98.48017,38.34743],[-98.49854,38.34731],[-98.49893,38.37644],[-98.51746,38.37629],[-98.5173,38.3617],[-98.53554,38.3617],[-98.53533,38.34726],[-98.51704,38.3472],[-98.51677,38.33272],[-98.4983,38.33283],[-98.49823,38.30443],[-98.51669,38.30457],[-98.51666,38.29004],[-98.53522,38.29012],[-98.5351,38.30457],[-98.55367,38.30446],[-98.55377,38.31904],[-98.59047,38.31911],[-98.59046,38.34799],[-98.57217,38.3474],[-98.57239,38.36185],[-98.55392,38.36179],[-98.55415,38.37631],[-98.53567,38.37625],[-98.53581,38.39079],[-98.46188,38.39113],[-98.46185,38.37658],[-98.42479,38.37678],[-98.42481,38.36222],[-98.40637,38.36213],[-98.40635,38.34762]]],[[[-98.2756,38.34788],[-98.31259,38.34774],[-98.31248,38.30425],[-98.33096,38.30419],[-98.3311,38.33314],[-98.40619,38.33318],[-98.40635,38.34762],[-98.33106,38.3477],[-98.33125,38.39125],[-98.29437,38.3913],[-98.29433,38.3768],[-98.27585,38.3769],[-98.2756,38.34788]]],[[[-98.5904,38.42026],[-98.51772,38.41982],[-98.51766,38.40535],[-98.59042,38.40585],[-98.5904,38.42026]]],[[[-101.63437,38.2194],[-101.63389,38.26287],[-101.62274,38.26288],[-101.62272,38.27744],[-101.6041,38.27754],[-101.6042,38.30639],[-101.5858,38.3065],[-101.58558,38.34999],[-101.60413,38.34987],[-101.60409,38.36442],[-101.58565,38.36452],[-101.58577,38.37897],[-101.54915,38.37913],[-101.54922,38.39373],[-101.44014,38.39415],[-101.43959,38.36515],[-101.4571,38.36495],[-101.45697,38.32144],[-101.47525,38.32149],[-101.47527,38.29259],[-101.49355,38.29242],[-101.49365,38.27793],[-101.51207,38.27789],[-101.51214,38.26343],[-101.50613,38.26341],[-101.50586,38.22006],[-101.52427,38.21987],[-101.52411,38.20527],[-101.56049,38.20536],[-101.56033,38.19062],[-101.59739,38.19083],[-101.59747,38.21981],[-101.63437,38.2194]]],[[[-101.58587,38.26305],[-101.59757,38.26302],[-101.59753,38.24866],[-101.57913,38.2487],[-101.57893,38.23424],[-101.54216,38.23446],[-101.54236,38.2489],[-101.56079,38.24881],[-101.56113,38.26317],[-101.58587,38.26305]]],[[[-100.92471,38.40989],[-100.9242,38.35189],[-100.88743,38.35207],[-100.88782,38.38107],[-100.86921,38.38125],[-100.86891,38.33756],[-100.88728,38.33756],[-100.88665,38.29409],[-100.90504,38.29416],[-100.90519,38.30861],[-100.92372,38.30832],[-100.92402,38.3373],[-100.96086,38.33715],[-100.96158,38.39524],[-100.94309,38.39528],[-100.94332,38.40977],[-100.92471,38.40989]]],[[[-98.48987,38.42014],[-98.49908,38.42006],[-98.49906,38.43486],[-98.48062,38.43468],[-98.48056,38.42019],[-98.48987,38.42014]]],[[[-100.99884,38.4244],[-100.99861,38.39556],[-101.0357,38.39536],[-101.03564,38.40979],[-101.01692,38.4098],[-101.01721,38.43901],[-100.99908,38.43892],[-100.99884,38.4244]]],[[[-98.49901,38.46387],[-98.48044,38.46376],[-98.48059,38.44925],[-98.49905,38.44935],[-98.49901,38.46387]]],[[[-98.92167,38.28912],[-98.92163,38.30365],[-98.90335,38.30354],[-98.90328,38.33258],[-98.88478,38.33254],[-98.88496,38.34732],[-98.8664,38.34726],[-98.86662,38.36172],[-98.99584,38.36232],[-98.99601,38.37689],[-99.01444,38.37711],[-99.01469,38.39165],[-98.90379,38.39072],[-98.9037,38.37623],[-98.86671,38.37625],[-98.86679,38.39074],[-98.84849,38.39071],[-98.84853,38.41974],[-98.88544,38.41979],[-98.8856,38.43436],[-98.94092,38.43442],[-98.94099,38.44897],[-99.03287,38.4495],[-99.03288,38.46411],[-99.01456,38.46395],[-99.01465,38.47848],[-98.92265,38.47777],[-98.92252,38.46329],[-98.84854,38.46325],[-98.84861,38.44876],[-98.83011,38.44877],[-98.83019,38.43428],[-98.79337,38.43427],[-98.79341,38.41972],[-98.75632,38.41993],[-98.75574,38.37632],[-98.70079,38.37642],[-98.70057,38.36191],[-98.66397,38.36197],[-98.66408,38.34757],[-98.71902,38.34743],[-98.71893,38.36179],[-98.77424,38.36184],[-98.7744,38.3763],[-98.81161,38.37624],[-98.81138,38.36176],[-98.84824,38.36171],[-98.84781,38.33269],[-98.86625,38.33277],[-98.86654,38.29017],[-98.92167,38.28912]]],[[[-98.49901,38.46387],[-98.53595,38.4639],[-98.53593,38.4784],[-98.49892,38.47842],[-98.49901,38.46387]]],[[[-99.17979,38.47929],[-99.17984,38.46469],[-99.23519,38.46506],[-99.23519,38.47949],[-99.17979,38.47929]]],[[[-97.74041,38.39138],[-97.759,38.39135],[-97.75884,38.44951],[-97.77723,38.44956],[-97.77699,38.46392],[-97.75863,38.46397],[-97.75841,38.47834],[-97.73993,38.47825],[-97.74041,38.39138]]],[[[-100.75993,38.4829],[-100.74158,38.48322],[-100.74135,38.46834],[-100.7231,38.46823],[-100.72269,38.43915],[-100.75936,38.43918],[-100.75949,38.45378],[-100.77778,38.45377],[-100.7782,38.48299],[-100.75993,38.4829]]],[[[-99.03288,38.46411],[-99.06995,38.4643],[-99.06991,38.47893],[-99.107,38.47914],[-99.10696,38.49365],[-99.08849,38.49352],[-99.08832,38.50806],[-99.06981,38.50791],[-99.07001,38.49341],[-99.05157,38.49329],[-99.05151,38.47877],[-99.03297,38.47861],[-99.03288,38.46411]]],[[[-98.49892,38.47842],[-98.49884,38.49286],[-98.4804,38.49277],[-98.48039,38.50728],[-98.44332,38.50718],[-98.4433,38.47809],[-98.42483,38.4781],[-98.42488,38.46357],[-98.40643,38.46355],[-98.40655,38.44908],[-98.34947,38.44923],[-98.34949,38.46373],[-98.31241,38.46386],[-98.31242,38.44944],[-98.29402,38.44942],[-98.29433,38.40585],[-98.31275,38.40574],[-98.3127,38.43489],[-98.34966,38.43469],[-98.34962,38.42024],[-98.36951,38.42026],[-98.36958,38.43473],[-98.42506,38.43461],[-98.42498,38.44905],[-98.44332,38.44914],[-98.44321,38.46362],[-98.46177,38.46367],[-98.46185,38.47824],[-98.49892,38.47842]]],[[[-98.5904,38.42026],[-98.60888,38.42022],[-98.6088,38.40569],[-98.62722,38.40565],[-98.62734,38.42015],[-98.66433,38.42007],[-98.6644,38.43462],[-98.70094,38.4345],[-98.70094,38.44897],[-98.71927,38.44893],[-98.71938,38.46353],[-98.7379,38.46357],[-98.73793,38.47799],[-98.77478,38.47813],[-98.77494,38.4926],[-98.81168,38.49246],[-98.81173,38.52161],[-98.79363,38.5216],[-98.79357,38.50708],[-98.73801,38.50706],[-98.73793,38.49255],[-98.7195,38.49256],[-98.71957,38.50733],[-98.69186,38.50687],[-98.66449,38.50749],[-98.6644,38.49238],[-98.62765,38.49256],[-98.62754,38.46359],[-98.60888,38.46357],[-98.60911,38.43462],[-98.59061,38.43477],[-98.5904,38.42026]]],[[[-98.64582,38.46355],[-98.64587,38.47806],[-98.68277,38.47807],[-98.68281,38.46347],[-98.64582,38.46355]]],[[[-100.1374,38.52325],[-100.13745,38.50838],[-100.15568,38.50842],[-100.15557,38.49422],[-100.21094,38.49432],[-100.21085,38.50872],[-100.17418,38.50852],[-100.17434,38.52319],[-100.1374,38.52325]]],[[[-97.42711,37.98519],[-97.44544,37.98517],[-97.44535,37.99941],[-97.46376,37.99946],[-97.46384,38.01397],[-97.51854,38.01394],[-97.51854,38.05774],[-97.5369,38.05766],[-97.53701,38.07223],[-97.59203,38.07233],[-97.59206,38.08686],[-97.62892,38.08681],[-97.62905,38.17411],[-97.64742,38.17397],[-97.64758,38.2321],[-97.66607,38.23186],[-97.6659,38.26058],[-97.66702,38.26056],[-97.66726,38.33339],[-97.6854,38.33334],[-97.6853,38.34773],[-97.70361,38.34775],[-97.70366,38.36222],[-97.72214,38.36224],[-97.72223,38.31858],[-97.70364,38.31866],[-97.70373,38.30419],[-97.72223,38.30404],[-97.72225,38.27503],[-97.75919,38.27518],[-97.75904,38.34792],[-97.74055,38.34781],[-97.74041,38.39138],[-97.72198,38.39133],[-97.72211,38.37682],[-97.70367,38.37681],[-97.70367,38.39129],[-97.68527,38.39114],[-97.68547,38.44927],[-97.722,38.44942],[-97.72195,38.49264],[-97.68539,38.49261],[-97.68541,38.47815],[-97.66692,38.47829],[-97.6669,38.49281],[-97.64819,38.49301],[-97.64811,38.50742],[-97.66679,38.50728],[-97.66677,38.52188],[-97.62963,38.52187],[-97.62962,38.50714],[-97.61114,38.50702],[-97.61111,38.49263],[-97.59285,38.4928],[-97.59326,38.47832],[-97.64834,38.47844],[-97.64866,38.43472],[-97.63008,38.43478],[-97.63007,38.42021],[-97.61179,38.4203],[-97.61179,38.40581],[-97.63003,38.40575],[-97.62994,38.39125],[-97.66681,38.39105],[-97.66693,38.36211],[-97.6485,38.36225],[-97.6491,38.33343],[-97.64848,38.26069],[-97.59226,38.26075],[-97.59214,38.24675],[-97.57425,38.24682],[-97.57432,38.21777],[-97.55588,38.21769],[-97.55589,38.20319],[-97.53756,38.20308],[-97.53754,38.17397],[-97.50066,38.17397],[-97.50056,38.15965],[-97.48208,38.15935],[-97.48195,38.13028],[-97.46368,38.13034],[-97.46361,38.12495],[-97.46376,38.08664],[-97.48183,38.08668],[-97.48184,38.07215],[-97.46393,38.07211],[-97.46399,38.05757],[-97.44577,38.05753],[-97.44548,38.01391],[-97.42706,38.0139],[-97.42711,37.98519]]],[[[-97.51867,38.0867],[-97.51877,38.10142],[-97.537,38.10146],[-97.53695,38.08675],[-97.51867,38.0867],[-97.51857,38.07225],[-97.50029,38.07224],[-97.50028,38.08669],[-97.51867,38.0867]]],[[[-97.55548,38.10142],[-97.55565,38.11592],[-97.57403,38.11595],[-97.57409,38.13052],[-97.59204,38.13049],[-97.59209,38.1014],[-97.55548,38.10142]]],[[[-100.24718,38.50002],[-100.24704,38.49434],[-100.28364,38.49481],[-100.28446,38.52356],[-100.26602,38.52343],[-100.26552,38.50909],[-100.24731,38.50882],[-100.24718,38.50002]]],[[[-101.55013,38.50002],[-101.55009,38.49539],[-101.58557,38.49516],[-101.58554,38.48062],[-101.60421,38.48065],[-101.60416,38.42238],[-101.64099,38.42232],[-101.64103,38.48034],[-101.62263,38.48031],[-101.62257,38.49495],[-101.6042,38.49509],[-101.6042,38.50961],[-101.55008,38.50983],[-101.55013,38.50002]]],[[[-101.71556,38.57461],[-101.71545,38.53831],[-101.69711,38.53826],[-101.69704,38.5237],[-101.75249,38.52383],[-101.75245,38.56725],[-101.7339,38.56731],[-101.73383,38.58184],[-101.71556,38.58181],[-101.71556,38.57461]]],[[[-101.49497,38.5901],[-101.49492,38.58283],[-101.51347,38.5827],[-101.51346,38.59729],[-101.49506,38.59735],[-101.49497,38.5901]]],[[[-101.60409,38.5822],[-101.58567,38.58237],[-101.58565,38.56781],[-101.62256,38.56761],[-101.62262,38.5967],[-101.60403,38.59672],[-101.60409,38.5822]]],[[[-100.68671,38.50003],[-100.68669,38.49695],[-100.72337,38.49724],[-100.72342,38.51173],[-100.77867,38.51196],[-100.77915,38.59916],[-100.79699,38.59921],[-100.7971,38.61373],[-100.76086,38.61373],[-100.76057,38.56971],[-100.74206,38.56984],[-100.7417,38.55521],[-100.72374,38.55536],[-100.72364,38.54081],[-100.70518,38.5407],[-100.70512,38.52622],[-100.68676,38.52616],[-100.68671,38.50003]]],[[[-100.50478,38.66041],[-100.50485,38.65647],[-100.52366,38.65648],[-100.52329,38.67079],[-100.50468,38.6707],[-100.50478,38.66041]]],[[[-100.63274,38.67142],[-100.63257,38.65671],[-100.66978,38.65683],[-100.66974,38.67136],[-100.63274,38.67142]]],[[[-100.59578,38.68547],[-100.55978,38.68569],[-100.5597,38.67102],[-100.54174,38.67096],[-100.54218,38.65664],[-100.5955,38.65659],[-100.59578,38.68547]]],[[[-100.68814,38.70014],[-100.68815,38.6858],[-100.72481,38.68601],[-100.72517,38.70014],[-100.68814,38.70014]]],[[[-100.78019,38.69968],[-100.77985,38.68544],[-100.79757,38.68564],[-100.79815,38.69974],[-100.78019,38.69968]]],[[[-99.89459,38.71883],[-99.89473,38.71094],[-99.91317,38.71093],[-99.91297,38.72546],[-99.89445,38.72555],[-99.89459,38.71883]]],[[[-100.13501,38.71972],[-100.13533,38.71172],[-100.15356,38.71193],[-100.15326,38.72634],[-100.13484,38.7262],[-100.13501,38.71972]]],[[[-101.57674,38.71413],[-101.57718,38.69964],[-101.59561,38.69943],[-101.59543,38.71393],[-101.57674,38.71413]]],[[[-100.89231,38.71361],[-100.89198,38.72791],[-100.87357,38.72824],[-100.87371,38.71381],[-100.89231,38.71361]]],[[[-100.89231,38.71361],[-100.89209,38.69916],[-100.90797,38.69901],[-100.9078,38.65613],[-100.88994,38.65652],[-100.88936,38.59858],[-100.87076,38.59876],[-100.87034,38.52612],[-100.88875,38.52601],[-100.88882,38.48251],[-100.87025,38.48265],[-100.86986,38.43906],[-100.85137,38.43904],[-100.85094,38.38111],[-100.86921,38.38125],[-100.86987,38.42461],[-100.88812,38.42445],[-100.88838,38.439],[-100.90653,38.43892],[-100.90624,38.40997],[-100.92471,38.40989],[-100.92556,38.49677],[-100.94408,38.49677],[-100.94414,38.51126],[-100.9626,38.51128],[-100.96305,38.54026],[-100.94452,38.54027],[-100.94453,38.61272],[-100.92603,38.61283],[-100.92626,38.67032],[-100.94449,38.67028],[-100.94489,38.68468],[-100.92644,38.68473],[-100.92639,38.69897],[-100.96609,38.69913],[-100.96589,38.71363],[-100.94746,38.71348],[-100.94728,38.72796],[-100.92866,38.72784],[-100.92862,38.71338],[-100.89231,38.71361]]],[[[-100.90729,38.55493],[-100.90719,38.54048],[-100.88904,38.54059],[-100.8893,38.58413],[-100.90749,38.58387],[-100.90729,38.55493]]],[[[-101.836,38.71245],[-101.83622,38.69795],[-101.82804,38.698],[-101.82809,38.68348],[-101.84659,38.68356],[-101.84647,38.66903],[-101.90161,38.66907],[-101.90159,38.68362],[-101.88364,38.68359],[-101.88366,38.69792],[-101.85481,38.69792],[-101.85464,38.7124],[-101.836,38.71245]]],[[[-101.04002,38.7102],[-101.04014,38.69982],[-101.09546,38.70039],[-101.09546,38.72927],[-101.07682,38.72915],[-101.07692,38.71472],[-101.04001,38.71423],[-101.04002,38.7102]]],[[[-101.83545,38.75002],[-101.83557,38.74148],[-101.87265,38.74139],[-101.87255,38.7561],[-101.83531,38.75602],[-101.83545,38.75002]]],[[[-101.61292,38.77186],[-101.61312,38.75731],[-101.66879,38.7571],[-101.66859,38.77158],[-101.68718,38.77143],[-101.68681,38.78596],[-101.70551,38.78584],[-101.70523,38.80033],[-101.66806,38.80056],[-101.66836,38.7861],[-101.64974,38.78619],[-101.65001,38.77173],[-101.61292,38.77186]]],[[[-101.72345,38.81642],[-101.72376,38.80024],[-101.74236,38.80009],[-101.74394,38.71293],[-101.7254,38.71309],[-101.72558,38.69857],[-101.71539,38.69864],[-101.71543,38.68367],[-101.75218,38.68371],[-101.7522,38.69833],[-101.76265,38.69826],[-101.76241,38.71282],[-101.79954,38.71257],[-101.79951,38.7272],[-101.81736,38.72698],[-101.8166,38.77067],[-101.79857,38.77079],[-101.79802,38.79986],[-101.76097,38.80005],[-101.76069,38.81456],[-101.74208,38.81458],[-101.74192,38.82918],[-101.72335,38.82928],[-101.72345,38.81642]]],[[[-102.00117,38.82832],[-102.00133,38.81376],[-101.96427,38.81397],[-101.96442,38.79949],[-102.04544,38.79921],[-102.04537,38.81353],[-102.01987,38.81372],[-102.01942,38.84275],[-102.00098,38.8428],[-102.00117,38.82832]]],[[[-101.6669,38.85066],[-101.66701,38.84411],[-101.70464,38.84389],[-101.70415,38.85829],[-101.72293,38.85831],[-101.72283,38.87269],[-101.68536,38.87293],[-101.68545,38.85845],[-101.66687,38.8586],[-101.6669,38.85066]]],[[[-101.88944,38.87217],[-101.89021,38.81425],[-101.85333,38.81436],[-101.85359,38.78525],[-101.89064,38.78525],[-101.89042,38.79976],[-101.92751,38.79977],[-101.92728,38.81415],[-101.94582,38.81399],[-101.94559,38.82857],[-101.9271,38.82868],[-101.92688,38.84325],[-101.90848,38.84315],[-101.90809,38.8722],[-101.88944,38.87217]]],[[[-101.92688,38.84325],[-101.94538,38.843],[-101.94509,38.8723],[-101.92642,38.87224],[-101.92688,38.84325]]],[[[-101.88944,38.87217],[-101.88926,38.88684],[-101.87089,38.88672],[-101.871,38.87217],[-101.88944,38.87217]]],[[[-101.96345,38.88666],[-101.96326,38.90111],[-101.94506,38.90123],[-101.94524,38.88679],[-101.96345,38.88666]]],[[[-99.72442,38.94305],[-99.72434,38.92849],[-99.76181,38.9289],[-99.76137,38.9434],[-99.72442,38.94305]]],[[[-100.18761,38.944],[-100.1694,38.94395],[-100.16932,38.92936],[-100.1878,38.92944],[-100.18761,38.944]]],[[[-101.96326,38.90111],[-101.98167,38.901],[-101.98188,38.88658],[-101.96345,38.88666],[-101.96378,38.85754],[-101.98222,38.85753],[-101.98208,38.87204],[-102.04566,38.8718],[-102.04586,38.91465],[-102.03725,38.91537],[-102.03759,38.88629],[-102.00028,38.88655],[-102.00009,38.91548],[-101.96311,38.91565],[-101.96326,38.90111]]],[[[-100.18761,38.944],[-100.20606,38.94407],[-100.20577,38.95862],[-100.18726,38.95844],[-100.18761,38.944]]],[[[-100.24327,38.94432],[-100.2436,38.92982],[-100.2796,38.92999],[-100.27933,38.95914],[-100.26093,38.95888],[-100.26104,38.94435],[-100.24327,38.94432]]],[[[-99.68744,38.97232],[-99.66875,38.97212],[-99.66922,38.94336],[-99.6879,38.94349],[-99.68744,38.97232]]],[[[-99.72442,38.94305],[-99.72459,38.95727],[-99.72375,38.97126],[-99.70581,38.97257],[-99.7059,38.94339],[-99.72442,38.94305]]],[[[-99.68744,38.97232],[-99.70581,38.97257],[-99.70548,38.98715],[-99.68719,38.98686],[-99.68744,38.97232]]],[[[-100.0204,38.98671],[-99.98331,38.98672],[-99.98345,38.9722],[-99.96481,38.97226],[-99.96506,38.91394],[-100.0208,38.91373],[-100.0207,38.94278],[-100.09444,38.94364],[-100.09385,38.97269],[-100.07531,38.97255],[-100.07477,38.98705],[-100.0204,38.98671]]],[[[-101.94405,38.95932],[-101.94424,38.94463],[-101.96275,38.94467],[-101.96259,38.9592],[-101.94405,38.95932]]],[[[-100.39018,38.98876],[-100.39028,38.97425],[-100.42724,38.97405],[-100.42715,38.98857],[-100.39018,38.98876]]],[[[-99.87241,38.9866],[-99.87252,38.97203],[-99.90835,38.97195],[-99.90856,39.00094],[-99.87177,39.00095],[-99.87241,38.9866]]],[[[-100.39018,38.98876],[-100.39037,39.00318],[-100.35327,39.00324],[-100.33489,39.00309],[-100.3348,38.98867],[-100.2978,38.98838],[-100.29807,38.94456],[-100.31647,38.94466],[-100.31621,38.95958],[-100.33475,38.95976],[-100.33479,38.97423],[-100.37177,38.97444],[-100.37157,38.9889],[-100.39018,38.98876]]],[[[-100.46423,39.00959],[-100.46436,38.98828],[-100.48204,38.98834],[-100.48206,39.00272],[-100.51903,39.00296],[-100.5192,39.03192],[-100.4817,39.03177],[-100.4819,39.01728],[-100.46417,39.0172],[-100.46423,39.00959]]],[[[-99.76002,39.05938],[-99.76029,39.04495],[-99.74166,39.04506],[-99.74178,39.01543],[-99.79765,39.01548],[-99.79745,39.04471],[-99.77885,39.04479],[-99.77864,39.0593],[-99.76002,39.05938]]],[[[-101.11016,39.01848],[-101.14693,39.01843],[-101.14662,39.04712],[-101.11004,39.04694],[-101.11016,39.01848]]],[[[-99.66721,39.07384],[-99.66747,39.05943],[-99.68627,39.05951],[-99.68608,39.07399],[-99.66721,39.07384]]],[[[-99.70362,39.08869],[-99.70398,39.07418],[-99.7225,39.0742],[-99.72226,39.08856],[-99.70362,39.08869]]],[[[-99.75945,39.08836],[-99.75974,39.07391],[-99.77809,39.07392],[-99.77774,39.08837],[-99.75945,39.08836]]],[[[-99.98183,39.08109],[-99.98196,39.07378],[-100.01927,39.0738],[-100.01881,39.08816],[-99.98167,39.08835],[-99.98183,39.08109]]],[[[-100.03616,39.07967],[-100.03622,39.0738],[-100.05472,39.07394],[-100.05453,39.08846],[-100.03608,39.08826],[-100.03616,39.07967]]],[[[-99.66721,39.07384],[-99.66707,39.08842],[-99.6299,39.08814],[-99.62954,39.10252],[-99.61092,39.10229],[-99.61149,39.07342],[-99.66721,39.07384]]],[[[-100.07293,39.10301],[-100.07311,39.08857],[-100.09197,39.08867],[-100.09196,39.10296],[-100.07293,39.10301]]],[[[-101.99779,39.0731],[-101.99792,39.0603],[-102.0165,39.06042],[-102.0164,39.07485],[-101.99778,39.07475],[-101.99779,39.0731]]],[[[-99.94359,39.11715],[-99.94393,39.10271],[-99.9625,39.10273],[-99.96219,39.11727],[-99.94359,39.11715]]],[[[-100.07293,39.10301],[-100.07303,39.11754],[-100.05455,39.11748],[-100.05467,39.10297],[-100.07293,39.10301]]],[[[-100.16669,39.11881],[-100.16673,39.11784],[-100.18533,39.11772],[-100.18542,39.10339],[-100.22275,39.10355],[-100.22159,39.13241],[-100.16607,39.13208],[-100.16669,39.11881]]],[[[-99.92177,39.13206],[-99.94045,39.13207],[-99.94052,39.14655],[-99.92185,39.14657],[-99.92177,39.13206]]],[[[-101.43562,39.13491],[-101.4289,39.1349],[-101.42878,39.14949],[-101.41022,39.14958],[-101.41048,39.13504],[-101.42285,39.13495],[-101.42351,39.09247],[-101.44206,39.09233],[-101.44186,39.10696],[-101.46046,39.10687],[-101.4604,39.12139],[-101.4783,39.12113],[-101.47822,39.13477],[-101.4852,39.1348],[-101.48505,39.14908],[-101.4662,39.1491],[-101.46691,39.13487],[-101.43562,39.13491]]],[[[-100.16424,39.1682],[-100.16429,39.16096],[-100.12656,39.16073],[-100.12669,39.14625],[-100.01493,39.14633],[-100.01496,39.13198],[-100.16447,39.13209],[-100.1643,39.14646],[-100.22016,39.14673],[-100.22009,39.16122],[-100.20141,39.16121],[-100.20138,39.17564],[-100.1642,39.17542],[-100.16424,39.1682]]],[[[-101.78295,39.14798],[-101.78314,39.13347],[-101.82039,39.1333],[-101.8203,39.14781],[-101.78295,39.14798]]],[[[-99.2701,39.19082],[-99.21419,39.1906],[-99.21426,39.17615],[-99.26994,39.1763],[-99.2701,39.19082]]],[[[-99.56823,39.17629],[-99.58669,39.17605],[-99.58707,39.19075],[-99.56823,39.19081],[-99.56823,39.17629]]],[[[-101.27969,39.1789],[-101.27971,39.16456],[-101.29842,39.16442],[-101.29833,39.17893],[-101.27969,39.1789]]],[[[-99.2701,39.19082],[-99.28892,39.19074],[-99.28891,39.17616],[-99.30767,39.1761],[-99.30772,39.19062],[-99.32638,39.19069],[-99.32632,39.20527],[-99.27027,39.20537],[-99.2701,39.19082]]],[[[-100.44297,39.20555],[-100.44283,39.19099],[-100.42413,39.19102],[-100.42402,39.14756],[-100.40541,39.14754],[-100.40532,39.13319],[-100.40696,39.10436],[-100.42512,39.10446],[-100.42587,39.08989],[-100.46252,39.08977],[-100.46313,39.07531],[-100.51792,39.07568],[-100.51745,39.08969],[-100.55499,39.08993],[-100.55333,39.13317],[-100.55383,39.13317],[-100.55392,39.14762],[-100.57248,39.14765],[-100.57269,39.16218],[-100.55411,39.16212],[-100.55429,39.17659],[-100.53566,39.1766],[-100.53579,39.1911],[-100.51716,39.19105],[-100.5173,39.20553],[-100.44297,39.20555]]],[[[-101.33558,39.16424],[-101.33599,39.14978],[-101.3544,39.14974],[-101.35448,39.13532],[-101.3494,39.13534],[-101.3496,39.12185],[-101.36713,39.12195],[-101.36703,39.13528],[-101.37315,39.13524],[-101.37272,39.17868],[-101.39153,39.17863],[-101.39154,39.19303],[-101.35401,39.19324],[-101.35418,39.17879],[-101.33545,39.17887],[-101.33558,39.16424]]],[[[-101.41048,39.17858],[-101.41031,39.164],[-101.429,39.1639],[-101.42915,39.19295],[-101.41041,39.19307],[-101.41048,39.17858]]],[[[-99.4005,39.24915],[-99.40078,39.22004],[-99.38209,39.22015],[-99.38206,39.20567],[-99.3634,39.20551],[-99.36344,39.1766],[-99.38189,39.17669],[-99.38186,39.19125],[-99.40063,39.19114],[-99.40078,39.20572],[-99.41939,39.20561],[-99.419,39.17656],[-99.43776,39.17644],[-99.43758,39.14731],[-99.51244,39.14698],[-99.51239,39.17616],[-99.53097,39.17613],[-99.53102,39.19056],[-99.49364,39.19049],[-99.49365,39.20504],[-99.47514,39.20519],[-99.47496,39.23408],[-99.45637,39.23413],[-99.45637,39.24895],[-99.4005,39.24915]]],[[[-101.76376,39.22055],[-101.76386,39.206],[-101.8011,39.20583],[-101.80109,39.22038],[-101.76376,39.22055]]],[[[-101.1676,39.25023],[-101.14901,39.25007],[-101.14934,39.20645],[-101.13071,39.20636],[-101.13064,39.17745],[-101.16806,39.17772],[-101.1676,39.25023]]],[[[-99.64245,39.26358],[-99.62416,39.26369],[-99.62418,39.25002],[-99.62424,39.24902],[-99.64253,39.24905],[-99.64257,39.21987],[-99.60544,39.22004],[-99.60533,39.19084],[-99.62376,39.1909],[-99.6237,39.20549],[-99.64251,39.20537],[-99.6425,39.19093],[-99.66122,39.19081],[-99.66121,39.20526],[-99.67982,39.20523],[-99.67976,39.16152],[-99.69839,39.16148],[-99.69839,39.17604],[-99.71676,39.17599],[-99.7167,39.19037],[-99.7544,39.19031],[-99.75439,39.20494],[-99.73555,39.20491],[-99.7356,39.21948],[-99.71664,39.21959],[-99.71656,39.23417],[-99.66122,39.23438],[-99.66126,39.27814],[-99.64239,39.2781],[-99.64245,39.26358]]],[[[-101.1676,39.25023],[-101.18645,39.25043],[-101.18621,39.26476],[-101.16751,39.26474],[-101.1676,39.25023]]],[[[-101.27969,39.1789],[-101.27955,39.22229],[-101.29818,39.22229],[-101.29806,39.25124],[-101.24228,39.25073],[-101.2422,39.2653],[-101.22357,39.26527],[-101.22356,39.25063],[-101.20491,39.25057],[-101.20508,39.22157],[-101.18636,39.22139],[-101.18681,39.14894],[-101.20545,39.14911],[-101.20542,39.13472],[-101.22411,39.13498],[-101.22399,39.16386],[-101.2426,39.16413],[-101.24259,39.17844],[-101.27969,39.1789]]],[[[-100.60966,39.27066],[-100.6097,39.26334],[-100.62828,39.26335],[-100.6281,39.27788],[-100.60964,39.27778],[-100.60966,39.27066]]],[[[-99.58679,39.27831],[-99.56819,39.27836],[-99.56833,39.26392],[-99.58698,39.26392],[-99.58699,39.24919],[-99.60548,39.2492],[-99.60503,39.29287],[-99.5866,39.29291],[-99.58679,39.27831]]],[[[-99.67971,39.28524],[-99.67976,39.27793],[-99.69866,39.27794],[-99.69857,39.29246],[-99.67967,39.29252],[-99.67971,39.28524]]],[[[-99.88451,39.29164],[-99.88446,39.27721],[-99.90321,39.27713],[-99.90323,39.29162],[-99.88451,39.29164]]],[[[-99.82861,39.30672],[-99.82867,39.29214],[-99.79091,39.2923],[-99.79144,39.27765],[-99.75353,39.2778],[-99.75405,39.24856],[-99.81036,39.24853],[-99.81045,39.23395],[-99.88479,39.23364],[-99.88465,39.2482],[-99.84725,39.24835],[-99.84722,39.3065],[-99.82861,39.30672]]],[[[-101.22349,39.29413],[-101.2235,39.2797],[-101.24213,39.27988],[-101.24212,39.29428],[-101.22349,39.29413]]],[[[-99.82861,39.30672],[-99.82831,39.32128],[-99.80942,39.32131],[-99.8098,39.30669],[-99.82861,39.30672]]],[[[-100.12561,39.335],[-100.05108,39.3349],[-100.05102,39.32043],[-100.03271,39.32035],[-100.01419,39.32034],[-100.01389,39.33495],[-99.97673,39.33476],[-99.97699,39.32018],[-99.88417,39.32071],[-99.88462,39.3062],[-99.94005,39.3058],[-99.94017,39.29137],[-99.9588,39.29141],[-99.95879,39.27693],[-99.97745,39.27689],[-99.97753,39.2624],[-100.03336,39.26253],[-100.03328,39.27696],[-100.05136,39.27695],[-100.05133,39.29141],[-100.06993,39.29142],[-100.07047,39.21892],[-100.1451,39.21894],[-100.14528,39.18996],[-100.16396,39.18996],[-100.16357,39.24806],[-100.14504,39.2481],[-100.14504,39.26256],[-100.12625,39.26258],[-100.12628,39.24816],[-100.10758,39.24804],[-100.10691,39.32051],[-100.12565,39.3205],[-100.12561,39.335]]],[[[-100.12561,39.335],[-100.14394,39.33513],[-100.14377,39.34947],[-100.12551,39.34945],[-100.12561,39.335]]],[[[-99.80811,39.38652],[-99.80819,39.37925],[-99.82699,39.37929],[-99.82658,39.3938],[-99.80808,39.39378],[-99.80811,39.38652]]],[[[-101.79906,39.38003],[-101.7817,39.38009],[-101.7822,39.35093],[-101.80068,39.35093],[-101.80049,39.36547],[-101.81903,39.36541],[-101.81892,39.37994],[-101.79906,39.38003]]],[[[-99.77078,39.41549],[-99.77083,39.4082],[-99.8081,39.40832],[-99.80814,39.4228],[-99.7707,39.42272],[-99.77078,39.41549]]],[[[-99.73218,39.43762],[-99.73253,39.42278],[-99.75221,39.42268],[-99.75209,39.43737],[-99.73218,39.43762]]],[[[-101.8555,39.40864],[-101.85573,39.37981],[-101.93066,39.37966],[-101.93059,39.39416],[-101.87432,39.39422],[-101.87434,39.40879],[-101.8555,39.40864]]],[[[-99.76975,39.46656],[-99.73204,39.46659],[-99.73209,39.4521],[-99.77012,39.45205],[-99.76975,39.46656]]],[[[-99.60169,39.48103],[-99.56557,39.4811],[-99.56588,39.45209],[-99.58436,39.45211],[-99.58428,39.46657],[-99.60184,39.46659],[-99.60169,39.48103]]],[[[-101.29699,39.45365],[-101.29692,39.43921],[-101.3156,39.43918],[-101.31557,39.46815],[-101.29689,39.46811],[-101.29699,39.45365]]],[[[-99.60169,39.48103],[-99.62032,39.4811],[-99.6204,39.46704],[-99.63916,39.46689],[-99.63908,39.49561],[-99.60175,39.49557],[-99.60169,39.48103]]],[[[-101.46513,39.4823],[-101.4653,39.46791],[-101.48413,39.46781],[-101.48363,39.49672],[-101.46495,39.49675],[-101.46513,39.4823]]],[[[-99.43441,39.52467],[-99.43446,39.51014],[-99.45322,39.50993],[-99.45311,39.52446],[-99.43441,39.52467]]],[[[-99.43441,39.52467],[-99.43412,39.53901],[-99.39625,39.53898],[-99.39663,39.5245],[-99.37794,39.52447],[-99.37817,39.5099],[-99.41555,39.50993],[-99.41541,39.52444],[-99.43441,39.52467]]],[[[-101.40823,39.54046],[-101.40831,39.526],[-101.42719,39.52596],[-101.427,39.54034],[-101.40823,39.54046]]],[[[-99.92751,39.58152],[-99.92755,39.59606],[-99.90896,39.59576],[-99.90897,39.58135],[-99.92751,39.58152]]],[[[-99.40293,39.60357],[-99.40301,39.59633],[-99.44026,39.59639],[-99.44016,39.61081],[-99.403,39.61082],[-99.40293,39.60357]]],[[[-99.49662,39.61098],[-99.47794,39.61108],[-99.47799,39.59662],[-99.45914,39.59637],[-99.45909,39.58184],[-99.55279,39.58196],[-99.55278,39.59649],[-99.53413,39.59651],[-99.53412,39.61107],[-99.49662,39.61098]]],[[[-99.87108,39.59586],[-99.8901,39.59583],[-99.89004,39.61029],[-99.87112,39.61033],[-99.87108,39.59586]]],[[[-99.965,39.58145],[-100.00227,39.58138],[-100.00227,39.61047],[-99.96499,39.61035],[-99.965,39.58145]]],[[[-101.37565,39.59763],[-101.35683,39.59757],[-101.35777,39.56834],[-101.3523,39.56834],[-101.35229,39.55488],[-101.33389,39.55489],[-101.33406,39.54042],[-101.31523,39.54055],[-101.31519,39.51155],[-101.33391,39.51156],[-101.33377,39.52611],[-101.35241,39.52606],[-101.35234,39.54039],[-101.371,39.54038],[-101.37082,39.56838],[-101.3765,39.56834],[-101.37565,39.59763]]],[[[-99.59047,39.61811],[-99.59044,39.61088],[-99.60923,39.61092],[-99.60925,39.62541],[-99.59049,39.62521],[-99.59047,39.61811]]],[[[-100.02099,39.61646],[-100.02092,39.61041],[-100.03953,39.61041],[-100.03945,39.62487],[-100.02109,39.6249],[-100.02099,39.61646]]],[[[-100.23635,39.61479],[-100.23626,39.61047],[-100.25492,39.61072],[-100.25498,39.62519],[-100.23631,39.62487],[-100.23635,39.61479]]],[[[-100.32968,39.64358],[-100.32965,39.64],[-100.34836,39.63994],[-100.34836,39.66862],[-100.36727,39.66885],[-100.36737,39.68308],[-100.38587,39.68329],[-100.38573,39.71224],[-100.36739,39.71218],[-100.36737,39.69763],[-100.32956,39.69747],[-100.32968,39.64358]]],[[[-101.46779,39.67422],[-101.46791,39.66993],[-101.50544,39.66988],[-101.50516,39.6843],[-101.52442,39.68434],[-101.52414,39.69875],[-101.48618,39.69885],[-101.48641,39.68443],[-101.46758,39.68443],[-101.46779,39.67422]]],[[[-99.81513,39.72618],[-99.79637,39.72612],[-99.79631,39.71174],[-99.81505,39.71166],[-99.81513,39.72618]]],[[[-102.05005,39.71272],[-102.03132,39.71276],[-102.03132,39.65494],[-102.05002,39.65489],[-102.05005,39.71272]]],[[[-100.42304,39.70493],[-100.4231,39.69782],[-100.44189,39.69774],[-100.44209,39.66875],[-100.46094,39.66881],[-100.46074,39.68328],[-100.47908,39.6832],[-100.47889,39.72663],[-100.49778,39.72676],[-100.49757,39.75569],[-100.46003,39.75581],[-100.46016,39.7412],[-100.4414,39.7412],[-100.44152,39.72675],[-100.42274,39.7267],[-100.42304,39.70493]]],[[[-102.05005,39.71272],[-102.05076,39.71274],[-102.05084,39.72729],[-102.04981,39.72728],[-102.05005,39.71272]]],[[[-100.64648,39.81415],[-100.64644,39.7997],[-100.68426,39.79968],[-100.68423,39.82841],[-100.64657,39.82841],[-100.64648,39.81415]]],[[[-102.03107,39.75],[-102.03129,39.74177],[-102.04993,39.74175],[-102.04983,39.81421],[-102.03095,39.81424],[-102.03107,39.75]]],[[[-101.16692,39.85728],[-101.16684,39.82847],[-101.20357,39.82852],[-101.20362,39.84284],[-101.18491,39.84282],[-101.18501,39.85731],[-101.16692,39.85728]]],[[[-99.23532,39.8859],[-99.21662,39.88612],[-99.21655,39.8571],[-99.2538,39.85686],[-99.25388,39.87139],[-99.23536,39.87145],[-99.23532,39.8859]]],[[[-99.16108,39.91539],[-99.14225,39.91555],[-99.14214,39.90099],[-99.16082,39.90094],[-99.16108,39.91539]]],[[[-99.94496,39.91448],[-99.92631,39.91445],[-99.92642,39.89991],[-99.94519,39.89998],[-99.94496,39.91448]]],[[[-100.44078,39.91505],[-100.4407,39.90069],[-100.45961,39.90056],[-100.45963,39.91501],[-100.44078,39.91505]]],[[[-101.26028,39.81405],[-101.26007,39.85728],[-101.31638,39.85773],[-101.31624,39.80025],[-101.33517,39.80028],[-101.33486,39.77137],[-101.35375,39.77126],[-101.35382,39.75673],[-101.31622,39.75671],[-101.31624,39.80025],[-101.27889,39.79966],[-101.27895,39.81413],[-101.26028,39.81405],[-101.2606,39.74209],[-101.24242,39.74184],[-101.24282,39.72748],[-101.22405,39.7274],[-101.22451,39.69858],[-101.18705,39.69861],[-101.18691,39.71306],[-101.16868,39.71303],[-101.16871,39.69851],[-101.1125,39.69822],[-101.11237,39.71269],[-101.09356,39.71269],[-101.09337,39.7271],[-101.0376,39.72723],[-101.03737,39.71276],[-101.01868,39.71243],[-101.01894,39.72708],[-100.99988,39.72721],[-100.99981,39.71266],[-100.98143,39.71267],[-100.98154,39.69816],[-100.96278,39.69843],[-100.96303,39.68378],[-100.94505,39.68383],[-100.94516,39.65495],[-100.92657,39.65493],[-100.92671,39.626],[-100.8522,39.62604],[-100.85246,39.59708],[-100.83418,39.59705],[-100.83406,39.58261],[-100.81533,39.58271],[-100.8154,39.56795],[-100.79389,39.56804],[-100.7941,39.55421],[-100.77596,39.55429],[-100.7756,39.56809],[-100.75948,39.5681],[-100.7595,39.58268],[-100.74088,39.58261],[-100.74089,39.59722],[-100.7222,39.5972],[-100.72224,39.6117],[-100.70358,39.61163],[-100.70357,39.62613],[-100.66613,39.62617],[-100.66619,39.61168],[-100.64758,39.6116],[-100.64755,39.58257],[-100.59162,39.58244],[-100.59173,39.56803],[-100.57126,39.568],[-100.57156,39.55305],[-100.49705,39.55293],[-100.49704,39.53846],[-100.47873,39.53842],[-100.47864,39.55289],[-100.45981,39.55288],[-100.45979,39.56765],[-100.46087,39.56767],[-100.46061,39.59657],[-100.40476,39.59656],[-100.40479,39.61107],[-100.38616,39.61123],[-100.34832,39.61111],[-100.34853,39.56768],[-100.34787,39.56768],[-100.34845,39.53837],[-100.29251,39.53799],[-100.29242,39.55262],[-100.27368,39.55253],[-100.27333,39.56735],[-100.19888,39.56715],[-100.19938,39.55239],[-100.14357,39.55238],[-100.14342,39.56707],[-100.11529,39.56693],[-100.11543,39.58143],[-100.07802,39.58146],[-100.07802,39.56706],[-100.01245,39.56695],[-100.01253,39.55254],[-99.95638,39.55279],[-99.95623,39.56697],[-99.96498,39.56699],[-99.965,39.58145],[-99.92751,39.58152],[-99.92745,39.56689],[-99.91957,39.56683],[-99.91941,39.5529],[-99.93758,39.55273],[-99.93763,39.53825],[-99.95638,39.53825],[-99.95649,39.52374],[-99.94698,39.52373],[-99.91944,39.52392],[-99.91941,39.53844],[-99.84471,39.53896],[-99.84463,39.55345],[-99.86339,39.55335],[-99.86333,39.56692],[-99.87145,39.56689],[-99.87108,39.59586],[-99.83398,39.59598],[-99.83398,39.58159],[-99.81522,39.58159],[-99.81526,39.59609],[-99.83398,39.59598],[-99.8338,39.61037],[-99.79634,39.61053],[-99.79641,39.59612],[-99.75937,39.5961],[-99.75922,39.58161],[-99.72167,39.58164],[-99.72176,39.596],[-99.70282,39.5962],[-99.70269,39.61063],[-99.62789,39.611],[-99.62788,39.59642],[-99.64661,39.59632],[-99.64655,39.56741],[-99.63975,39.56742],[-99.63944,39.55328],[-99.62098,39.55334],[-99.62089,39.53891],[-99.65795,39.53887],[-99.65811,39.55328],[-99.6957,39.55328],[-99.69555,39.53888],[-99.71348,39.53895],[-99.71319,39.50999],[-99.75042,39.51011],[-99.75065,39.49553],[-99.75989,39.49551],[-99.78821,39.4956],[-99.78824,39.51014],[-99.80705,39.51019],[-99.807,39.49567],[-99.84479,39.49548],[-99.84514,39.42281],[-99.86392,39.42268],[-99.86393,39.39358],[-99.90118,39.39324],[-99.90113,39.4224],[-99.91987,39.42224],[-99.91984,39.40768],[-99.92937,39.40759],[-99.93834,39.40756],[-99.93835,39.42199],[-99.95696,39.42198],[-99.95691,39.40748],[-99.93834,39.40756],[-99.93865,39.37848],[-99.97593,39.3784],[-99.97556,39.422],[-100.01267,39.42186],[-100.01263,39.43629],[-100.03133,39.43625],[-100.03126,39.45084],[-100.05053,39.45088],[-100.05065,39.4073],[-100.06923,39.40729],[-100.06936,39.3929],[-100.05074,39.39291],[-100.05081,39.37836],[-100.12529,39.37841],[-100.12525,39.36366],[-100.16244,39.36393],[-100.16228,39.37836],[-100.18085,39.37845],[-100.18086,39.3929],[-100.14413,39.39288],[-100.14415,39.40737],[-100.12551,39.40743],[-100.12532,39.45088],[-100.18083,39.45113],[-100.18092,39.42187],[-100.19951,39.42192],[-100.1995,39.40741],[-100.21816,39.40739],[-100.21839,39.39289],[-100.2371,39.39301],[-100.23706,39.37847],[-100.25569,39.37848],[-100.25575,39.33503],[-100.27447,39.33507],[-100.27447,39.32055],[-100.29339,39.32058],[-100.29322,39.33501],[-100.38619,39.33556],[-100.38631,39.30666],[-100.40486,39.30683],[-100.40494,39.2781],[-100.38657,39.27775],[-100.36822,39.27777],[-100.36813,39.28484],[-100.36808,39.29212],[-100.3863,39.2923],[-100.38631,39.30666],[-100.29342,39.30612],[-100.29354,39.29167],[-100.27475,39.29156],[-100.2749,39.27714],[-100.25639,39.27708],[-100.25656,39.26256],[-100.23795,39.26258],[-100.23812,39.24808],[-100.21956,39.24807],[-100.21976,39.23359],[-100.23828,39.23359],[-100.23862,39.21905],[-100.29397,39.21932],[-100.29386,39.23383],[-100.31256,39.23385],[-100.31263,39.21946],[-100.36883,39.22009],[-100.36859,39.23448],[-100.38684,39.23466],[-100.44297,39.2346],[-100.44305,39.22003],[-100.46156,39.22003],[-100.46148,39.23451],[-100.48004,39.2345],[-100.47996,39.24908],[-100.49848,39.249],[-100.49839,39.26369],[-100.51682,39.26346],[-100.5166,39.27778],[-100.57237,39.27799],[-100.57226,39.30691],[-100.55361,39.3069],[-100.5537,39.29239],[-100.53515,39.29231],[-100.53497,39.3068],[-100.55361,39.3069],[-100.55338,39.33588],[-100.57197,39.33591],[-100.57218,39.32135],[-100.62765,39.32149],[-100.62744,39.33593],[-100.68362,39.33606],[-100.68346,39.36512],[-100.70227,39.36513],[-100.70211,39.37949],[-100.73965,39.37949],[-100.73984,39.35069],[-100.72099,39.35057],[-100.7212,39.2926],[-100.7027,39.29258],[-100.70292,39.26348],[-100.68424,39.26341],[-100.68451,39.2345],[-100.66587,39.23449],[-100.66581,39.20557],[-100.62853,39.2055],[-100.62869,39.21989],[-100.59176,39.22],[-100.59148,39.17661],[-100.64701,39.1766],[-100.64697,39.1622],[-100.66554,39.16226],[-100.66549,39.14773],[-100.70271,39.14788],[-100.7026,39.13337],[-100.73788,39.13347],[-100.73821,39.11909],[-100.81207,39.1195],[-100.81244,39.10502],[-100.83104,39.10494],[-100.83134,39.0905],[-100.88697,39.09004],[-100.88717,39.07563],[-100.97976,39.07563],[-100.97997,39.06119],[-100.9985,39.06112],[-101.10987,39.06153],[-101.1097,39.07598],[-101.12821,39.07596],[-101.12761,39.11947],[-101.10907,39.11931],[-101.10912,39.10484],[-101.03469,39.10464],[-101.03451,39.11918],[-101.01636,39.11919],[-101.01624,39.1331],[-101.01944,39.13309],[-101.01905,39.16204],[-100.98201,39.16206],[-100.98169,39.17658],[-101.00033,39.17658],[-101.00034,39.19105],[-101.03727,39.19101],[-101.03766,39.14749],[-101.07503,39.14771],[-101.07495,39.1623],[-101.09361,39.16249],[-101.09342,39.19138],[-101.11201,39.19171],[-101.1119,39.20611],[-101.09334,39.20582],[-101.09326,39.22036],[-101.07446,39.22019],[-101.07426,39.26379],[-101.09284,39.26393],[-101.09281,39.2929],[-101.13004,39.29331],[-101.13014,39.32239],[-101.18565,39.32302],[-101.1857,39.35191],[-101.16687,39.35177],[-101.16679,39.36622],[-101.18587,39.36642],[-101.18533,39.39526],[-101.22283,39.39543],[-101.22288,39.38099],[-101.26044,39.38123],[-101.26022,39.35234],[-101.27889,39.35236],[-101.27888,39.3379],[-101.31648,39.33786],[-101.31645,39.32347],[-101.3538,39.3234],[-101.35397,39.30896],[-101.39126,39.30877],[-101.39115,39.32327],[-101.42846,39.32312],[-101.42859,39.30865],[-101.48484,39.30837],[-101.48486,39.29387],[-101.54008,39.29359],[-101.54013,39.32252],[-101.55891,39.32257],[-101.55887,39.30803],[-101.57758,39.30795],[-101.57743,39.29354],[-101.5962,39.2935],[-101.59616,39.27893],[-101.61452,39.27896],[-101.61456,39.26453],[-101.6893,39.26444],[-101.6891,39.24976],[-101.7264,39.24963],[-101.72628,39.23518],[-101.74495,39.23501],[-101.74511,39.22048],[-101.76376,39.22055],[-101.76362,39.2495],[-101.8008,39.24938],[-101.8009,39.2349],[-101.81956,39.23491],[-101.81955,39.26385],[-101.85647,39.26378],[-101.85664,39.23481],[-101.87546,39.23475],[-101.87566,39.20572],[-101.85708,39.20572],[-101.85725,39.19118],[-101.83865,39.19125],[-101.83846,39.20568],[-101.85708,39.20572],[-101.85693,39.22026],[-101.85664,39.23481],[-101.83811,39.2349],[-101.83835,39.22024],[-101.81963,39.22035],[-101.81981,39.20581],[-101.8011,39.20583],[-101.80141,39.19118],[-101.81999,39.1912],[-101.82005,39.17684],[-101.83881,39.17674],[-101.83886,39.16235],[-101.87601,39.16228],[-101.87617,39.14777],[-101.93213,39.1478],[-101.93198,39.16231],[-101.9879,39.16233],[-101.98798,39.14795],[-102.04384,39.14764],[-102.04362,39.17678],[-102.04746,39.17679],[-102.04822,39.26368],[-102.0429,39.26367],[-102.04238,39.27832],[-102.04837,39.27836],[-102.04898,39.36528],[-102.0419,39.36532],[-102.04197,39.35081],[-101.98624,39.35076],[-101.98617,39.33624],[-101.87464,39.33634],[-101.87474,39.32177],[-101.83749,39.32174],[-101.83783,39.27831],[-101.81952,39.2784],[-101.81957,39.29293],[-101.78222,39.29316],[-101.78212,39.2786],[-101.76355,39.27862],[-101.76361,39.30759],[-101.78242,39.30752],[-101.78237,39.32204],[-101.76359,39.32209],[-101.76357,39.33654],[-101.74476,39.3366],[-101.74464,39.36572],[-101.76337,39.36561],[-101.7632,39.38007],[-101.72573,39.38017],[-101.72585,39.36569],[-101.68863,39.36586],[-101.68876,39.38032],[-101.67017,39.38029],[-101.67013,39.39475],[-101.63274,39.39483],[-101.6328,39.38037],[-101.61404,39.38045],[-101.61404,39.39493],[-101.55855,39.39506],[-101.55852,39.40957],[-101.53985,39.40968],[-101.53987,39.3951],[-101.52125,39.39516],[-101.5214,39.38068],[-101.54001,39.38057],[-101.54013,39.36601],[-101.59612,39.36586],[-101.59613,39.35144],[-101.61414,39.35142],[-101.61432,39.32239],[-101.57755,39.32253],[-101.57754,39.33692],[-101.55895,39.33692],[-101.55889,39.35148],[-101.50269,39.3517],[-101.5025,39.40978],[-101.44664,39.40995],[-101.44656,39.42443],[-101.42783,39.42443],[-101.42801,39.39555],[-101.44673,39.39547],[-101.44696,39.36639],[-101.40954,39.3666],[-101.40943,39.381],[-101.3535,39.38115],[-101.35327,39.39573],[-101.29711,39.39577],[-101.29709,39.41029],[-101.20382,39.40999],[-101.20379,39.42434],[-101.22251,39.42446],[-101.22213,39.49693],[-101.24092,39.49698],[-101.24077,39.52599],[-101.25915,39.52579],[-101.25928,39.54044],[-101.27756,39.54051],[-101.27734,39.5683],[-101.25908,39.56834],[-101.2592,39.55489],[-101.18427,39.55476],[-101.18426,39.56831],[-101.18909,39.5683],[-101.18866,39.59728],[-101.20736,39.59726],[-101.20713,39.61179],[-101.24486,39.61181],[-101.24507,39.59733],[-101.26366,39.59749],[-101.26334,39.61188],[-101.28209,39.61198],[-101.28151,39.64099],[-101.26298,39.64089],[-101.26232,39.66977],[-101.29924,39.66986],[-101.29952,39.65529],[-101.3557,39.65538],[-101.35508,39.68431],[-101.37393,39.6844],[-101.37458,39.64097],[-101.35602,39.64104],[-101.35665,39.61216],[-101.3752,39.6121],[-101.37565,39.59763],[-101.39454,39.59746],[-101.39368,39.62637],[-101.41252,39.62644],[-101.41163,39.66993],[-101.43033,39.66999],[-101.42978,39.69891],[-101.4484,39.6988],[-101.44843,39.72775],[-101.42942,39.72788],[-101.42966,39.71337],[-101.41086,39.7134],[-101.41064,39.72782],[-101.3921,39.72777],[-101.3926,39.69902],[-101.37399,39.69873],[-101.37377,39.71324],[-101.33597,39.71328],[-101.33622,39.69873],[-101.31743,39.69874],[-101.3171,39.71325],[-101.29825,39.71328],[-101.29763,39.74246],[-101.37303,39.74225],[-101.37343,39.72766],[-101.3921,39.72777],[-101.39174,39.74225],[-101.44818,39.74237],[-101.44843,39.72775],[-101.46705,39.72779],[-101.4668,39.75676],[-101.50447,39.75676],[-101.50476,39.72782],[-101.58008,39.72786],[-101.58033,39.71333],[-101.61789,39.71329],[-101.6177,39.72771],[-101.67414,39.7277],[-101.67436,39.71311],[-101.71201,39.71312],[-101.71203,39.69864],[-101.73081,39.6986],[-101.73087,39.68413],[-101.76887,39.6842],[-101.7691,39.64078],[-101.75031,39.6408],[-101.75058,39.62635],[-101.71274,39.62634],[-101.71317,39.59739],[-101.75081,39.5973],[-101.75069,39.61185],[-101.76936,39.61185],[-101.76945,39.5974],[-101.80694,39.59742],[-101.80715,39.58294],[-101.88174,39.58286],[-101.88181,39.56836],[-101.89133,39.5684],[-101.89164,39.55365],[-101.85431,39.55379],[-101.85452,39.53936],[-101.83562,39.53952],[-101.83583,39.52492],[-101.92942,39.52447],[-101.92907,39.55361],[-101.96605,39.55359],[-101.96652,39.5245],[-101.92942,39.52447],[-101.92997,39.46646],[-101.98555,39.46636],[-101.98549,39.48091],[-102.04136,39.48081],[-102.04175,39.45186],[-102.02311,39.45184],[-102.02338,39.40841],[-101.98622,39.40851],[-101.98633,39.394],[-101.96774,39.39405],[-101.96757,39.36521],[-102.02335,39.36531],[-102.0234,39.37975],[-102.04905,39.37977],[-102.05027,39.61138],[-102.03147,39.61147],[-102.03141,39.64047],[-101.90035,39.64081],[-101.90024,39.65533],[-101.91899,39.65525],[-101.91902,39.66973],[-101.91883,39.68414],[-101.90004,39.68419],[-101.89998,39.6987],[-101.86259,39.69891],[-101.86261,39.68442],[-101.84374,39.68434],[-101.84387,39.66999],[-101.82517,39.66979],[-101.82494,39.72779],[-101.74939,39.72746],[-101.74935,39.74187],[-101.7303,39.74197],[-101.73036,39.75649],[-101.71155,39.75652],[-101.71128,39.77098],[-101.69257,39.7709],[-101.6924,39.78548],[-101.67363,39.7856],[-101.67325,39.81463],[-101.65456,39.81475],[-101.65433,39.82915],[-101.6356,39.82929],[-101.63557,39.84376],[-101.61627,39.84376],[-101.6162,39.82927],[-101.55994,39.82928],[-101.55986,39.84378],[-101.5411,39.84383],[-101.54103,39.85833],[-101.50407,39.85838],[-101.50406,39.88728],[-101.42921,39.88715],[-101.42901,39.8727],[-101.39152,39.87273],[-101.39186,39.90162],[-101.29807,39.90097],[-101.29794,39.88661],[-101.26088,39.88621],[-101.26027,39.87169],[-101.24143,39.87191],[-101.24139,39.85736],[-101.22229,39.85745],[-101.22251,39.8141],[-101.26028,39.81405]]],[[[-101.50403,39.82209],[-101.50427,39.80039],[-101.48531,39.80036],[-101.48507,39.82937],[-101.5039,39.82938],[-101.50403,39.82209]]],[[[-101.57003,39.80041],[-101.57946,39.80039],[-101.57978,39.77138],[-101.5609,39.77137],[-101.56068,39.80041],[-101.57003,39.80041]]],[[[-101.94728,39.56837],[-101.93823,39.56837],[-101.93791,39.61185],[-101.95657,39.61181],[-101.95671,39.59732],[-101.97537,39.5973],[-101.97535,39.61174],[-101.99396,39.61172],[-101.99412,39.58267],[-101.97542,39.58273],[-101.97543,39.56829],[-101.94728,39.56837]]],[[[-101.11286,39.6693],[-101.11302,39.65503],[-101.1877,39.65531],[-101.1882,39.62642],[-101.1508,39.62608],[-101.15143,39.58257],[-101.11408,39.58266],[-101.11385,39.59709],[-101.09508,39.59708],[-101.09488,39.61153],[-101.076,39.61147],[-101.07587,39.62594],[-101.05722,39.62583],[-101.05692,39.65482],[-101.07544,39.65488],[-101.07526,39.66939],[-101.11286,39.6693]]],[[[-100.39473,39.53868],[-100.38531,39.53854],[-100.38514,39.56767],[-100.40469,39.56763],[-100.40474,39.58209],[-100.42359,39.58197],[-100.42348,39.56765],[-100.42246,39.56764],[-100.42241,39.55292],[-100.40376,39.55288],[-100.40402,39.53865],[-100.39473,39.53868]]],[[[-100.12501,39.54512],[-100.12507,39.53779],[-100.1063,39.53785],[-100.10625,39.5524],[-100.12493,39.55228],[-100.12501,39.54512]]],[[[-100.20878,39.53795],[-100.218,39.53805],[-100.21815,39.52352],[-100.33008,39.52388],[-100.3303,39.5093],[-100.40411,39.50967],[-100.40452,39.49521],[-100.44165,39.49538],[-100.44171,39.48092],[-100.31179,39.48021],[-100.31177,39.49471],[-100.25603,39.49452],[-100.2559,39.50903],[-100.23711,39.50906],[-100.23729,39.49453],[-100.16218,39.49455],[-100.16218,39.46553],[-100.03121,39.4654],[-100.03124,39.49454],[-100.05036,39.49449],[-100.05046,39.52347],[-100.14411,39.52345],[-100.14416,39.509],[-100.16221,39.50904],[-100.16219,39.52351],[-100.18079,39.52352],[-100.18075,39.53789],[-100.20878,39.53795]]],[[[-100.33046,39.45856],[-100.33048,39.46589],[-100.368,39.46617],[-100.36788,39.45169],[-100.38604,39.45178],[-100.38601,39.42272],[-100.36772,39.4226],[-100.36758,39.40811],[-100.33039,39.40785],[-100.33046,39.45856]]],[[[-100.85093,39.4015],[-100.85088,39.42331],[-100.86986,39.42333],[-100.86993,39.40876],[-101.05465,39.40874],[-101.05474,39.39423],[-101.07351,39.39433],[-101.0736,39.37984],[-101.03658,39.37977],[-101.03639,39.39422],[-101.01766,39.39424],[-101.01778,39.37983],[-100.99898,39.37985],[-100.99916,39.36531],[-100.90742,39.36533],[-100.90695,39.39434],[-100.86993,39.3942],[-100.87013,39.37967],[-100.85119,39.37967],[-100.85093,39.4015]]],[[[-100.53453,39.39394],[-100.53466,39.37956],[-100.516,39.37953],[-100.5162,39.3649],[-100.47932,39.36481],[-100.47905,39.39384],[-100.53453,39.39394]]],[[[-101.12973,39.395],[-101.12974,39.40932],[-101.11102,39.40918],[-101.1109,39.42366],[-101.14843,39.42412],[-101.14845,39.39505],[-101.12973,39.395]]],[[[-101.09189,39.43805],[-101.09206,39.42354],[-101.0545,39.4233],[-101.05435,39.43769],[-101.01738,39.43784],[-101.01729,39.45218],[-101.09178,39.45257],[-101.09189,39.43805]]],[[[-100.97056,39.45246],[-100.96115,39.45243],[-100.96123,39.48146],[-100.99865,39.48143],[-100.99882,39.45237],[-100.97056,39.45246]]],[[[-101.0728,39.48138],[-101.03598,39.48128],[-101.03582,39.49574],[-101.07273,39.49598],[-101.0728,39.48138],[-101.0916,39.48155],[-101.09169,39.46716],[-101.07292,39.46694],[-101.0728,39.48138]]],[[[-100.60841,39.45188],[-100.60835,39.43739],[-100.59039,39.43739],[-100.59056,39.40851],[-100.55322,39.40834],[-100.55315,39.45182],[-100.60841,39.45188],[-100.60845,39.46631],[-100.57179,39.46632],[-100.5718,39.49509],[-100.60847,39.49528],[-100.60839,39.50974],[-100.64584,39.50984],[-100.64567,39.43745],[-100.627,39.43738],[-100.62699,39.45169],[-100.60841,39.45188]]],[[[-100.90684,39.43788],[-100.90682,39.45243],[-100.88813,39.45243],[-100.88813,39.48147],[-100.92551,39.48144],[-100.9256,39.43787],[-100.90684,39.43788]]],[[[-100.85074,39.45959],[-100.85073,39.45237],[-100.83198,39.45241],[-100.83202,39.4668],[-100.85075,39.46678],[-100.85074,39.45959]]],[[[-100.73893,39.50322],[-100.7387,39.52501],[-100.77604,39.52517],[-100.7764,39.49632],[-100.73902,39.49608],[-100.73893,39.50322]]],[[[-101.14782,39.49645],[-101.16607,39.49667],[-101.16624,39.46763],[-101.14804,39.46755],[-101.14782,39.49645]]],[[[-100.83156,39.51048],[-100.83145,39.52494],[-100.86888,39.5249],[-100.8691,39.51045],[-100.83156,39.51048]]],[[[-100.50043,39.45173],[-100.49711,39.45169],[-100.4973,39.4662],[-100.53451,39.4663],[-100.53443,39.45186],[-100.50043,39.45173]]],[[[-100.43267,39.42282],[-100.42338,39.42284],[-100.42341,39.43733],[-100.44189,39.43732],[-100.44192,39.4519],[-100.46048,39.45176],[-100.46037,39.42273],[-100.43267,39.42282]]],[[[-101.40967,39.35202],[-101.40982,39.33766],[-101.39103,39.33769],[-101.39089,39.3521],[-101.40967,39.35202]]],[[[-101.7077,39.2833],[-101.70771,39.27885],[-101.68913,39.27896],[-101.68908,39.29341],[-101.70768,39.29337],[-101.7077,39.2833]]],[[[-101.96759,39.30739],[-101.98627,39.30738],[-101.98637,39.29284],[-101.94903,39.29289],[-101.94889,39.30737],[-101.96759,39.30739]]],[[[-101.95014,39.19129],[-101.93162,39.19132],[-101.9313,39.22027],[-101.94988,39.22038],[-101.95014,39.19129]]],[[[-101.01794,39.35048],[-101.01809,39.33609],[-101.03678,39.33614],[-101.03703,39.29251],[-100.96224,39.29262],[-100.96225,39.27813],[-100.92615,39.27826],[-100.92605,39.26381],[-100.90787,39.26367],[-100.90788,39.29268],[-100.88918,39.29269],[-100.88923,39.32172],[-100.92668,39.32169],[-100.92637,39.35084],[-101.01794,39.35048]]],[[[-100.92598,39.24158],[-100.92592,39.23479],[-100.94376,39.23472],[-100.94397,39.22019],[-100.92611,39.22026],[-100.92603,39.1621],[-100.81455,39.1623],[-100.81466,39.17686],[-100.79604,39.1768],[-100.79605,39.19121],[-100.75854,39.1912],[-100.75877,39.20571],[-100.77731,39.20569],[-100.77778,39.23467],[-100.87007,39.2348],[-100.87029,39.24917],[-100.926,39.24925],[-100.92598,39.24158]]],[[[-101.05607,39.19129],[-101.05595,39.20553],[-101.07469,39.20546],[-101.07472,39.19105],[-101.05607,39.19129]]],[[[-100.48874,39.32138],[-100.47935,39.32138],[-100.47941,39.33583],[-100.49757,39.33588],[-100.49767,39.32141],[-100.48874,39.32138]]],[[[-99.60835,39.92957],[-99.60872,39.91497],[-99.62676,39.91496],[-99.62655,39.92947],[-99.60835,39.92957]]],[[[-99.68302,39.92925],[-99.68323,39.91476],[-99.64567,39.91489],[-99.646,39.886],[-99.66455,39.88582],[-99.66446,39.87152],[-99.64586,39.87153],[-99.64596,39.85717],[-99.62709,39.85719],[-99.62704,39.8427],[-99.51528,39.84296],[-99.51531,39.85747],[-99.47777,39.85738],[-99.47798,39.8719],[-99.40279,39.87166],[-99.4029,39.85718],[-99.42172,39.85734],[-99.42174,39.84283],[-99.45916,39.84293],[-99.45908,39.82842],[-99.4778,39.82841],[-99.47791,39.81382],[-99.4965,39.8141],[-99.49641,39.82848],[-99.57138,39.82842],[-99.57131,39.81395],[-99.53373,39.81391],[-99.53378,39.78501],[-99.55271,39.78493],[-99.55276,39.77045],[-99.60933,39.77028],[-99.60917,39.78479],[-99.58995,39.78474],[-99.59004,39.81381],[-99.64606,39.81355],[-99.64613,39.79914],[-99.66485,39.79925],[-99.66495,39.7558],[-99.68401,39.75573],[-99.68408,39.72661],[-99.70292,39.72654],[-99.70283,39.75564],[-99.72161,39.75548],[-99.72121,39.76999],[-99.73941,39.76997],[-99.73947,39.78452],[-99.73913,39.82802],[-99.72093,39.82808],[-99.72095,39.84249],[-99.70201,39.8425],[-99.70218,39.87123],[-99.73931,39.87146],[-99.73922,39.88581],[-99.72104,39.88578],[-99.72026,39.92913],[-99.68302,39.92925]]],[[[-99.16108,39.91539],[-99.17922,39.9153],[-99.17917,39.90085],[-99.19801,39.9008],[-99.19799,39.88639],[-99.21662,39.88612],[-99.21678,39.9006],[-99.23545,39.90039],[-99.23532,39.8859],[-99.2539,39.88575],[-99.25401,39.90029],[-99.2909,39.90041],[-99.29085,39.85703],[-99.32841,39.8571],[-99.32842,39.84258],[-99.38466,39.84277],[-99.38468,39.85718],[-99.3658,39.85709],[-99.36585,39.87159],[-99.34705,39.87157],[-99.34698,39.88607],[-99.32845,39.88611],[-99.32845,39.91498],[-99.30963,39.91497],[-99.30966,39.92947],[-99.29098,39.9294],[-99.29082,39.94386],[-99.25425,39.94386],[-99.25415,39.92929],[-99.16099,39.92994],[-99.16108,39.91539]]],[[[-100.49701,39.93663],[-100.49731,39.91492],[-100.47846,39.91499],[-100.47859,39.90052],[-100.49722,39.90038],[-100.49736,39.88586],[-100.51542,39.88592],[-100.51535,39.90041],[-100.5339,39.90045],[-100.53388,39.92935],[-100.51527,39.92935],[-100.51519,39.94383],[-100.49691,39.94391],[-100.49701,39.93663]]],[[[-99.50039,39.98741],[-99.49716,39.98741],[-99.49711,39.95845],[-99.53422,39.95857],[-99.53419,39.97311],[-99.51533,39.97321],[-99.51535,39.98764],[-99.50039,39.98741]]],[[[-99.29074,40.00208],[-99.1976,40.002],[-99.19785,39.98741],[-99.254,39.98724],[-99.25414,39.95836],[-99.32866,39.95829],[-99.32848,40.00207],[-99.29074,40.00208]]],[[[-99.64448,39.99308],[-99.64491,39.97286],[-99.68231,39.97275],[-99.68209,39.98725],[-99.75675,39.98723],[-99.75691,39.97278],[-99.77574,39.9726],[-99.7758,39.95819],[-99.81353,39.95798],[-99.81369,39.97217],[-99.85053,39.97253],[-99.85046,39.98713],[-99.81362,39.98668],[-99.81332,40.00153],[-99.64418,40.00187],[-99.64448,39.99308]]],[[[-100.94452,39.95144],[-100.94459,39.94423],[-100.98093,39.94419],[-100.98126,39.98756],[-100.96235,39.98774],[-100.96237,39.97329],[-100.94425,39.97324],[-100.94452,39.95144]]],[[[-99.94496,39.91448],[-99.96374,39.9145],[-99.96373,39.89999],[-99.98261,39.90013],[-99.98269,39.85665],[-100.00163,39.85664],[-100.00157,39.84219],[-100.02024,39.84218],[-100.02028,39.82765],[-100.00145,39.82764],[-100.00177,39.81291],[-99.94562,39.813],[-99.946,39.76944],[-99.85199,39.76935],[-99.85187,39.78392],[-99.79541,39.78435],[-99.79642,39.74067],[-99.81515,39.74072],[-99.81513,39.72618],[-99.83389,39.72633],[-99.83356,39.75517],[-99.92729,39.75495],[-99.92743,39.74052],[-99.94619,39.74057],[-99.94629,39.69728],[-99.92776,39.69714],[-99.92787,39.68257],[-99.94627,39.6829],[-99.94629,39.65392],[-99.9275,39.65383],[-99.92757,39.63949],[-99.90883,39.63917],[-99.90882,39.66803],[-99.88998,39.66829],[-99.88979,39.68284],[-99.90911,39.68252],[-99.90912,39.69705],[-99.87139,39.69737],[-99.87152,39.68293],[-99.85256,39.68279],[-99.85247,39.63935],[-99.87111,39.63922],[-99.87117,39.6248],[-100.00209,39.62489],[-100.00209,39.63948],[-100.02102,39.63939],[-100.02104,39.65383],[-100.05851,39.6539],[-100.05835,39.66844],[-100.03973,39.66828],[-100.03961,39.75526],[-100.0773,39.75533],[-100.07731,39.76967],[-100.0962,39.76959],[-100.09612,39.78422],[-100.11475,39.78413],[-100.1146,39.7986],[-100.15228,39.79834],[-100.15258,39.78384],[-100.19876,39.78417],[-100.19881,39.79856],[-100.21757,39.79874],[-100.21734,39.81324],[-100.2547,39.8135],[-100.25474,39.82783],[-100.17959,39.82752],[-100.17929,39.85637],[-100.19794,39.85651],[-100.19794,39.88546],[-100.17023,39.88547],[-100.17034,39.91431],[-100.15142,39.91449],[-100.15125,39.92889],[-100.13242,39.92903],[-100.13218,39.94355],[-100.11351,39.94364],[-100.11348,39.95819],[-100.01981,39.95802],[-100.01967,39.97261],[-100.07538,39.97266],[-100.07501,40.00164],[-100.03785,40.0017],[-100.03799,39.98706],[-100.00062,39.98711],[-100.00042,40.00171],[-99.98134,40.00165],[-99.98172,39.98714],[-99.96312,39.98722],[-99.96279,40.0017],[-99.88905,40.00159],[-99.88813,40.00002],[-99.88868,39.95802],[-99.90724,39.95802],[-99.90724,39.9435],[-99.92597,39.94361],[-99.92605,39.92907],[-99.94491,39.92923],[-99.94496,39.91448]]],[[[-100.00146,39.90734],[-100.00134,39.91454],[-99.98253,39.91459],[-99.98222,39.92901],[-100.11389,39.92911],[-100.11387,39.91456],[-100.13272,39.91449],[-100.13256,39.88553],[-100.1139,39.88554],[-100.11388,39.87107],[-100.05828,39.8712],[-100.05809,39.88569],[-100.02017,39.88562],[-100.02023,39.90004],[-100.00158,39.90005],[-100.00146,39.90734]]],[[[-100.13307,39.83465],[-100.1331,39.8276],[-100.1145,39.82761],[-100.11456,39.81306],[-100.09601,39.81316],[-100.09566,39.8276],[-100.07677,39.82765],[-100.07654,39.85689],[-100.13303,39.85651],[-100.13307,39.83465]]],[[[-100.29018,39.99449],[-100.29054,39.94388],[-100.3093,39.94417],[-100.30943,39.92968],[-100.32806,39.92962],[-100.3283,39.91517],[-100.40313,39.91519],[-100.40297,39.9297],[-100.42188,39.92959],[-100.4217,39.95846],[-100.40272,39.95853],[-100.40262,39.97298],[-100.38472,39.9728],[-100.38476,39.98728],[-100.34631,39.98768],[-100.34636,40.0018],[-100.29015,40.00181],[-100.29018,39.99449]]],[[[-100.4214,39.98737],[-100.42159,39.97304],[-100.44043,39.97296],[-100.44044,39.95845],[-100.51513,39.95835],[-100.51452,39.9874],[-100.53365,39.98731],[-100.53352,40.00188],[-100.42124,40.00189],[-100.4214,39.98737]]]]},"properties":{"OBJECTID":3,"satthick_2022_2024_MANUAL":2,"name":"Saturated thickness: 50 to 100","classLabel":"50 to 100","color":"#95ff5e","hasValue":true,"period":"2022\u20132024"}},{"type":"Feature","id":4,"geometry":{"type":"MultiPolygon","coordinates":[[[[-100.43387,37.01043],[-100.43377,37.0012],[-100.45185,37.00128],[-100.45185,37.01043],[-100.43387,37.01043]]],[[[-100.5422,37.01045],[-100.50622,37.01041],[-100.50614,37.00085],[-100.54214,37.00076],[-100.5422,37.01045]]],[[[-100.34359,37.06807],[-100.3434,37.05344],[-100.36154,37.0535],[-100.36177,37.06814],[-100.34359,37.06807]]],[[[-100.37956,37.046],[-100.37938,37.03926],[-100.41564,37.03956],[-100.41591,37.05398],[-100.43416,37.0539],[-100.43438,37.06833],[-100.39818,37.06834],[-100.39805,37.05382],[-100.37981,37.05366],[-100.37956,37.046]]],[[[-100.32551,37.08213],[-100.32541,37.06785],[-100.34359,37.06807],[-100.3437,37.08226],[-100.32551,37.08213]]],[[[-100.41629,37.08996],[-100.41617,37.0828],[-100.43456,37.08287],[-100.43469,37.09716],[-100.41639,37.09711],[-100.41629,37.08996]]],[[[-100.32551,37.08213],[-100.32575,37.09659],[-100.34375,37.09673],[-100.3438,37.11105],[-100.30782,37.11101],[-100.30741,37.08193],[-100.32551,37.08213]]],[[[-101.79126,37.11258],[-101.79108,37.098],[-101.84566,37.09782],[-101.84584,37.11218],[-101.79126,37.11258]]],[[[-100.38055,37.1547],[-100.3806,37.14005],[-100.39889,37.14017],[-100.39859,37.12572],[-100.41659,37.12581],[-100.41663,37.15482],[-100.38055,37.1547]]],[[[-101.19392,37.14831],[-101.19389,37.14111],[-101.21217,37.14111],[-101.21221,37.15571],[-101.19396,37.15566],[-101.19392,37.14831]]],[[[-101.79126,37.11258],[-101.79124,37.12703],[-101.77294,37.12703],[-101.77311,37.14157],[-101.75495,37.14156],[-101.75522,37.17095],[-101.73702,37.17062],[-101.73709,37.18522],[-101.66444,37.18531],[-101.66461,37.15625],[-101.70074,37.15634],[-101.7008,37.14175],[-101.71845,37.14172],[-101.71842,37.12713],[-101.73662,37.12714],[-101.73655,37.11261],[-101.75488,37.1126],[-101.75465,37.05447],[-101.7364,37.05442],[-101.73642,37.06903],[-101.70041,37.069],[-101.70031,37.0545],[-101.68227,37.05448],[-101.68223,37.03999],[-101.66412,37.03994],[-101.66402,37.02536],[-101.64581,37.02541],[-101.6458,36.99616],[-101.70027,36.9962],[-101.70025,37.02518],[-101.71822,37.02531],[-101.71831,37.04001],[-101.75447,37.03982],[-101.75453,37.02531],[-101.82693,37.02514],[-101.82707,37.05423],[-101.80898,37.05434],[-101.80903,37.06887],[-101.79078,37.06894],[-101.79096,37.08347],[-101.77284,37.08348],[-101.77289,37.11257],[-101.79126,37.11258]]],[[[-100.16371,37.20489],[-100.16365,37.19761],[-100.1817,37.19778],[-100.18193,37.21241],[-100.16378,37.21223],[-100.16371,37.20489]]],[[[-100.23583,37.19854],[-100.29029,37.19868],[-100.29012,37.22733],[-100.25391,37.22726],[-100.25395,37.21273],[-100.23599,37.21261],[-100.23583,37.19854]]],[[[-100.32621,37.22755],[-100.30812,37.22748],[-100.30808,37.21301],[-100.32617,37.21298],[-100.32621,37.22755]]],[[[-100.34444,37.22745],[-100.34439,37.21295],[-100.36265,37.21292],[-100.36255,37.22753],[-100.34444,37.22745]]],[[[-100.74292,37.22056],[-100.74276,37.2133],[-100.76074,37.21336],[-100.76052,37.19874],[-100.81515,37.19935],[-100.81535,37.21363],[-100.79712,37.21357],[-100.79735,37.22803],[-100.74292,37.22786],[-100.74292,37.22056]]],[[[-101.62806,37.21439],[-101.62804,37.19978],[-101.64619,37.19977],[-101.64619,37.21437],[-101.62806,37.21439]]],[[[-100.32621,37.22755],[-100.34444,37.22745],[-100.34443,37.24191],[-100.32629,37.24201],[-100.32621,37.22755]]],[[[-101.6101,37.2288],[-101.61012,37.21434],[-101.62806,37.21439],[-101.62815,37.22885],[-101.6101,37.2288]]],[[[-101.75508,37.20231],[-101.75507,37.19994],[-101.77355,37.19996],[-101.77336,37.1708],[-101.79145,37.17072],[-101.79145,37.18523],[-101.80958,37.18524],[-101.8099,37.22878],[-101.75528,37.22892],[-101.75508,37.20231]]],[[[-101.55609,37.24306],[-101.55579,37.22844],[-101.6101,37.2288],[-101.61045,37.24335],[-101.55609,37.24306]]],[[[-101.73713,37.24333],[-101.68302,37.24357],[-101.68283,37.22901],[-101.66486,37.22901],[-101.66443,37.21438],[-101.70101,37.21442],[-101.70121,37.22905],[-101.73714,37.22894],[-101.73713,37.24333]]],[[[-100.29049,37.27102],[-100.29012,37.2419],[-100.30814,37.24201],[-100.30821,37.27096],[-100.29049,37.27102]]],[[[-101.51986,37.25753],[-101.5197,37.24278],[-101.55609,37.24306],[-101.55611,37.25745],[-101.51986,37.25753]]],[[[-101.73713,37.24333],[-101.75542,37.24342],[-101.75545,37.258],[-101.73696,37.25797],[-101.73713,37.24333]]],[[[-100.09176,37.28484],[-100.09145,37.24108],[-100.10952,37.24129],[-100.10979,37.27048],[-100.12797,37.27052],[-100.1279,37.25597],[-100.16388,37.25599],[-100.16403,37.28521],[-100.09176,37.28484]]],[[[-100.7619,37.28596],[-100.74371,37.286],[-100.74351,37.27143],[-100.79784,37.27156],[-100.79835,37.30063],[-100.76211,37.30053],[-100.7619,37.28596]]],[[[-100.29049,37.27102],[-100.29061,37.32896],[-100.2725,37.32897],[-100.27207,37.27107],[-100.29049,37.27102]]],[[[-101.52005,37.33008],[-101.51998,37.31557],[-101.50182,37.31548],[-101.50165,37.25724],[-101.51986,37.25753],[-101.52003,37.28638],[-101.53812,37.28648],[-101.53817,37.33006],[-101.52005,37.33008]]],[[[-99.50773,37.36672],[-99.50786,37.35218],[-99.5259,37.35216],[-99.52586,37.36663],[-99.50773,37.36672]]],[[[-99.25491,37.36847],[-99.23698,37.36847],[-99.2374,37.31029],[-99.21931,37.31038],[-99.21926,37.28127],[-99.23755,37.28116],[-99.23739,37.26668],[-99.27391,37.26645],[-99.27386,37.25179],[-99.29208,37.25167],[-99.29199,37.2373],[-99.31015,37.23716],[-99.30913,37.17898],[-99.345,37.17857],[-99.34538,37.19305],[-99.3273,37.19314],[-99.32779,37.20773],[-99.34574,37.20759],[-99.34609,37.22216],[-99.32782,37.22225],[-99.32801,37.24409],[-99.32814,37.25123],[-99.34636,37.25127],[-99.34629,37.26586],[-99.29213,37.26624],[-99.29207,37.2808],[-99.27393,37.28096],[-99.27385,37.29551],[-99.2557,37.29567],[-99.25515,37.33932],[-99.27334,37.33939],[-99.27328,37.34626],[-99.27294,37.36854],[-99.25491,37.36847]]],[[[-98.4777,37.32621],[-98.45926,37.32625],[-98.45885,37.34049],[-98.47728,37.34046],[-98.4777,37.32621],[-98.53255,37.32627],[-98.53234,37.36983],[-98.51416,37.36978],[-98.51419,37.35523],[-98.44066,37.35495],[-98.44059,37.34051],[-98.42235,37.34048],[-98.42224,37.32624],[-98.44046,37.32617],[-98.44036,37.3118],[-98.47798,37.31182],[-98.4777,37.32621]]],[[[-100.18263,37.37258],[-100.18255,37.3288],[-100.25469,37.32863],[-100.25456,37.34336],[-100.21825,37.34343],[-100.2182,37.35801],[-100.20008,37.35798],[-100.20013,37.37259],[-100.18263,37.37258]]],[[[-98.66596,37.39866],[-98.64764,37.39853],[-98.64765,37.38427],[-98.66592,37.38423],[-98.66596,37.39866]]],[[[-98.53234,37.36983],[-98.55041,37.36978],[-98.55038,37.38413],[-98.55653,37.38412],[-98.55621,37.39853],[-98.53796,37.39859],[-98.53801,37.38404],[-98.5318,37.38403],[-98.53234,37.36983]]],[[[-98.41001,37.39136],[-98.41013,37.38402],[-98.40423,37.384],[-98.40424,37.3695],[-98.44083,37.36946],[-98.44057,37.38399],[-98.42829,37.38402],[-98.42833,37.39852],[-98.41003,37.39858],[-98.41001,37.39136]]],[[[-98.28188,37.38988],[-98.28191,37.38411],[-98.29523,37.38411],[-98.29513,37.3696],[-98.33164,37.36952],[-98.33155,37.35503],[-98.34943,37.35506],[-98.3495,37.34044],[-98.36761,37.34049],[-98.36756,37.32597],[-98.38538,37.32609],[-98.38597,37.35504],[-98.36768,37.35504],[-98.36773,37.36947],[-98.34945,37.36944],[-98.34948,37.38395],[-98.30015,37.38411],[-98.30013,37.39864],[-98.28188,37.39867],[-98.28188,37.38988]]],[[[-100.18263,37.37258],[-100.18262,37.38713],[-100.18004,37.38716],[-100.1804,37.40187],[-100.16209,37.40186],[-100.16193,37.38721],[-100.16455,37.38722],[-100.16437,37.37257],[-100.18263,37.37258]]],[[[-101.19844,37.40235],[-101.19846,37.38787],[-101.21291,37.38795],[-101.21291,37.37332],[-101.23099,37.37332],[-101.23103,37.38797],[-101.23469,37.38798],[-101.23475,37.40239],[-101.19844,37.40235]]],[[[-98.66596,37.39866],[-98.72042,37.39854],[-98.7206,37.42739],[-98.7023,37.42755],[-98.70221,37.4131],[-98.66597,37.41304],[-98.66596,37.39866]]],[[[-101.45298,37.4172],[-101.45308,37.38829],[-101.39355,37.38814],[-101.39359,37.35907],[-101.37594,37.35899],[-101.37582,37.34445],[-101.42968,37.34449],[-101.42982,37.35917],[-101.46607,37.35916],[-101.46626,37.37372],[-101.50207,37.37381],[-101.50189,37.33008],[-101.52005,37.33008],[-101.52026,37.37386],[-101.53844,37.37403],[-101.53856,37.38842],[-101.5439,37.38842],[-101.54402,37.40295],[-101.52582,37.40292],[-101.52585,37.41738],[-101.45298,37.4172]]],[[[-100.1622,37.44587],[-100.1622,37.43129],[-100.18053,37.43121],[-100.18042,37.44586],[-100.1622,37.44587]]],[[[-100.30689,37.44571],[-100.30698,37.43111],[-100.3251,37.43113],[-100.32516,37.44566],[-100.30689,37.44571]]],[[[-98.93933,37.45623],[-98.93953,37.44172],[-98.97559,37.44165],[-98.97576,37.4562],[-98.93933,37.45623]]],[[[-101.43485,37.43163],[-101.43488,37.41706],[-101.45298,37.4172],[-101.45296,37.43167],[-101.43485,37.43163]]],[[[-100.32516,37.44566],[-100.34325,37.44578],[-100.34315,37.46022],[-100.32493,37.46029],[-100.32516,37.44566]]],[[[-99.55609,37.46787],[-99.53807,37.46793],[-99.53829,37.45346],[-99.52018,37.45335],[-99.52004,37.43876],[-99.50195,37.43895],[-99.50164,37.42445],[-99.53775,37.42423],[-99.53818,37.43883],[-99.55582,37.43889],[-99.55609,37.46787]]],[[[-101.41672,37.44613],[-101.41662,37.43167],[-101.43485,37.43163],[-101.43478,37.44609],[-101.41672,37.44613]]],[[[-100.30689,37.44571],[-100.30702,37.4749],[-100.28896,37.47503],[-100.28883,37.44575],[-100.30689,37.44571]]],[[[-100.72546,37.47481],[-100.72538,37.46024],[-100.74355,37.4603],[-100.74363,37.47485],[-100.72546,37.47481]]],[[[-100.12596,37.48914],[-100.12568,37.47486],[-100.14424,37.47506],[-100.14427,37.48928],[-100.12596,37.48914]]],[[[-100.18059,37.48953],[-100.18021,37.47512],[-100.21625,37.47528],[-100.21627,37.48978],[-100.18059,37.48953]]],[[[-100.25259,37.48087],[-100.2526,37.47517],[-100.27068,37.47507],[-100.27068,37.48961],[-100.25247,37.48969],[-100.25259,37.48087]]],[[[-100.32496,37.48942],[-100.32501,37.47481],[-100.3613,37.47477],[-100.36131,37.48934],[-100.32496,37.48942]]],[[[-99.66562,37.49691],[-99.6654,37.48198],[-99.70185,37.48206],[-99.70213,37.49697],[-99.66562,37.49691]]],[[[-101.37582,37.34445],[-101.35754,37.34446],[-101.35764,37.38815],[-101.36188,37.38809],[-101.36217,37.43147],[-101.38019,37.43143],[-101.38025,37.4459],[-101.41672,37.44613],[-101.41671,37.46061],[-101.47113,37.46075],[-101.47133,37.47523],[-101.36239,37.47487],[-101.36215,37.46039],[-101.32587,37.46045],[-101.32585,37.44599],[-101.34399,37.44593],[-101.34392,37.41706],[-101.30748,37.41694],[-101.30753,37.40253],[-101.32576,37.4026],[-101.32564,37.38816],[-101.33958,37.38814],[-101.33929,37.32979],[-101.37583,37.32994],[-101.37582,37.34445]]],[[[-99.96123,37.50003],[-99.96118,37.48655],[-99.97957,37.48705],[-99.97952,37.50169],[-99.96123,37.50135],[-99.96123,37.50003]]],[[[-100.39787,37.4892],[-100.39786,37.47474],[-100.37957,37.47472],[-100.37956,37.46024],[-100.43391,37.46003],[-100.43386,37.47469],[-100.41587,37.47473],[-100.4159,37.50378],[-100.39789,37.50369],[-100.39787,37.4892]]],[[[-99.6388,37.51229],[-99.57509,37.51261],[-99.57444,37.48264],[-99.64738,37.48219],[-99.64788,37.51223],[-99.6388,37.51229]]],[[[-100.72546,37.47481],[-100.72549,37.4894],[-100.70724,37.48945],[-100.7072,37.51853],[-100.6708,37.51852],[-100.67079,37.50393],[-100.65263,37.50391],[-100.65268,37.48946],[-100.56129,37.4894],[-100.56137,37.47484],[-100.54311,37.47483],[-100.54334,37.43112],[-100.57955,37.43116],[-100.57949,37.44568],[-100.61603,37.44574],[-100.61599,37.4603],[-100.68917,37.46025],[-100.68917,37.47493],[-100.72546,37.47481]]],[[[-100.74361,37.5185],[-100.74368,37.50393],[-100.76184,37.50385],[-100.76176,37.48931],[-100.77989,37.48942],[-100.78001,37.51865],[-100.74361,37.5185]]],[[[-100.94386,37.51826],[-100.92544,37.51842],[-100.92555,37.48949],[-100.94389,37.48948],[-100.94391,37.47501],[-100.96218,37.47502],[-100.96223,37.48952],[-100.98033,37.48952],[-100.98041,37.50403],[-100.9622,37.50403],[-100.9622,37.51865],[-100.94386,37.51826]]],[[[-100.08917,37.53287],[-100.0892,37.5182],[-100.10751,37.51847],[-100.10733,37.48927],[-100.12596,37.48914],[-100.12589,37.50371],[-100.14409,37.50389],[-100.14427,37.48928],[-100.18059,37.48953],[-100.18046,37.50412],[-100.16226,37.50405],[-100.16212,37.51864],[-100.12572,37.51847],[-100.12566,37.53321],[-100.08917,37.53287]]],[[[-100.50687,37.53302],[-100.48856,37.53304],[-100.48854,37.51848],[-100.5068,37.51843],[-100.50687,37.53302]]],[[[-100.72542,37.53323],[-100.72546,37.51869],[-100.74361,37.5185],[-100.74371,37.53301],[-100.72542,37.53323]]],[[[-100.08917,37.53287],[-100.08907,37.54742],[-100.07086,37.54719],[-100.07086,37.5326],[-100.08917,37.53287]]],[[[-100.50687,37.53302],[-100.52494,37.53298],[-100.52501,37.54753],[-100.50685,37.5476],[-100.50687,37.53302]]],[[[-100.72542,37.53323],[-100.72538,37.54772],[-100.68885,37.54762],[-100.68889,37.53304],[-100.72542,37.53323]]],[[[-100.99837,37.43142],[-100.99861,37.41693],[-100.9802,37.4169],[-100.98027,37.43135],[-100.99837,37.43142],[-100.99837,37.44594],[-100.98028,37.4459],[-100.98025,37.46038],[-100.96218,37.46043],[-100.96222,37.44587],[-100.90734,37.44561],[-100.90735,37.41684],[-100.87102,37.41684],[-100.87102,37.43149],[-100.83451,37.4313],[-100.8345,37.44585],[-100.90734,37.44561],[-100.90738,37.46039],[-100.88923,37.46037],[-100.88921,37.47496],[-100.88927,37.50408],[-100.90733,37.50398],[-100.90735,37.53302],[-100.85302,37.53318],[-100.853,37.54775],[-100.81658,37.54766],[-100.8165,37.51852],[-100.79835,37.51865],[-100.79834,37.48942],[-100.81647,37.48941],[-100.81642,37.47487],[-100.79819,37.47486],[-100.79815,37.46017],[-100.76168,37.46032],[-100.76164,37.41669],[-100.77996,37.41671],[-100.78004,37.39649],[-100.77997,37.38783],[-100.7606,37.38774],[-100.76142,37.34412],[-100.79768,37.34417],[-100.7974,37.35878],[-100.81569,37.35877],[-100.81534,37.37326],[-100.83372,37.37333],[-100.83336,37.38777],[-100.83466,37.38777],[-100.83458,37.40228],[-100.8528,37.4023],[-100.85287,37.38773],[-100.88754,37.38781],[-100.88734,37.37365],[-100.94186,37.37335],[-100.94208,37.3878],[-100.96197,37.3878],[-100.96199,37.40232],[-100.98018,37.40234],[-100.98018,37.38786],[-100.99563,37.38788],[-100.99573,37.37282],[-100.97769,37.37306],[-100.97761,37.35856],[-101.0321,37.35841],[-101.03213,37.34379],[-101.05027,37.34386],[-101.05042,37.38768],[-101.06815,37.38776],[-101.0682,37.37328],[-101.08635,37.37317],[-101.08616,37.34394],[-101.10427,37.34395],[-101.1043,37.31485],[-101.08604,37.31484],[-101.08603,37.30043],[-101.03207,37.30057],[-101.03183,37.28585],[-101.05022,37.2859],[-101.05016,37.27149],[-101.08588,37.27143],[-101.08587,37.28598],[-101.10423,37.28594],[-101.1043,37.30038],[-101.1225,37.3003],[-101.12254,37.3148],[-101.14048,37.31477],[-101.14044,37.3293],[-101.15882,37.32937],[-101.1586,37.35858],[-101.1765,37.35878],[-101.17669,37.38787],[-101.18025,37.38781],[-101.18041,37.39491],[-101.18016,37.40241],[-101.16229,37.4024],[-101.16208,37.38789],[-101.12589,37.3879],[-101.12573,37.4023],[-101.10769,37.40238],[-101.10764,37.41696],[-101.08953,37.41688],[-101.0895,37.44585],[-101.18008,37.44555],[-101.18011,37.46028],[-101.14378,37.46047],[-101.14388,37.47485],[-101.10766,37.47491],[-101.10776,37.48954],[-101.0533,37.4896],[-101.05311,37.43141],[-101.07118,37.43142],[-101.0713,37.4024],[-101.03489,37.40248],[-101.03487,37.41699],[-101.01691,37.417],[-101.01671,37.43151],[-100.99837,37.43142]]],[[[-99.90622,37.55892],[-99.90648,37.54421],[-99.92473,37.54455],[-99.92447,37.55935],[-99.90622,37.55892]]],[[[-101.12627,37.53288],[-101.10809,37.53292],[-101.10827,37.54743],[-101.07232,37.54755],[-101.07206,37.51848],[-101.12621,37.51826],[-101.12627,37.53288]]],[[[-101.25354,37.53283],[-101.25384,37.54747],[-101.23559,37.54735],[-101.23543,37.53289],[-101.25354,37.53283]]],[[[-100.52501,37.54753],[-100.54317,37.54749],[-100.54322,37.56233],[-100.52513,37.56233],[-100.52501,37.54753]]],[[[-100.57953,37.56219],[-100.57956,37.51851],[-100.59777,37.51849],[-100.59777,37.53303],[-100.61596,37.53304],[-100.616,37.54762],[-100.59784,37.54762],[-100.59783,37.56217],[-100.57953,37.56219]]],[[[-99.79492,37.55675],[-99.79468,37.54202],[-99.81329,37.54217],[-99.81313,37.52739],[-99.83185,37.52782],[-99.83196,37.54261],[-99.86946,37.54356],[-99.86963,37.58777],[-99.8139,37.5867],[-99.81374,37.57188],[-99.79516,37.57153],[-99.79492,37.55675]]],[[[-99.90622,37.55892],[-99.90639,37.58835],[-99.88819,37.58811],[-99.88817,37.55848],[-99.90622,37.55892]]],[[[-101.5447,37.57697],[-101.54445,37.5478],[-101.56275,37.54773],[-101.56262,37.53335],[-101.54434,37.5333],[-101.54426,37.51878],[-101.52613,37.51884],[-101.52606,37.50431],[-101.5078,37.50433],[-101.50751,37.46112],[-101.48934,37.46072],[-101.48931,37.46014],[-101.48944,37.44621],[-101.50747,37.44652],[-101.50745,37.43205],[-101.54402,37.43196],[-101.54411,37.46086],[-101.5622,37.46095],[-101.56224,37.44643],[-101.59878,37.44657],[-101.59864,37.46098],[-101.61699,37.46103],[-101.61698,37.4755],[-101.63511,37.47553],[-101.63512,37.50458],[-101.61705,37.5046],[-101.6173,37.54799],[-101.58097,37.54778],[-101.58098,37.5624],[-101.56287,37.56239],[-101.56283,37.57701],[-101.5447,37.57697]]],[[[-101.74349,37.55582],[-101.7435,37.54833],[-101.68974,37.54822],[-101.68973,37.5338],[-101.65323,37.53353],[-101.65328,37.51909],[-101.78013,37.51946],[-101.7801,37.53395],[-101.7982,37.53419],[-101.79804,37.54873],[-101.78001,37.54841],[-101.77999,37.57754],[-101.74349,37.57739],[-101.74349,37.55582]]],[[[-99.4669,37.61593],[-99.46678,37.601],[-99.48498,37.60104],[-99.48537,37.63068],[-99.4672,37.63071],[-99.4669,37.61593]]],[[[-98.37405,37.63859],[-98.37414,37.63068],[-98.33709,37.63087],[-98.33712,37.61629],[-98.3555,37.61612],[-98.3554,37.60159],[-98.37375,37.60157],[-98.37417,37.61614],[-98.39227,37.61605],[-98.39226,37.64511],[-98.37409,37.64519],[-98.37405,37.63859]]],[[[-100.54322,37.56233],[-100.56142,37.56224],[-100.56144,37.57676],[-100.57971,37.57661],[-100.57952,37.59129],[-100.56153,37.59131],[-100.56128,37.64961],[-100.54301,37.64968],[-100.54302,37.62055],[-100.48851,37.62038],[-100.48861,37.60596],[-100.50678,37.60591],[-100.50677,37.59135],[-100.54319,37.59135],[-100.54322,37.56233]]],[[[-101.25354,37.53283],[-101.25273,37.48928],[-101.27104,37.48919],[-101.27103,37.50376],[-101.30792,37.50385],[-101.30816,37.51853],[-101.32634,37.51847],[-101.32676,37.54739],[-101.34495,37.54728],[-101.34521,37.57647],[-101.39989,37.57661],[-101.40002,37.59114],[-101.45337,37.59105],[-101.45352,37.60556],[-101.48993,37.60566],[-101.49005,37.57669],[-101.5447,37.57697],[-101.54462,37.59144],[-101.50839,37.59127],[-101.50868,37.63482],[-101.47206,37.63477],[-101.47184,37.62004],[-101.43555,37.62002],[-101.43529,37.60568],[-101.4172,37.60567],[-101.41729,37.62019],[-101.38186,37.62019],[-101.38175,37.60561],[-101.25393,37.60542],[-101.254,37.57643],[-101.2723,37.57643],[-101.27214,37.56187],[-101.30856,37.56187],[-101.30831,37.53293],[-101.25354,37.53283]]],[[[-100.67062,37.66369],[-100.57966,37.66403],[-100.5796,37.64955],[-100.67067,37.64925],[-100.67062,37.66369]]],[[[-99.44936,37.67512],[-99.44922,37.66029],[-99.48576,37.66029],[-99.48595,37.67517],[-99.44936,37.67512]]],[[[-101.63522,37.64238],[-101.63521,37.63509],[-101.61737,37.63494],[-101.61738,37.59145],[-101.65326,37.59168],[-101.65335,37.62072],[-101.67159,37.62076],[-101.67172,37.63521],[-101.65334,37.63519],[-101.65337,37.64974],[-101.63521,37.64971],[-101.63522,37.64238]]],[[[-99.85247,37.66199],[-99.85242,37.64651],[-99.83306,37.64617],[-99.83265,37.61662],[-99.92458,37.61824],[-99.92461,37.58876],[-99.94279,37.58893],[-99.94281,37.57444],[-99.96106,37.57475],[-99.96105,37.5601],[-99.97923,37.56038],[-99.97924,37.58978],[-99.99726,37.59003],[-99.99719,37.60466],[-99.96103,37.60401],[-99.9611,37.66281],[-99.94306,37.66259],[-99.94276,37.63324],[-99.92465,37.633],[-99.9246,37.64767],[-99.8889,37.647],[-99.88861,37.67657],[-99.87068,37.67657],[-99.87077,37.66204],[-99.85247,37.66199]]],[[[-101.21728,37.6634],[-101.16358,37.66353],[-101.16347,37.64897],[-101.19908,37.64902],[-101.19906,37.63445],[-101.21721,37.63432],[-101.21728,37.6634]]],[[[-98.96011,37.65902],[-98.96045,37.64427],[-99.01538,37.64388],[-99.01505,37.62947],[-99.05184,37.6296],[-99.05146,37.65867],[-99.06968,37.65878],[-99.06924,37.68775],[-99.01453,37.68735],[-99.01451,37.68849],[-98.99655,37.6886],[-98.99681,37.67373],[-98.97842,37.67373],[-98.97868,37.65899],[-98.96011,37.65902]]],[[[-100.67062,37.66369],[-100.68894,37.66378],[-100.68899,37.6784],[-100.67053,37.67822],[-100.67062,37.66369]]],[[[-98.94174,37.65923],[-98.96011,37.65902],[-98.95909,37.71829],[-98.94083,37.71836],[-98.94104,37.70358],[-98.90394,37.7037],[-98.90424,37.68903],[-98.92279,37.68886],[-98.923,37.67411],[-98.94147,37.67403],[-98.94174,37.65923]]],[[[-98.95909,37.71829],[-98.97762,37.71821],[-98.97747,37.73281],[-98.95839,37.733],[-98.95909,37.71829]]],[[[-99.90645,37.71398],[-99.90626,37.70596],[-99.94291,37.70666],[-99.94273,37.72118],[-99.99654,37.7218],[-99.99658,37.73633],[-99.90636,37.7354],[-99.90645,37.71398]]],[[[-97.4809,37.73691],[-97.49911,37.73663],[-97.49947,37.75116],[-97.48083,37.75145],[-97.4809,37.73691]]],[[[-97.53572,37.76478],[-97.51742,37.76508],[-97.51769,37.75093],[-97.53598,37.75065],[-97.53572,37.76478]]],[[[-98.30118,37.70337],[-98.30107,37.68889],[-98.31925,37.68875],[-98.31929,37.70331],[-98.35547,37.70348],[-98.35544,37.68897],[-98.3915,37.68887],[-98.39211,37.73247],[-98.33766,37.73258],[-98.33769,37.74687],[-98.31945,37.74689],[-98.31931,37.77612],[-98.28252,37.7762],[-98.28285,37.73253],[-98.30104,37.73253],[-98.30118,37.70337]]],[[[-97.53572,37.76478],[-97.55403,37.76456],[-97.55422,37.77912],[-97.53599,37.77914],[-97.53572,37.76478]]],[[[-97.55422,37.77912],[-97.57259,37.77909],[-97.57288,37.79359],[-97.55443,37.79374],[-97.55422,37.77912]]],[[[-101.86102,37.78161],[-101.83464,37.78147],[-101.83463,37.76692],[-101.81625,37.76682],[-101.81612,37.73777],[-101.85212,37.7383],[-101.85218,37.75234],[-101.87008,37.75268],[-101.87008,37.78176],[-101.86102,37.78161]]],[[[-100.88882,37.80959],[-100.88897,37.79503],[-100.90734,37.79497],[-100.90721,37.80951],[-100.88882,37.80959]]],[[[-100.21481,37.82689],[-100.21479,37.80972],[-100.23327,37.80986],[-100.23328,37.79532],[-100.25151,37.79539],[-100.25162,37.79223],[-100.25157,37.78081],[-100.21486,37.78048],[-100.21502,37.79515],[-100.16084,37.79516],[-100.16075,37.80973],[-100.179,37.80967],[-100.17923,37.82665],[-100.1912,37.82673],[-100.1911,37.85583],[-100.15449,37.85551],[-100.15445,37.8411],[-100.11799,37.84086],[-100.118,37.82632],[-100.12436,37.82634],[-100.1243,37.795],[-100.1056,37.79499],[-100.10577,37.76598],[-100.06957,37.76579],[-100.06979,37.73667],[-100.03321,37.73647],[-100.03328,37.72193],[-100.0882,37.72222],[-100.08813,37.73674],[-100.12416,37.73695],[-100.12407,37.75142],[-100.2331,37.75155],[-100.23316,37.7662],[-100.25161,37.76632],[-100.25147,37.75171],[-100.28812,37.75181],[-100.28788,37.73716],[-100.30601,37.73725],[-100.30614,37.78099],[-100.32407,37.78107],[-100.32405,37.79551],[-100.26983,37.79546],[-100.26976,37.81003],[-100.25141,37.80991],[-100.25171,37.82704],[-100.39223,37.82759],[-100.39208,37.84179],[-100.41023,37.84184],[-100.41032,37.87106],[-100.39204,37.87081],[-100.39207,37.85645],[-100.2458,37.85605],[-100.24586,37.84156],[-100.22763,37.84145],[-100.22771,37.82691],[-100.21481,37.82689]]],[[[-99.36909,37.86211],[-99.36918,37.85501],[-99.4057,37.85485],[-99.40493,37.88437],[-99.36857,37.88408],[-99.36909,37.86211]]],[[[-97.68373,37.89791],[-97.6837,37.88337],[-97.70204,37.88349],[-97.70211,37.89801],[-97.68373,37.89791]]],[[[-101.32249,37.87184],[-101.32227,37.88616],[-101.30402,37.88606],[-101.30398,37.8714],[-101.32249,37.87184]]],[[[-99.45975,37.88418],[-99.47796,37.88395],[-99.47806,37.91332],[-99.45962,37.91336],[-99.45975,37.88418]]],[[[-97.71969,37.89809],[-97.73803,37.89803],[-97.73863,37.91233],[-97.72028,37.91241],[-97.71969,37.89809]]],[[[-97.68373,37.89791],[-97.68373,37.91241],[-97.66544,37.91233],[-97.66541,37.89784],[-97.68373,37.89791]]],[[[-97.79374,37.92677],[-97.75713,37.9269],[-97.75704,37.91234],[-97.79382,37.91223],[-97.79374,37.92677]]],[[[-101.30413,37.90542],[-101.3041,37.9005],[-101.32219,37.90053],[-101.32218,37.91512],[-101.30426,37.91521],[-101.30413,37.90542]]],[[[-98.31609,37.89724],[-98.32561,37.89705],[-98.32562,37.9261],[-98.28893,37.92649],[-98.28886,37.94093],[-98.27049,37.94138],[-98.2706,37.91214],[-98.28894,37.91201],[-98.28893,37.89742],[-98.31609,37.89724]]],[[[-97.79374,37.92677],[-97.81179,37.92675],[-97.81177,37.94128],[-97.79379,37.9413],[-97.79374,37.92677]]],[[[-97.86696,37.97012],[-97.84856,37.97021],[-97.8485,37.95548],[-97.86686,37.9556],[-97.86696,37.97012]]],[[[-100.40976,37.95752],[-100.40988,37.94315],[-100.44614,37.94318],[-100.44582,37.97208],[-100.40966,37.97205],[-100.40976,37.95752]]],[[[-101.26784,37.95136],[-101.2679,37.94417],[-101.28606,37.94419],[-101.28618,37.97325],[-101.26775,37.97316],[-101.26784,37.95136]]],[[[-100.11707,38.00003],[-100.11707,37.98599],[-100.13551,37.98608],[-100.13538,38.00061],[-100.11706,38.00057],[-100.11707,38.00003]]],[[[-97.66547,37.98522],[-97.68383,37.98521],[-97.68393,37.97064],[-97.66572,37.97065],[-97.66547,37.98522],[-97.64715,37.98514],[-97.64727,37.95599],[-97.62885,37.95596],[-97.62893,37.94143],[-97.5921,37.94135],[-97.5921,37.92687],[-97.57386,37.92688],[-97.57373,37.8833],[-97.55544,37.88316],[-97.55558,37.86871],[-97.53727,37.86871],[-97.53694,37.85435],[-97.51888,37.85429],[-97.51887,37.83973],[-97.5371,37.83966],[-97.53718,37.82512],[-97.55492,37.82518],[-97.55466,37.80833],[-97.57304,37.80818],[-97.57288,37.79359],[-97.58979,37.79349],[-97.59004,37.80808],[-97.60828,37.808],[-97.60835,37.82521],[-97.61053,37.82521],[-97.61041,37.88332],[-97.62844,37.88335],[-97.62871,37.89782],[-97.6471,37.89782],[-97.64708,37.91237],[-97.66544,37.91233],[-97.6658,37.94144],[-97.68392,37.94148],[-97.68399,37.95612],[-97.70198,37.9561],[-97.70213,37.99955],[-97.66543,37.99963],[-97.66547,37.98522]]],[[[-97.5922,37.85427],[-97.5922,37.83966],[-97.57367,37.83961],[-97.57369,37.85425],[-97.5922,37.85427]]],[[[-101.24937,37.98067],[-101.24936,37.97331],[-101.26773,37.9733],[-101.26767,37.98782],[-101.24942,37.98795],[-101.24937,37.98067]]],[[[-97.84852,37.99938],[-97.84853,38.01384],[-97.83013,38.01381],[-97.83023,37.99937],[-97.84852,37.99938]]],[[[-101.21293,38.00252],[-101.21306,37.98796],[-101.23115,37.98791],[-101.23113,38.00244],[-101.21293,38.00252]]],[[[-101.10827,37.54743],[-101.12663,37.54736],[-101.12627,37.53288],[-101.19899,37.53281],[-101.19925,37.57632],[-101.21739,37.57635],[-101.21743,37.5908],[-101.1992,37.59086],[-101.19913,37.60539],[-101.16353,37.60544],[-101.16348,37.61994],[-101.14519,37.61985],[-101.14521,37.63446],[-101.12691,37.63452],[-101.12699,37.64907],[-101.10875,37.6491],[-101.10856,37.6782],[-101.0902,37.67821],[-101.0901,37.69273],[-101.18159,37.69256],[-101.1819,37.67811],[-101.21716,37.67801],[-101.21728,37.6634],[-101.25348,37.66351],[-101.25351,37.67796],[-101.28999,37.67808],[-101.2899,37.69261],[-101.30894,37.69258],[-101.30905,37.72163],[-101.3273,37.72163],[-101.3273,37.73612],[-101.36389,37.73617],[-101.36391,37.77995],[-101.34559,37.7799],[-101.34563,37.76515],[-101.32718,37.7651],[-101.32729,37.7797],[-101.34559,37.7799],[-101.34575,37.79441],[-101.32769,37.79433],[-101.32746,37.82818],[-101.3227,37.82818],[-101.32264,37.84261],[-101.341,37.84252],[-101.34101,37.87147],[-101.32249,37.87184],[-101.32261,37.85713],[-101.30429,37.85714],[-101.30443,37.84268],[-101.28605,37.84276],[-101.28587,37.82827],[-101.29014,37.82826],[-101.29005,37.80878],[-101.2354,37.80879],[-101.23545,37.82829],[-101.21694,37.82834],[-101.21731,37.8088],[-101.12634,37.8094],[-101.12649,37.82877],[-101.12314,37.82877],[-101.12254,37.8579],[-101.15856,37.85764],[-101.15813,37.91578],[-101.1398,37.91596],[-101.13963,37.9305],[-101.12125,37.93036],[-101.12134,37.9159],[-101.02937,37.91653],[-101.02932,37.90203],[-101.04777,37.90166],[-101.04767,37.88736],[-101.10382,37.88708],[-101.10385,37.85794],[-101.08586,37.85755],[-101.08548,37.84309],[-101.04895,37.84377],[-101.04886,37.82929],[-100.99346,37.82936],[-100.99315,37.85844],[-100.93839,37.85859],[-100.93832,37.844],[-100.92019,37.84405],[-100.92017,37.82957],[-100.92513,37.82954],[-100.92554,37.8094],[-100.98033,37.80934],[-100.9801,37.78037],[-100.9987,37.78038],[-100.99844,37.80933],[-101.01671,37.80932],[-101.01679,37.78031],[-101.03543,37.78031],[-101.03535,37.75141],[-101.01699,37.75145],[-101.01705,37.73668],[-100.9802,37.73681],[-100.98018,37.76588],[-100.94406,37.76588],[-100.94393,37.73678],[-100.96221,37.73679],[-100.9623,37.72199],[-100.92601,37.72242],[-100.92564,37.73686],[-100.88913,37.73675],[-100.88908,37.72208],[-100.76149,37.72207],[-100.76149,37.70734],[-100.77982,37.70759],[-100.77992,37.69288],[-100.7436,37.69287],[-100.74353,37.70751],[-100.72527,37.7074],[-100.72521,37.73649],[-100.74344,37.73661],[-100.74281,37.82908],[-100.77429,37.82917],[-100.77436,37.84379],[-100.79261,37.84382],[-100.79251,37.88743],[-100.82911,37.88783],[-100.82899,37.9168],[-100.86547,37.91658],[-100.86539,37.93155],[-100.84757,37.93143],[-100.84738,37.9459],[-100.82895,37.9458],[-100.82894,37.96036],[-100.81075,37.96031],[-100.8107,37.98928],[-100.82892,37.98931],[-100.82929,38.01836],[-100.81088,38.01834],[-100.81092,38.00375],[-100.7926,38.00369],[-100.79234,37.97469],[-100.75595,37.97449],[-100.75568,38.00339],[-100.73743,38.00312],[-100.73748,37.9887],[-100.71942,37.98845],[-100.7197,37.91617],[-100.73798,37.91628],[-100.73772,37.88718],[-100.77403,37.88727],[-100.77426,37.85824],[-100.75605,37.85818],[-100.75594,37.84365],[-100.73783,37.84364],[-100.73794,37.82907],[-100.72456,37.82903],[-100.72473,37.795],[-100.67002,37.795],[-100.67058,37.75098],[-100.70689,37.75113],[-100.70709,37.70737],[-100.68897,37.70736],[-100.68899,37.6929],[-100.70712,37.69288],[-100.70716,37.67836],[-100.72551,37.67835],[-100.72554,37.66381],[-100.74364,37.66386],[-100.74363,37.67829],[-100.78,37.67843],[-100.7801,37.66394],[-100.79824,37.66393],[-100.79823,37.64938],[-100.83477,37.64948],[-100.8347,37.66402],[-100.87097,37.66404],[-100.87091,37.64946],[-100.88903,37.64947],[-100.88912,37.664],[-100.90747,37.66398],[-100.90731,37.67846],[-100.92552,37.67852],[-100.92555,37.69329],[-101.05369,37.6928],[-101.05371,37.66376],[-101.03542,37.66392],[-101.03564,37.64921],[-101.01718,37.64934],[-101.01723,37.63489],[-100.99901,37.63484],[-100.99906,37.62036],[-100.98082,37.62032],[-100.98076,37.63498],[-100.94403,37.63514],[-100.94407,37.62059],[-100.92566,37.62049],[-100.92568,37.59151],[-100.98094,37.59129],[-100.98085,37.54764],[-101.01733,37.54756],[-101.01719,37.53305],[-101.03518,37.53303],[-101.03576,37.56209],[-101.07226,37.56205],[-101.07214,37.57649],[-101.09036,37.57636],[-101.09031,37.59097],[-101.10852,37.591],[-101.10857,37.60552],[-101.14511,37.60539],[-101.14506,37.59086],[-101.16342,37.59091],[-101.16318,37.56196],[-101.10851,37.56198],[-101.10827,37.54743]]],[[[-100.77384,37.91302],[-100.77428,37.91658],[-100.7563,37.91658],[-100.75626,37.94552],[-100.77424,37.94564],[-100.77428,37.93114],[-100.79259,37.93123],[-100.79258,37.90216],[-100.77383,37.90222],[-100.77384,37.91302]]],[[[-101.08995,37.70728],[-101.08976,37.72198],[-101.12646,37.7217],[-101.12667,37.70717],[-101.08995,37.70728]]],[[[-101.18146,37.70709],[-101.18143,37.75085],[-101.19864,37.75064],[-101.19921,37.7655],[-101.23511,37.76495],[-101.23543,37.79423],[-101.25364,37.79398],[-101.25363,37.76546],[-101.27188,37.76534],[-101.27191,37.73613],[-101.23521,37.73624],[-101.23528,37.7216],[-101.21693,37.72157],[-101.21699,37.70706],[-101.18146,37.70709]]],[[[-101.15793,37.78012],[-101.14468,37.78012],[-101.14457,37.79471],[-101.16289,37.79469],[-101.16271,37.78013],[-101.15793,37.78012]]],[[[-101.07198,37.73646],[-101.07197,37.72213],[-101.05378,37.72223],[-101.05371,37.73651],[-101.07198,37.73646]]],[[[-97.73878,38.02849],[-97.73876,38.01399],[-97.7937,38.01387],[-97.79356,38.0284],[-97.73878,38.02849]]],[[[-101.19457,38.01739],[-101.19469,38.00264],[-101.21293,38.00252],[-101.21276,38.01717],[-101.19457,38.01739]]],[[[-101.23113,38.00244],[-101.24946,38.00237],[-101.24927,38.01697],[-101.231,38.01708],[-101.23113,38.00244]]],[[[-101.19457,38.01739],[-101.19452,38.0465],[-101.17609,38.04656],[-101.17619,38.01732],[-101.19457,38.01739]]],[[[-97.5369,38.05766],[-97.51854,38.05774],[-97.51854,38.01394],[-97.46384,38.01397],[-97.46376,37.99946],[-97.44535,37.99941],[-97.44544,37.98517],[-97.42711,37.98519],[-97.42702,37.97056],[-97.44541,37.97056],[-97.4455,37.8979],[-97.42701,37.8979],[-97.42701,37.88325],[-97.44545,37.88329],[-97.4454,37.85411],[-97.42696,37.85406],[-97.42672,37.78149],[-97.44491,37.78104],[-97.44449,37.7375],[-97.4627,37.7372],[-97.46346,37.81054],[-97.48194,37.80978],[-97.48194,37.82507],[-97.44535,37.82492],[-97.44538,37.83954],[-97.48221,37.83957],[-97.48226,37.88332],[-97.46389,37.88333],[-97.46372,37.92694],[-97.48197,37.92689],[-97.48198,37.94142],[-97.51876,37.94144],[-97.51873,37.99941],[-97.53703,37.99952],[-97.5369,38.01404],[-97.55531,38.01406],[-97.55525,38.02864],[-97.53691,38.02858],[-97.5369,38.05766]]],[[[-97.5369,38.05766],[-97.57378,38.0579],[-97.57378,38.07241],[-97.53701,38.07223],[-97.5369,38.05766]]],[[[-98.72914,38.05754],[-98.78459,38.05775],[-98.78459,38.07228],[-98.82116,38.07242],[-98.82114,38.08699],[-98.74766,38.08673],[-98.74752,38.07217],[-98.72919,38.0721],[-98.72914,38.05754]]],[[[-101.15768,38.06848],[-101.15765,38.0612],[-101.17616,38.06113],[-101.17604,38.07573],[-101.15773,38.07579],[-101.15768,38.06848]]],[[[-100.57275,38.08902],[-100.53676,38.0887],[-100.53679,38.07413],[-100.57292,38.07451],[-100.57275,38.08902]]],[[[-100.57275,38.08902],[-100.59109,38.08912],[-100.59106,38.1037],[-100.57272,38.10352],[-100.57275,38.08902]]],[[[-97.73878,38.02849],[-97.7388,38.05748],[-97.77537,38.05735],[-97.77537,38.07199],[-97.79384,38.07211],[-97.79396,38.11567],[-97.72044,38.11572],[-97.7203,38.10117],[-97.73877,38.10123],[-97.73866,38.07214],[-97.72028,38.07222],[-97.72044,38.02852],[-97.73878,38.02849]]],[[[-100.9567,38.0837],[-100.95672,38.07629],[-100.92038,38.07656],[-100.92025,38.09105],[-100.90182,38.09112],[-100.90177,38.10562],[-100.88352,38.10563],[-100.88345,38.06209],[-100.84748,38.06187],[-100.84762,38.03281],[-100.92031,38.03299],[-100.92029,38.01859],[-101.0114,38.01805],[-101.01106,38.04713],[-101.04784,38.04697],[-101.04796,38.0615],[-101.08464,38.06123],[-101.08466,38.04674],[-101.1029,38.04668],[-101.1028,38.06121],[-101.12132,38.06129],[-101.12104,38.0904],[-101.06618,38.09056],[-101.06622,38.07589],[-101.04798,38.07606],[-101.04793,38.10512],[-101.02958,38.10524],[-101.02941,38.09068],[-100.9567,38.0909],[-100.9567,38.0837]]],[[[-97.64742,38.17397],[-97.62905,38.17411],[-97.62892,38.08681],[-97.59206,38.08686],[-97.59203,38.07233],[-97.66552,38.07226],[-97.66568,38.10118],[-97.64719,38.10129],[-97.64742,38.17397]]],[[[-99.20525,38.18878],[-99.20506,38.17428],[-99.18672,38.17421],[-99.18648,38.15983],[-99.13177,38.15985],[-99.1319,38.14527],[-99.20492,38.14521],[-99.20491,38.15973],[-99.31439,38.16021],[-99.31432,38.17506],[-99.22345,38.17422],[-99.22364,38.18873],[-99.20525,38.18878]]],[[[-98.93097,38.21807],[-98.9309,38.20355],[-98.94932,38.20364],[-98.94924,38.1891],[-98.96779,38.18928],[-98.9676,38.1456],[-98.85788,38.14516],[-98.85791,38.13067],[-98.8395,38.13058],[-98.83955,38.11613],[-98.82112,38.116],[-98.82114,38.08699],[-98.83951,38.08703],[-98.83952,38.10155],[-98.8579,38.10166],[-98.85788,38.11622],[-98.87631,38.11627],[-98.87628,38.13082],[-98.96767,38.13111],[-98.98608,38.13105],[-98.98607,38.10195],[-99.02193,38.10194],[-99.02205,38.08737],[-99.09555,38.08716],[-99.09549,38.11612],[-99.05864,38.11636],[-99.05878,38.13093],[-99.02206,38.13108],[-99.02206,38.1601],[-99.0043,38.16014],[-99.00436,38.20372],[-98.98616,38.20382],[-98.98615,38.2184],[-98.93097,38.21807]]],[[[-100.8476,38.19954],[-100.84761,38.19236],[-100.86592,38.19238],[-100.86572,38.14899],[-100.88359,38.14911],[-100.88352,38.20707],[-100.8476,38.20683],[-100.8476,38.19954]]],[[[-97.72044,38.11572],[-97.72043,38.14479],[-97.73896,38.14487],[-97.73865,38.1883],[-97.72031,38.18836],[-97.72037,38.21738],[-97.70206,38.21744],[-97.70183,38.11573],[-97.72044,38.11572]]],[[[-99.03285,38.21805],[-99.04058,38.21801],[-99.04074,38.23244],[-99.02242,38.23255],[-99.02226,38.2181],[-99.03285,38.21805]]],[[[-98.06858,38.10115],[-98.10562,38.10111],[-98.10551,38.11566],[-98.12451,38.11564],[-98.1246,38.1302],[-98.16072,38.13036],[-98.16065,38.11577],[-98.14228,38.11573],[-98.14228,38.05753],[-98.08747,38.05735],[-98.08745,38.04287],[-98.05041,38.04268],[-98.05039,38.07183],[-98.06877,38.07178],[-98.06883,38.08641],[-98.06858,38.10115],[-98.05035,38.10109],[-98.05045,38.08636],[-98.03195,38.08608],[-98.03198,38.04268],[-97.9404,38.04273],[-97.94012,38.0133],[-97.92202,38.0138],[-97.92202,37.99938],[-97.84852,37.99938],[-97.84841,37.98473],[-97.86671,37.98459],[-97.86696,37.97012],[-97.88515,37.96997],[-97.88508,37.98452],[-97.90344,37.98472],[-97.90354,37.97012],[-97.94037,37.96991],[-97.94024,37.98454],[-97.97712,37.98407],[-97.97706,37.99924],[-98.01387,37.99919],[-98.01363,38.01343],[-97.99528,38.01348],[-97.9954,38.02803],[-98.01384,38.02806],[-98.01363,38.01343],[-98.03192,38.01351],[-98.03192,38.02817],[-98.10585,38.02829],[-98.10578,38.04271],[-98.16085,38.04315],[-98.16103,38.05759],[-98.21598,38.05744],[-98.21582,38.02842],[-98.23436,38.02828],[-98.23416,37.99904],[-98.27048,37.99928],[-98.2707,38.07193],[-98.23436,38.07187],[-98.23434,38.08633],[-98.25211,38.0863],[-98.25212,38.10084],[-98.23437,38.10027],[-98.19746,38.1008],[-98.19759,38.12994],[-98.21591,38.12962],[-98.21588,38.14422],[-98.27049,38.14448],[-98.27068,38.12989],[-98.30741,38.12987],[-98.30736,38.14436],[-98.32584,38.14436],[-98.32585,38.15883],[-98.34415,38.15897],[-98.3442,38.18831],[-98.32585,38.1882],[-98.32587,38.17356],[-98.30744,38.17355],[-98.30743,38.15888],[-98.21595,38.15874],[-98.21598,38.17354],[-98.19776,38.17375],[-98.1974,38.24637],[-98.16077,38.24651],[-98.16071,38.23196],[-98.14228,38.23211],[-98.14232,38.17393],[-98.1245,38.17391],[-98.12456,38.14481],[-98.10558,38.14473],[-98.10564,38.13027],[-98.08722,38.13027],[-98.08726,38.1155],[-98.06856,38.11565],[-98.06858,38.10115]]],[[[-98.3442,38.18831],[-98.45491,38.18747],[-98.45488,38.20212],[-98.47271,38.202],[-98.50945,38.20164],[-98.50956,38.18723],[-98.4911,38.18728],[-98.49119,38.17279],[-98.4728,38.17278],[-98.47301,38.14368],[-98.45488,38.14376],[-98.45452,38.10018],[-98.4362,38.10026],[-98.43621,38.0857],[-98.326,38.0863],[-98.3259,38.10083],[-98.27071,38.10098],[-98.27066,38.08641],[-98.28908,38.08637],[-98.28916,38.05736],[-98.30776,38.0573],[-98.30723,37.99911],[-98.32568,37.99893],[-98.32563,37.98439],[-98.35785,37.98416],[-98.38086,37.9845],[-98.38095,37.99881],[-98.43574,37.99878],[-98.43581,37.96979],[-98.4542,37.96977],[-98.454,37.94069],[-98.47204,37.94054],[-98.47204,37.9261],[-98.54529,37.92584],[-98.54532,37.91134],[-98.56361,37.91128],[-98.56364,37.89677],[-98.52706,37.89689],[-98.52706,37.88245],[-98.50877,37.88247],[-98.50867,37.89692],[-98.45373,37.89718],[-98.45385,37.88271],[-98.41739,37.8827],[-98.41726,37.86813],[-98.38063,37.8682],[-98.3806,37.82457],[-98.3922,37.82451],[-98.39215,37.79084],[-98.44738,37.79125],[-98.44751,37.77661],[-98.46483,37.77642],[-98.46485,37.76186],[-98.50172,37.76178],[-98.50155,37.74719],[-98.51976,37.74734],[-98.51955,37.70357],[-98.48302,37.70345],[-98.48311,37.73257],[-98.46485,37.73265],[-98.46485,37.74723],[-98.42877,37.74709],[-98.42856,37.73244],[-98.41004,37.73245],[-98.40992,37.70332],[-98.4282,37.70333],[-98.42811,37.68884],[-98.44657,37.68887],[-98.44673,37.67459],[-98.48322,37.67451],[-98.48322,37.65992],[-98.46484,37.65985],[-98.46502,37.63081],[-98.42881,37.6309],[-98.42872,37.61636],[-98.41039,37.61614],[-98.41013,37.57253],[-98.42841,37.57257],[-98.42844,37.558],[-98.44688,37.55799],[-98.44688,37.54371],[-98.48317,37.54335],[-98.48299,37.48549],[-98.46471,37.4855],[-98.46461,37.45666],[-98.44653,37.45668],[-98.44654,37.47115],[-98.43088,37.4712],[-98.40993,37.4712],[-98.40994,37.45678],[-98.3917,37.4567],[-98.39172,37.44235],[-98.40988,37.44229],[-98.40983,37.42769],[-98.42805,37.42759],[-98.4281,37.44211],[-98.53792,37.44204],[-98.53782,37.45645],[-98.55618,37.45638],[-98.55603,37.47081],[-98.59259,37.47069],[-98.59272,37.48545],[-98.64707,37.48516],[-98.64729,37.47051],[-98.66548,37.47061],[-98.66552,37.45631],[-98.73851,37.45616],[-98.73835,37.47063],[-98.72047,37.47067],[-98.72036,37.48529],[-98.68374,37.48528],[-98.68383,37.49983],[-98.73881,37.49968],[-98.73835,37.47063],[-98.82959,37.47046],[-98.8293,37.48499],[-98.84757,37.48487],[-98.84772,37.49947],[-98.90277,37.49945],[-98.90315,37.51404],[-98.92142,37.51412],[-98.92161,37.52857],[-98.95847,37.52846],[-98.95866,37.54289],[-99.08615,37.54295],[-99.08639,37.55688],[-99.14017,37.55704],[-99.14015,37.54273],[-99.1581,37.54272],[-99.15825,37.55712],[-99.17627,37.55725],[-99.17675,37.58656],[-99.15873,37.58642],[-99.15892,37.60109],[-99.17696,37.60118],[-99.1772,37.61589],[-99.21309,37.61622],[-99.21338,37.63091],[-99.1954,37.63075],[-99.19585,37.66009],[-99.21379,37.6603],[-99.21374,37.64553],[-99.32245,37.64569],[-99.32219,37.61623],[-99.34006,37.61619],[-99.33985,37.60149],[-99.39437,37.60128],[-99.39475,37.63075],[-99.35856,37.63091],[-99.35872,37.6603],[-99.43159,37.66028],[-99.43213,37.73423],[-99.44999,37.73436],[-99.4497,37.70471],[-99.468,37.70472],[-99.46814,37.71952],[-99.50452,37.71977],[-99.50469,37.73462],[-99.52295,37.73473],[-99.52356,37.7496],[-99.50523,37.74945],[-99.50448,37.79267],[-99.50545,37.79263],[-99.50543,37.80706],[-99.48661,37.80723],[-99.48639,37.79269],[-99.44984,37.79286],[-99.45034,37.80724],[-99.43238,37.80674],[-99.43193,37.82579],[-99.41374,37.82589],[-99.37745,37.82573],[-99.37736,37.80691],[-99.26825,37.80645],[-99.26828,37.79203],[-99.30456,37.79188],[-99.30472,37.77735],[-99.34082,37.77752],[-99.34091,37.76305],[-99.32285,37.7629],[-99.32307,37.74817],[-99.2504,37.74829],[-99.25024,37.70434],[-99.12358,37.7039],[-99.12358,37.70267],[-99.06911,37.70225],[-99.06924,37.68775],[-99.1057,37.68803],[-99.10654,37.64448],[-99.12382,37.64468],[-99.12351,37.63012],[-99.05184,37.6296],[-99.05137,37.60057],[-98.99638,37.60072],[-98.99671,37.61518],[-98.97829,37.61528],[-98.97857,37.62978],[-98.94173,37.62996],[-98.94174,37.65923],[-98.92319,37.65935],[-98.92349,37.6445],[-98.88662,37.64473],[-98.88631,37.65954],[-98.86754,37.65962],[-98.86676,37.68951],[-98.77541,37.68999],[-98.77562,37.70467],[-98.75734,37.70458],[-98.75756,37.71913],[-98.62762,37.71825],[-98.62744,37.75483],[-98.62951,37.7623],[-98.64792,37.76253],[-98.64792,37.77711],[-98.62965,37.77675],[-98.62983,37.82427],[-98.63735,37.82428],[-98.63716,37.85335],[-98.67383,37.85357],[-98.6741,37.82447],[-98.64827,37.82431],[-98.64817,37.80602],[-98.6665,37.80608],[-98.66637,37.7916],[-98.68455,37.79149],[-98.68449,37.77694],[-98.70291,37.77703],[-98.70262,37.76251],[-98.73932,37.76265],[-98.73932,37.74805],[-98.83038,37.74819],[-98.83058,37.76259],[-98.84884,37.76251],[-98.84909,37.77717],[-98.83084,37.77736],[-98.83096,37.79188],[-98.7762,37.79185],[-98.77632,37.80657],[-98.7397,37.80636],[-98.7396,37.82494],[-98.71075,37.82475],[-98.71064,37.83931],[-98.7289,37.83947],[-98.72879,37.85399],[-98.76567,37.85428],[-98.76569,37.86871],[-98.82072,37.86891],[-98.82077,37.88353],[-98.93097,37.88345],[-98.93048,37.89807],[-98.94933,37.89809],[-98.94908,37.91262],[-98.98565,37.91264],[-98.98586,37.92728],[-99.02226,37.92726],[-99.02231,37.94183],[-99.04054,37.94189],[-99.04069,37.89804],[-99.05907,37.89809],[-99.05908,37.88359],[-99.11419,37.88356],[-99.11426,37.8689],[-99.09591,37.86893],[-99.09612,37.82531],[-99.12277,37.82532],[-99.12308,37.79157],[-99.1412,37.79172],[-99.1414,37.77717],[-99.21432,37.7772],[-99.21429,37.80613],[-99.26825,37.80645],[-99.26869,37.82534],[-99.27785,37.82537],[-99.27782,37.8398],[-99.31444,37.84004],[-99.31462,37.82546],[-99.3514,37.82564],[-99.35083,37.85483],[-99.33242,37.85464],[-99.33212,37.86911],[-99.31374,37.86898],[-99.31384,37.88364],[-99.29569,37.88373],[-99.29544,37.86909],[-99.2412,37.86911],[-99.24124,37.85448],[-99.18754,37.85421],[-99.18747,37.86886],[-99.16911,37.86869],[-99.16933,37.88335],[-99.13255,37.88349],[-99.13256,37.89803],[-99.15085,37.89797],[-99.15093,37.91262],[-99.16919,37.91267],[-99.16912,37.92716],[-99.18746,37.92714],[-99.18728,37.95614],[-99.15071,37.95608],[-99.15071,37.97062],[-99.05888,37.9709],[-99.05891,37.95644],[-99.0045,37.95668],[-99.0044,37.94187],[-98.94946,37.9419],[-98.94946,37.95662],[-98.87648,37.95635],[-98.87634,37.94183],[-98.83951,37.94171],[-98.8396,37.97071],[-98.85804,37.9708],[-98.85795,37.98541],[-98.87631,37.98545],[-98.87641,37.97094],[-98.89457,37.97104],[-98.89463,37.98561],[-98.91298,37.98575],[-98.91317,38.01495],[-98.9498,38.01501],[-98.94981,38.02943],[-98.96818,38.02937],[-98.9681,38.05837],[-98.91317,38.05831],[-98.91314,38.04379],[-98.83959,38.04361],[-98.83964,38.02907],[-98.82124,38.02899],[-98.82134,38.01446],[-98.80299,38.01431],[-98.80287,37.98531],[-98.78451,37.9851],[-98.78448,37.99967],[-98.76596,37.99953],[-98.76601,38.01413],[-98.72894,38.01386],[-98.72914,38.05754],[-98.69232,38.05741],[-98.6923,38.04285],[-98.67396,38.04267],[-98.67486,38.14442],[-98.65633,38.14428],[-98.65656,38.15879],[-98.63822,38.15863],[-98.63828,38.18772],[-98.61994,38.1878],[-98.61966,38.20253],[-98.58236,38.2024],[-98.58234,38.21702],[-98.52777,38.21663],[-98.52779,38.23126],[-98.50935,38.23122],[-98.50926,38.24588],[-98.52756,38.24571],[-98.5273,38.26114],[-98.53538,38.26128],[-98.5352,38.2757],[-98.55356,38.27578],[-98.55367,38.30446],[-98.5351,38.30457],[-98.53522,38.29012],[-98.51666,38.29004],[-98.51669,38.30457],[-98.49823,38.30443],[-98.49827,38.26093],[-98.49078,38.26089],[-98.49088,38.24587],[-98.47247,38.24583],[-98.47258,38.23123],[-98.45468,38.2313],[-98.45478,38.21667],[-98.43626,38.21698],[-98.43645,38.20215],[-98.34432,38.20267],[-98.3442,38.18831]]],[[[-98.56464,38.10005],[-98.58273,38.10016],[-98.58261,38.08564],[-98.5645,38.08549],[-98.56439,38.07092],[-98.54605,38.07091],[-98.54617,38.08535],[-98.5645,38.08549],[-98.56464,38.10005],[-98.52794,38.09992],[-98.52805,38.11451],[-98.49098,38.11478],[-98.49124,38.15812],[-98.50966,38.15819],[-98.50959,38.17272],[-98.54661,38.17295],[-98.54635,38.18748],[-98.5648,38.18762],[-98.56506,38.17302],[-98.62008,38.1731],[-98.61935,38.12939],[-98.60123,38.1293],[-98.60116,38.11497],[-98.56469,38.11454],[-98.56464,38.10005]]],[[[-98.41784,38.07138],[-98.41776,38.0568],[-98.38166,38.05703],[-98.38143,38.07155],[-98.41784,38.07138]]],[[[-98.54584,38.02014],[-98.54569,37.99838],[-98.52735,37.99844],[-98.5275,38.02739],[-98.5459,38.0274],[-98.54584,38.02014]]],[[[-98.76567,37.95595],[-98.76565,37.94147],[-98.74692,37.94122],[-98.74701,37.95583],[-98.76567,37.95595]]],[[[-99.11385,37.94179],[-99.11389,37.92727],[-99.09562,37.92733],[-99.09565,37.94181],[-99.11385,37.94179]]],[[[-98.57298,37.85328],[-98.58218,37.85324],[-98.58243,37.82437],[-98.61157,37.82429],[-98.61133,37.79137],[-98.59299,37.79136],[-98.59278,37.76205],[-98.57441,37.76234],[-98.57423,37.7327],[-98.55644,37.73272],[-98.55649,37.74746],[-98.5381,37.74734],[-98.53845,37.82448],[-98.52722,37.82449],[-98.52717,37.85348],[-98.54548,37.85341],[-98.54548,37.86788],[-98.56375,37.86784],[-98.56382,37.85336],[-98.57298,37.85328]]],[[[-98.45388,37.83179],[-98.45405,37.82456],[-98.43561,37.8245],[-98.43558,37.839],[-98.45387,37.83908],[-98.45388,37.83179]]],[[[-98.70298,37.81481],[-98.70304,37.80616],[-98.68468,37.80601],[-98.6847,37.82461],[-98.70285,37.82472],[-98.70298,37.81481]]],[[[-98.60941,37.70371],[-98.62769,37.70368],[-98.6278,37.6892],[-98.60959,37.68922],[-98.60941,37.70371],[-98.59119,37.70365],[-98.59112,37.71818],[-98.60935,37.71831],[-98.60941,37.70371]]],[[[-98.69231,37.70404],[-98.7025,37.70411],[-98.70248,37.68961],[-98.72079,37.6897],[-98.72098,37.66056],[-98.64626,37.66019],[-98.64613,37.68922],[-98.66437,37.68937],[-98.6644,37.70386],[-98.69231,37.70404]]],[[[-98.62803,37.6602],[-98.62826,37.65287],[-98.62955,37.64557],[-98.70229,37.64548],[-98.70255,37.63096],[-98.68406,37.631],[-98.68436,37.55833],[-98.64783,37.55825],[-98.64779,37.54375],[-98.62952,37.54381],[-98.62945,37.55827],[-98.61116,37.55836],[-98.6113,37.57288],[-98.59297,37.57267],[-98.59308,37.60181],[-98.57475,37.60168],[-98.57481,37.631],[-98.59312,37.63099],[-98.5931,37.64564],[-98.59197,37.66016],[-98.62803,37.6602]]],[[[-98.70262,37.54373],[-98.70278,37.55828],[-98.72111,37.55832],[-98.7211,37.57283],[-98.70275,37.57274],[-98.70271,37.60173],[-98.73937,37.60167],[-98.73923,37.66058],[-98.81176,37.66091],[-98.81282,37.6158],[-98.79435,37.61592],[-98.79439,37.60127],[-98.75764,37.60156],[-98.75779,37.58693],[-98.73934,37.58711],[-98.73947,37.54382],[-98.70262,37.54373]]],[[[-98.9225,37.58655],[-98.9228,37.60115],[-98.94124,37.60105],[-98.94149,37.61541],[-98.95989,37.61534],[-98.95963,37.60082],[-98.97798,37.60085],[-98.97765,37.58631],[-98.95933,37.58624],[-98.95901,37.5717],[-98.92221,37.57202],[-98.9225,37.58655]]],[[[-99.10572,37.58618],[-99.10617,37.61529],[-99.12323,37.61544],[-99.12272,37.58618],[-99.10572,37.58618]]],[[[-99.46845,37.76714],[-99.46845,37.77815],[-99.48649,37.77821],[-99.48676,37.7492],[-99.45017,37.74917],[-99.4504,37.76359],[-99.46842,37.7637],[-99.46845,37.76714]]],[[[-98.27544,38.32594],[-98.27543,38.31873],[-98.25702,38.31889],[-98.25705,38.30433],[-98.31248,38.30425],[-98.31259,38.34774],[-98.2756,38.34788],[-98.27544,38.32594]]],[[[-97.64742,38.17397],[-97.66586,38.17393],[-97.66604,38.21731],[-97.68438,38.21766],[-97.68438,38.26059],[-97.68535,38.26059],[-97.6854,38.27518],[-97.70376,38.27518],[-97.70385,38.26066],[-97.72068,38.26066],[-97.72035,38.24639],[-97.73911,38.24644],[-97.73916,38.26056],[-97.74068,38.26056],[-97.74074,38.27512],[-97.72225,38.27503],[-97.72223,38.30404],[-97.70373,38.30419],[-97.70364,38.31866],[-97.72223,38.31858],[-97.72214,38.36224],[-97.70366,38.36222],[-97.70361,38.34775],[-97.6853,38.34773],[-97.6854,38.33334],[-97.66726,38.33339],[-97.66702,38.26056],[-97.6659,38.26058],[-97.66607,38.23186],[-97.64758,38.2321],[-97.64742,38.17397]]],[[[-100.86987,38.42461],[-100.86921,38.38125],[-100.88782,38.38107],[-100.88743,38.35207],[-100.9242,38.35189],[-100.92471,38.40989],[-100.90624,38.40997],[-100.90653,38.43892],[-100.88838,38.439],[-100.88812,38.42445],[-100.86987,38.42461]]],[[[-98.66426,38.46351],[-98.68281,38.46347],[-98.68277,38.47807],[-98.64587,38.47806],[-98.64582,38.46355],[-98.66426,38.46351]]],[[[-98.55367,38.30446],[-98.60881,38.30459],[-98.60862,38.26107],[-98.60075,38.26107],[-98.60077,38.24639],[-98.6192,38.24646],[-98.61917,38.26109],[-98.62721,38.26107],[-98.62721,38.27564],[-98.66388,38.27548],[-98.66385,38.26093],[-98.69254,38.26089],[-98.6927,38.23156],[-98.71114,38.23163],[-98.71126,38.20226],[-98.72965,38.2025],[-98.72961,38.17352],[-98.82114,38.17421],[-98.82114,38.18876],[-98.83948,38.18878],[-98.83954,38.2178],[-98.8212,38.21786],[-98.82123,38.26103],[-98.81127,38.261],[-98.8112,38.27548],[-98.82971,38.27551],[-98.8297,38.29004],[-98.84802,38.2901],[-98.84815,38.27559],[-98.88513,38.27566],[-98.88513,38.26115],[-98.89484,38.26109],[-98.89479,38.23257],[-98.9126,38.23248],[-98.91271,38.21796],[-98.93097,38.21807],[-98.93069,38.2613],[-98.92165,38.26115],[-98.92167,38.28912],[-98.86654,38.29017],[-98.86625,38.33277],[-98.84781,38.33269],[-98.84824,38.36171],[-98.81138,38.36176],[-98.81161,38.37624],[-98.7744,38.3763],[-98.77424,38.36184],[-98.71893,38.36179],[-98.71902,38.34743],[-98.62742,38.34769],[-98.62737,38.37663],[-98.60894,38.37661],[-98.60888,38.42022],[-98.5904,38.42026],[-98.59042,38.40585],[-98.51766,38.40535],[-98.51772,38.41982],[-98.48056,38.42019],[-98.48062,38.4056],[-98.44344,38.40572],[-98.44344,38.42027],[-98.48056,38.42019],[-98.48044,38.46376],[-98.49901,38.46387],[-98.49892,38.47842],[-98.46185,38.47824],[-98.46177,38.46367],[-98.44321,38.46362],[-98.44332,38.44914],[-98.42498,38.44905],[-98.42506,38.43461],[-98.36958,38.43473],[-98.36951,38.42026],[-98.34962,38.42024],[-98.34966,38.43469],[-98.3127,38.43489],[-98.31273,38.39123],[-98.33125,38.39125],[-98.33106,38.3477],[-98.34038,38.34768],[-98.40635,38.34762],[-98.40637,38.36213],[-98.42481,38.36222],[-98.42479,38.37678],[-98.46185,38.37658],[-98.46188,38.39113],[-98.53581,38.39079],[-98.53567,38.37625],[-98.55415,38.37631],[-98.55392,38.36179],[-98.57239,38.36185],[-98.57217,38.3474],[-98.59046,38.34799],[-98.59047,38.31911],[-98.55377,38.31904],[-98.55367,38.30446]]],[[[-98.73751,38.31893],[-98.73748,38.33339],[-98.75603,38.33336],[-98.75616,38.31893],[-98.77441,38.3189],[-98.77449,38.28992],[-98.73779,38.29003],[-98.73768,38.27548],[-98.71919,38.27551],[-98.71924,38.31893],[-98.73751,38.31893]]],[[[-98.38781,38.3912],[-98.38778,38.37669],[-98.36944,38.37676],[-98.36944,38.39124],[-98.38781,38.3912]]],[[[-98.73753,38.26087],[-98.74781,38.26087],[-98.74793,38.2464],[-98.76643,38.24655],[-98.76646,38.23206],[-98.78489,38.23224],[-98.78497,38.21778],[-98.80267,38.21785],[-98.8027,38.20328],[-98.74816,38.2028],[-98.74815,38.21731],[-98.7296,38.21706],[-98.72936,38.26086],[-98.73753,38.26087]]],[[[-97.72205,38.4782],[-97.722,38.44942],[-97.68547,38.44927],[-97.68527,38.39114],[-97.70367,38.39129],[-97.70367,38.37681],[-97.72211,38.37682],[-97.72198,38.39133],[-97.74041,38.39138],[-97.73993,38.47825],[-97.75841,38.47834],[-97.75807,38.49279],[-97.73999,38.4927],[-97.73993,38.5071],[-97.72189,38.5071],[-97.72205,38.4782]]],[[[-100.88906,38.55512],[-100.88904,38.54059],[-100.90719,38.54048],[-100.90749,38.58387],[-100.8893,38.58413],[-100.88906,38.55512]]],[[[-100.92639,38.69897],[-100.92644,38.68473],[-100.94489,38.68468],[-100.94482,38.69894],[-100.92639,38.69897]]],[[[-100.89198,38.72791],[-100.89231,38.71361],[-100.91066,38.71351],[-100.9105,38.72784],[-100.89198,38.72791]]],[[[-100.89198,38.72791],[-100.89211,38.74256],[-100.87361,38.74271],[-100.87357,38.72824],[-100.89198,38.72791]]],[[[-101.96345,38.88666],[-101.94524,38.88679],[-101.94582,38.81399],[-102.00133,38.81376],[-102.00098,38.8428],[-102.01942,38.84275],[-102.01987,38.81372],[-102.04537,38.81353],[-102.04553,38.84272],[-102.03816,38.84276],[-102.03776,38.87181],[-101.98208,38.87204],[-101.98222,38.85753],[-101.96378,38.85754],[-101.96345,38.88666]]],[[[-101.98237,38.82839],[-101.96412,38.82849],[-101.96397,38.84297],[-101.98226,38.84285],[-101.98237,38.82839]]],[[[-101.96345,38.88666],[-101.98188,38.88658],[-101.98167,38.901],[-101.96326,38.90111],[-101.96345,38.88666]]],[[[-100.4821,39.00002],[-100.48204,38.98834],[-100.50091,38.98832],[-100.50059,39.0028],[-100.48206,39.00272],[-100.4821,39.00002]]],[[[-99.94393,39.10271],[-99.94428,39.08822],[-99.96292,39.08831],[-99.9625,39.10273],[-99.94393,39.10271]]],[[[-100.00471,39.08839],[-100.01881,39.08816],[-100.01837,39.10288],[-99.99968,39.10288],[-100.00013,39.08849],[-100.00471,39.08839]]],[[[-101.36725,39.10747],[-101.36755,39.09298],[-101.38608,39.09292],[-101.38584,39.10732],[-101.36725,39.10747]]],[[[-101.36725,39.10747],[-101.36713,39.12195],[-101.3496,39.12185],[-101.3498,39.10753],[-101.36725,39.10747]]],[[[-99.51239,39.17616],[-99.51239,39.16155],[-99.53105,39.16161],[-99.53097,39.17613],[-99.51239,39.17616]]],[[[-99.60521,39.17637],[-99.62372,39.17625],[-99.62376,39.1909],[-99.60533,39.19084],[-99.60521,39.17637]]],[[[-101.36713,39.12195],[-101.3859,39.12179],[-101.38545,39.13518],[-101.40422,39.13508],[-101.40501,39.09235],[-101.42351,39.09247],[-101.42285,39.13495],[-101.41048,39.13504],[-101.41048,39.17858],[-101.37272,39.17868],[-101.37315,39.13524],[-101.36703,39.13528],[-101.36713,39.12195]]],[[[-101.06538,39.20548],[-101.05595,39.20553],[-101.05608,39.19097],[-101.07472,39.19105],[-101.07469,39.20546],[-101.06538,39.20548]]],[[[-101.93147,39.20579],[-101.93162,39.19132],[-101.95014,39.19129],[-101.94988,39.22038],[-101.9313,39.22027],[-101.93147,39.20579]]],[[[-99.84725,39.24835],[-99.86607,39.24826],[-99.86588,39.26266],[-99.84732,39.26275],[-99.84725,39.24835]]],[[[-101.76362,39.2495],[-101.76376,39.22055],[-101.80109,39.22038],[-101.8011,39.20583],[-101.81981,39.20581],[-101.81963,39.22035],[-101.83835,39.22024],[-101.83811,39.2349],[-101.8009,39.2349],[-101.8008,39.24938],[-101.76362,39.2495]]],[[[-99.67957,39.29963],[-99.67967,39.29252],[-99.69857,39.29246],[-99.69833,39.30688],[-99.67947,39.30701],[-99.67957,39.29963]]],[[[-102.04238,39.27832],[-102.0429,39.26367],[-102.04822,39.26368],[-102.04837,39.27836],[-102.04238,39.27832]]],[[[-100.03243,39.33491],[-100.03271,39.32035],[-100.05102,39.32043],[-100.05108,39.3349],[-100.03243,39.33491]]],[[[-100.47935,39.32632],[-100.47935,39.32138],[-100.49767,39.32141],[-100.49757,39.33588],[-100.47941,39.33583],[-100.47935,39.32632]]],[[[-101.39089,39.3521],[-101.39103,39.33769],[-101.40982,39.33766],[-101.40967,39.35202],[-101.39089,39.3521]]],[[[-100.06937,39.37501],[-100.06934,39.36367],[-100.12525,39.36366],[-100.12529,39.37841],[-100.06933,39.3783],[-100.06937,39.37501]]],[[[-100.85088,39.41601],[-100.85119,39.37967],[-100.87013,39.37967],[-100.86993,39.3942],[-100.90695,39.39434],[-100.90742,39.36533],[-100.99916,39.36531],[-100.99898,39.37985],[-101.01778,39.37983],[-101.01766,39.39424],[-101.03639,39.39422],[-101.03658,39.37977],[-101.0736,39.37984],[-101.07351,39.39433],[-101.05474,39.39423],[-101.05465,39.40874],[-100.86993,39.40876],[-100.86986,39.42333],[-100.85088,39.42331],[-100.85088,39.41601]]],[[[-101.1478,39.48206],[-101.14804,39.46755],[-101.16624,39.46763],[-101.16607,39.49667],[-101.14782,39.49645],[-101.1478,39.48206]]],[[[-100.18079,39.52352],[-100.19957,39.52354],[-100.19947,39.50912],[-100.18077,39.50903],[-100.18079,39.52352],[-100.16219,39.52351],[-100.16221,39.50904],[-100.15345,39.509],[-100.14416,39.509],[-100.14411,39.52345],[-100.05046,39.52347],[-100.05036,39.49449],[-100.03124,39.49454],[-100.03121,39.4654],[-100.16218,39.46553],[-100.16218,39.49455],[-100.23729,39.49453],[-100.23711,39.50906],[-100.2559,39.50903],[-100.25603,39.49452],[-100.31177,39.49471],[-100.31179,39.48021],[-100.44171,39.48092],[-100.44165,39.49538],[-100.40452,39.49521],[-100.40411,39.50967],[-100.3303,39.5093],[-100.33008,39.52388],[-100.21815,39.52352],[-100.218,39.53805],[-100.18075,39.53789],[-100.18079,39.52352]]],[[[-101.92942,39.52447],[-101.96652,39.5245],[-101.96605,39.55359],[-101.92907,39.55361],[-101.92942,39.52447]]],[[[-99.92751,39.58152],[-99.90897,39.58135],[-99.90896,39.59576],[-99.87108,39.59586],[-99.87145,39.56689],[-99.86333,39.56692],[-99.86339,39.55335],[-99.84463,39.55345],[-99.84471,39.53896],[-99.91941,39.53844],[-99.91944,39.52392],[-99.95649,39.52374],[-99.95638,39.53825],[-99.93763,39.53825],[-99.93758,39.55273],[-99.91941,39.5529],[-99.91957,39.56683],[-99.92745,39.56689],[-99.92751,39.58152]]],[[[-99.92751,39.58152],[-99.965,39.58145],[-99.96485,39.59586],[-99.92755,39.59606],[-99.92751,39.58152]]],[[[-101.07526,39.66939],[-101.07544,39.65488],[-101.05692,39.65482],[-101.05722,39.62583],[-101.07587,39.62594],[-101.076,39.61147],[-101.09488,39.61153],[-101.09508,39.59708],[-101.11385,39.59709],[-101.11408,39.58266],[-101.15143,39.58257],[-101.1508,39.62608],[-101.1882,39.62642],[-101.1877,39.65531],[-101.11302,39.65503],[-101.11286,39.6693],[-101.07526,39.66939]]],[[[-99.70287,39.68313],[-99.72196,39.68286],[-99.72185,39.71176],[-99.70303,39.71205],[-99.70287,39.68313]]],[[[-99.66534,39.71217],[-99.66535,39.69752],[-99.68422,39.69779],[-99.68424,39.7123],[-99.66534,39.71217]]],[[[-99.92743,39.74052],[-99.92741,39.72611],[-99.90886,39.72603],[-99.90901,39.71157],[-99.85241,39.71173],[-99.85241,39.74065],[-99.92743,39.74052],[-99.92729,39.75495],[-99.83356,39.75517],[-99.83389,39.72633],[-99.81513,39.72618],[-99.81505,39.71166],[-99.77758,39.71171],[-99.77761,39.69726],[-99.81507,39.69714],[-99.8152,39.68269],[-99.87152,39.68293],[-99.87139,39.69737],[-99.90912,39.69705],[-99.90911,39.68252],[-99.88979,39.68284],[-99.88998,39.66829],[-99.90882,39.66803],[-99.90883,39.63917],[-99.92757,39.63949],[-99.9275,39.65383],[-99.94629,39.65392],[-99.94627,39.6829],[-99.92787,39.68257],[-99.92776,39.69714],[-99.94629,39.69728],[-99.94627,39.73333],[-99.94619,39.74057],[-99.92743,39.74052]]],[[[-101.44843,39.72775],[-101.44818,39.74237],[-101.39174,39.74225],[-101.3921,39.72777],[-101.41064,39.72782],[-101.41086,39.7134],[-101.42966,39.71337],[-101.42942,39.72788],[-101.44843,39.72775]]],[[[-101.44843,39.72775],[-101.4484,39.6988],[-101.42978,39.69891],[-101.43033,39.66999],[-101.41163,39.66993],[-101.41252,39.62644],[-101.39368,39.62637],[-101.39454,39.59746],[-101.37565,39.59763],[-101.3765,39.56834],[-101.37082,39.56838],[-101.371,39.54038],[-101.35234,39.54039],[-101.35241,39.52606],[-101.33377,39.52611],[-101.33391,39.51156],[-101.31519,39.51155],[-101.31523,39.54055],[-101.33406,39.54042],[-101.33389,39.55489],[-101.35229,39.55488],[-101.3523,39.56834],[-101.35777,39.56834],[-101.35683,39.59757],[-101.37565,39.59763],[-101.3752,39.6121],[-101.35665,39.61216],[-101.35602,39.64104],[-101.37458,39.64097],[-101.37393,39.6844],[-101.35508,39.68431],[-101.3557,39.65538],[-101.29952,39.65529],[-101.29924,39.66986],[-101.26232,39.66977],[-101.26298,39.64089],[-101.28151,39.64099],[-101.28209,39.61198],[-101.26334,39.61188],[-101.26366,39.59749],[-101.24507,39.59733],[-101.24486,39.61181],[-101.20713,39.61179],[-101.20736,39.59726],[-101.18866,39.59728],[-101.18909,39.5683],[-101.18426,39.56831],[-101.18427,39.55476],[-101.2592,39.55489],[-101.25908,39.56834],[-101.27734,39.5683],[-101.27756,39.54051],[-101.25928,39.54044],[-101.25915,39.52579],[-101.24077,39.52599],[-101.24092,39.49698],[-101.22213,39.49693],[-101.22251,39.42446],[-101.20379,39.42434],[-101.20382,39.40999],[-101.29709,39.41029],[-101.29711,39.39577],[-101.35327,39.39573],[-101.3535,39.38115],[-101.40943,39.381],[-101.40954,39.3666],[-101.44696,39.36639],[-101.44673,39.39547],[-101.42801,39.39555],[-101.42783,39.42443],[-101.44656,39.42443],[-101.44664,39.40995],[-101.5025,39.40978],[-101.50269,39.3517],[-101.55889,39.35148],[-101.55895,39.33692],[-101.57754,39.33692],[-101.57755,39.32253],[-101.61432,39.32239],[-101.61414,39.35142],[-101.59613,39.35144],[-101.59612,39.36586],[-101.54013,39.36601],[-101.54001,39.38057],[-101.5214,39.38068],[-101.52125,39.39516],[-101.53987,39.3951],[-101.53985,39.40968],[-101.55852,39.40957],[-101.55855,39.39506],[-101.61404,39.39493],[-101.61404,39.38045],[-101.6328,39.38037],[-101.63274,39.39483],[-101.67013,39.39475],[-101.67017,39.38029],[-101.68876,39.38032],[-101.68863,39.36586],[-101.72585,39.36569],[-101.72573,39.38017],[-101.7632,39.38007],[-101.76337,39.36561],[-101.74464,39.36572],[-101.74476,39.3366],[-101.76357,39.33654],[-101.76359,39.32209],[-101.78237,39.32204],[-101.78242,39.30752],[-101.76361,39.30759],[-101.76355,39.27862],[-101.78212,39.2786],[-101.78222,39.29316],[-101.81957,39.29293],[-101.81952,39.2784],[-101.83783,39.27831],[-101.83749,39.32174],[-101.87474,39.32177],[-101.87464,39.33634],[-101.98617,39.33624],[-101.98624,39.35076],[-102.04197,39.35081],[-102.0419,39.36532],[-102.04898,39.36528],[-102.04905,39.37977],[-102.0234,39.37975],[-102.02335,39.36531],[-101.96757,39.36521],[-101.96774,39.39405],[-101.98633,39.394],[-101.98622,39.40851],[-102.02338,39.40841],[-102.02311,39.45184],[-102.04175,39.45186],[-102.04136,39.48081],[-101.98549,39.48091],[-101.98555,39.46636],[-101.92997,39.46646],[-101.92942,39.52447],[-101.83583,39.52492],[-101.83562,39.53952],[-101.85452,39.53936],[-101.85431,39.55379],[-101.89164,39.55365],[-101.89133,39.5684],[-101.88181,39.56836],[-101.88174,39.58286],[-101.80715,39.58294],[-101.80694,39.59742],[-101.76945,39.5974],[-101.76936,39.61185],[-101.75069,39.61185],[-101.75081,39.5973],[-101.71317,39.59739],[-101.71274,39.62634],[-101.75058,39.62635],[-101.75031,39.6408],[-101.7691,39.64078],[-101.76887,39.6842],[-101.73087,39.68413],[-101.73081,39.6986],[-101.71203,39.69864],[-101.71201,39.71312],[-101.67436,39.71311],[-101.67414,39.7277],[-101.6177,39.72771],[-101.61789,39.71329],[-101.58033,39.71333],[-101.58008,39.72786],[-101.50476,39.72782],[-101.50447,39.75676],[-101.4668,39.75676],[-101.46705,39.72779],[-101.44843,39.72775]]],[[[-101.52429,39.6916],[-101.52442,39.68434],[-101.50516,39.6843],[-101.50544,39.66988],[-101.46791,39.66993],[-101.46758,39.68443],[-101.48641,39.68443],[-101.48618,39.69885],[-101.52414,39.69875],[-101.52429,39.6916]]],[[[-101.63811,39.61192],[-101.63848,39.58305],[-101.65725,39.58297],[-101.65738,39.56846],[-101.68798,39.5685],[-101.68849,39.49617],[-101.66973,39.49617],[-101.66994,39.4816],[-101.65109,39.48159],[-101.65135,39.46725],[-101.63265,39.46733],[-101.63271,39.45282],[-101.61396,39.45286],[-101.61398,39.4384],[-101.59591,39.43848],[-101.59564,39.48202],[-101.61388,39.48174],[-101.61377,39.49622],[-101.63246,39.49611],[-101.63228,39.52502],[-101.65103,39.52505],[-101.65079,39.5396],[-101.59525,39.53988],[-101.59543,39.52537],[-101.57675,39.52557],[-101.57648,39.5544],[-101.59523,39.55428],[-101.59486,39.56843],[-101.60116,39.56843],[-101.60085,39.59741],[-101.61945,39.59741],[-101.61934,39.61188],[-101.63811,39.61192]]],[[[-101.427,39.54034],[-101.42719,39.52596],[-101.40831,39.526],[-101.40823,39.54046],[-101.427,39.54034]]],[[[-101.4839,39.48225],[-101.48413,39.46781],[-101.4653,39.46791],[-101.46495,39.49675],[-101.48363,39.49672],[-101.4839,39.48225]]],[[[-101.5768,39.46738],[-101.57723,39.42407],[-101.52109,39.42414],[-101.52106,39.43861],[-101.53977,39.43854],[-101.53982,39.45315],[-101.55846,39.45315],[-101.55844,39.46756],[-101.5768,39.46738]]],[[[-101.30068,39.43922],[-101.29692,39.43921],[-101.29689,39.46811],[-101.31557,39.46815],[-101.3156,39.43918],[-101.30068,39.43922]]],[[[-101.60035,39.42396],[-101.61401,39.4239],[-101.61403,39.40935],[-101.59604,39.40949],[-101.59605,39.42398],[-101.60035,39.42396]]],[[[-101.70746,39.41818],[-101.7074,39.4382],[-101.68873,39.43826],[-101.68859,39.48161],[-101.70727,39.48161],[-101.70742,39.45261],[-101.72541,39.4526],[-101.72548,39.43818],[-101.76281,39.43816],[-101.76285,39.40912],[-101.72556,39.40918],[-101.7256,39.39468],[-101.70755,39.39468],[-101.70746,39.41818]]],[[[-101.8556,39.39428],[-101.8555,39.40871],[-101.87434,39.40879],[-101.87432,39.39422],[-101.93059,39.39416],[-101.93066,39.37966],[-101.85573,39.37981],[-101.8556,39.39428]]],[[[-101.80912,39.51054],[-101.81856,39.51048],[-101.81857,39.49602],[-101.79989,39.49606],[-101.79977,39.51057],[-101.80912,39.51054]]],[[[-101.76211,39.55385],[-101.7809,39.55389],[-101.78087,39.53951],[-101.76212,39.53941],[-101.76211,39.55385]]],[[[-101.81894,39.37475],[-101.81903,39.36541],[-101.80049,39.36547],[-101.80068,39.35093],[-101.7822,39.35093],[-101.7817,39.38009],[-101.81892,39.37994],[-101.81894,39.37475]]],[[[-101.31624,39.80025],[-101.31622,39.75671],[-101.35382,39.75673],[-101.35375,39.77126],[-101.33486,39.77137],[-101.33517,39.80028],[-101.31624,39.80025]]],[[[-101.48526,39.80762],[-101.48531,39.80036],[-101.50427,39.80039],[-101.5039,39.82938],[-101.48507,39.82937],[-101.48526,39.80762]]],[[[-100.1142,39.85648],[-100.07654,39.85689],[-100.07677,39.82765],[-100.09566,39.8276],[-100.09601,39.81316],[-100.11456,39.81306],[-100.1145,39.82761],[-100.1331,39.8276],[-100.13303,39.85651],[-100.1142,39.85648]]],[[[-101.31624,39.80025],[-101.31638,39.85773],[-101.26007,39.85728],[-101.26028,39.81405],[-101.27895,39.81413],[-101.27889,39.79966],[-101.31624,39.80025]]],[[[-99.17917,39.90085],[-99.17912,39.87191],[-99.19791,39.87191],[-99.19801,39.9008],[-99.17917,39.90085]]],[[[-99.98222,39.92901],[-99.98253,39.91459],[-100.00134,39.91454],[-100.00158,39.90005],[-100.02023,39.90004],[-100.02017,39.88562],[-100.05809,39.88569],[-100.05828,39.8712],[-100.11388,39.87107],[-100.1139,39.88554],[-100.13256,39.88553],[-100.13272,39.91449],[-100.11387,39.91456],[-100.11389,39.92911],[-99.98222,39.92901]]],[[[-99.96283,40.00001],[-99.96312,39.98722],[-99.98172,39.98714],[-99.98134,40.00165],[-99.96279,40.0017],[-99.96283,40.00001]]]]},"properties":{"OBJECTID":4,"satthick_2022_2024_MANUAL":3,"name":"Saturated thickness: 100 to 150","classLabel":"100 to 150","color":"#00f240","hasValue":true,"period":"2022\u20132024"}},{"type":"Feature","id":5,"geometry":{"type":"MultiPolygon","coordinates":[[[[-100.41576,37.02489],[-100.41575,37.01041],[-100.45185,37.01043],[-100.45185,37.00128],[-100.46994,37.00107],[-100.47004,37.02495],[-100.41576,37.02489]]],[[[-101.48323,37.02469],[-101.42872,37.02483],[-101.42882,36.99599],[-101.48326,36.99577],[-101.48323,37.02469]]],[[[-101.64581,37.02541],[-101.62775,37.02541],[-101.62774,37.01085],[-101.64577,37.01099],[-101.64581,37.02541]]],[[[-100.43416,37.0539],[-100.41591,37.05398],[-100.41564,37.03956],[-100.4336,37.03967],[-100.43416,37.0539]]],[[[-101.64581,37.02541],[-101.66402,37.02536],[-101.66412,37.03994],[-101.64594,37.03993],[-101.64581,37.02541]]],[[[-100.32541,37.06785],[-100.32535,37.05323],[-100.3434,37.05344],[-100.34359,37.06807],[-100.32541,37.06785]]],[[[-101.46505,37.05373],[-101.46511,37.03928],[-101.48321,37.03928],[-101.48321,37.05375],[-101.46505,37.05373]]],[[[-100.32541,37.06785],[-100.32551,37.08213],[-100.30741,37.08193],[-100.30736,37.06767],[-100.32541,37.06785]]],[[[-100.43416,37.0539],[-100.45226,37.05381],[-100.45273,37.08271],[-100.43456,37.08287],[-100.43416,37.0539]]],[[[-100.41661,37.11147],[-100.41639,37.09711],[-100.43469,37.09716],[-100.43485,37.11158],[-100.41661,37.11147]]],[[[-100.41666,37.12928],[-100.41659,37.12581],[-100.43485,37.12594],[-100.43498,37.15503],[-100.41663,37.15482],[-100.41666,37.12928]]],[[[-101.17575,37.14837],[-101.17573,37.14115],[-101.19389,37.14111],[-101.19396,37.15566],[-101.21221,37.15571],[-101.21233,37.17015],[-101.17586,37.17017],[-101.17575,37.14837]]],[[[-101.48344,37.1628],[-101.48341,37.15555],[-101.50129,37.15551],[-101.50127,37.17008],[-101.48345,37.17005],[-101.48344,37.1628]]],[[[-101.66412,37.03994],[-101.68223,37.03999],[-101.68227,37.05448],[-101.70031,37.0545],[-101.70041,37.069],[-101.73642,37.06903],[-101.7364,37.05442],[-101.75465,37.05447],[-101.75488,37.1126],[-101.73655,37.11261],[-101.73662,37.12714],[-101.71842,37.12713],[-101.71845,37.14172],[-101.7008,37.14175],[-101.70074,37.15634],[-101.66461,37.15625],[-101.66443,37.17067],[-101.64631,37.17091],[-101.64626,37.1417],[-101.68254,37.14171],[-101.68238,37.12719],[-101.70045,37.12719],[-101.70039,37.1127],[-101.71839,37.11267],[-101.71835,37.08355],[-101.66412,37.08348],[-101.66412,37.03994]]],[[[-100.38062,37.19832],[-100.38055,37.1547],[-100.39889,37.15465],[-100.39887,37.19832],[-100.38062,37.19832]]],[[[-100.38062,37.19832],[-100.38067,37.21275],[-100.36265,37.21292],[-100.36269,37.19837],[-100.38062,37.19832]]],[[[-100.74276,37.2133],[-100.74241,37.19879],[-100.76052,37.19874],[-100.76074,37.21336],[-100.74276,37.2133]]],[[[-101.19421,37.20508],[-101.19414,37.19919],[-101.21229,37.19926],[-101.21239,37.2136],[-101.19408,37.21369],[-101.19421,37.20508]]],[[[-101.51964,37.21364],[-101.51959,37.19912],[-101.53772,37.19924],[-101.53782,37.21384],[-101.51964,37.21364]]],[[[-101.64619,37.21437],[-101.64619,37.19977],[-101.68246,37.19984],[-101.68263,37.18531],[-101.70094,37.18538],[-101.70101,37.21442],[-101.64619,37.21437]]],[[[-101.55579,37.22844],[-101.5559,37.21397],[-101.5922,37.2142],[-101.59209,37.19964],[-101.62804,37.19978],[-101.62806,37.21439],[-101.61012,37.21434],[-101.6101,37.2288],[-101.55579,37.22844]]],[[[-101.5197,37.24278],[-101.51972,37.22824],[-101.55579,37.22844],[-101.55609,37.24306],[-101.5197,37.24278]]],[[[-101.2668,37.25003],[-101.26697,37.24261],[-101.28483,37.24255],[-101.28468,37.25716],[-101.26678,37.25715],[-101.2668,37.25003]]],[[[-100.39908,37.27098],[-100.39901,37.25648],[-100.41703,37.25652],[-100.41702,37.27099],[-100.43512,37.27103],[-100.4351,37.28559],[-100.39921,37.28547],[-100.39908,37.27098]]],[[[-100.59884,37.24256],[-100.59887,37.22814],[-100.61701,37.22813],[-100.61701,37.24257],[-100.68988,37.24248],[-100.68974,37.28608],[-100.63524,37.2861],[-100.63524,37.27157],[-100.61708,37.27148],[-100.61704,37.25701],[-100.59883,37.25697],[-100.59884,37.24256]]],[[[-101.10423,37.28594],[-101.14033,37.28579],[-101.14048,37.31477],[-101.12254,37.3148],[-101.1225,37.3003],[-101.1043,37.30038],[-101.10423,37.28594]]],[[[-100.29061,37.32896],[-100.29049,37.27102],[-100.30821,37.27096],[-100.30814,37.24201],[-100.32629,37.24201],[-100.32637,37.28546],[-100.30832,37.28557],[-100.30838,37.32899],[-100.29061,37.32896]]],[[[-101.5197,37.24278],[-101.51986,37.25753],[-101.50165,37.25724],[-101.50172,37.30103],[-101.466,37.30086],[-101.46584,37.3154],[-101.42971,37.31548],[-101.42963,37.30092],[-101.44777,37.30101],[-101.44775,37.28622],[-101.46614,37.28622],[-101.46588,37.25722],[-101.48403,37.25721],[-101.4839,37.24271],[-101.5197,37.24278]]],[[[-98.46847,37.32625],[-98.4777,37.32621],[-98.47728,37.34046],[-98.45885,37.34049],[-98.45926,37.32625],[-98.46847,37.32625]]],[[[-101.14048,37.31477],[-101.15869,37.31476],[-101.15882,37.32937],[-101.14044,37.3293],[-101.14048,37.31477]]],[[[-100.29061,37.32896],[-100.29064,37.34347],[-100.25456,37.34336],[-100.25469,37.32863],[-100.29061,37.32896]]],[[[-101.33929,37.32979],[-101.33916,37.31531],[-101.37562,37.31537],[-101.37583,37.32994],[-101.33929,37.32979]]],[[[-99.25515,37.33932],[-99.2557,37.29567],[-99.27385,37.29551],[-99.27393,37.28096],[-99.29207,37.2808],[-99.29213,37.26624],[-99.34629,37.26586],[-99.34623,37.28037],[-99.36456,37.28024],[-99.36444,37.29474],[-99.40081,37.2946],[-99.40058,37.32344],[-99.38257,37.32374],[-99.38223,37.33828],[-99.36409,37.33838],[-99.36388,37.35294],[-99.27313,37.35392],[-99.27334,37.33939],[-99.25515,37.33932]]],[[[-101.08616,37.34394],[-101.08604,37.31484],[-101.1043,37.31485],[-101.10427,37.34395],[-101.08616,37.34394]]],[[[-100.20013,37.37259],[-100.20008,37.35798],[-100.2182,37.35801],[-100.21825,37.34343],[-100.23638,37.34349],[-100.23633,37.37264],[-100.20013,37.37259]]],[[[-100.59856,37.35853],[-100.59869,37.34398],[-100.65269,37.34406],[-100.6523,37.37303],[-100.59841,37.37307],[-100.59856,37.35853]]],[[[-100.20013,37.37259],[-100.20014,37.38717],[-100.18262,37.38713],[-100.18263,37.37258],[-100.20013,37.37259]]],[[[-101.37583,37.32994],[-101.46601,37.33008],[-101.46584,37.3154],[-101.51998,37.31557],[-101.52005,37.33008],[-101.50189,37.33008],[-101.50207,37.37381],[-101.46626,37.37372],[-101.46607,37.35916],[-101.42982,37.35917],[-101.42968,37.34449],[-101.37582,37.34445],[-101.37583,37.32994]]],[[[-101.05027,37.34386],[-101.08616,37.34394],[-101.08635,37.37317],[-101.0682,37.37328],[-101.06815,37.38776],[-101.05042,37.38768],[-101.05027,37.34386]]],[[[-100.43426,37.38774],[-100.43498,37.38725],[-100.4351,37.37283],[-100.45319,37.37282],[-100.45235,37.40195],[-100.4342,37.40185],[-100.43426,37.38774]]],[[[-100.76142,37.34412],[-100.76171,37.32957],[-100.77988,37.32959],[-100.78011,37.31507],[-100.76202,37.31506],[-100.76211,37.30053],[-100.79835,37.30063],[-100.79784,37.27156],[-100.74351,37.27143],[-100.74371,37.286],[-100.7619,37.28596],[-100.76211,37.30053],[-100.72607,37.30049],[-100.72619,37.2133],[-100.74276,37.2133],[-100.74292,37.22786],[-100.79735,37.22803],[-100.79712,37.21357],[-100.81535,37.21363],[-100.81515,37.19935],[-100.77882,37.19885],[-100.77877,37.18434],[-100.83295,37.18468],[-100.8332,37.1994],[-100.86871,37.19923],[-100.86859,37.22844],[-100.85041,37.2282],[-100.85053,37.24267],[-100.79746,37.24258],[-100.79769,37.25719],[-100.8159,37.25725],[-100.81633,37.2863],[-100.83444,37.28621],[-100.83431,37.27164],[-100.85074,37.27167],[-100.85069,37.2572],[-100.86823,37.25727],[-100.86895,37.27171],[-100.88694,37.27171],[-100.88705,37.28606],[-100.90502,37.28605],[-100.90484,37.2573],[-100.95934,37.25717],[-100.95908,37.22817],[-100.923,37.22817],[-100.92312,37.21368],[-100.97707,37.2136],[-100.97712,37.22809],[-100.99524,37.22809],[-100.99531,37.24258],[-101.05004,37.24264],[-101.05008,37.25704],[-101.10389,37.25702],[-101.10423,37.28594],[-101.08587,37.28598],[-101.08588,37.27143],[-101.05016,37.27149],[-101.05022,37.2859],[-101.03183,37.28585],[-101.03207,37.30057],[-101.08603,37.30043],[-101.08604,37.31484],[-101.03218,37.31498],[-101.03226,37.32922],[-101.05023,37.32938],[-101.05027,37.34386],[-101.03213,37.34379],[-101.0321,37.35841],[-100.97761,37.35856],[-100.97769,37.37306],[-100.99573,37.37282],[-100.99563,37.38788],[-100.98018,37.38786],[-100.98018,37.40234],[-100.96199,37.40232],[-100.96197,37.3878],[-100.94208,37.3878],[-100.94186,37.37335],[-100.88734,37.37365],[-100.88754,37.38781],[-100.85287,37.38773],[-100.8528,37.4023],[-100.83458,37.40228],[-100.83466,37.38777],[-100.83336,37.38777],[-100.83372,37.37333],[-100.81534,37.37326],[-100.81569,37.35877],[-100.7974,37.35878],[-100.79768,37.34417],[-100.76142,37.34412]]],[[[-100.9594,37.35882],[-100.95943,37.34422],[-100.97766,37.34405],[-100.97755,37.3296],[-100.95938,37.32972],[-100.95917,37.31522],[-100.90518,37.31532],[-100.90532,37.34444],[-100.92332,37.34451],[-100.92352,37.35895],[-100.9594,37.35882]]],[[[-100.18052,37.41659],[-100.19853,37.41663],[-100.19859,37.43137],[-100.18053,37.43121],[-100.18052,37.41659]]],[[[-100.28883,37.44575],[-100.28889,37.43115],[-100.30698,37.43111],[-100.30689,37.44571],[-100.28883,37.44575]]],[[[-100.32516,37.44566],[-100.3251,37.43113],[-100.34328,37.43127],[-100.34325,37.44578],[-100.32516,37.44566]]],[[[-100.27068,37.47507],[-100.27079,37.46044],[-100.28886,37.46033],[-100.28896,37.47503],[-100.27068,37.47507]]],[[[-100.32501,37.47481],[-100.32493,37.46029],[-100.34315,37.46022],[-100.3431,37.47483],[-100.32501,37.47481]]],[[[-100.3613,37.47477],[-100.36129,37.46032],[-100.37956,37.46024],[-100.37957,37.47472],[-100.3613,37.47477]]],[[[-100.14427,37.48928],[-100.1439,37.46039],[-100.21632,37.46063],[-100.21625,37.47528],[-100.18021,37.47512],[-100.18059,37.48953],[-100.14427,37.48928]]],[[[-100.21625,37.47528],[-100.2526,37.47517],[-100.25247,37.48969],[-100.21627,37.48978],[-100.21625,37.47528]]],[[[-98.7022,37.49988],[-98.68383,37.49983],[-98.68374,37.48528],[-98.72036,37.48529],[-98.72047,37.47067],[-98.73835,37.47063],[-98.73881,37.49968],[-98.7022,37.49988]]],[[[-100.14427,37.48928],[-100.14409,37.50389],[-100.12589,37.50371],[-100.12596,37.48914],[-100.14427,37.48928]]],[[[-100.47036,37.50392],[-100.4159,37.50378],[-100.41587,37.47473],[-100.43386,37.47469],[-100.43391,37.46003],[-100.45199,37.4602],[-100.45202,37.48926],[-100.47032,37.48938],[-100.47036,37.50392]]],[[[-101.47133,37.47523],[-101.47113,37.46075],[-101.50751,37.46112],[-101.50774,37.48978],[-101.4896,37.48975],[-101.48974,37.47529],[-101.47133,37.47523]]],[[[-100.47036,37.50392],[-100.48852,37.50396],[-100.48854,37.51848],[-100.47034,37.51843],[-100.47036,37.50392]]],[[[-100.65263,37.50391],[-100.67079,37.50393],[-100.6708,37.51852],[-100.65254,37.51848],[-100.65263,37.50391]]],[[[-100.52494,37.53298],[-100.50687,37.53302],[-100.5068,37.51843],[-100.52515,37.51857],[-100.52494,37.53298]]],[[[-100.65263,37.50391],[-100.61594,37.50393],[-100.61596,37.53304],[-100.59777,37.53303],[-100.59777,37.51849],[-100.57956,37.51851],[-100.5796,37.48938],[-100.65268,37.48946],[-100.65263,37.50391]]],[[[-101.52613,37.51884],[-101.50798,37.51872],[-101.5078,37.50433],[-101.52606,37.50431],[-101.52613,37.51884]]],[[[-100.52494,37.53298],[-100.54318,37.53297],[-100.54317,37.54749],[-100.52501,37.54753],[-100.52494,37.53298]]],[[[-101.52613,37.51884],[-101.54426,37.51878],[-101.54434,37.5333],[-101.52623,37.5333],[-101.52613,37.51884]]],[[[-101.10827,37.54743],[-101.10809,37.53292],[-101.12627,37.53288],[-101.12663,37.54736],[-101.10827,37.54743]]],[[[-101.19899,37.53281],[-101.23543,37.53289],[-101.23559,37.54735],[-101.19914,37.54733],[-101.19899,37.53281]]],[[[-101.23543,37.53289],[-101.23474,37.47479],[-101.19861,37.47466],[-101.19847,37.46025],[-101.18011,37.46028],[-101.18008,37.44555],[-101.0895,37.44585],[-101.08953,37.41688],[-101.10764,37.41696],[-101.10769,37.40238],[-101.12573,37.4023],[-101.12589,37.3879],[-101.16208,37.38789],[-101.16229,37.4024],[-101.18016,37.40241],[-101.18025,37.38781],[-101.17669,37.38787],[-101.1765,37.35878],[-101.1586,37.35858],[-101.15882,37.32937],[-101.17649,37.32946],[-101.17647,37.34419],[-101.19442,37.3442],[-101.19476,37.37335],[-101.21291,37.37332],[-101.21291,37.38795],[-101.19846,37.38787],[-101.19844,37.40235],[-101.23475,37.40239],[-101.23469,37.38798],[-101.23103,37.38797],[-101.23099,37.37332],[-101.2491,37.37333],[-101.2491,37.388],[-101.28509,37.38807],[-101.28499,37.37352],[-101.30328,37.37348],[-101.30308,37.35893],[-101.32114,37.35885],[-101.32107,37.32979],[-101.33929,37.32979],[-101.33958,37.38814],[-101.32564,37.38816],[-101.32576,37.4026],[-101.30753,37.40253],[-101.30748,37.41694],[-101.34392,37.41706],[-101.34399,37.44593],[-101.32585,37.44599],[-101.32587,37.46045],[-101.36215,37.46039],[-101.36239,37.47487],[-101.47133,37.47523],[-101.47142,37.48973],[-101.43508,37.4896],[-101.43503,37.5041],[-101.41685,37.50411],[-101.41699,37.51857],[-101.3627,37.51826],[-101.36289,37.53277],[-101.3449,37.53282],[-101.34495,37.54728],[-101.32676,37.54739],[-101.32634,37.51847],[-101.30816,37.51853],[-101.30792,37.50385],[-101.27103,37.50376],[-101.27104,37.48919],[-101.25273,37.48928],[-101.25354,37.53283],[-101.23543,37.53289]]],[[[-101.26179,37.46015],[-101.25269,37.46013],[-101.25281,37.47476],[-101.28902,37.47476],[-101.28915,37.46023],[-101.26179,37.46015]]],[[[-100.59783,37.56217],[-100.59784,37.54762],[-100.616,37.54762],[-100.61586,37.56215],[-100.59783,37.56217]]],[[[-101.54434,37.5333],[-101.56262,37.53335],[-101.56275,37.54773],[-101.54445,37.5478],[-101.54434,37.5333]]],[[[-100.54317,37.54749],[-100.56145,37.54746],[-100.56137,37.533],[-100.57952,37.53306],[-100.57971,37.57661],[-100.56144,37.57676],[-100.56142,37.56224],[-100.54322,37.56233],[-100.54317,37.54749]]],[[[-100.6708,37.51852],[-100.68899,37.51854],[-100.68885,37.54762],[-100.70706,37.54771],[-100.70708,37.57667],[-100.68888,37.57668],[-100.68883,37.56212],[-100.6343,37.56214],[-100.6343,37.53305],[-100.67086,37.53296],[-100.6708,37.51852]]],[[[-99.90639,37.58835],[-99.90632,37.57383],[-99.9246,37.57407],[-99.92447,37.55935],[-99.94282,37.55971],[-99.94279,37.58893],[-99.90639,37.58835]]],[[[-99.9793,37.57512],[-99.97923,37.56038],[-99.99711,37.56073],[-99.99726,37.59003],[-99.97924,37.58978],[-99.9793,37.57512]]],[[[-98.94149,37.61541],[-98.94124,37.60105],[-98.9228,37.60115],[-98.92221,37.57202],[-98.95901,37.5717],[-98.95933,37.58624],[-98.97765,37.58631],[-98.97798,37.60085],[-98.95963,37.60082],[-98.95989,37.61534],[-98.94149,37.61541]]],[[[-101.34495,37.54728],[-101.36302,37.54735],[-101.3632,37.5619],[-101.37235,37.56195],[-101.38143,37.56199],[-101.38127,37.54746],[-101.39945,37.54755],[-101.39966,37.56207],[-101.43529,37.5622],[-101.43524,37.57662],[-101.47185,37.57665],[-101.47178,37.56203],[-101.48297,37.56203],[-101.54462,37.56231],[-101.5447,37.57697],[-101.49005,37.57669],[-101.48993,37.60566],[-101.45352,37.60556],[-101.45337,37.59105],[-101.40002,37.59114],[-101.39989,37.57661],[-101.34521,37.57647],[-101.34495,37.54728]]],[[[-98.5931,37.64564],[-98.59312,37.63099],[-98.57481,37.631],[-98.57473,37.61629],[-98.57475,37.60168],[-98.59308,37.60181],[-98.59297,37.57267],[-98.6113,37.57288],[-98.61116,37.55836],[-98.62945,37.55827],[-98.62952,37.54381],[-98.64779,37.54375],[-98.64783,37.55825],[-98.68436,37.55833],[-98.68406,37.631],[-98.70255,37.63096],[-98.70229,37.64548],[-98.62955,37.64557],[-98.62826,37.65287],[-98.62803,37.6602],[-98.62537,37.66021],[-98.59197,37.66016],[-98.5931,37.64564]]],[[[-100.57971,37.57661],[-100.59778,37.57671],[-100.59777,37.59129],[-100.61594,37.59125],[-100.61606,37.6202],[-100.63422,37.62024],[-100.63427,37.63477],[-100.6707,37.63478],[-100.67067,37.64925],[-100.56128,37.64961],[-100.56153,37.59131],[-100.57952,37.59129],[-100.57971,37.57661]]],[[[-99.90689,37.66219],[-99.90699,37.64733],[-99.9246,37.64767],[-99.92465,37.633],[-99.94276,37.63324],[-99.94306,37.66259],[-99.90689,37.66219]]],[[[-100.67067,37.64925],[-100.68892,37.64926],[-100.68894,37.66378],[-100.67062,37.66369],[-100.67067,37.64925]]],[[[-100.68894,37.66378],[-100.72554,37.66381],[-100.72551,37.67835],[-100.70716,37.67836],[-100.70712,37.69288],[-100.68899,37.6929],[-100.68894,37.66378]]],[[[-100.72554,37.66381],[-100.72553,37.64926],[-100.78001,37.64936],[-100.78006,37.63487],[-100.79823,37.63491],[-100.79817,37.62029],[-100.81638,37.62024],[-100.81672,37.5622],[-100.79843,37.56215],[-100.79843,37.53317],[-100.76188,37.53307],[-100.76194,37.54754],[-100.72538,37.54772],[-100.72542,37.53323],[-100.74371,37.53301],[-100.74361,37.5185],[-100.78001,37.51865],[-100.77989,37.48942],[-100.76176,37.48931],[-100.7617,37.47479],[-100.74363,37.47485],[-100.74355,37.4603],[-100.72538,37.46024],[-100.72546,37.47481],[-100.68917,37.47493],[-100.68917,37.46025],[-100.61599,37.4603],[-100.61603,37.44574],[-100.57949,37.44568],[-100.57955,37.43116],[-100.54334,37.43112],[-100.54311,37.47483],[-100.56137,37.47484],[-100.56129,37.4894],[-100.52498,37.48935],[-100.52498,37.47488],[-100.4885,37.47477],[-100.48849,37.46027],[-100.50677,37.46019],[-100.50701,37.41652],[-100.52518,37.41656],[-100.52522,37.40191],[-100.56155,37.40213],[-100.56164,37.3876],[-100.57988,37.38755],[-100.57978,37.40213],[-100.59799,37.40217],[-100.59787,37.41667],[-100.65269,37.41672],[-100.65265,37.43127],[-100.68902,37.43124],[-100.689,37.4022],[-100.7435,37.40213],[-100.74347,37.38758],[-100.72485,37.38763],[-100.72546,37.34409],[-100.76142,37.34412],[-100.7606,37.38774],[-100.77997,37.38783],[-100.78004,37.39649],[-100.77996,37.41671],[-100.76164,37.41669],[-100.76168,37.46032],[-100.79815,37.46017],[-100.79819,37.47486],[-100.81642,37.47487],[-100.81647,37.48941],[-100.79834,37.48942],[-100.79835,37.51865],[-100.8165,37.51852],[-100.81658,37.54766],[-100.853,37.54775],[-100.85302,37.53318],[-100.90735,37.53302],[-100.90733,37.50398],[-100.88927,37.50408],[-100.88923,37.46037],[-100.90738,37.46039],[-100.90734,37.44561],[-100.96222,37.44587],[-100.96218,37.46043],[-100.98025,37.46038],[-100.98028,37.4459],[-100.99837,37.44594],[-100.99837,37.43142],[-101.01671,37.43151],[-101.01691,37.417],[-101.03487,37.41699],[-101.03489,37.40248],[-101.0713,37.4024],[-101.07118,37.43142],[-101.05311,37.43141],[-101.0533,37.4896],[-101.10776,37.48954],[-101.10766,37.47491],[-101.14388,37.47485],[-101.14378,37.46047],[-101.18011,37.46028],[-101.1802,37.47471],[-101.16205,37.47477],[-101.16214,37.48933],[-101.12578,37.48954],[-101.12617,37.50386],[-101.18041,37.50378],[-101.18067,37.51832],[-101.19885,37.5183],[-101.19899,37.53281],[-101.12627,37.53288],[-101.12621,37.51826],[-101.07206,37.51848],[-101.07232,37.54755],[-101.10827,37.54743],[-101.10851,37.56198],[-101.16318,37.56196],[-101.16342,37.59091],[-101.14506,37.59086],[-101.14511,37.60539],[-101.10857,37.60552],[-101.10852,37.591],[-101.09031,37.59097],[-101.09036,37.57636],[-101.07214,37.57649],[-101.07226,37.56205],[-101.03576,37.56209],[-101.03518,37.53303],[-101.01719,37.53305],[-101.01733,37.54756],[-100.98085,37.54764],[-100.98094,37.59129],[-100.92568,37.59151],[-100.92566,37.62049],[-100.94407,37.62059],[-100.94403,37.63514],[-100.98076,37.63498],[-100.98082,37.62032],[-100.99906,37.62036],[-100.99901,37.63484],[-101.01723,37.63489],[-101.01718,37.64934],[-101.03564,37.64921],[-101.03542,37.66392],[-100.94395,37.66406],[-100.94383,37.67857],[-101.03527,37.67834],[-101.03542,37.66392],[-101.05371,37.66376],[-101.05369,37.6928],[-100.92555,37.69329],[-100.92552,37.67852],[-100.90731,37.67846],[-100.90747,37.66398],[-100.88912,37.664],[-100.88903,37.64947],[-100.87091,37.64946],[-100.87097,37.66404],[-100.8347,37.66402],[-100.83477,37.64948],[-100.79823,37.64938],[-100.79824,37.66393],[-100.7801,37.66394],[-100.78,37.67843],[-100.74363,37.67829],[-100.74364,37.66386],[-100.72554,37.66381]]],[[[-100.94398,37.56242],[-100.9257,37.56243],[-100.92567,37.57677],[-100.96228,37.57685],[-100.9623,37.56233],[-100.94398,37.56242]]],[[[-100.90737,37.55495],[-100.90736,37.54763],[-100.88914,37.54768],[-100.88913,37.56234],[-100.90738,37.56242],[-100.90737,37.55495]]],[[[-100.96221,37.51086],[-100.9622,37.50403],[-100.98041,37.50403],[-100.98033,37.48952],[-100.96223,37.48952],[-100.96218,37.47502],[-100.94391,37.47501],[-100.94389,37.48948],[-100.92555,37.48949],[-100.92544,37.51842],[-100.9622,37.51865],[-100.96221,37.51086]]],[[[-101.08976,37.72198],[-101.08995,37.70728],[-101.12667,37.70717],[-101.12646,37.7217],[-101.08976,37.72198]]],[[[-99.45017,37.75002],[-99.45017,37.74917],[-99.48676,37.7492],[-99.48649,37.77821],[-99.46845,37.77815],[-99.46842,37.7637],[-99.4504,37.76359],[-99.45017,37.75002]]],[[[-97.51742,37.76508],[-97.53572,37.76478],[-97.53599,37.77914],[-97.51785,37.77959],[-97.51742,37.76508]]],[[[-97.53599,37.77914],[-97.55422,37.77912],[-97.55443,37.79374],[-97.53626,37.79388],[-97.53599,37.77914]]],[[[-101.32729,37.7797],[-101.32718,37.7651],[-101.34563,37.76515],[-101.34559,37.7799],[-101.32729,37.7797]]],[[[-101.14455,37.79242],[-101.14468,37.78012],[-101.16271,37.78013],[-101.16289,37.79469],[-101.14457,37.79471],[-101.14455,37.79242]]],[[[-97.55443,37.79374],[-97.57288,37.79359],[-97.57304,37.80818],[-97.55466,37.80833],[-97.55443,37.79374]]],[[[-97.57481,37.8396],[-97.5922,37.83966],[-97.5922,37.85427],[-97.57369,37.85425],[-97.57367,37.83961],[-97.57481,37.8396]]],[[[-98.54548,37.86167],[-98.54548,37.85341],[-98.52717,37.85348],[-98.52722,37.82449],[-98.53845,37.82448],[-98.5381,37.74734],[-98.55649,37.74746],[-98.55644,37.73272],[-98.57423,37.7327],[-98.57441,37.76234],[-98.59278,37.76205],[-98.59299,37.79136],[-98.61133,37.79137],[-98.61157,37.82429],[-98.58243,37.82437],[-98.58218,37.85324],[-98.56382,37.85336],[-98.56375,37.86784],[-98.54548,37.86788],[-98.54548,37.86167]]],[[[-100.88897,37.79503],[-100.88882,37.80959],[-100.90721,37.80951],[-100.90734,37.79497],[-100.88897,37.79503],[-100.88907,37.78053],[-100.90745,37.7805],[-100.90755,37.75132],[-100.8891,37.75137],[-100.88915,37.76593],[-100.85283,37.76589],[-100.8528,37.78052],[-100.83455,37.78056],[-100.83465,37.76594],[-100.81627,37.76591],[-100.8163,37.75127],[-100.77978,37.75106],[-100.77971,37.76566],[-100.76129,37.76581],[-100.76115,37.80959],[-100.7796,37.80967],[-100.7795,37.8292],[-100.79276,37.82928],[-100.79261,37.84382],[-100.77436,37.84379],[-100.77429,37.82917],[-100.74281,37.82908],[-100.74344,37.73661],[-100.72521,37.73649],[-100.72527,37.7074],[-100.74353,37.70751],[-100.7436,37.69287],[-100.77992,37.69288],[-100.77982,37.70759],[-100.76149,37.70734],[-100.76149,37.72207],[-100.88908,37.72208],[-100.88913,37.73675],[-100.92564,37.73686],[-100.92601,37.72242],[-100.9623,37.72199],[-100.96221,37.73679],[-100.94393,37.73678],[-100.94406,37.76588],[-100.98018,37.76588],[-100.9802,37.73681],[-101.01705,37.73668],[-101.01699,37.75145],[-101.03535,37.75141],[-101.03543,37.78031],[-101.01679,37.78031],[-101.01671,37.80932],[-100.99844,37.80933],[-100.9987,37.78038],[-100.9801,37.78037],[-100.98033,37.80934],[-100.92554,37.8094],[-100.92513,37.82954],[-100.92017,37.82957],[-100.92019,37.84405],[-100.93832,37.844],[-100.93839,37.85859],[-100.90198,37.85871],[-100.90201,37.84408],[-100.88367,37.84411],[-100.88363,37.82964],[-100.87057,37.82962],[-100.87072,37.79502],[-100.88897,37.79503]]],[[[-101.02932,37.90203],[-101.02963,37.87297],[-100.95669,37.87313],[-100.95678,37.85843],[-100.99315,37.85844],[-100.99346,37.82936],[-101.04886,37.82929],[-101.04895,37.84377],[-101.08548,37.84309],[-101.08586,37.85755],[-101.10385,37.85794],[-101.10382,37.88708],[-101.04767,37.88736],[-101.04777,37.90166],[-101.02932,37.90203]]],[[[-97.75033,37.91237],[-97.75704,37.91234],[-97.75713,37.9269],[-97.73859,37.92691],[-97.73863,37.91233],[-97.75033,37.91237]]],[[[-99.11385,37.94179],[-99.09565,37.94181],[-99.09562,37.92733],[-99.11389,37.92727],[-99.11385,37.94179]]],[[[-98.95909,37.71829],[-98.95839,37.733],[-98.97747,37.73281],[-98.97762,37.71821],[-98.95909,37.71829],[-98.96011,37.65902],[-98.97868,37.65899],[-98.97842,37.67373],[-98.99681,37.67373],[-98.99655,37.6886],[-99.01451,37.68849],[-99.01453,37.68735],[-99.06924,37.68775],[-99.06911,37.70225],[-99.12358,37.70267],[-99.12358,37.7039],[-99.25024,37.70434],[-99.2504,37.74829],[-99.32307,37.74817],[-99.32285,37.7629],[-99.34091,37.76305],[-99.34082,37.77752],[-99.30472,37.77735],[-99.30456,37.79188],[-99.26828,37.79203],[-99.26825,37.80645],[-99.2504,37.80642],[-99.21429,37.80613],[-99.21432,37.7772],[-99.1414,37.77717],[-99.1412,37.79172],[-99.12308,37.79157],[-99.12277,37.82532],[-99.09612,37.82531],[-99.09591,37.86893],[-99.11426,37.8689],[-99.11419,37.88356],[-99.05908,37.88359],[-99.05907,37.89809],[-99.04069,37.89804],[-99.04054,37.94189],[-99.02231,37.94183],[-99.02226,37.92726],[-98.98586,37.92728],[-98.98565,37.91264],[-98.94908,37.91262],[-98.94933,37.89809],[-98.93048,37.89807],[-98.93097,37.88345],[-98.82077,37.88353],[-98.82072,37.86891],[-98.76569,37.86871],[-98.76567,37.85428],[-98.72879,37.85399],[-98.7289,37.83947],[-98.71064,37.83931],[-98.71075,37.82475],[-98.7396,37.82494],[-98.7397,37.80636],[-98.77632,37.80657],[-98.7762,37.79185],[-98.83096,37.79188],[-98.83084,37.77736],[-98.84909,37.77717],[-98.84884,37.76251],[-98.83058,37.76259],[-98.83038,37.74819],[-98.73932,37.74805],[-98.73932,37.76265],[-98.70262,37.76251],[-98.70291,37.77703],[-98.68449,37.77694],[-98.68455,37.79149],[-98.66637,37.7916],[-98.6665,37.80608],[-98.64817,37.80602],[-98.64827,37.82431],[-98.6741,37.82447],[-98.67383,37.85357],[-98.63716,37.85335],[-98.63735,37.82428],[-98.62983,37.82427],[-98.62965,37.77675],[-98.64792,37.77711],[-98.64792,37.76253],[-98.62951,37.7623],[-98.62744,37.75483],[-98.62762,37.71825],[-98.75756,37.71913],[-98.75734,37.70458],[-98.77562,37.70467],[-98.77541,37.68999],[-98.86676,37.68951],[-98.86754,37.65962],[-98.88631,37.65954],[-98.88662,37.64473],[-98.92349,37.6445],[-98.92319,37.65935],[-98.94174,37.65923],[-98.94147,37.67403],[-98.923,37.67411],[-98.92279,37.68886],[-98.90424,37.68903],[-98.90394,37.7037],[-98.94104,37.70358],[-98.94083,37.71836],[-98.95909,37.71829]]],[[[-99.05052,37.72514],[-99.05042,37.73318],[-99.01357,37.73304],[-99.01348,37.74753],[-98.99576,37.74749],[-98.99566,37.76208],[-98.94032,37.76215],[-98.94026,37.8254],[-98.93076,37.82539],[-98.93082,37.83981],[-98.91247,37.83986],[-98.9127,37.85438],[-98.96765,37.85432],[-98.96755,37.83984],[-98.98591,37.83975],[-98.98597,37.8253],[-99.05008,37.82537],[-99.05015,37.80586],[-99.06851,37.80594],[-99.06862,37.7915],[-99.08693,37.79131],[-99.08696,37.777],[-99.1053,37.77698],[-99.10521,37.76251],[-99.12319,37.76252],[-99.12328,37.74803],[-99.1414,37.74796],[-99.14156,37.73316],[-99.10534,37.73339],[-99.1056,37.71699],[-99.05065,37.71664],[-99.05052,37.72514]]],[[[-98.66418,37.74743],[-98.66416,37.73286],[-98.64577,37.73274],[-98.64582,37.74746],[-98.66418,37.74743]]],[[[-97.7754,37.92682],[-97.79374,37.92677],[-97.79379,37.9413],[-97.77538,37.94139],[-97.7754,37.92682]]],[[[-97.68392,37.94148],[-97.6658,37.94144],[-97.66544,37.91233],[-97.68373,37.91241],[-97.68392,37.94148]]],[[[-101.13963,37.9305],[-101.1398,37.91596],[-101.15813,37.91578],[-101.15856,37.85764],[-101.12254,37.8579],[-101.12314,37.82877],[-101.12649,37.82877],[-101.12634,37.8094],[-101.21731,37.8088],[-101.21694,37.82834],[-101.23545,37.82829],[-101.2354,37.80879],[-101.29005,37.80878],[-101.29014,37.82826],[-101.28587,37.82827],[-101.28605,37.84276],[-101.30443,37.84268],[-101.30429,37.85714],[-101.32261,37.85713],[-101.32249,37.87184],[-101.30398,37.8714],[-101.30429,37.92974],[-101.28608,37.92971],[-101.28589,37.87139],[-101.26776,37.8718],[-101.26777,37.84287],[-101.24972,37.84273],[-101.24965,37.87188],[-101.21314,37.87207],[-101.21307,37.90095],[-101.23129,37.90092],[-101.23119,37.93005],[-101.19475,37.92999],[-101.19475,37.91546],[-101.17641,37.91554],[-101.17627,37.93009],[-101.13963,37.9305]]],[[[-100.75626,37.94552],[-100.7563,37.91658],[-100.77428,37.91658],[-100.77383,37.90222],[-100.79258,37.90216],[-100.79259,37.93123],[-100.77428,37.93114],[-100.77424,37.94564],[-100.75626,37.94552]]],[[[-97.83033,37.95566],[-97.81189,37.95583],[-97.81177,37.94128],[-97.83011,37.94097],[-97.83033,37.95566]]],[[[-97.68392,37.94148],[-97.70199,37.94153],[-97.70198,37.9561],[-97.68399,37.95612],[-97.68392,37.94148]]],[[[-101.02932,37.90203],[-101.02937,37.91653],[-101.12134,37.9159],[-101.12125,37.93036],[-101.13963,37.9305],[-101.13949,37.94495],[-101.08478,37.94496],[-101.0849,37.93052],[-101.06657,37.93068],[-101.06642,37.94517],[-101.01125,37.94557],[-101.01103,37.90223],[-101.02932,37.90203]]],[[[-97.83033,37.95566],[-97.8485,37.95548],[-97.84856,37.97021],[-97.83028,37.97022],[-97.83033,37.95566]]],[[[-97.84856,37.97021],[-97.86696,37.97012],[-97.86671,37.98459],[-97.84841,37.98473],[-97.84856,37.97021]]],[[[-101.01137,37.9672],[-101.01134,37.96016],[-101.0298,37.95997],[-101.02997,37.97446],[-101.01141,37.97458],[-101.01137,37.9672]]],[[[-97.62885,37.95596],[-97.64727,37.95599],[-97.64715,37.98514],[-97.62873,37.98509],[-97.62885,37.95596]]],[[[-101.24936,37.97331],[-101.24935,37.95874],[-101.26776,37.95873],[-101.26773,37.9733],[-101.24936,37.97331]]],[[[-101.24936,37.97331],[-101.24942,37.98795],[-101.23115,37.98791],[-101.23118,37.97342],[-101.24936,37.97331]]],[[[-101.19481,37.99456],[-101.19479,37.98802],[-101.21306,37.98796],[-101.21293,38.00252],[-101.19469,38.00264],[-101.19481,37.99456]]],[[[-98.00444,38.01339],[-98.01363,38.01343],[-98.01384,38.02806],[-97.9954,38.02803],[-97.99528,38.01348],[-98.00444,38.01339]]],[[[-101.15765,38.0612],[-101.1577,38.03204],[-101.17618,38.03195],[-101.17616,38.06113],[-101.15765,38.0612]]],[[[-98.5645,38.08549],[-98.54617,38.08535],[-98.54605,38.07091],[-98.56439,38.07092],[-98.5645,38.08549]]],[[[-100.79261,37.84382],[-100.81083,37.84391],[-100.81092,37.82934],[-100.82913,37.82941],[-100.829,37.85856],[-100.84728,37.8586],[-100.84724,37.87317],[-100.8653,37.87329],[-100.86541,37.90239],[-100.88367,37.90253],[-100.88359,37.91702],[-100.93845,37.91692],[-100.93853,37.94579],[-100.92013,37.94592],[-100.92014,37.96031],[-100.95664,37.95987],[-100.95677,37.94569],[-100.97526,37.94566],[-100.97516,37.97439],[-100.99329,37.9747],[-100.99329,37.98905],[-101.01168,37.98906],[-101.01171,38.00353],[-101.06667,38.00334],[-101.06637,38.01779],[-101.10301,38.01763],[-101.10291,38.03219],[-101.13959,38.03218],[-101.1394,38.06129],[-101.15765,38.0612],[-101.15773,38.07579],[-101.12113,38.07586],[-101.12132,38.06129],[-101.1028,38.06121],[-101.1029,38.04668],[-101.08466,38.04674],[-101.08464,38.06123],[-101.04796,38.0615],[-101.04784,38.04697],[-101.01106,38.04713],[-101.0114,38.01805],[-100.92029,38.01859],[-100.92031,38.03299],[-100.84762,38.03281],[-100.84753,38.04739],[-100.8292,38.04733],[-100.82892,37.98931],[-100.8107,37.98928],[-100.81075,37.96031],[-100.82894,37.96036],[-100.82895,37.9458],[-100.84738,37.9459],[-100.84757,37.93143],[-100.86539,37.93155],[-100.86547,37.91658],[-100.82899,37.9168],[-100.82911,37.88783],[-100.79251,37.88743],[-100.79261,37.84382]]],[[[-98.5645,38.08549],[-98.58261,38.08564],[-98.58273,38.10016],[-98.56464,38.10005],[-98.5645,38.08549]]],[[[-100.57272,38.10352],[-100.55452,38.10339],[-100.55448,38.08889],[-100.57275,38.08902],[-100.57272,38.10352]]],[[[-100.57272,38.10352],[-100.59106,38.1037],[-100.59082,38.11805],[-100.5726,38.11797],[-100.57272,38.10352]]],[[[-98.1246,38.1302],[-98.12451,38.11564],[-98.10551,38.11566],[-98.10562,38.10111],[-98.06858,38.10115],[-98.06877,38.07178],[-98.05039,38.07183],[-98.05041,38.04268],[-98.08745,38.04287],[-98.08747,38.05735],[-98.14228,38.05753],[-98.14228,38.11573],[-98.16065,38.11577],[-98.16072,38.13036],[-98.1246,38.1302]]],[[[-98.4362,38.10026],[-98.41783,38.10034],[-98.41811,38.11492],[-98.39996,38.11545],[-98.40027,38.12996],[-98.38183,38.12989],[-98.38055,38.17366],[-98.45482,38.17306],[-98.4549,38.15833],[-98.43609,38.15853],[-98.43622,38.14396],[-98.41755,38.14412],[-98.41845,38.12984],[-98.43638,38.12966],[-98.4362,38.10026],[-98.45452,38.10018],[-98.45488,38.14376],[-98.47301,38.14368],[-98.4728,38.17278],[-98.49119,38.17279],[-98.4911,38.18728],[-98.50956,38.18723],[-98.50945,38.20164],[-98.45488,38.20212],[-98.45491,38.18747],[-98.3442,38.18831],[-98.34415,38.15897],[-98.32585,38.15883],[-98.32584,38.14436],[-98.30736,38.14436],[-98.30741,38.12987],[-98.27068,38.12989],[-98.27049,38.14448],[-98.21588,38.14422],[-98.21591,38.12962],[-98.19759,38.12994],[-98.19746,38.1008],[-98.23437,38.10027],[-98.3259,38.10083],[-98.326,38.0863],[-98.43621,38.0857],[-98.4362,38.10026]]],[[[-97.66568,38.10118],[-97.6657,38.1157],[-97.68421,38.1158],[-97.68398,38.10126],[-97.70182,38.10117],[-97.70175,38.08671],[-97.68386,38.08665],[-97.68398,38.10126],[-97.66568,38.10118],[-97.66552,38.07226],[-97.57378,38.07241],[-97.57378,38.0579],[-97.5369,38.05766],[-97.53691,38.02858],[-97.55525,38.02864],[-97.55531,38.01406],[-97.5369,38.01404],[-97.53703,37.99952],[-97.51873,37.99941],[-97.51876,37.94144],[-97.48198,37.94142],[-97.48197,37.92689],[-97.46372,37.92694],[-97.46389,37.88333],[-97.48226,37.88332],[-97.48229,37.85419],[-97.48221,37.83957],[-97.44538,37.83954],[-97.44535,37.82492],[-97.48194,37.82507],[-97.48194,37.80978],[-97.46346,37.81054],[-97.4627,37.7372],[-97.4809,37.73691],[-97.48083,37.75145],[-97.51769,37.75093],[-97.51742,37.76508],[-97.49915,37.76541],[-97.5,37.79452],[-97.51827,37.79416],[-97.5187,37.80882],[-97.55466,37.80833],[-97.55492,37.82518],[-97.53718,37.82512],[-97.5371,37.83966],[-97.51887,37.83973],[-97.51888,37.85429],[-97.53694,37.85435],[-97.53727,37.86871],[-97.55558,37.86871],[-97.55544,37.88316],[-97.57373,37.8833],[-97.57386,37.92688],[-97.55557,37.92685],[-97.55539,37.91234],[-97.53707,37.91216],[-97.5371,37.92673],[-97.55557,37.92685],[-97.55553,37.94139],[-97.57419,37.94143],[-97.57386,37.92688],[-97.5921,37.92687],[-97.5921,37.94135],[-97.62893,37.94143],[-97.62885,37.95596],[-97.55543,37.9559],[-97.55539,37.98505],[-97.57392,37.98512],[-97.57372,38.01411],[-97.59196,38.01416],[-97.59205,38.05775],[-97.6288,38.05777],[-97.62878,38.0433],[-97.64729,38.04333],[-97.64718,38.02869],[-97.66562,38.02867],[-97.66552,38.0141],[-97.64703,38.01412],[-97.64715,37.98514],[-97.66547,37.98522],[-97.66543,37.99963],[-97.70213,37.99955],[-97.70189,38.01403],[-97.68397,38.01409],[-97.68392,38.02865],[-97.70192,38.02863],[-97.70189,38.01403],[-97.72039,38.01394],[-97.7203,37.99952],[-97.70213,37.99955],[-97.70198,37.9561],[-97.72036,37.95618],[-97.72044,37.97069],[-97.73871,37.97069],[-97.73871,37.98521],[-97.75723,37.98523],[-97.75714,37.99943],[-97.83023,37.99937],[-97.83013,38.01381],[-97.73876,38.01399],[-97.73878,38.02849],[-97.72044,38.02852],[-97.72028,38.07222],[-97.73866,38.07214],[-97.73877,38.10123],[-97.7203,38.10117],[-97.72044,38.11572],[-97.70183,38.11573],[-97.70206,38.21744],[-97.72037,38.21738],[-97.72068,38.26066],[-97.70385,38.26066],[-97.70376,38.27518],[-97.6854,38.27518],[-97.68535,38.26059],[-97.68438,38.26059],[-97.68438,38.21766],[-97.66604,38.21731],[-97.66586,38.17393],[-97.64742,38.17397],[-97.64719,38.10129],[-97.66568,38.10118]]],[[[-98.55367,38.30446],[-98.55356,38.27578],[-98.5352,38.2757],[-98.53538,38.26128],[-98.5273,38.26114],[-98.52756,38.24571],[-98.50926,38.24588],[-98.50935,38.23122],[-98.52779,38.23126],[-98.52777,38.21663],[-98.58234,38.21702],[-98.58236,38.2024],[-98.61966,38.20253],[-98.61994,38.1878],[-98.63828,38.18772],[-98.63822,38.15863],[-98.65656,38.15879],[-98.65633,38.14428],[-98.67486,38.14442],[-98.67396,38.04267],[-98.6923,38.04285],[-98.69232,38.05741],[-98.72914,38.05754],[-98.72919,38.0721],[-98.74752,38.07217],[-98.74766,38.08673],[-98.82114,38.08699],[-98.82112,38.116],[-98.83955,38.11613],[-98.8395,38.13058],[-98.85791,38.13067],[-98.85788,38.14516],[-98.9676,38.1456],[-98.96779,38.18928],[-98.94924,38.1891],[-98.94932,38.20364],[-98.9309,38.20355],[-98.93097,38.21807],[-98.91271,38.21796],[-98.9126,38.23248],[-98.89479,38.23257],[-98.89484,38.26109],[-98.88513,38.26115],[-98.88513,38.27566],[-98.84815,38.27559],[-98.84802,38.2901],[-98.8297,38.29004],[-98.82971,38.27551],[-98.8112,38.27548],[-98.81127,38.261],[-98.82123,38.26103],[-98.8212,38.21786],[-98.83954,38.2178],[-98.83948,38.18878],[-98.82114,38.18876],[-98.82114,38.17421],[-98.72961,38.17352],[-98.72965,38.2025],[-98.71126,38.20226],[-98.71114,38.23163],[-98.6927,38.23156],[-98.69254,38.26089],[-98.66385,38.26093],[-98.66388,38.27548],[-98.62721,38.27564],[-98.62721,38.26107],[-98.61917,38.26109],[-98.6192,38.24646],[-98.60077,38.24639],[-98.60075,38.26107],[-98.60862,38.26107],[-98.60881,38.30459],[-98.55367,38.30446]]],[[[-98.69289,38.18783],[-98.69294,38.17337],[-98.65677,38.17325],[-98.65656,38.18781],[-98.69289,38.18783]]],[[[-98.37536,38.37673],[-98.38778,38.37669],[-98.38781,38.3912],[-98.36944,38.39124],[-98.36944,38.37676],[-98.37536,38.37673]]],[[[-98.44344,38.42027],[-98.44344,38.40572],[-98.48062,38.4056],[-98.48056,38.42019],[-98.44344,38.42027]]],[[[-101.96397,38.84297],[-101.96412,38.82849],[-101.98237,38.82839],[-101.98226,38.84285],[-101.96397,38.84297]]],[[[-102.03804,38.8509],[-102.03816,38.84276],[-102.04553,38.84272],[-102.04566,38.8718],[-102.03776,38.87181],[-102.03804,38.8509]]],[[[-101.38584,39.10732],[-101.38608,39.09292],[-101.40501,39.09235],[-101.40468,39.10714],[-101.38584,39.10732]]],[[[-101.38584,39.10732],[-101.3859,39.12179],[-101.36713,39.12195],[-101.36725,39.10747],[-101.38584,39.10732]]],[[[-101.3859,39.12179],[-101.40438,39.1217],[-101.40422,39.13508],[-101.38545,39.13518],[-101.3859,39.12179]]],[[[-101.59605,39.40987],[-101.61403,39.40935],[-101.61401,39.4239],[-101.59605,39.42398],[-101.59605,39.40987]]],[[[-101.52109,39.42452],[-101.57723,39.42407],[-101.57707,39.46738],[-101.55844,39.46756],[-101.55846,39.45315],[-101.53982,39.45315],[-101.53977,39.43854],[-101.52106,39.43861],[-101.52109,39.42452]]],[[[-101.68874,39.46245],[-101.68873,39.43826],[-101.7074,39.4382],[-101.70755,39.39468],[-101.7256,39.39468],[-101.72556,39.40918],[-101.76285,39.40912],[-101.76281,39.43816],[-101.72548,39.43818],[-101.72541,39.4526],[-101.70742,39.45261],[-101.70727,39.48161],[-101.68859,39.48161],[-101.68874,39.46245]]],[[[-100.18079,39.51629],[-100.18077,39.50903],[-100.19947,39.50912],[-100.19957,39.52354],[-100.18079,39.52352],[-100.18079,39.51629]]],[[[-101.79988,39.50001],[-101.79989,39.49606],[-101.81857,39.49602],[-101.81856,39.51048],[-101.79977,39.51057],[-101.79988,39.50001]]],[[[-101.76218,39.54666],[-101.76212,39.53941],[-101.78087,39.53951],[-101.7809,39.55389],[-101.76211,39.55385],[-101.76218,39.54666]]],[[[-101.60086,39.59654],[-101.60116,39.56843],[-101.59486,39.56843],[-101.59523,39.55428],[-101.57648,39.5544],[-101.57675,39.52557],[-101.59543,39.52537],[-101.59525,39.53988],[-101.65079,39.5396],[-101.65103,39.52505],[-101.63228,39.52502],[-101.63246,39.49611],[-101.61377,39.49622],[-101.61388,39.48174],[-101.59564,39.48202],[-101.59591,39.43848],[-101.61398,39.4384],[-101.61396,39.45286],[-101.63271,39.45282],[-101.63265,39.46733],[-101.65135,39.46725],[-101.65109,39.48159],[-101.66994,39.4816],[-101.66973,39.49617],[-101.68849,39.49617],[-101.68798,39.5685],[-101.65738,39.56846],[-101.65725,39.58297],[-101.63848,39.58305],[-101.63811,39.61192],[-101.61934,39.61188],[-101.61945,39.59741],[-101.60085,39.59741],[-101.60086,39.59654]]],[[[-99.88961,39.74057],[-99.85241,39.74065],[-99.85241,39.71173],[-99.90901,39.71157],[-99.90886,39.72603],[-99.92741,39.72611],[-99.92743,39.74052],[-99.88961,39.74057]]]]},"properties":{"OBJECTID":5,"satthick_2022_2024_MANUAL":4,"name":"Saturated thickness: 150 to 200","classLabel":"150 to 200","color":"#00ab73","hasValue":true,"period":"2022\u20132024"}},{"type":"Feature","id":6,"geometry":{"type":"MultiPolygon","coordinates":[[[[-100.50622,37.01041],[-100.46997,37.01044],[-100.46994,37.00107],[-100.50614,37.00085],[-100.50622,37.01041]]],[[[-100.5422,37.01045],[-100.54214,37.00076],[-100.56082,37.00066],[-100.56032,37.01033],[-100.5422,37.01045]]],[[[-100.50622,37.01041],[-100.5422,37.01045],[-100.54227,37.02496],[-100.50634,37.02495],[-100.50622,37.01041]]],[[[-101.41067,37.00004],[-101.41086,36.99607],[-101.42882,36.99599],[-101.42873,37.01024],[-101.41061,37.01026],[-101.41067,37.00004]]],[[[-100.4336,37.03967],[-100.41564,37.03956],[-100.41576,37.02489],[-100.43384,37.02494],[-100.4336,37.03967]]],[[[-100.4336,37.03967],[-100.45187,37.03963],[-100.45226,37.05381],[-100.43416,37.0539],[-100.4336,37.03967]]],[[[-100.43469,37.09716],[-100.43456,37.08287],[-100.45273,37.08271],[-100.45289,37.09721],[-100.43469,37.09716]]],[[[-101.48323,37.02469],[-101.48321,37.03928],[-101.46511,37.03928],[-101.46505,37.05373],[-101.48321,37.05375],[-101.48321,37.03928],[-101.50111,37.03925],[-101.50105,37.02474],[-101.48323,37.02469],[-101.48326,36.99577],[-101.50099,36.99581],[-101.50112,37.01021],[-101.51919,37.01029],[-101.53736,37.01033],[-101.53727,36.99595],[-101.6458,36.99616],[-101.64577,37.01099],[-101.62774,37.01085],[-101.62775,37.02541],[-101.64581,37.02541],[-101.64594,37.03993],[-101.60971,37.03985],[-101.60975,37.05436],[-101.59183,37.0543],[-101.59192,37.02524],[-101.57363,37.02503],[-101.57364,37.03955],[-101.55555,37.03943],[-101.55559,37.05397],[-101.53729,37.05389],[-101.53762,37.06844],[-101.51957,37.0684],[-101.51953,37.0975],[-101.44722,37.09737],[-101.44697,37.03928],[-101.42881,37.03926],[-101.42872,37.02483],[-101.48323,37.02469]]],[[[-100.41669,37.12503],[-100.41661,37.11147],[-100.43485,37.11158],[-100.43485,37.12594],[-100.41659,37.12581],[-100.41669,37.12503]]],[[[-100.48916,37.12623],[-100.4711,37.12612],[-100.47089,37.09718],[-100.50737,37.0972],[-100.50754,37.11178],[-100.48918,37.11171],[-100.48916,37.12623]]],[[[-101.21217,37.14111],[-101.17573,37.14115],[-101.17569,37.12664],[-101.21197,37.12658],[-101.21217,37.14111]]],[[[-101.64626,37.1417],[-101.64607,37.12719],[-101.6642,37.12715],[-101.66412,37.09803],[-101.62782,37.09803],[-101.62782,37.11265],[-101.59189,37.11253],[-101.59191,37.06893],[-101.60977,37.06899],[-101.60976,37.08352],[-101.64606,37.08348],[-101.64617,37.06907],[-101.66417,37.06905],[-101.66412,37.08348],[-101.71835,37.08355],[-101.71839,37.11267],[-101.70039,37.1127],[-101.70045,37.12719],[-101.68238,37.12719],[-101.68254,37.14171],[-101.64626,37.1417]]],[[[-101.21217,37.14111],[-101.23034,37.14108],[-101.23049,37.15559],[-101.21221,37.15571],[-101.21217,37.14111]]],[[[-100.39899,37.16201],[-100.39889,37.15465],[-100.41663,37.15482],[-100.41677,37.1692],[-100.39906,37.16921],[-100.39899,37.16201]]],[[[-101.64626,37.1417],[-101.64635,37.15633],[-101.62818,37.15623],[-101.62807,37.14167],[-101.64626,37.1417]]],[[[-100.77877,37.18434],[-100.77849,37.1698],[-100.83293,37.17026],[-100.83295,37.18468],[-100.77877,37.18434]]],[[[-100.48916,37.12623],[-100.5076,37.12621],[-100.50741,37.14075],[-100.52602,37.14073],[-100.52612,37.1552],[-100.50721,37.15527],[-100.50732,37.18432],[-100.4891,37.18424],[-100.48918,37.19884],[-100.41684,37.19821],[-100.41682,37.18374],[-100.43489,37.18376],[-100.43495,37.16953],[-100.47099,37.16972],[-100.47113,37.15522],[-100.48922,37.15528],[-100.48916,37.12623]]],[[[-100.77877,37.18434],[-100.77882,37.19885],[-100.76052,37.19874],[-100.76041,37.18413],[-100.77877,37.18434]]],[[[-101.21229,37.19926],[-101.19414,37.19919],[-101.19406,37.18469],[-101.17591,37.18466],[-101.17586,37.17017],[-101.21233,37.17015],[-101.21229,37.19926]]],[[[-100.72619,37.2133],[-100.72605,37.19884],[-100.74241,37.19879],[-100.74276,37.2133],[-100.72619,37.2133]]],[[[-101.59209,37.19964],[-101.59214,37.18514],[-101.64638,37.18534],[-101.64631,37.17091],[-101.66443,37.17067],[-101.66444,37.18531],[-101.68263,37.18531],[-101.68246,37.19984],[-101.59209,37.19964]]],[[[-100.36255,37.22753],[-100.36265,37.21292],[-100.38067,37.21275],[-100.38065,37.2273],[-100.36255,37.22753]]],[[[-100.86859,37.22844],[-100.86871,37.19923],[-100.8332,37.1994],[-100.83295,37.18468],[-100.88656,37.18474],[-100.88651,37.17013],[-100.90465,37.1701],[-100.90489,37.19915],[-100.88664,37.19926],[-100.88664,37.22838],[-100.86859,37.22844]]],[[[-101.21229,37.19926],[-101.23029,37.19915],[-101.23062,37.22803],[-101.19419,37.22802],[-101.19408,37.21369],[-101.21239,37.2136],[-101.21229,37.19926]]],[[[-100.34443,37.24191],[-100.34444,37.22745],[-100.36255,37.22753],[-100.36248,37.24193],[-100.34443,37.24191]]],[[[-101.51972,37.22824],[-101.51964,37.21364],[-101.53782,37.21384],[-101.53772,37.19924],[-101.51959,37.19912],[-101.51964,37.21364],[-101.48376,37.21357],[-101.48388,37.22817],[-101.46564,37.22821],[-101.4656,37.21366],[-101.42939,37.21367],[-101.42939,37.18455],[-101.44752,37.18456],[-101.44728,37.12649],[-101.46544,37.12646],[-101.46546,37.14106],[-101.51962,37.14105],[-101.51956,37.17012],[-101.55587,37.17037],[-101.55579,37.19937],[-101.59209,37.19964],[-101.5922,37.2142],[-101.5559,37.21397],[-101.55579,37.22844],[-101.51972,37.22824]]],[[[-101.49007,37.15551],[-101.48341,37.15555],[-101.48345,37.17005],[-101.50127,37.17008],[-101.50129,37.15551],[-101.49007,37.15551]]],[[[-101.26697,37.24261],[-101.26669,37.22808],[-101.28468,37.22805],[-101.28483,37.24255],[-101.26697,37.24261]]],[[[-101.51972,37.22824],[-101.5197,37.24278],[-101.50162,37.24277],[-101.50163,37.22822],[-101.51972,37.22824]]],[[[-100.90484,37.2573],[-100.90509,37.2137],[-100.92312,37.21368],[-100.923,37.22817],[-100.95908,37.22817],[-100.95934,37.25717],[-100.90484,37.2573]]],[[[-100.92312,37.21368],[-100.92309,37.19896],[-100.95896,37.19925],[-100.95887,37.18472],[-100.97699,37.18473],[-100.97686,37.17015],[-101.03138,37.17027],[-101.03146,37.19911],[-101.04967,37.19913],[-101.04995,37.22801],[-101.06776,37.22822],[-101.06774,37.24256],[-101.10377,37.24263],[-101.10389,37.25702],[-101.05008,37.25704],[-101.05004,37.24264],[-100.99531,37.24258],[-100.99524,37.22809],[-100.97712,37.22809],[-100.97707,37.2136],[-100.92312,37.21368]]],[[[-100.34443,37.24191],[-100.34452,37.27104],[-100.32638,37.27098],[-100.32629,37.24201],[-100.34443,37.24191]]],[[[-100.43512,37.27103],[-100.41702,37.27099],[-100.41703,37.25652],[-100.43516,37.25651],[-100.43512,37.27103]]],[[[-101.39324,37.25732],[-101.35742,37.25723],[-101.35732,37.24272],[-101.39317,37.24282],[-101.39324,37.25732]]],[[[-101.26697,37.24261],[-101.26678,37.25715],[-101.28468,37.25716],[-101.28464,37.27168],[-101.24887,37.27154],[-101.24867,37.24259],[-101.26697,37.24261]]],[[[-100.38094,37.27096],[-100.38084,37.25651],[-100.39901,37.25648],[-100.39921,37.28547],[-100.38105,37.28546],[-100.38094,37.27096]]],[[[-100.86859,37.22844],[-100.86823,37.25727],[-100.85069,37.2572],[-100.85074,37.27167],[-100.83431,37.27164],[-100.83444,37.28621],[-100.81633,37.2863],[-100.8159,37.25725],[-100.79769,37.25719],[-100.79746,37.24258],[-100.85053,37.24267],[-100.85041,37.2282],[-100.86859,37.22844]]],[[[-100.86823,37.25727],[-100.90484,37.2573],[-100.90502,37.28605],[-100.88705,37.28606],[-100.88694,37.27171],[-100.86895,37.27171],[-100.86823,37.25727]]],[[[-101.10389,37.25702],[-101.12201,37.25704],[-101.12224,37.28584],[-101.10423,37.28594],[-101.10389,37.25702]]],[[[-101.1764,37.28589],[-101.17633,37.2714],[-101.15838,37.2714],[-101.15825,37.25691],[-101.19443,37.25695],[-101.19444,37.27144],[-101.21252,37.27147],[-101.21258,37.28599],[-101.1764,37.28589]]],[[[-101.42963,37.30092],[-101.42942,37.22823],[-101.44763,37.22817],[-101.44769,37.24272],[-101.4839,37.24271],[-101.48403,37.25721],[-101.46588,37.25722],[-101.46614,37.28622],[-101.44775,37.28622],[-101.44777,37.30101],[-101.42963,37.30092]]],[[[-101.46584,37.3154],[-101.466,37.30086],[-101.50172,37.30103],[-101.50182,37.31548],[-101.46584,37.3154]]],[[[-100.30838,37.32899],[-100.30832,37.28557],[-100.32637,37.28546],[-100.32652,37.31453],[-100.41696,37.31453],[-100.41691,37.32911],[-100.43513,37.32907],[-100.43508,37.34361],[-100.34472,37.34341],[-100.34468,37.32893],[-100.30838,37.32899]]],[[[-101.42963,37.30092],[-101.42971,37.31548],[-101.46584,37.3154],[-101.46601,37.33008],[-101.37583,37.32994],[-101.37562,37.31537],[-101.41155,37.31544],[-101.41141,37.30098],[-101.42963,37.30092]]],[[[-101.03226,37.32922],[-101.03218,37.31498],[-101.08604,37.31484],[-101.08616,37.34394],[-101.05027,37.34386],[-101.05023,37.32938],[-101.03226,37.32922]]],[[[-100.92352,37.35895],[-100.92332,37.34451],[-100.90532,37.34444],[-100.90518,37.31532],[-100.95917,37.31522],[-100.95938,37.32972],[-100.97755,37.3296],[-100.97766,37.34405],[-100.95943,37.34422],[-100.9594,37.35882],[-100.92352,37.35895]]],[[[-101.30308,37.35893],[-101.30281,37.31524],[-101.33916,37.31531],[-101.33929,37.32979],[-101.32107,37.32979],[-101.32114,37.35885],[-101.30308,37.35893]]],[[[-100.4351,37.37283],[-100.43509,37.35819],[-100.45313,37.35832],[-100.45319,37.37282],[-100.4351,37.37283]]],[[[-101.1764,37.28589],[-101.17647,37.30035],[-101.19457,37.30039],[-101.19441,37.32955],[-101.21257,37.32955],[-101.21286,37.35875],[-101.24891,37.35872],[-101.2491,37.37333],[-101.19476,37.37335],[-101.19442,37.3442],[-101.17647,37.34419],[-101.17649,37.32946],[-101.15882,37.32937],[-101.15869,37.31476],[-101.14048,37.31477],[-101.14033,37.28579],[-101.1764,37.28589]]],[[[-101.28499,37.37352],[-101.2849,37.35892],[-101.30308,37.35893],[-101.30328,37.37348],[-101.28499,37.37352]]],[[[-101.2491,37.37333],[-101.28499,37.37352],[-101.28509,37.38807],[-101.2491,37.388],[-101.2491,37.37333]]],[[[-100.19342,37.41665],[-100.18052,37.41659],[-100.18004,37.38716],[-100.19817,37.38717],[-100.19853,37.41663],[-100.19342,37.41665]]],[[[-101.25276,37.46747],[-101.25269,37.46013],[-101.28915,37.46023],[-101.28902,37.47476],[-101.25281,37.47476],[-101.25276,37.46747]]],[[[-101.47142,37.48973],[-101.47133,37.47523],[-101.48974,37.47529],[-101.4896,37.48975],[-101.47142,37.48973]]],[[[-101.12611,37.50003],[-101.12578,37.48954],[-101.16214,37.48933],[-101.16205,37.47477],[-101.1802,37.47471],[-101.18011,37.46028],[-101.19847,37.46025],[-101.19861,37.47466],[-101.23474,37.47479],[-101.23543,37.53289],[-101.19899,37.53281],[-101.19885,37.5183],[-101.18067,37.51832],[-101.18041,37.50378],[-101.12617,37.50386],[-101.12611,37.50003]]],[[[-100.45199,37.4602],[-100.47031,37.46021],[-100.47044,37.44557],[-100.48861,37.44559],[-100.48886,37.4165],[-100.41604,37.41632],[-100.4159,37.40172],[-100.39787,37.40172],[-100.37965,37.40184],[-100.3796,37.44581],[-100.45209,37.44551],[-100.45199,37.4602],[-100.36129,37.46032],[-100.3613,37.47477],[-100.3431,37.47483],[-100.34328,37.43127],[-100.30698,37.43111],[-100.28889,37.43115],[-100.28886,37.46033],[-100.27079,37.46044],[-100.27068,37.47507],[-100.21625,37.47528],[-100.21632,37.46063],[-100.16206,37.46052],[-100.1622,37.44587],[-100.18042,37.44586],[-100.18053,37.43121],[-100.19859,37.43137],[-100.19866,37.44596],[-100.21628,37.44588],[-100.21631,37.43128],[-100.23462,37.43115],[-100.2345,37.3873],[-100.23643,37.38729],[-100.23638,37.34349],[-100.29064,37.34347],[-100.29061,37.32896],[-100.30838,37.32899],[-100.30853,37.3726],[-100.29093,37.37241],[-100.29099,37.38725],[-100.27072,37.38722],[-100.27076,37.41654],[-100.32507,37.41649],[-100.32515,37.4018],[-100.30715,37.40187],[-100.30726,37.38722],[-100.32689,37.38719],[-100.32676,37.37248],[-100.34477,37.37245],[-100.34476,37.35792],[-100.36293,37.35795],[-100.36288,37.37247],[-100.38101,37.37252],[-100.38096,37.38718],[-100.39905,37.3872],[-100.3991,37.3726],[-100.4351,37.37283],[-100.4342,37.40185],[-100.45235,37.40195],[-100.45319,37.37282],[-100.48944,37.37306],[-100.4895,37.34387],[-100.47124,37.34382],[-100.47129,37.31477],[-100.48945,37.31489],[-100.48954,37.28582],[-100.45333,37.28566],[-100.45338,37.30027],[-100.41701,37.30008],[-100.41701,37.28553],[-100.4351,37.28559],[-100.43512,37.27103],[-100.48924,37.27134],[-100.48942,37.24213],[-100.54437,37.24231],[-100.54441,37.22787],[-100.56253,37.2279],[-100.56257,37.21342],[-100.63533,37.21372],[-100.63537,37.18467],[-100.67169,37.18447],[-100.67168,37.19895],[-100.68978,37.1988],[-100.68983,37.21352],[-100.72619,37.2133],[-100.72607,37.30049],[-100.76211,37.30053],[-100.76202,37.31506],[-100.78011,37.31507],[-100.77988,37.32959],[-100.76171,37.32957],[-100.76142,37.34412],[-100.72546,37.34409],[-100.72485,37.38763],[-100.74347,37.38758],[-100.7435,37.40213],[-100.689,37.4022],[-100.68902,37.43124],[-100.65265,37.43127],[-100.65269,37.41672],[-100.59787,37.41667],[-100.59799,37.40217],[-100.57978,37.40213],[-100.57988,37.38755],[-100.56164,37.3876],[-100.56155,37.40213],[-100.52522,37.40191],[-100.52518,37.41656],[-100.50701,37.41652],[-100.50677,37.46019],[-100.48849,37.46027],[-100.4885,37.47477],[-100.52498,37.47488],[-100.52498,37.48935],[-100.5796,37.48938],[-100.57952,37.53306],[-100.56137,37.533],[-100.56145,37.54746],[-100.54317,37.54749],[-100.54318,37.53297],[-100.52494,37.53298],[-100.52515,37.51857],[-100.48854,37.51848],[-100.48852,37.50396],[-100.47036,37.50392],[-100.47032,37.48938],[-100.45202,37.48926],[-100.45199,37.4602]]],[[[-100.6525,37.35852],[-100.65269,37.34406],[-100.59869,37.34398],[-100.59841,37.37307],[-100.6523,37.37303],[-100.6525,37.35852]]],[[[-100.52594,37.33694],[-100.52604,37.32932],[-100.50771,37.32942],[-100.50769,37.344],[-100.52584,37.34383],[-100.52594,37.33694]]],[[[-100.61132,37.22814],[-100.59887,37.22814],[-100.59883,37.25697],[-100.61704,37.25701],[-100.61708,37.27148],[-100.63524,37.27157],[-100.63524,37.2861],[-100.68974,37.28608],[-100.68988,37.24248],[-100.61701,37.24257],[-100.61701,37.22813],[-100.61132,37.22814]]],[[[-99.90632,37.57383],[-99.90622,37.55892],[-99.92447,37.55935],[-99.9246,37.57407],[-99.90632,37.57383]]],[[[-100.88913,37.56234],[-100.88914,37.54768],[-100.90736,37.54763],[-100.90738,37.56242],[-100.88913,37.56234]]],[[[-100.92567,37.57677],[-100.9257,37.56243],[-100.9623,37.56233],[-100.96228,37.57685],[-100.92567,37.57677]]],[[[-101.47142,37.48973],[-101.47129,37.50421],[-101.45317,37.5041],[-101.45322,37.51862],[-101.4714,37.51864],[-101.47129,37.50421],[-101.48964,37.50424],[-101.4896,37.48975],[-101.50774,37.48978],[-101.50798,37.51872],[-101.52613,37.51884],[-101.52623,37.5333],[-101.54434,37.5333],[-101.54462,37.56231],[-101.47178,37.56203],[-101.47185,37.57665],[-101.43524,37.57662],[-101.43529,37.5622],[-101.39966,37.56207],[-101.39945,37.54755],[-101.38127,37.54746],[-101.38143,37.56199],[-101.37235,37.56195],[-101.3632,37.5619],[-101.36302,37.54735],[-101.34495,37.54728],[-101.3449,37.53282],[-101.36289,37.53277],[-101.3627,37.51826],[-101.41699,37.51857],[-101.41685,37.50411],[-101.43503,37.5041],[-101.43508,37.4896],[-101.47142,37.48973]]],[[[-101.4352,37.54069],[-101.43522,37.54758],[-101.47169,37.54769],[-101.47158,37.53306],[-101.43517,37.53306],[-101.4352,37.54069]]],[[[-100.6707,37.63478],[-100.68892,37.63476],[-100.68892,37.64926],[-100.67067,37.64925],[-100.6707,37.63478]]],[[[-100.72553,37.64926],[-100.72546,37.63482],[-100.76164,37.63484],[-100.76168,37.62018],[-100.74408,37.6201],[-100.74391,37.60562],[-100.67068,37.60574],[-100.67069,37.59115],[-100.65234,37.59113],[-100.65239,37.62019],[-100.67083,37.62029],[-100.6707,37.63478],[-100.63427,37.63477],[-100.63422,37.62024],[-100.61606,37.6202],[-100.61594,37.59125],[-100.59777,37.59129],[-100.59778,37.57671],[-100.57971,37.57661],[-100.57953,37.56219],[-100.61586,37.56215],[-100.61594,37.50393],[-100.65263,37.50391],[-100.65254,37.51848],[-100.6708,37.51852],[-100.67086,37.53296],[-100.6343,37.53305],[-100.6343,37.56214],[-100.68883,37.56212],[-100.68888,37.57668],[-100.70708,37.57667],[-100.70706,37.54771],[-100.76194,37.54754],[-100.76188,37.53307],[-100.79843,37.53317],[-100.79843,37.56215],[-100.81672,37.5622],[-100.81638,37.62024],[-100.79817,37.62029],[-100.79823,37.63491],[-100.78006,37.63487],[-100.78001,37.64936],[-100.72553,37.64926]]],[[[-100.68892,37.64926],[-100.72553,37.64926],[-100.72554,37.66381],[-100.68894,37.66378],[-100.68892,37.64926]]],[[[-100.94389,37.6713],[-100.94395,37.66406],[-101.03542,37.66392],[-101.03527,37.67834],[-100.94383,37.67857],[-100.94389,37.6713]]],[[[-98.64579,37.74015],[-98.64577,37.73274],[-98.66416,37.73286],[-98.66418,37.74743],[-98.64582,37.74746],[-98.64579,37.74015]]],[[[-97.5187,37.80882],[-97.51827,37.79416],[-97.5,37.79452],[-97.49915,37.76541],[-97.51742,37.76508],[-97.51785,37.77959],[-97.53599,37.77914],[-97.53626,37.79388],[-97.55443,37.79374],[-97.55466,37.80833],[-97.5187,37.80882]]],[[[-98.91247,37.83986],[-98.93082,37.83981],[-98.93076,37.82539],[-98.94026,37.8254],[-98.94032,37.76215],[-98.99566,37.76208],[-98.99576,37.74749],[-99.01348,37.74753],[-99.01357,37.73304],[-99.05042,37.73318],[-99.05065,37.71664],[-99.1056,37.71699],[-99.10534,37.73339],[-99.14156,37.73316],[-99.1414,37.74796],[-99.12328,37.74803],[-99.12319,37.76252],[-99.10521,37.76251],[-99.1053,37.77698],[-99.08696,37.777],[-99.08693,37.79131],[-99.06862,37.7915],[-99.06851,37.80594],[-99.05015,37.80586],[-99.05008,37.82537],[-98.98597,37.8253],[-98.98591,37.83975],[-98.96755,37.83984],[-98.96765,37.85432],[-98.9127,37.85438],[-98.91247,37.83986]]],[[[-97.72028,37.91241],[-97.68373,37.91241],[-97.68373,37.89791],[-97.71969,37.89809],[-97.72028,37.91241]]],[[[-100.95669,37.87313],[-100.88369,37.87331],[-100.88375,37.88792],[-100.90202,37.888],[-100.90197,37.90239],[-100.93832,37.90224],[-100.93845,37.91692],[-100.88359,37.91702],[-100.88367,37.90253],[-100.86541,37.90239],[-100.8653,37.87329],[-100.84724,37.87317],[-100.84728,37.8586],[-100.829,37.85856],[-100.82913,37.82941],[-100.81092,37.82934],[-100.81083,37.84391],[-100.79261,37.84382],[-100.79276,37.82928],[-100.7795,37.8292],[-100.7796,37.80967],[-100.76115,37.80959],[-100.76129,37.76581],[-100.77971,37.76566],[-100.77978,37.75106],[-100.8163,37.75127],[-100.81627,37.76591],[-100.83465,37.76594],[-100.83455,37.78056],[-100.8528,37.78052],[-100.85283,37.76589],[-100.88915,37.76593],[-100.8891,37.75137],[-100.90755,37.75132],[-100.90745,37.7805],[-100.88907,37.78053],[-100.88897,37.79503],[-100.87072,37.79502],[-100.87057,37.82962],[-100.88363,37.82964],[-100.88367,37.84411],[-100.90201,37.84408],[-100.90198,37.85871],[-100.95678,37.85843],[-100.95669,37.87313]]],[[[-100.81618,37.78796],[-100.81619,37.78062],[-100.79798,37.78048],[-100.79809,37.79516],[-100.81618,37.79515],[-100.81618,37.78796]]],[[[-97.72028,37.91241],[-97.73863,37.91233],[-97.73859,37.92691],[-97.72028,37.92708],[-97.72028,37.91241]]],[[[-97.55557,37.92685],[-97.5371,37.92673],[-97.53707,37.91216],[-97.55539,37.91234],[-97.55557,37.92685]]],[[[-97.75713,37.9269],[-97.7754,37.92682],[-97.77538,37.94139],[-97.75721,37.94159],[-97.75713,37.9269]]],[[[-97.70199,37.94153],[-97.68392,37.94148],[-97.68389,37.92698],[-97.702,37.92697],[-97.70199,37.94153]]],[[[-97.55557,37.92685],[-97.57386,37.92688],[-97.57419,37.94143],[-97.55553,37.94139],[-97.55557,37.92685]]],[[[-97.79379,37.9413],[-97.81177,37.94128],[-97.81189,37.95583],[-97.79393,37.9561],[-97.79379,37.9413]]],[[[-97.70199,37.94153],[-97.72038,37.94158],[-97.72036,37.95618],[-97.70198,37.9561],[-97.70199,37.94153]]],[[[-97.72036,37.95618],[-97.73864,37.95612],[-97.73871,37.97069],[-97.72044,37.97069],[-97.72036,37.95618]]],[[[-101.13949,37.94495],[-101.13952,37.95942],[-101.12121,37.95947],[-101.12124,37.94496],[-101.13949,37.94495]]],[[[-101.13949,37.94495],[-101.13963,37.9305],[-101.17627,37.93009],[-101.17641,37.91554],[-101.19475,37.91546],[-101.19475,37.92999],[-101.23119,37.93005],[-101.23129,37.90092],[-101.21307,37.90095],[-101.21314,37.87207],[-101.24965,37.87188],[-101.24972,37.84273],[-101.26777,37.84287],[-101.26776,37.8718],[-101.28589,37.87139],[-101.28606,37.94419],[-101.2679,37.94417],[-101.26776,37.95873],[-101.24935,37.95874],[-101.24936,37.94402],[-101.13949,37.94495]]],[[[-97.73871,37.97069],[-97.75719,37.97072],[-97.75723,37.98523],[-97.73871,37.98521],[-97.73871,37.97069]]],[[[-97.83028,37.97022],[-97.84856,37.97021],[-97.84852,37.99938],[-97.83023,37.99937],[-97.83028,37.97022]]],[[[-97.75723,37.98523],[-97.77545,37.98522],[-97.77549,37.9994],[-97.75714,37.99943],[-97.75723,37.98523]]],[[[-101.21305,37.9818],[-101.21302,37.97358],[-101.23118,37.97342],[-101.23115,37.98791],[-101.21306,37.98796],[-101.21305,37.9818]]],[[[-97.70189,38.01403],[-97.70213,37.99955],[-97.7203,37.99952],[-97.72039,38.01394],[-97.70189,38.01403]]],[[[-100.93845,37.91692],[-100.95669,37.91689],[-100.95669,37.87313],[-101.02963,37.87297],[-101.02932,37.90203],[-101.01103,37.90223],[-101.01125,37.94557],[-101.06642,37.94517],[-101.06657,37.93068],[-101.0849,37.93052],[-101.08469,37.95965],[-101.06649,37.95981],[-101.06667,38.00334],[-101.01171,38.00353],[-101.01168,37.98906],[-100.99329,37.98905],[-100.99329,37.9747],[-100.97516,37.97439],[-100.97526,37.94566],[-100.95677,37.94569],[-100.95664,37.95987],[-100.92014,37.96031],[-100.92013,37.94592],[-100.93853,37.94579],[-100.93845,37.91692]]],[[[-101.0202,37.97452],[-101.02997,37.97446],[-101.0298,37.95997],[-101.01134,37.96016],[-101.01141,37.97458],[-101.0202,37.97452]]],[[[-97.70189,38.01403],[-97.70192,38.02863],[-97.68392,38.02865],[-97.68397,38.01409],[-97.70189,38.01403]]],[[[-101.06667,38.00334],[-101.10297,38.00312],[-101.10301,38.01763],[-101.06637,38.01779],[-101.06667,38.00334]]],[[[-101.17619,38.01732],[-101.17643,38.00273],[-101.19469,38.00264],[-101.19457,38.01739],[-101.17619,38.01732]]],[[[-97.59199,38.02865],[-97.59196,38.01416],[-97.57372,38.01411],[-97.57392,37.98512],[-97.55539,37.98505],[-97.55543,37.9559],[-97.62885,37.95596],[-97.62873,37.98509],[-97.64715,37.98514],[-97.64703,38.01412],[-97.66552,38.0141],[-97.66562,38.02867],[-97.64718,38.02869],[-97.64729,38.04333],[-97.62878,38.0433],[-97.6288,38.05777],[-97.62533,38.05778],[-97.59205,38.05775],[-97.59199,38.02865]]],[[[-101.10301,38.01763],[-101.17619,38.01732],[-101.17618,38.03195],[-101.1577,38.03204],[-101.15765,38.0612],[-101.1394,38.06129],[-101.13959,38.03218],[-101.10291,38.03219],[-101.10301,38.01763]]],[[[-97.68398,38.10126],[-97.68386,38.08665],[-97.70175,38.08671],[-97.70182,38.10117],[-97.68398,38.10126]]],[[[-97.68398,38.10126],[-97.68421,38.1158],[-97.6657,38.1157],[-97.66568,38.10118],[-97.68398,38.10126]]],[[[-98.38055,38.17366],[-98.38183,38.12989],[-98.40027,38.12996],[-98.39996,38.11545],[-98.41811,38.11492],[-98.41783,38.10034],[-98.4362,38.10026],[-98.43638,38.12966],[-98.41845,38.12984],[-98.41755,38.14412],[-98.43622,38.14396],[-98.43609,38.15853],[-98.4549,38.15833],[-98.45482,38.17306],[-98.38055,38.17366]]],[[[-98.65656,38.18781],[-98.65677,38.17325],[-98.69294,38.17337],[-98.69289,38.18783],[-98.65656,38.18781]]]]},"properties":{"OBJECTID":6,"satthick_2022_2024_MANUAL":5,"name":"Saturated thickness: 200 to 250","classLabel":"200 to 250","color":"#1d9eb9","hasValue":true,"period":"2022\u20132024"}},{"type":"Feature","id":7,"geometry":{"type":"MultiPolygon","coordinates":[[[[-101.57361,36.99596],[-101.57364,36.99526],[-101.59201,36.99516],[-101.59192,36.99598],[-101.57361,36.99596]]],[[[-100.47004,37.02495],[-100.46997,37.01044],[-100.50622,37.01041],[-100.50634,37.02495],[-100.47004,37.02495]]],[[[-101.41061,37.01026],[-101.39252,37.01037],[-101.39292,36.99614],[-101.41086,36.99607],[-101.41061,37.01026]]],[[[-101.50095,37.00003],[-101.50099,36.99581],[-101.53727,36.99595],[-101.53736,37.01033],[-101.50112,37.01021],[-101.50095,37.00003]]],[[[-100.45187,37.03963],[-100.4336,37.03967],[-100.43384,37.02494],[-100.45189,37.02496],[-100.45187,37.03963]]],[[[-101.41061,37.01026],[-101.42873,37.01024],[-101.42872,37.02483],[-101.41069,37.02477],[-101.41061,37.01026]]],[[[-100.45187,37.03963],[-100.4701,37.03956],[-100.4703,37.05376],[-100.45226,37.05381],[-100.45187,37.03963]]],[[[-100.59716,37.05382],[-100.59681,37.03939],[-100.52426,37.03943],[-100.52416,37.02493],[-100.54227,37.02496],[-100.5422,37.01045],[-100.56032,37.01033],[-100.56082,37.00066],[-100.61451,37.00026],[-100.61496,37.02501],[-100.63304,37.02488],[-100.6331,37.03939],[-100.61494,37.03941],[-100.61527,37.0538],[-100.59716,37.05382]]],[[[-101.48321,37.03928],[-101.48323,37.02469],[-101.50105,37.02474],[-101.50111,37.03925],[-101.48321,37.03928]]],[[[-101.42888,37.05381],[-101.42881,37.03926],[-101.44697,37.03928],[-101.44702,37.0538],[-101.42888,37.05381]]],[[[-100.79599,37.06824],[-100.79598,37.05391],[-100.83228,37.05416],[-100.83249,37.08328],[-100.79601,37.08272],[-100.79599,37.06824]]],[[[-101.51953,37.0975],[-101.51957,37.0684],[-101.53762,37.06844],[-101.53729,37.05389],[-101.55559,37.05397],[-101.55555,37.03943],[-101.57364,37.03955],[-101.57363,37.02503],[-101.59192,37.02524],[-101.59183,37.0543],[-101.60975,37.05436],[-101.60971,37.03985],[-101.66412,37.03994],[-101.66417,37.06905],[-101.64617,37.06907],[-101.64606,37.08348],[-101.60976,37.08352],[-101.60977,37.06899],[-101.59191,37.06893],[-101.59192,37.09795],[-101.57388,37.09794],[-101.5737,37.08327],[-101.53738,37.08299],[-101.53777,37.09755],[-101.51953,37.0975]]],[[[-101.51953,37.0975],[-101.51953,37.11195],[-101.50135,37.11189],[-101.50126,37.09742],[-101.51953,37.0975]]],[[[-101.21207,37.13382],[-101.21197,37.12658],[-101.23012,37.12653],[-101.23034,37.14108],[-101.21217,37.14111],[-101.21207,37.13382]]],[[[-100.47113,37.15522],[-100.4711,37.12612],[-100.48916,37.12623],[-100.48922,37.15528],[-100.47113,37.15522]]],[[[-101.46544,37.12646],[-101.50139,37.1265],[-101.50137,37.14103],[-101.46546,37.14106],[-101.46544,37.12646]]],[[[-101.62807,37.14167],[-101.62791,37.12718],[-101.59189,37.12698],[-101.59189,37.11253],[-101.62782,37.11265],[-101.62782,37.09803],[-101.66412,37.09803],[-101.6642,37.12715],[-101.64607,37.12719],[-101.64626,37.1417],[-101.62807,37.14167]]],[[[-100.88651,37.17013],[-100.88644,37.15576],[-100.90455,37.15569],[-100.90465,37.1701],[-100.88651,37.17013]]],[[[-101.15802,37.13384],[-101.15802,37.12664],[-101.17569,37.12664],[-101.17586,37.17017],[-101.15804,37.17019],[-101.15802,37.13384]]],[[[-100.76041,37.18413],[-100.76034,37.1698],[-100.77849,37.1698],[-100.77877,37.18434],[-100.76041,37.18413]]],[[[-100.88651,37.17013],[-100.88656,37.18474],[-100.83295,37.18468],[-100.83293,37.17026],[-100.79674,37.17004],[-100.79654,37.15547],[-100.85033,37.15582],[-100.85027,37.17026],[-100.88651,37.17013]]],[[[-101.2486,37.18458],[-101.24855,37.15551],[-101.28439,37.15537],[-101.28446,37.16995],[-101.26679,37.17006],[-101.26676,37.18454],[-101.2486,37.18458]]],[[[-100.72605,37.19884],[-100.72597,37.1843],[-100.76041,37.18413],[-100.76052,37.19874],[-100.72605,37.19884]]],[[[-101.59189,37.12698],[-101.592,37.14156],[-101.62807,37.14167],[-101.62818,37.15623],[-101.64635,37.15633],[-101.64638,37.18534],[-101.59214,37.18514],[-101.59209,37.19964],[-101.55579,37.19937],[-101.55587,37.17037],[-101.51956,37.17012],[-101.51962,37.14105],[-101.53765,37.14122],[-101.53769,37.12663],[-101.59189,37.12698]]],[[[-100.95887,37.18472],[-100.95872,37.15571],[-101.04936,37.15542],[-101.04959,37.18449],[-101.08551,37.18475],[-101.0856,37.19914],[-101.06774,37.19913],[-101.06776,37.22822],[-101.04995,37.22801],[-101.04967,37.19913],[-101.03146,37.19911],[-101.03138,37.17027],[-100.97686,37.17015],[-100.97699,37.18473],[-100.95887,37.18472]]],[[[-101.19419,37.22802],[-101.17614,37.22807],[-101.17591,37.18466],[-101.19406,37.18469],[-101.19419,37.22802]]],[[[-101.06776,37.22822],[-101.08578,37.22828],[-101.0858,37.24262],[-101.06774,37.24256],[-101.06776,37.22822]]],[[[-100.34447,37.25003],[-100.34443,37.24191],[-100.36248,37.24193],[-100.36249,37.25642],[-100.3445,37.25653],[-100.34447,37.25003]]],[[[-100.43516,37.25651],[-100.38084,37.25651],[-100.38069,37.24187],[-100.43511,37.24187],[-100.43516,37.25651]]],[[[-100.90465,37.1701],[-100.9229,37.17022],[-100.92298,37.18468],[-100.95887,37.18472],[-100.95896,37.19925],[-100.92309,37.19896],[-100.92312,37.21368],[-100.90509,37.2137],[-100.90484,37.2573],[-100.86823,37.25727],[-100.86859,37.22844],[-100.88664,37.22838],[-100.88664,37.19926],[-100.90489,37.19915],[-100.90465,37.1701]]],[[[-101.12201,37.25704],[-101.10389,37.25702],[-101.10377,37.24263],[-101.12198,37.24261],[-101.12201,37.25704]]],[[[-100.43516,37.25651],[-100.47131,37.25643],[-100.47151,37.24182],[-100.45327,37.24185],[-100.45332,37.22725],[-100.47132,37.22733],[-100.47104,37.21308],[-100.38067,37.21275],[-100.38062,37.19832],[-100.39887,37.19832],[-100.39906,37.16921],[-100.41677,37.1692],[-100.41663,37.15482],[-100.43498,37.15503],[-100.43469,37.09716],[-100.45289,37.09721],[-100.45273,37.08271],[-100.50705,37.08275],[-100.50737,37.0972],[-100.47089,37.09718],[-100.4711,37.12612],[-100.45295,37.12604],[-100.45297,37.15516],[-100.47113,37.15522],[-100.47099,37.16972],[-100.43495,37.16953],[-100.43489,37.18376],[-100.41682,37.18374],[-100.41684,37.19821],[-100.48918,37.19884],[-100.4891,37.18424],[-100.50732,37.18432],[-100.50721,37.15527],[-100.52612,37.1552],[-100.52602,37.14073],[-100.50741,37.14075],[-100.5076,37.12621],[-100.48916,37.12623],[-100.48918,37.11171],[-100.52571,37.11174],[-100.5259,37.12614],[-100.54411,37.12626],[-100.54442,37.16977],[-100.56242,37.16985],[-100.56242,37.1989],[-100.61706,37.19915],[-100.61701,37.1846],[-100.59884,37.18456],[-100.59881,37.16999],[-100.63541,37.17012],[-100.63548,37.15562],[-100.61682,37.15554],[-100.61673,37.141],[-100.5986,37.141],[-100.59815,37.11184],[-100.61617,37.11192],[-100.61613,37.09733],[-100.63451,37.09732],[-100.65282,37.09738],[-100.65363,37.14094],[-100.67182,37.14098],[-100.67184,37.15539],[-100.68986,37.15524],[-100.68981,37.18432],[-100.70782,37.18432],[-100.70782,37.1989],[-100.72605,37.19884],[-100.72619,37.2133],[-100.68983,37.21352],[-100.68978,37.1988],[-100.67168,37.19895],[-100.67169,37.18447],[-100.63537,37.18467],[-100.63533,37.21372],[-100.56257,37.21342],[-100.56253,37.2279],[-100.54441,37.22787],[-100.54437,37.24231],[-100.48942,37.24213],[-100.48924,37.27134],[-100.43512,37.27103],[-100.43516,37.25651]]],[[[-101.39324,37.25732],[-101.39329,37.27188],[-101.37544,37.27183],[-101.37544,37.2573],[-101.39324,37.25732]]],[[[-100.50775,37.33665],[-100.50771,37.32942],[-100.52604,37.32932],[-100.52584,37.34383],[-100.50769,37.344],[-100.50775,37.33665]]],[[[-101.2849,37.35892],[-101.28463,37.30067],[-101.26709,37.30053],[-101.26699,37.28607],[-101.23073,37.28601],[-101.23095,37.35874],[-101.21286,37.35875],[-101.21257,37.32955],[-101.19441,37.32955],[-101.19457,37.30039],[-101.17647,37.30035],[-101.1764,37.28589],[-101.21258,37.28599],[-101.21252,37.27147],[-101.19444,37.27144],[-101.19443,37.25695],[-101.15825,37.25691],[-101.15838,37.2714],[-101.17633,37.2714],[-101.1764,37.28589],[-101.12224,37.28584],[-101.12201,37.25704],[-101.14012,37.25699],[-101.14004,37.24262],[-101.19429,37.24259],[-101.19419,37.22802],[-101.23062,37.22803],[-101.23029,37.19915],[-101.21229,37.19926],[-101.21227,37.19219],[-101.21221,37.15571],[-101.23049,37.15559],[-101.23036,37.18466],[-101.2486,37.18458],[-101.24858,37.2281],[-101.26669,37.22808],[-101.26697,37.24261],[-101.24867,37.24259],[-101.24887,37.27154],[-101.28464,37.27168],[-101.28483,37.24255],[-101.30284,37.24261],[-101.30301,37.28628],[-101.37545,37.28636],[-101.37555,37.3009],[-101.39328,37.30096],[-101.39334,37.28643],[-101.41146,37.28634],[-101.41155,37.25727],[-101.39324,37.25732],[-101.39317,37.24282],[-101.35732,37.24272],[-101.35725,37.22818],[-101.39322,37.22838],[-101.39325,37.21373],[-101.41136,37.21368],[-101.4111,37.15547],[-101.4292,37.15547],[-101.42916,37.1265],[-101.41098,37.12652],[-101.4111,37.15547],[-101.37525,37.15543],[-101.37514,37.14101],[-101.357,37.14095],[-101.35711,37.15531],[-101.33889,37.15539],[-101.33885,37.12648],[-101.32067,37.12639],[-101.32064,37.0975],[-101.33862,37.09751],[-101.33875,37.11204],[-101.35691,37.11204],[-101.35697,37.12645],[-101.39295,37.12651],[-101.39286,37.11204],[-101.42911,37.11197],[-101.42896,37.0684],[-101.44705,37.06829],[-101.44722,37.09737],[-101.46529,37.09727],[-101.46544,37.12646],[-101.44728,37.12649],[-101.44752,37.18456],[-101.42939,37.18455],[-101.42939,37.21367],[-101.4656,37.21366],[-101.46564,37.22821],[-101.47487,37.22821],[-101.48388,37.22817],[-101.48376,37.21357],[-101.51964,37.21364],[-101.51972,37.22824],[-101.50163,37.22822],[-101.50162,37.24277],[-101.50044,37.24277],[-101.44769,37.24272],[-101.44763,37.22817],[-101.42942,37.22823],[-101.42963,37.30092],[-101.41141,37.30098],[-101.41155,37.31544],[-101.30281,37.31524],[-101.30308,37.35893],[-101.2849,37.35892]]],[[[-101.2849,37.35892],[-101.28499,37.37352],[-101.2491,37.37333],[-101.24891,37.35872],[-101.2849,37.35892]]],[[[-100.27076,37.40198],[-100.27072,37.38722],[-100.29099,37.38725],[-100.29093,37.37241],[-100.30853,37.3726],[-100.30838,37.32899],[-100.34468,37.32893],[-100.34472,37.34341],[-100.43508,37.34361],[-100.43513,37.32907],[-100.41691,37.32911],[-100.41696,37.31453],[-100.32652,37.31453],[-100.32638,37.27098],[-100.34452,37.27104],[-100.34457,37.28548],[-100.36271,37.28551],[-100.36258,37.2709],[-100.38094,37.27096],[-100.38105,37.28546],[-100.41701,37.28553],[-100.41701,37.30008],[-100.45338,37.30027],[-100.45333,37.28566],[-100.48954,37.28582],[-100.48945,37.31489],[-100.47129,37.31477],[-100.47124,37.34382],[-100.4895,37.34387],[-100.48944,37.37306],[-100.45319,37.37282],[-100.45313,37.35832],[-100.43509,37.35819],[-100.4351,37.37283],[-100.3991,37.3726],[-100.39905,37.3872],[-100.38096,37.38718],[-100.38101,37.37252],[-100.36288,37.37247],[-100.36293,37.35795],[-100.34476,37.35792],[-100.34477,37.37245],[-100.32676,37.37248],[-100.32689,37.38719],[-100.30726,37.38722],[-100.30715,37.40187],[-100.32515,37.4018],[-100.32507,37.41649],[-100.27076,37.41654],[-100.27076,37.40198]]],[[[-100.19866,37.44596],[-100.19853,37.41663],[-100.21631,37.41656],[-100.21634,37.38722],[-100.20014,37.38717],[-100.20013,37.37259],[-100.23633,37.37264],[-100.23643,37.38729],[-100.2345,37.3873],[-100.23462,37.43115],[-100.21631,37.43128],[-100.21628,37.44588],[-100.19866,37.44596]]],[[[-100.45199,37.4602],[-100.45209,37.44551],[-100.3796,37.44581],[-100.37965,37.40184],[-100.4159,37.40172],[-100.41604,37.41632],[-100.48886,37.4165],[-100.48861,37.44559],[-100.47044,37.44557],[-100.47031,37.46021],[-100.45199,37.4602]]],[[[-101.47129,37.50421],[-101.47142,37.48973],[-101.4896,37.48975],[-101.48964,37.50424],[-101.47129,37.50421]]],[[[-101.47129,37.50421],[-101.4714,37.51864],[-101.45322,37.51862],[-101.45317,37.5041],[-101.47129,37.50421]]],[[[-101.4352,37.54069],[-101.43517,37.53306],[-101.47158,37.53306],[-101.47169,37.54769],[-101.43522,37.54758],[-101.4352,37.54069]]],[[[-100.68892,37.64926],[-100.68892,37.63476],[-100.6707,37.63478],[-100.67083,37.62029],[-100.65239,37.62019],[-100.65234,37.59113],[-100.67069,37.59115],[-100.67068,37.60574],[-100.74391,37.60562],[-100.74408,37.6201],[-100.76168,37.62018],[-100.76164,37.63484],[-100.72546,37.63482],[-100.72553,37.64926],[-100.68892,37.64926]]],[[[-100.79805,37.78788],[-100.79798,37.78048],[-100.81619,37.78062],[-100.81618,37.79515],[-100.79809,37.79516],[-100.79805,37.78788]]],[[[-100.88369,37.87504],[-100.88369,37.87331],[-100.95669,37.87313],[-100.95669,37.91689],[-100.93845,37.91692],[-100.93832,37.90224],[-100.90197,37.90239],[-100.90202,37.888],[-100.88375,37.88792],[-100.88369,37.87504]]],[[[-101.08469,37.95965],[-101.08478,37.94496],[-101.12124,37.94496],[-101.12121,37.95947],[-101.08469,37.95965]]],[[[-101.12121,37.95947],[-101.13952,37.95942],[-101.13935,37.97388],[-101.12118,37.97393],[-101.12121,37.95947]]],[[[-97.77545,37.98522],[-97.81168,37.98485],[-97.81172,37.97035],[-97.77551,37.97072],[-97.77545,37.98522],[-97.75723,37.98523],[-97.75719,37.97072],[-97.73871,37.97069],[-97.73864,37.95612],[-97.72036,37.95618],[-97.72038,37.94158],[-97.70199,37.94153],[-97.702,37.92697],[-97.68389,37.92698],[-97.68373,37.91241],[-97.72028,37.91241],[-97.72028,37.92708],[-97.75713,37.9269],[-97.75721,37.94159],[-97.79379,37.9413],[-97.79393,37.9561],[-97.83033,37.95566],[-97.83023,37.99937],[-97.77549,37.9994],[-97.77545,37.98522]]],[[[-101.08469,37.95965],[-101.08474,37.97413],[-101.10299,37.97401],[-101.10293,37.98846],[-101.17628,37.98815],[-101.1762,37.97364],[-101.15787,37.97371],[-101.15775,37.95903],[-101.13952,37.95942],[-101.13949,37.94495],[-101.24936,37.94402],[-101.24936,37.97331],[-101.21302,37.97358],[-101.21306,37.98796],[-101.19479,37.98802],[-101.19469,38.00264],[-101.17643,38.00273],[-101.17619,38.01732],[-101.10301,38.01763],[-101.10297,38.00312],[-101.06667,38.00334],[-101.06649,37.95981],[-101.08469,37.95965]]]]},"properties":{"OBJECTID":7,"satthick_2022_2024_MANUAL":6,"name":"Saturated thickness: 250 to 300","classLabel":"250 to 300","color":"#225ea8","hasValue":true,"period":"2022\u20132024"}},{"type":"Feature","id":8,"geometry":{"type":"MultiPolygon","coordinates":[[[[-100.45296,37.14064],[-100.45295,37.12604],[-100.4711,37.12612],[-100.47113,37.15522],[-100.45297,37.15516],[-100.45296,37.14064]]],[[[-101.59189,37.12698],[-101.53769,37.12663],[-101.53765,37.14122],[-101.50137,37.14103],[-101.50139,37.1265],[-101.46544,37.12646],[-101.46529,37.09727],[-101.50126,37.09742],[-101.50135,37.11189],[-101.51953,37.11195],[-101.51953,37.0975],[-101.53777,37.09755],[-101.53738,37.08299],[-101.5737,37.08327],[-101.57388,37.09794],[-101.59192,37.09795],[-101.59189,37.12698]]],[[[-101.59189,37.12698],[-101.62791,37.12718],[-101.62807,37.14167],[-101.592,37.14156],[-101.59189,37.12698]]],[[[-101.4111,37.15547],[-101.41098,37.12652],[-101.42916,37.1265],[-101.4292,37.15547],[-101.4111,37.15547]]],[[[-100.34452,37.27872],[-100.3445,37.25653],[-100.36249,37.25642],[-100.36255,37.22753],[-100.38065,37.2273],[-100.38067,37.21275],[-100.47104,37.21308],[-100.47132,37.22733],[-100.45332,37.22725],[-100.45327,37.24185],[-100.47151,37.24182],[-100.47131,37.25643],[-100.43516,37.25651],[-100.43511,37.24187],[-100.38069,37.24187],[-100.38094,37.27096],[-100.36258,37.2709],[-100.36271,37.28551],[-100.34457,37.28548],[-100.34452,37.27872]]],[[[-101.2486,37.18458],[-101.26676,37.18454],[-101.26679,37.17006],[-101.28446,37.16995],[-101.28439,37.15537],[-101.24855,37.15551],[-101.2486,37.18458],[-101.23036,37.18466],[-101.23012,37.12653],[-101.15802,37.12664],[-101.15804,37.17019],[-101.17586,37.17017],[-101.17614,37.22807],[-101.19419,37.22802],[-101.19429,37.24259],[-101.14004,37.24262],[-101.14012,37.25699],[-101.12201,37.25704],[-101.12198,37.24261],[-101.0858,37.24262],[-101.08578,37.22828],[-101.06776,37.22822],[-101.06774,37.19913],[-101.0856,37.19914],[-101.08551,37.18475],[-101.04959,37.18449],[-101.04936,37.15542],[-100.95872,37.15571],[-100.95887,37.18472],[-100.92298,37.18468],[-100.9229,37.17022],[-100.90465,37.1701],[-100.90455,37.15569],[-100.88644,37.15576],[-100.88651,37.17013],[-100.85027,37.17026],[-100.85033,37.15582],[-100.79654,37.15547],[-100.79674,37.17004],[-100.76034,37.1698],[-100.76041,37.18413],[-100.72597,37.1843],[-100.72605,37.19884],[-100.70782,37.1989],[-100.70782,37.18432],[-100.68981,37.18432],[-100.68986,37.15524],[-100.67184,37.15539],[-100.67182,37.14098],[-100.65363,37.14094],[-100.65282,37.09738],[-100.61613,37.09733],[-100.61617,37.11192],[-100.59815,37.11184],[-100.5986,37.141],[-100.61673,37.141],[-100.61682,37.15554],[-100.63548,37.15562],[-100.63541,37.17012],[-100.59881,37.16999],[-100.59884,37.18456],[-100.61701,37.1846],[-100.61706,37.19915],[-100.56242,37.1989],[-100.56242,37.16985],[-100.54442,37.16977],[-100.54411,37.12626],[-100.5259,37.12614],[-100.52571,37.11174],[-100.50754,37.11178],[-100.50705,37.08275],[-100.45273,37.08271],[-100.45226,37.05381],[-100.4703,37.05376],[-100.4701,37.03956],[-100.45187,37.03963],[-100.45189,37.02496],[-100.52416,37.02493],[-100.52426,37.03943],[-100.59681,37.03939],[-100.59716,37.05382],[-100.61527,37.0538],[-100.61494,37.03941],[-100.6331,37.03939],[-100.63304,37.02488],[-100.61496,37.02501],[-100.61451,37.00026],[-101.01269,36.99825],[-101.01257,37.01062],[-101.03064,37.0106],[-101.03073,36.99812],[-101.39292,36.99614],[-101.39252,37.01037],[-101.41061,37.01026],[-101.41069,37.02477],[-101.42872,37.02483],[-101.42888,37.05381],[-101.44702,37.0538],[-101.44705,37.06829],[-101.42896,37.0684],[-101.42911,37.11197],[-101.39286,37.11204],[-101.39295,37.12651],[-101.35697,37.12645],[-101.35691,37.11204],[-101.33875,37.11204],[-101.33862,37.09751],[-101.32064,37.0975],[-101.32067,37.12639],[-101.33885,37.12648],[-101.33889,37.15539],[-101.35711,37.15531],[-101.357,37.14095],[-101.37514,37.14101],[-101.37525,37.15543],[-101.4111,37.15547],[-101.41136,37.21368],[-101.39325,37.21373],[-101.39322,37.22838],[-101.35725,37.22818],[-101.35742,37.25723],[-101.37544,37.2573],[-101.37544,37.27183],[-101.39329,37.27188],[-101.39324,37.25732],[-101.41155,37.25727],[-101.41146,37.28634],[-101.39334,37.28643],[-101.39328,37.30096],[-101.37555,37.3009],[-101.37545,37.28636],[-101.30301,37.28628],[-101.30284,37.24261],[-101.28483,37.24255],[-101.28468,37.22805],[-101.24858,37.2281],[-101.2486,37.18458]]],[[[-100.83249,37.08328],[-100.83228,37.05416],[-100.79598,37.05391],[-100.79601,37.08272],[-100.83249,37.08328]]],[[[-101.23082,37.30048],[-101.23073,37.28601],[-101.26699,37.28607],[-101.26709,37.30053],[-101.28463,37.30067],[-101.2849,37.35892],[-101.23095,37.35874],[-101.23082,37.30048]]],[[[-100.19843,37.39667],[-100.19817,37.38717],[-100.21634,37.38722],[-100.21631,37.41656],[-100.19853,37.41663],[-100.19843,37.39667]]],[[[-97.7939,37.97064],[-97.81172,37.97035],[-97.81168,37.98485],[-97.77545,37.98522],[-97.77551,37.97072],[-97.7939,37.97064]]],[[[-101.10302,37.98113],[-101.10299,37.97401],[-101.08474,37.97413],[-101.08469,37.95965],[-101.12121,37.95947],[-101.12118,37.97393],[-101.13935,37.97388],[-101.13952,37.95942],[-101.15775,37.95903],[-101.15787,37.97371],[-101.1762,37.97364],[-101.17628,37.98815],[-101.10293,37.98846],[-101.10302,37.98113]]]]},"properties":{"OBJECTID":8,"satthick_2022_2024_MANUAL":7,"name":"Saturated thickness: Over 300","classLabel":"Over 300","color":"#0c2c84","hasValue":true,"period":"2022\u20132024"}}]}