{"type":"FeatureCollection","crs":{"type":"name","properties":{"name":"EPSG:4326"}},"features":[{"type":"Feature","id":1,"geometry":{"type":"MultiPolygon","coordinates":[[[[-101.48326,36.99577],[-101.57364,36.99526],[-101.57361,36.99596],[-101.48326,36.99577]]],[[[-101.01258,37.00003],[-101.01269,36.99825],[-101.03073,36.99812],[-101.03064,37.0106],[-101.01257,37.01062],[-101.01258,37.00003]]],[[[-101.62782,36.99617],[-101.6278,36.99503],[-101.75433,36.99445],[-101.75433,36.99629],[-101.62782,36.99617]]],[[[-101.88086,36.99606],[-101.88089,36.99391],[-101.97129,36.99331],[-101.97114,36.9959],[-101.88086,36.99606]]],[[[-98.40405,37.29707],[-98.40368,37.28266],[-98.44024,37.2826],[-98.44024,37.29742],[-98.40405,37.29707]]],[[[-101.79169,37.33851],[-101.79172,37.33074],[-101.81009,37.33071],[-101.81005,37.3452],[-101.79176,37.34517],[-101.79169,37.33851]]],[[[-98.62278,37.37503],[-98.62277,37.36975],[-98.60458,37.36976],[-98.60471,37.35528],[-98.65916,37.35528],[-98.65912,37.3697],[-98.67666,37.36967],[-98.67667,37.38425],[-98.62279,37.38422],[-98.62278,37.37503]]],[[[-98.84806,37.3985],[-98.84777,37.38391],[-98.88425,37.38395],[-98.88456,37.39842],[-98.84806,37.3985]]],[[[-98.84806,37.3985],[-98.84833,37.41265],[-98.82978,37.41258],[-98.82967,37.39837],[-98.84806,37.3985]]],[[[-98.72057,37.41297],[-98.72042,37.39854],[-98.70219,37.39867],[-98.70236,37.38424],[-98.69482,37.38422],[-98.69454,37.36965],[-98.71253,37.36965],[-98.71286,37.38419],[-98.79361,37.3839],[-98.79351,37.39835],[-98.73875,37.3984],[-98.73877,37.41281],[-98.72057,37.41297]]],[[[-99.71467,37.40902],[-99.68299,37.40924],[-99.68281,37.39471],[-99.70089,37.39471],[-99.70066,37.38021],[-99.68756,37.38028],[-99.68788,37.36597],[-99.72456,37.36562],[-99.72462,37.35112],[-99.76075,37.35052],[-99.76054,37.36513],[-99.7788,37.36664],[-99.77875,37.33761],[-99.79763,37.33813],[-99.79764,37.32362],[-99.7612,37.32163],[-99.74295,37.32186],[-99.74313,37.30735],[-99.72485,37.30748],[-99.72502,37.27861],[-99.70692,37.27868],[-99.70675,37.24979],[-99.74307,37.24969],[-99.76085,37.25082],[-99.76054,37.26514],[-99.77914,37.26507],[-99.7795,37.2935],[-99.85248,37.29516],[-99.85271,37.25168],[-99.8342,37.25135],[-99.83437,37.22232],[-99.87118,37.22281],[-99.87117,37.23739],[-99.88957,37.23768],[-99.88943,37.25219],[-99.9076,37.25236],[-99.90764,37.22339],[-99.94516,37.22402],[-99.94514,37.20953],[-99.9263,37.20922],[-99.92609,37.17991],[-100.0186,37.18166],[-100.0188,37.19612],[-100.03696,37.19643],[-100.03668,37.16718],[-100.05486,37.16771],[-100.05436,37.13824],[-100.07255,37.13864],[-100.07216,37.10919],[-100.0905,37.10939],[-100.09034,37.09504],[-100.10804,37.09489],[-100.1077,37.06556],[-100.12594,37.06595],[-100.12552,37.02201],[-100.10759,37.02162],[-100.10794,37.00232],[-100.41573,37.00126],[-100.41564,37.03956],[-100.36126,37.03907],[-100.36154,37.0535],[-100.32535,37.05323],[-100.32541,37.06785],[-100.30736,37.06767],[-100.30782,37.11101],[-100.2899,37.11103],[-100.2902,37.14014],[-100.30826,37.14012],[-100.30812,37.19834],[-100.32623,37.19827],[-100.32617,37.21298],[-100.30808,37.21301],[-100.30812,37.22748],[-100.29012,37.22733],[-100.29029,37.19868],[-100.27209,37.19842],[-100.27206,37.18388],[-100.25405,37.1838],[-100.25402,37.16914],[-100.14524,37.16821],[-100.14524,37.18283],[-100.12676,37.18295],[-100.12698,37.19758],[-100.10905,37.1975],[-100.10952,37.24129],[-100.09145,37.24108],[-100.09163,37.25568],[-100.07345,37.25539],[-100.07373,37.32819],[-100.09172,37.32856],[-100.0916,37.38693],[-100.08902,37.38691],[-100.08907,37.41606],[-100.07069,37.41584],[-100.07058,37.3866],[-100.05558,37.38632],[-100.05579,37.35717],[-100.03713,37.35672],[-100.0371,37.34205],[-99.92453,37.33973],[-99.92476,37.35429],[-99.83419,37.35326],[-99.83413,37.36777],[-99.79728,37.36698],[-99.79691,37.38094],[-99.79202,37.38079],[-99.79228,37.39499],[-99.7735,37.39401],[-99.77408,37.43806],[-99.75593,37.43822],[-99.75573,37.42358],[-99.73754,37.42359],[-99.73729,37.40906],[-99.71467,37.40902]]],[[[-99.90761,37.26698],[-99.88933,37.26669],[-99.88939,37.28131],[-99.90749,37.28155],[-99.90761,37.26698]]],[[[-100.19808,37.023],[-100.17979,37.02271],[-100.18011,37.03723],[-100.1982,37.03745],[-100.19808,37.023]]],[[[-98.40405,37.29707],[-98.40398,37.31158],[-98.38558,37.31152],[-98.38538,37.32609],[-98.36756,37.32597],[-98.36761,37.34049],[-98.3495,37.34044],[-98.34943,37.35506],[-98.33155,37.35503],[-98.33164,37.36952],[-98.29513,37.3696],[-98.29523,37.38411],[-98.28191,37.38411],[-98.28188,37.39867],[-98.26363,37.3987],[-98.2637,37.42776],[-98.20858,37.4278],[-98.20871,37.44223],[-98.09944,37.44267],[-98.09941,37.42819],[-98.04456,37.42857],[-98.0443,37.41407],[-98.02609,37.41403],[-98.02634,37.42854],[-97.98977,37.42921],[-97.98932,37.40003],[-97.95319,37.40011],[-97.95297,37.38543],[-97.94963,37.38543],[-97.94947,37.37079],[-97.986,37.37064],[-97.98614,37.34128],[-98.00412,37.3413],[-98.00409,37.32685],[-98.0217,37.32674],[-98.02179,37.31223],[-98.05798,37.31185],[-98.05781,37.2974],[-98.09407,37.29709],[-98.09417,37.31168],[-98.11234,37.31156],[-98.1124,37.32619],[-98.13005,37.3261],[-98.12985,37.2824],[-98.16623,37.28271],[-98.16644,37.31166],[-98.20294,37.31183],[-98.20282,37.28281],[-98.27618,37.28256],[-98.27609,37.29708],[-98.40405,37.29707]]],[[[-99.52018,37.45335],[-99.42878,37.45394],[-99.42874,37.43943],[-99.39224,37.43949],[-99.39229,37.42516],[-99.37414,37.42536],[-99.37419,37.411],[-99.33779,37.41126],[-99.33787,37.39679],[-99.30168,37.39697],[-99.28366,37.39715],[-99.2838,37.41155],[-99.24755,37.41197],[-99.24762,37.42639],[-99.21136,37.42639],[-99.21164,37.44072],[-99.17505,37.44063],[-99.17556,37.45511],[-99.12144,37.45593],[-99.12147,37.44147],[-99.15708,37.44103],[-99.15696,37.42664],[-99.10299,37.42691],[-99.10278,37.41244],[-99.08454,37.41245],[-99.08418,37.38401],[-99.10267,37.38392],[-99.10261,37.398],[-99.22932,37.3977],[-99.22926,37.38322],[-99.2371,37.38315],[-99.23698,37.36847],[-99.27294,37.36854],[-99.27313,37.35392],[-99.36388,37.35294],[-99.36409,37.33838],[-99.38223,37.33828],[-99.38257,37.32374],[-99.40058,37.32344],[-99.40081,37.2946],[-99.43638,37.29448],[-99.43627,37.30893],[-99.45443,37.30894],[-99.45432,37.32344],[-99.49045,37.32335],[-99.49001,37.33789],[-99.50788,37.33763],[-99.50786,37.35218],[-99.48985,37.35235],[-99.48965,37.38139],[-99.50133,37.38127],[-99.50195,37.43895],[-99.52004,37.43876],[-99.52018,37.45335]]],[[[-99.52018,37.45335],[-99.53829,37.45346],[-99.53807,37.46793],[-99.52001,37.46802],[-99.52018,37.45335]]],[[[-99.03052,37.47052],[-99.03053,37.45606],[-99.04847,37.45604],[-99.04849,37.44158],[-99.06672,37.44158],[-99.0669,37.47046],[-99.03052,37.47052]]],[[[-98.15447,37.47153],[-98.17275,37.47137],[-98.17249,37.5013],[-98.15408,37.50135],[-98.15447,37.47153]]],[[[-97.73429,37.50367],[-97.69785,37.50362],[-97.69778,37.48914],[-97.73437,37.48908],[-97.73429,37.50367]]],[[[-97.73429,37.50367],[-97.75291,37.50355],[-97.75288,37.51821],[-97.7344,37.51821],[-97.73429,37.50367]]],[[[-97.75288,37.51821],[-97.78943,37.51827],[-97.78956,37.53273],[-97.753,37.53267],[-97.75288,37.51821]]],[[[-97.78956,37.53273],[-97.84415,37.53262],[-97.84418,37.54719],[-97.78965,37.54718],[-97.78956,37.53273]]],[[[-100.3612,37.60608],[-100.36125,37.59144],[-100.32475,37.5916],[-100.32475,37.60624],[-100.28849,37.60649],[-100.2885,37.59155],[-100.27016,37.59161],[-100.27022,37.57705],[-100.25208,37.5771],[-100.25206,37.56254],[-100.27037,37.56253],[-100.27052,37.53331],[-100.28882,37.53334],[-100.28887,37.50432],[-100.36126,37.50391],[-100.36123,37.51854],[-100.39793,37.51847],[-100.39786,37.5476],[-100.41579,37.54752],[-100.41584,37.5768],[-100.39773,37.57681],[-100.39758,37.59139],[-100.37949,37.59144],[-100.37944,37.60603],[-100.3612,37.60608]]],[[[-97.98151,37.60423],[-97.99063,37.60425],[-97.99055,37.61843],[-97.95385,37.6185],[-97.95388,37.60424],[-97.98151,37.60423]]],[[[-101.98057,37.47679],[-101.98052,37.46217],[-102.01709,37.4623],[-102.01721,37.44769],[-102.04188,37.44784],[-102.04186,37.59328],[-102.03462,37.59336],[-102.03502,37.53513],[-102.01653,37.53512],[-102.01671,37.52058],[-101.99855,37.52047],[-101.99869,37.50589],[-101.98036,37.50578],[-101.98057,37.47679]]],[[[-97.7895,37.70519],[-97.78943,37.69066],[-97.77113,37.6909],[-97.77062,37.66199],[-97.82507,37.66105],[-97.825,37.65385],[-97.82672,37.64668],[-97.82634,37.60428],[-97.89991,37.60405],[-97.89989,37.61837],[-97.91777,37.61834],[-97.91768,37.60406],[-97.93559,37.60408],[-97.93587,37.63271],[-97.88132,37.63287],[-97.88153,37.64676],[-97.86329,37.64665],[-97.86255,37.66094],[-97.84359,37.66086],[-97.84396,37.68983],[-97.82554,37.69001],[-97.82575,37.70451],[-97.7895,37.70519]]],[[[-99.84506,37.91309],[-99.84473,37.82584],[-99.83313,37.82583],[-99.8328,37.80741],[-99.81467,37.80704],[-99.81483,37.7925],[-99.83292,37.79294],[-99.83316,37.76379],[-99.85159,37.76396],[-99.85146,37.77852],[-99.86969,37.77861],[-99.86941,37.79311],[-99.88739,37.79337],[-99.88725,37.80795],[-99.90548,37.80802],[-99.90539,37.82599],[-99.99111,37.82594],[-99.99122,37.86935],[-99.93616,37.86951],[-99.93617,37.88406],[-99.9179,37.88424],[-99.91814,37.8988],[-99.89978,37.89882],[-99.89971,37.91337],[-99.84506,37.91309]]],[[[-97.35387,37.83964],[-97.35386,37.83893],[-97.3355,37.83905],[-97.33586,37.81043],[-97.3174,37.81042],[-97.31741,37.75223],[-97.29934,37.75223],[-97.29901,37.72277],[-97.37165,37.72291],[-97.37192,37.97031],[-97.35487,37.97012],[-97.35512,37.9122],[-97.35387,37.83964]]],[[[-97.35484,37.99914],[-97.37179,37.9993],[-97.37187,38.01388],[-97.35489,38.01373],[-97.35484,37.99914]]],[[[-99.99094,38.05868],[-99.99104,38.0441],[-100.00921,38.04386],[-100.00946,38.02941],[-100.10031,38.02955],[-100.10017,38.04387],[-100.06393,38.04445],[-100.06434,38.05833],[-100.0455,38.05812],[-100.04569,38.04433],[-100.02758,38.04392],[-100.02733,38.05809],[-99.99094,38.05868]]],[[[-99.89861,38.06738],[-99.89874,38.05922],[-99.93582,38.05892],[-99.93576,38.0734],[-99.89854,38.0738],[-99.89861,38.06738]]],[[[-99.99094,38.05868],[-99.99092,38.073],[-99.95387,38.07347],[-99.95408,38.05894],[-99.99094,38.05868]]],[[[-99.38711,38.07327],[-99.38713,38.0879],[-99.36875,38.08783],[-99.36871,38.07327],[-99.38711,38.07327]]],[[[-99.38711,38.07327],[-99.38717,38.01519],[-99.40553,38.0152],[-99.40538,38.00067],[-99.42366,38.00066],[-99.42376,37.98598],[-99.55155,37.98544],[-99.55153,37.97071],[-99.56981,37.97084],[-99.56983,37.95631],[-99.58824,37.95633],[-99.58827,37.94187],[-99.60663,37.94196],[-99.60687,37.86933],[-99.58851,37.86931],[-99.58889,37.84021],[-99.6252,37.8403],[-99.62508,37.85489],[-99.64361,37.85479],[-99.64355,37.88392],[-99.66177,37.88406],[-99.66153,37.91319],[-99.67969,37.91336],[-99.67963,37.9278],[-99.69791,37.9278],[-99.69789,37.94225],[-99.75283,37.9421],[-99.75271,38.00024],[-99.66132,38.00024],[-99.6614,38.01468],[-99.64304,38.01464],[-99.64303,38.02909],[-99.62464,38.02902],[-99.62463,38.07278],[-99.60622,38.0728],[-99.60626,38.08735],[-99.56954,38.08744],[-99.5696,38.10214],[-99.55191,38.1022],[-99.55188,38.0875],[-99.53353,38.08777],[-99.53326,38.07294],[-99.38711,38.07327]]],[[[-99.93654,38.23303],[-99.89967,38.23331],[-99.89956,38.21882],[-99.88142,38.21871],[-99.88158,38.23316],[-99.84499,38.23289],[-99.84412,38.1894],[-99.86247,38.18959],[-99.86217,38.1751],[-99.84376,38.17497],[-99.84389,38.14581],[-99.88066,38.14625],[-99.88065,38.11701],[-99.89861,38.11731],[-99.8984,38.08825],[-99.99072,38.08757],[-99.99097,38.11649],[-100.00937,38.11637],[-100.00929,38.08734],[-100.02741,38.0873],[-100.02723,38.07267],[-100.11658,38.07296],[-100.11651,38.08763],[-100.13485,38.08761],[-100.13492,38.10202],[-100.15318,38.10219],[-100.15346,38.11668],[-100.13515,38.11663],[-100.13532,38.16055],[-100.10089,38.16024],[-100.10106,38.18927],[-100.06449,38.18901],[-100.06453,38.20345],[-100.01893,38.20348],[-100.0098,38.20344],[-100.00967,38.18899],[-99.99141,38.18905],[-99.99152,38.20352],[-99.97319,38.20376],[-99.9732,38.21825],[-99.93638,38.21854],[-99.93654,38.23303]]],[[[-100.02771,38.15989],[-100.04603,38.16005],[-100.04604,38.14562],[-100.02777,38.14542],[-100.02771,38.15989],[-100.00961,38.16001],[-100.00965,38.17448],[-100.02787,38.17451],[-100.02771,38.15989]]],[[[-99.08772,38.27587],[-99.08762,38.26133],[-99.09619,38.26134],[-99.09603,38.2469],[-99.16898,38.24683],[-99.16937,38.26139],[-99.16123,38.2614],[-99.16113,38.29039],[-99.10612,38.2904],[-99.10608,38.2759],[-99.08772,38.27587]]],[[[-97.33482,38.26081],[-97.33715,38.17403],[-97.33402,38.17408],[-97.3367,38.08629],[-97.33669,38.05727],[-97.35503,38.05716],[-97.35493,38.02826],[-97.37193,38.02838],[-97.37172,38.20268],[-97.39013,38.20265],[-97.39009,38.23185],[-97.37173,38.23171],[-97.37168,38.24629],[-97.35339,38.24638],[-97.35311,38.28986],[-97.33453,38.28978],[-97.33482,38.26081]]],[[[-99.05151,38.39182],[-99.05131,38.37733],[-98.99601,38.37689],[-98.99584,38.36232],[-99.01426,38.36257],[-99.0139,38.34806],[-99.03242,38.34835],[-99.03238,38.33384],[-99.14249,38.33409],[-99.14243,38.34863],[-99.17931,38.34938],[-99.17929,38.37829],[-99.08826,38.37745],[-99.08839,38.39198],[-99.05151,38.39182]]],[[[-99.30699,38.3935],[-99.30633,38.37897],[-99.3248,38.3788],[-99.32416,38.36427],[-99.34263,38.36412],[-99.34326,38.37865],[-99.36268,38.37853],[-99.36313,38.3933],[-99.30699,38.3935]]],[[[-98.01697,38.42761],[-98.01695,38.42045],[-97.99824,38.42035],[-97.99832,38.40581],[-97.97984,38.40586],[-97.97985,38.36226],[-97.96133,38.36237],[-97.96137,38.34783],[-97.85102,38.3479],[-97.85141,38.28967],[-97.83298,38.28965],[-97.83295,38.27513],[-97.8514,38.27506],[-97.85141,38.26055],[-97.84846,38.26055],[-97.84843,38.23197],[-97.86691,38.23197],[-97.86692,38.24657],[-97.92225,38.2464],[-97.92229,38.26056],[-97.94369,38.26062],[-97.9435,38.27506],[-97.96201,38.27513],[-97.96164,38.31876],[-97.98016,38.3188],[-97.98003,38.33333],[-97.99848,38.33333],[-97.99834,38.36216],[-98.01689,38.36216],[-98.01677,38.39119],[-98.03486,38.391],[-98.03484,38.40569],[-98.05331,38.40559],[-98.05319,38.4201],[-98.03481,38.42024],[-98.03478,38.43478],[-98.01696,38.43492],[-98.01697,38.42761]]],[[[-100.20992,38.4507],[-100.20967,38.43621],[-100.22804,38.43628],[-100.22836,38.45076],[-100.20992,38.4507]]],[[[-100.30201,38.45552],[-100.30198,38.45137],[-100.26509,38.45093],[-100.26484,38.4365],[-100.24642,38.43629],[-100.24622,38.42184],[-100.22791,38.42182],[-100.22603,38.34921],[-100.24493,38.3493],[-100.24473,38.33479],[-100.2997,38.33494],[-100.29975,38.34972],[-100.31814,38.34981],[-100.31816,38.33504],[-100.33681,38.33533],[-100.33659,38.32087],[-100.37321,38.32125],[-100.37316,38.30683],[-100.3548,38.30651],[-100.3548,38.29185],[-100.37327,38.29211],[-100.37312,38.27748],[-100.39148,38.27765],[-100.39144,38.26275],[-100.41016,38.26296],[-100.41005,38.24827],[-100.53785,38.24892],[-100.53801,38.26368],[-100.5559,38.26375],[-100.55573,38.24901],[-100.57412,38.24924],[-100.57388,38.2347],[-100.59226,38.23479],[-100.59192,38.22016],[-100.61024,38.22042],[-100.61044,38.23484],[-100.62854,38.23513],[-100.62872,38.24968],[-100.64699,38.24981],[-100.64818,38.27845],[-100.62986,38.27847],[-100.63029,38.33653],[-100.63056,38.35109],[-100.6489,38.35123],[-100.64904,38.36593],[-100.55726,38.36547],[-100.55733,38.38015],[-100.53936,38.38014],[-100.53924,38.39466],[-100.44756,38.3946],[-100.4477,38.40913],[-100.42933,38.40899],[-100.42969,38.42358],[-100.39292,38.42314],[-100.39314,38.43783],[-100.37494,38.4376],[-100.3751,38.45207],[-100.35671,38.45184],[-100.35696,38.48093],[-100.33903,38.4806],[-100.33899,38.46626],[-100.3021,38.46588],[-100.30201,38.45552]]],[[[-97.59285,38.4928],[-97.57404,38.49413],[-97.57402,38.47915],[-97.59326,38.47832],[-97.59285,38.4928]]],[[[-100.15568,38.50842],[-100.12081,38.50855],[-100.11941,38.4943],[-100.11944,38.47964],[-100.15512,38.47955],[-100.15568,38.50842]]],[[[-101.93743,38.46554],[-101.91897,38.4656],[-101.91915,38.48013],[-101.88262,38.48012],[-101.88261,38.49449],[-101.86419,38.4945],[-101.86418,38.47998],[-101.84565,38.48006],[-101.84565,38.46573],[-101.77057,38.46578],[-101.77054,38.43666],[-101.75209,38.4367],[-101.75194,38.4077],[-101.73369,38.40769],[-101.73356,38.39312],[-101.65929,38.39336],[-101.65941,38.32077],[-101.67804,38.32068],[-101.67804,38.30629],[-101.71481,38.30594],[-101.7148,38.29152],[-101.7331,38.29149],[-101.73326,38.26263],[-101.74464,38.26255],[-101.74454,38.20442],[-101.72595,38.2044],[-101.72568,38.17546],[-101.68885,38.17555],[-101.68876,38.16103],[-101.59682,38.16151],[-101.59718,38.17592],[-101.57875,38.17599],[-101.57915,38.19086],[-101.56033,38.19062],[-101.56049,38.20536],[-101.469,38.20571],[-101.46902,38.22011],[-101.45077,38.2202],[-101.45084,38.23467],[-101.43232,38.23473],[-101.43262,38.26363],[-101.41993,38.26366],[-101.4203,38.29266],[-101.40188,38.29272],[-101.40208,38.30721],[-101.38348,38.30735],[-101.38373,38.32173],[-101.3286,38.32183],[-101.32882,38.33642],[-101.21837,38.33692],[-101.21901,38.35129],[-101.20051,38.35134],[-101.19973,38.32228],[-101.18131,38.32234],[-101.18085,38.30786],[-101.1627,38.30791],[-101.16258,38.29344],[-101.14431,38.29351],[-101.14382,38.26448],[-101.12163,38.2645],[-101.12162,38.2208],[-101.1032,38.22092],[-101.10327,38.20642],[-101.15838,38.2064],[-101.15827,38.19189],[-101.17669,38.19183],[-101.17639,38.16281],[-101.21276,38.16272],[-101.21248,38.14812],[-101.24923,38.148],[-101.2493,38.16259],[-101.32232,38.16253],[-101.32234,38.177],[-101.41409,38.17675],[-101.41394,38.16213],[-101.45026,38.16219],[-101.45015,38.14756],[-101.46855,38.14762],[-101.46849,38.11871],[-101.48683,38.11865],[-101.48661,38.07518],[-101.52327,38.07506],[-101.52326,38.06052],[-101.54119,38.06052],[-101.54135,37.98758],[-101.52324,37.98766],[-101.52333,37.95855],[-101.50527,37.95845],[-101.50507,37.94396],[-101.45002,37.94402],[-101.45015,37.91506],[-101.46844,37.91505],[-101.46861,37.8568],[-101.45035,37.85692],[-101.45067,37.82801],[-101.43619,37.82816],[-101.43615,37.79465],[-101.45457,37.79453],[-101.45462,37.77996],[-101.49138,37.78001],[-101.49131,37.76542],[-101.52724,37.76545],[-101.52717,37.7508],[-101.60032,37.75123],[-101.6001,37.76589],[-101.61853,37.76604],[-101.61844,37.78051],[-101.65368,37.7806],[-101.65362,37.79519],[-101.74293,37.79514],[-101.74261,37.82704],[-101.76176,37.82702],[-101.76177,37.84151],[-101.79832,37.84155],[-101.79846,37.856],[-101.83504,37.85594],[-101.83505,37.87046],[-101.85336,37.8705],[-101.85346,37.88496],[-101.94479,37.88502],[-101.94482,37.87048],[-101.98138,37.87047],[-101.98133,37.85583],[-101.99965,37.85584],[-101.99955,37.82688],[-101.99772,37.82687],[-101.99784,37.79664],[-102.0429,37.7965],[-102.04339,37.89953],[-102.04469,37.97597],[-102.04427,38.12485],[-102.0451,38.49428],[-102.02986,38.49441],[-102.02951,38.47993],[-101.99296,38.48003],[-101.99292,38.46546],[-101.93743,38.46554]]],[[[-97.59285,38.4928],[-97.61111,38.49263],[-97.61114,38.50702],[-97.62962,38.50714],[-97.62963,38.52187],[-97.68521,38.52189],[-97.68515,38.53644],[-97.59274,38.53642],[-97.59285,38.4928]]],[[[-98.46167,38.5654],[-98.46163,38.55085],[-98.44323,38.55083],[-98.4433,38.53636],[-98.46176,38.5363],[-98.46186,38.52184],[-98.48038,38.52182],[-98.4804,38.49277],[-98.49884,38.49286],[-98.49892,38.47842],[-98.53593,38.4784],[-98.53595,38.4639],[-98.62754,38.46359],[-98.62765,38.49256],[-98.60908,38.49272],[-98.60915,38.50723],[-98.62763,38.5074],[-98.62761,38.52189],[-98.59064,38.52183],[-98.59041,38.55082],[-98.57246,38.55085],[-98.5724,38.56536],[-98.51708,38.56539],[-98.51702,38.55087],[-98.50785,38.55085],[-98.49861,38.55102],[-98.49854,38.56556],[-98.46167,38.5654]]],[[[-98.16438,38.43501],[-98.18288,38.43506],[-98.183,38.42047],[-98.16454,38.42045],[-98.16438,38.43501],[-98.10882,38.43494],[-98.10885,38.4203],[-98.09046,38.42022],[-98.09043,38.3912],[-98.07191,38.39118],[-98.07205,38.37653],[-98.05348,38.37652],[-98.05383,38.34741],[-98.03531,38.34745],[-98.03565,38.30403],[-98.01725,38.3042],[-98.01736,38.28963],[-98.07275,38.28961],[-98.07279,38.27501],[-98.09121,38.275],[-98.09061,38.34752],[-98.10905,38.34752],[-98.10909,38.36206],[-98.12747,38.36198],[-98.12749,38.37655],[-98.2385,38.37693],[-98.23869,38.36245],[-98.25725,38.36244],[-98.2571,38.34791],[-98.2756,38.34788],[-98.27561,38.44948],[-98.25713,38.44956],[-98.25713,38.46402],[-98.23847,38.46422],[-98.23871,38.55122],[-98.22009,38.55116],[-98.22023,38.56572],[-98.18311,38.56544],[-98.18307,38.55097],[-98.16457,38.55118],[-98.16417,38.50758],[-98.14592,38.50757],[-98.14582,38.44951],[-98.16427,38.44957],[-98.16438,38.43501]]],[[[-98.88576,38.57913],[-98.88571,38.5646],[-98.86723,38.5649],[-98.86717,38.55033],[-98.83027,38.55063],[-98.83015,38.52165],[-98.88561,38.52106],[-98.88573,38.53556],[-98.90425,38.5357],[-98.90418,38.55023],[-98.95973,38.55098],[-98.95999,38.57998],[-98.88576,38.57913]]],[[[-98.72006,38.59424],[-98.72003,38.5797],[-98.75711,38.57971],[-98.7571,38.56521],[-98.77547,38.56522],[-98.77564,38.59426],[-98.72006,38.59424]]],[[[-99.86379,38.61048],[-99.86335,38.58141],[-99.93691,38.58086],[-99.93711,38.59532],[-99.90072,38.59553],[-99.90073,38.61014],[-99.88231,38.61027],[-99.88193,38.62479],[-99.86344,38.62491],[-99.86379,38.61048]]],[[[-100.02888,38.61666],[-100.02908,38.60939],[-100.04767,38.60952],[-100.0475,38.6236],[-100.02869,38.62385],[-100.02888,38.61666]]],[[[-98.46167,38.5654],[-98.46194,38.60893],[-98.47989,38.60895],[-98.47994,38.62345],[-98.49839,38.62349],[-98.49848,38.6526],[-98.42505,38.65235],[-98.425,38.63786],[-98.40647,38.63781],[-98.40637,38.62324],[-98.36942,38.62324],[-98.36943,38.60874],[-98.40638,38.60877],[-98.40644,38.59435],[-98.4249,38.59442],[-98.42455,38.56551],[-98.46167,38.5654]]],[[[-100.20872,38.7269],[-100.20941,38.69784],[-100.22833,38.69786],[-100.22977,38.66839],[-100.23053,38.61031],[-100.28539,38.61052],[-100.28551,38.62491],[-100.34107,38.62547],[-100.34116,38.6401],[-100.3585,38.64021],[-100.35839,38.65469],[-100.41385,38.6552],[-100.41364,38.66975],[-100.39508,38.66955],[-100.39457,38.68431],[-100.34041,38.68366],[-100.33916,38.69895],[-100.3021,38.69864],[-100.30326,38.68332],[-100.26552,38.683],[-100.26486,38.69818],[-100.24636,38.69812],[-100.24589,38.71262],[-100.22751,38.71239],[-100.22725,38.72709],[-100.20872,38.7269]]],[[[-100.68902,38.72185],[-100.68931,38.71462],[-100.67081,38.7146],[-100.67122,38.70011],[-100.72517,38.70014],[-100.72481,38.68601],[-100.74325,38.68602],[-100.74358,38.70016],[-100.7452,38.70015],[-100.74505,38.71467],[-100.72665,38.71462],[-100.72645,38.72909],[-100.68879,38.72917],[-100.68902,38.72185]]],[[[-100.11615,38.74054],[-100.11635,38.72606],[-100.15326,38.72634],[-100.15289,38.74087],[-100.11615,38.74054]]],[[[-102.02139,38.71241],[-102.02139,38.69784],[-102.04523,38.69785],[-102.0452,38.71214],[-102.02139,38.71241]]],[[[-99.63463,38.73985],[-99.61607,38.73994],[-99.61634,38.72543],[-99.59782,38.72551],[-99.59847,38.6965],[-99.56699,38.69657],[-99.56741,38.66937],[-99.6226,38.66924],[-99.62315,38.64034],[-99.64169,38.64028],[-99.64208,38.62582],[-99.66059,38.62573],[-99.66032,38.64029],[-99.75288,38.64001],[-99.75365,38.6112],[-99.77221,38.61109],[-99.77203,38.59636],[-99.79049,38.59634],[-99.79069,38.61102],[-99.80854,38.61077],[-99.80837,38.62517],[-99.84516,38.62502],[-99.84473,38.63922],[-99.86313,38.63944],[-99.86174,38.6965],[-99.8763,38.69647],[-99.87611,38.71098],[-99.89473,38.71094],[-99.89412,38.74002],[-99.85711,38.7401],[-99.85734,38.72555],[-99.82019,38.72551],[-99.82046,38.71102],[-99.80216,38.71092],[-99.74647,38.71116],[-99.74565,38.75493],[-99.67137,38.7546],[-99.67167,38.74005],[-99.63463,38.73985]]],[[[-100.94728,38.72796],[-100.94746,38.71348],[-100.96589,38.71363],[-100.96563,38.7426],[-100.94705,38.74247],[-100.94728,38.72796]]],[[[-101.09546,38.73637],[-101.09546,38.72927],[-101.11361,38.72952],[-101.1136,38.71499],[-101.13226,38.71525],[-101.13196,38.74422],[-101.09546,38.74383],[-101.09546,38.73637]]],[[[-100.00437,38.76884],[-100.00482,38.75434],[-99.98654,38.75452],[-99.98676,38.73991],[-100.02366,38.73985],[-100.02391,38.7253],[-100.04251,38.72529],[-100.04306,38.69627],[-100.08013,38.69666],[-100.07994,38.71101],[-100.09814,38.71127],[-100.09744,38.75467],[-100.02335,38.75442],[-100.02308,38.76891],[-100.00437,38.76884]]],[[[-101.40866,38.78781],[-101.37192,38.78812],[-101.37171,38.80265],[-101.40854,38.8024],[-101.40866,38.78781],[-101.42717,38.78752],[-101.42702,38.80214],[-101.46414,38.80194],[-101.46397,38.81623],[-101.50084,38.81618],[-101.50107,38.83062],[-101.51946,38.83051],[-101.5193,38.84507],[-101.55636,38.84485],[-101.55617,38.85928],[-101.38911,38.86072],[-101.38884,38.87512],[-101.37061,38.87527],[-101.29675,38.87536],[-101.29711,38.86089],[-101.27871,38.86095],[-101.27822,38.87534],[-101.25972,38.87538],[-101.25999,38.86106],[-101.22303,38.86086],[-101.22316,38.84651],[-101.20479,38.8464],[-101.20547,38.80292],[-101.26109,38.80304],[-101.26133,38.78847],[-101.31676,38.78821],[-101.31675,38.77383],[-101.28008,38.77399],[-101.27994,38.75952],[-101.29839,38.75949],[-101.29877,38.74495],[-101.31725,38.74513],[-101.31766,38.7159],[-101.33605,38.71594],[-101.33605,38.73068],[-101.39115,38.72987],[-101.39092,38.74433],[-101.40954,38.74411],[-101.40866,38.78781]]],[[[-99.61385,38.89954],[-99.59502,38.89942],[-99.59496,38.91389],[-99.55823,38.91376],[-99.55835,38.89928],[-99.50276,38.89966],[-99.50289,38.88521],[-99.52143,38.88503],[-99.52202,38.84154],[-99.55899,38.84147],[-99.55896,38.85609],[-99.57755,38.85617],[-99.57741,38.87052],[-99.59543,38.87045],[-99.5956,38.85598],[-99.61414,38.85587],[-99.61431,38.84139],[-99.63291,38.84139],[-99.63302,38.82672],[-99.6516,38.82705],[-99.65148,38.84158],[-99.67015,38.84172],[-99.66987,38.85615],[-99.74398,38.85627],[-99.74337,38.87092],[-99.72479,38.87094],[-99.72448,38.89966],[-99.70619,38.90003],[-99.70623,38.91448],[-99.61373,38.91408],[-99.61385,38.89954]]],[[[-100.15102,38.91488],[-100.15125,38.9004],[-100.16994,38.90043],[-100.16971,38.91494],[-100.15102,38.91488]]],[[[-100.22501,38.9296],[-100.22519,38.91527],[-100.2797,38.91556],[-100.2796,38.92999],[-100.22501,38.9296]]],[[[-100.05753,38.93587],[-100.0576,38.9286],[-100.03904,38.92853],[-100.03935,38.91405],[-99.92817,38.91399],[-99.92836,38.89946],[-99.91013,38.89939],[-99.91057,38.85593],[-99.94725,38.85602],[-99.94683,38.88475],[-99.96548,38.88487],[-99.96556,38.87036],[-100.00259,38.87052],[-100.00219,38.88467],[-100.05829,38.88516],[-100.05779,38.89963],[-100.09512,38.9],[-100.09493,38.91453],[-100.13212,38.91456],[-100.13194,38.92915],[-100.09474,38.92911],[-100.09444,38.94364],[-100.05741,38.94313],[-100.05753,38.93587]]],[[[-100.51943,38.94499],[-100.51947,38.93077],[-100.53809,38.93064],[-100.53807,38.91613],[-100.55651,38.91605],[-100.55682,38.90177],[-100.59377,38.90242],[-100.59346,38.91698],[-100.575,38.91628],[-100.57492,38.93119],[-100.55667,38.93059],[-100.55669,38.94513],[-100.51943,38.94499]]],[[[-100.94418,38.94506],[-100.92565,38.94496],[-100.92589,38.93058],[-100.94445,38.93053],[-100.94418,38.94506]]],[[[-100.94418,38.94506],[-100.98134,38.9452],[-100.98107,38.9597],[-101.07346,38.96024],[-101.07331,38.97476],[-101.03626,38.97431],[-101.03611,38.98888],[-100.9808,38.98863],[-100.98097,38.97419],[-100.96243,38.97386],[-100.96248,38.95967],[-100.94391,38.95955],[-100.94418,38.94506]]],[[[-99.51967,39.05931],[-99.51971,39.0448],[-99.4825,39.04507],[-99.48334,38.98695],[-99.50198,38.98695],[-99.50208,38.97233],[-99.57647,38.97181],[-99.57614,39.00092],[-99.55777,39.00103],[-99.55658,39.05903],[-99.51967,39.05931]]],[[[-99.88928,39.05945],[-99.90782,39.0591],[-99.90762,39.07356],[-99.88901,39.07381],[-99.88928,39.05945]]],[[[-100.11052,39.09068],[-100.11047,39.08865],[-100.13018,39.08883],[-100.12984,39.10338],[-100.11055,39.10315],[-100.11052,39.09068]]],[[[-101.31283,39.10173],[-101.3129,39.09273],[-101.34999,39.09289],[-101.35016,39.07838],[-101.36786,39.0784],[-101.36823,39.04944],[-101.40549,39.04915],[-101.40535,39.06359],[-101.42375,39.06345],[-101.42351,39.09247],[-101.36755,39.09298],[-101.36725,39.10747],[-101.31272,39.10732],[-101.31283,39.10173]]],[[[-99.41892,39.14011],[-99.41902,39.13274],[-99.43751,39.1327],[-99.43758,39.14731],[-99.41892,39.14733],[-99.41892,39.14011]]],[[[-99.45619,39.14002],[-99.45625,39.13265],[-99.47482,39.1326],[-99.47496,39.14722],[-99.45622,39.14719],[-99.45619,39.14002]]],[[[-101.25632,39.12222],[-101.25693,39.09254],[-101.2389,39.09232],[-101.23934,39.06332],[-101.22053,39.06295],[-101.22103,39.0484],[-101.1838,39.04775],[-101.18435,39.00459],[-101.16563,39.00414],[-101.1659,38.98987],[-101.14715,38.98951],[-101.14723,38.9757],[-101.18463,38.97602],[-101.18465,38.96165],[-101.24047,38.96191],[-101.25869,38.96211],[-101.25853,38.97665],[-101.27677,38.97673],[-101.2766,39.00555],[-101.29512,39.00565],[-101.29444,39.07818],[-101.27582,39.0781],[-101.27555,39.09268],[-101.29431,39.09267],[-101.29367,39.12182],[-101.27508,39.12169],[-101.27501,39.13542],[-101.25621,39.13526],[-101.25632,39.12222]]],[[[-99.51242,39.15431],[-99.51244,39.14698],[-99.54962,39.14705],[-99.54939,39.16166],[-99.51239,39.16155],[-99.51242,39.15431]]],[[[-99.75427,39.1611],[-99.75414,39.14661],[-99.86631,39.14666],[-99.86637,39.16116],[-99.75427,39.1611]]],[[[-102.04384,39.14764],[-102.04399,39.13316],[-102.04715,39.13316],[-102.04746,39.17679],[-102.04362,39.17678],[-102.04384,39.14764]]],[[[-101.57776,39.22108],[-101.57791,39.20679],[-101.55936,39.2069],[-101.55946,39.1923],[-101.52201,39.19226],[-101.52213,39.13465],[-101.51522,39.13471],[-101.51546,39.12087],[-101.57153,39.1204],[-101.57169,39.10587],[-101.58954,39.10578],[-101.58972,39.09118],[-101.60844,39.09105],[-101.60855,39.07652],[-101.68264,39.07607],[-101.68284,39.06159],[-101.60872,39.06211],[-101.60915,39.00406],[-101.59084,39.00419],[-101.5911,38.98972],[-101.57292,38.98989],[-101.57322,38.961],[-101.62858,38.96049],[-101.6283,38.97506],[-101.64681,38.97487],[-101.64638,39.00381],[-101.6651,39.00358],[-101.66486,39.0183],[-101.68345,39.01816],[-101.6836,39.00349],[-101.75768,39.00321],[-101.75806,38.98867],[-101.77646,38.98854],[-101.77618,39.00313],[-101.81348,39.00269],[-101.81319,39.03174],[-101.83171,39.03161],[-101.83253,38.95922],[-101.86992,38.95919],[-101.87021,38.94473],[-101.88883,38.94467],[-101.88829,38.95925],[-101.90696,38.95921],[-101.90688,38.97373],[-101.94368,38.97374],[-101.94345,38.98821],[-101.98048,38.98817],[-101.98079,38.9736],[-102.03657,38.97325],[-102.03671,38.95873],[-102.04602,38.9587],[-102.04656,39.03145],[-101.9428,39.03174],[-101.94254,39.04603],[-101.90596,39.04612],[-101.90568,39.06071],[-101.88712,39.06075],[-101.88683,39.07537],[-101.84983,39.07524],[-101.84967,39.08962],[-101.83081,39.08971],[-101.83061,39.10421],[-101.81223,39.10429],[-101.81179,39.13334],[-101.79339,39.13344],[-101.79358,39.11886],[-101.71902,39.11966],[-101.71891,39.13368],[-101.68972,39.13384],[-101.68923,39.16286],[-101.671,39.16298],[-101.67098,39.19205],[-101.65221,39.19189],[-101.65216,39.20651],[-101.61493,39.20658],[-101.61479,39.22103],[-101.57776,39.22108]]],[[[-99.36354,39.2635],[-99.32609,39.26352],[-99.32638,39.19069],[-99.30772,39.19062],[-99.30767,39.1761],[-99.28891,39.17616],[-99.28884,39.16163],[-99.26987,39.16182],[-99.26997,39.14734],[-99.32631,39.14721],[-99.32625,39.16168],[-99.38216,39.16206],[-99.38189,39.17669],[-99.36344,39.1766],[-99.36354,39.2635]]],[[[-99.80013,39.3213],[-99.77218,39.32149],[-99.77233,39.30691],[-99.8098,39.30669],[-99.80942,39.32131],[-99.80013,39.3213]]],[[[-99.86528,39.33538],[-99.86565,39.321],[-99.92159,39.32043],[-99.92128,39.33494],[-99.86528,39.33538]]],[[[-99.97581,39.38563],[-99.97593,39.3784],[-99.93865,39.37848],[-99.93935,39.34935],[-99.95787,39.34945],[-99.95807,39.33479],[-100.03243,39.33491],[-100.03231,39.34947],[-100.01369,39.34939],[-100.01313,39.37831],[-99.99458,39.37839],[-99.99436,39.39299],[-99.97568,39.393],[-99.97581,39.38563]]],[[[-99.99482,39.36363],[-99.99515,39.34935],[-99.97649,39.34943],[-99.97624,39.36369],[-99.99482,39.36363]]],[[[-99.50977,39.46641],[-99.49107,39.4665],[-99.49112,39.45204],[-99.56588,39.45209],[-99.5655,39.49556],[-99.5467,39.49556],[-99.54685,39.48101],[-99.52821,39.48103],[-99.5283,39.46639],[-99.50977,39.46641]]],[[[-99.37792,39.53901],[-99.34193,39.53882],[-99.34232,39.49499],[-99.37856,39.49544],[-99.37792,39.53901]]],[[[-99.51559,39.64009],[-99.49676,39.64009],[-99.49674,39.62552],[-99.44043,39.62523],[-99.30927,39.62555],[-99.30934,39.63995],[-99.29049,39.64002],[-99.29036,39.59658],[-99.3653,39.59652],[-99.36526,39.58207],[-99.38398,39.58202],[-99.3839,39.59659],[-99.40301,39.59633],[-99.403,39.61082],[-99.53412,39.61107],[-99.53404,39.64009],[-99.51559,39.64009]]],[[[-99.7219,39.63213],[-99.72167,39.58164],[-99.75922,39.58161],[-99.75937,39.5961],[-99.77795,39.596],[-99.77824,39.62483],[-99.74073,39.62501],[-99.74058,39.63938],[-99.72187,39.63944],[-99.7219,39.63213]]],[[[-99.7591,39.69731],[-99.75904,39.68289],[-99.66556,39.68316],[-99.66564,39.65406],[-99.70282,39.6539],[-99.7029,39.66864],[-99.72209,39.66831],[-99.72207,39.65381],[-99.74054,39.65379],[-99.74048,39.66837],[-99.75909,39.66842],[-99.7593,39.63934],[-99.81528,39.63932],[-99.81522,39.62493],[-99.85244,39.6248],[-99.8525,39.61034],[-99.90886,39.61018],[-99.90891,39.62487],[-99.87117,39.6248],[-99.87111,39.63922],[-99.85247,39.63935],[-99.85256,39.68279],[-99.8152,39.68269],[-99.81507,39.69714],[-99.7591,39.69731]]],[[[-102.05014,39.62061],[-102.05076,39.71274],[-102.05005,39.71272],[-102.05014,39.62061]]],[[[-99.48703,39.79946],[-99.45911,39.79961],[-99.45916,39.78507],[-99.44032,39.78501],[-99.44039,39.75599],[-99.47792,39.75613],[-99.47817,39.74154],[-99.49668,39.74159],[-99.49653,39.7561],[-99.51558,39.75601],[-99.51559,39.7417],[-99.53456,39.74147],[-99.5346,39.72701],[-99.59061,39.72682],[-99.59056,39.74129],[-99.60934,39.74121],[-99.60933,39.77028],[-99.55276,39.77045],[-99.55271,39.78493],[-99.49644,39.7851],[-99.49643,39.79958],[-99.48703,39.79946]]],[[[-100.36668,39.80653],[-100.36685,39.78488],[-100.40368,39.78485],[-100.40355,39.79935],[-100.38524,39.79929],[-100.38521,39.81389],[-100.36663,39.8138],[-100.36668,39.80653]]],[[[-99.46855,39.81394],[-99.47791,39.81382],[-99.4778,39.82841],[-99.45908,39.82842],[-99.45912,39.81405],[-99.46855,39.81394]]],[[[-99.3659,39.84269],[-99.32842,39.84258],[-99.32839,39.8137],[-99.34706,39.81374],[-99.34699,39.77032],[-99.38445,39.7702],[-99.38468,39.79916],[-99.4028,39.79933],[-99.40301,39.84277],[-99.3659,39.84269]]],[[[-99.21655,39.8571],[-99.21648,39.84265],[-99.25389,39.84232],[-99.2538,39.85686],[-99.21655,39.8571]]],[[[-98.91692,40.00231],[-98.91709,39.98791],[-98.93582,39.98787],[-98.93583,39.92997],[-98.97339,39.93016],[-98.97342,39.91564],[-98.99226,39.91576],[-98.99208,39.90136],[-99.02969,39.90143],[-99.02987,39.91587],[-99.04863,39.91586],[-99.04847,39.9304],[-99.02995,39.93036],[-99.02974,39.94484],[-99.01096,39.94468],[-99.01065,40.0022],[-98.91692,40.00231]]],[[[-99.81356,39.99119],[-99.81362,39.98668],[-99.85046,39.98713],[-99.85053,39.97253],[-99.88861,39.9724],[-99.88813,40.00002],[-99.88905,40.00159],[-99.81332,40.00153],[-99.81356,39.99119]]],[[[-100.79493,39.99474],[-100.79494,39.98751],[-100.83289,39.98766],[-100.833,39.97317],[-100.86954,39.97327],[-100.86946,39.98776],[-100.88814,39.98785],[-100.8882,40.00219],[-100.7951,40.00213],[-100.79493,39.99474]]],[[[-101.03742,40.00001],[-101.03747,39.98739],[-101.05619,39.98722],[-101.05594,39.90046],[-101.09301,39.9003],[-101.09274,39.94385],[-101.11159,39.94396],[-101.11185,39.98742],[-101.13051,39.98744],[-101.13057,40.00265],[-101.03742,40.0024],[-101.03742,40.00001]]],[[[-101.28115,39.99492],[-101.28124,39.98767],[-101.29927,39.98769],[-101.29907,39.97325],[-101.3929,39.97358],[-101.39274,39.9593],[-101.41089,39.95932],[-101.41074,39.94495],[-101.46704,39.94498],[-101.46712,39.95943],[-101.44842,39.95944],[-101.44898,40.00263],[-101.28113,40.00261],[-101.28115,39.99492]]],[[[-101.73076,39.98088],[-101.73053,39.97363],[-101.74886,39.97381],[-101.74844,39.91571],[-101.76716,39.91584],[-101.7672,39.93033],[-101.84246,39.93062],[-101.84251,39.91617],[-101.87988,39.9162],[-101.87982,39.93073],[-101.99255,39.93049],[-101.99265,39.91595],[-102.01156,39.91603],[-102.0116,39.90157],[-102.02983,39.90152],[-102.03062,39.87247],[-102.04929,39.8724],[-102.04984,39.82885],[-102.03106,39.82878],[-102.03095,39.81424],[-102.04983,39.81421],[-102.04993,39.74175],[-102.05086,39.74174],[-102.05171,40.00316],[-101.73077,40.00289],[-101.73076,39.98088]]]]},"properties":{"OBJECTID":1,"wte_2022_2024_MANUAL":null,"name":"Water-table elevation: No classified value","classLabel":"No classified value","color":"#888888","hasValue":false,"period":"2022\u20132024"}},{"type":"Feature","id":2,"geometry":{"type":"MultiPolygon","coordinates":[[[[-97.99032,37.47281],[-98.00868,37.47262],[-98.00847,37.45812],[-98.04495,37.45757],[-98.04507,37.48673],[-97.99033,37.48768],[-97.99032,37.47281]]],[[[-97.99032,37.47281],[-97.97208,37.47302],[-97.97201,37.48787],[-97.9355,37.48792],[-97.93557,37.53206],[-97.8989,37.53218],[-97.89899,37.54689],[-97.84418,37.54719],[-97.84415,37.53262],[-97.78956,37.53273],[-97.78943,37.51827],[-97.75288,37.51821],[-97.75291,37.50355],[-97.73429,37.50367],[-97.73437,37.48908],[-97.69778,37.48914],[-97.69746,37.4599],[-97.73383,37.45984],[-97.73349,37.44523],[-97.71537,37.44534],[-97.71438,37.40151],[-97.64171,37.40184],[-97.64117,37.38739],[-97.63955,37.38739],[-97.63953,37.37307],[-97.65739,37.37277],[-97.65717,37.35824],[-97.6937,37.35813],[-97.69341,37.34352],[-97.72882,37.34329],[-97.72897,37.35784],[-97.74778,37.35775],[-97.74846,37.38659],[-97.7667,37.38643],[-97.7666,37.37206],[-97.78486,37.37186],[-97.78493,37.38641],[-97.80711,37.38631],[-97.80717,37.40091],[-97.82555,37.40087],[-97.82552,37.41543],[-97.86201,37.4153],[-97.86211,37.42993],[-97.88035,37.42969],[-97.88046,37.44427],[-97.93516,37.44397],[-97.93532,37.45857],[-97.97181,37.45873],[-97.97157,37.44402],[-97.98999,37.44384],[-97.99032,37.47281]]],[[[-97.95399,37.57556],[-97.93581,37.57549],[-97.93583,37.56112],[-97.91784,37.56107],[-97.91753,37.5468],[-97.95394,37.54648],[-97.95399,37.57556]]],[[[-97.95399,37.57556],[-97.99045,37.57554],[-97.99063,37.60425],[-97.97248,37.60418],[-97.97236,37.5899],[-97.95395,37.58988],[-97.95399,37.57556]]],[[[-98.02664,37.63262],[-98.04485,37.63281],[-98.0449,37.64712],[-98.02671,37.64692],[-98.02664,37.63262]]],[[[-97.95867,37.85395],[-97.95867,37.83931],[-97.92207,37.83947],[-97.92203,37.82488],[-97.91795,37.8249],[-97.91826,37.79207],[-97.90062,37.79222],[-97.90008,37.76293],[-97.88168,37.7629],[-97.88149,37.74834],[-97.84474,37.74784],[-97.84449,37.73338],[-97.82624,37.7334],[-97.82594,37.71904],[-97.80784,37.71911],[-97.80761,37.70463],[-97.82575,37.70451],[-97.82554,37.69001],[-97.84396,37.68983],[-97.84359,37.66086],[-97.86255,37.66094],[-97.86329,37.64665],[-97.88153,37.64676],[-97.88132,37.63287],[-97.91765,37.63261],[-97.9176,37.64692],[-97.93588,37.64704],[-97.93573,37.61842],[-97.99055,37.61843],[-97.99045,37.63302],[-98.00899,37.63307],[-98.0091,37.66128],[-98.02681,37.66099],[-98.02725,37.71888],[-97.97271,37.71935],[-97.97298,37.73367],[-97.95468,37.73377],[-97.93639,37.73381],[-97.93629,37.71938],[-97.89975,37.71932],[-97.89985,37.74837],[-97.91814,37.74838],[-97.91816,37.76289],[-97.93643,37.76278],[-97.9365,37.77741],[-97.95501,37.77758],[-97.95493,37.80711],[-97.93642,37.80658],[-97.93621,37.82484],[-97.97706,37.82469],[-97.97695,37.85384],[-97.95867,37.85395]]],[[[-97.97258,37.67589],[-97.9726,37.66135],[-97.95436,37.66133],[-97.95438,37.67584],[-97.97258,37.67589]]],[[[-98.03193,37.86827],[-98.03194,37.85377],[-98.06857,37.85385],[-98.06855,37.86848],[-98.03193,37.86827]]],[[[-97.99563,37.8828],[-97.99537,37.8683],[-98.01366,37.86832],[-98.01366,37.88288],[-97.99563,37.8828]]],[[[-97.99563,37.8828],[-97.9957,37.89736],[-97.95892,37.89786],[-97.95888,37.88318],[-97.99563,37.8828]]],[[[-97.68507,38.52902],[-97.68521,38.52189],[-97.62963,38.52187],[-97.62962,38.50714],[-97.61114,38.50702],[-97.61111,38.49263],[-97.59285,38.4928],[-97.59326,38.47832],[-97.57402,38.47915],[-97.57421,38.44932],[-97.55575,38.44938],[-97.55632,38.43493],[-97.55575,38.3623],[-97.53741,38.36242],[-97.53759,38.33285],[-97.519,38.33306],[-97.51912,38.30408],[-97.50081,38.30418],[-97.50067,38.27532],[-97.46349,38.27527],[-97.46384,38.26082],[-97.35288,38.26081],[-97.35339,38.24638],[-97.37168,38.24629],[-97.37173,38.23171],[-97.39009,38.23185],[-97.39013,38.20265],[-97.37172,38.20268],[-97.37165,37.72291],[-97.40797,37.72338],[-97.51712,37.72191],[-97.5173,37.73635],[-97.55368,37.73591],[-97.55419,37.75041],[-97.60801,37.74992],[-97.60808,37.76416],[-97.64453,37.76391],[-97.64463,37.77861],[-97.66315,37.7785],[-97.66337,37.79311],[-97.68149,37.79302],[-97.68174,37.80756],[-97.6995,37.80747],[-97.69977,37.82511],[-97.8121,37.8249],[-97.81166,37.83938],[-97.79328,37.83952],[-97.79312,37.86868],[-97.81166,37.86853],[-97.81172,37.89758],[-97.82993,37.89756],[-97.83008,37.91222],[-97.84838,37.9122],[-97.84845,37.92658],[-97.86667,37.92662],[-97.86686,37.9556],[-97.88517,37.95542],[-97.88515,37.96997],[-97.90354,37.97012],[-97.90369,38.01399],[-97.88525,38.0139],[-97.88528,38.0285],[-97.86678,38.02846],[-97.86684,38.043],[-97.75701,38.0428],[-97.75702,38.08655],[-97.77538,38.08652],[-97.77557,38.10105],[-97.81166,38.10103],[-97.81166,38.11556],[-97.83018,38.11557],[-97.83017,38.13004],[-97.84853,38.13018],[-97.84869,38.14477],[-97.86699,38.14486],[-97.86689,38.18832],[-97.88537,38.18829],[-97.88548,38.23198],[-97.84843,38.23197],[-97.84846,38.26055],[-97.85141,38.26055],[-97.8514,38.27506],[-97.83295,38.27513],[-97.83298,38.28965],[-97.85141,38.28967],[-97.85106,38.37693],[-97.83245,38.37701],[-97.8325,38.42057],[-97.8509,38.42054],[-97.85083,38.44974],[-97.81394,38.44977],[-97.81392,38.4643],[-97.79548,38.46414],[-97.79516,38.4786],[-97.75841,38.47834],[-97.75778,38.50704],[-97.73993,38.5071],[-97.74035,38.52189],[-97.70338,38.5219],[-97.70345,38.53638],[-97.68515,38.53644],[-97.68507,38.52902]]]]},"properties":{"OBJECTID":2,"wte_2022_2024_MANUAL":1,"name":"Water-table elevation: 1300 to 1500","classLabel":"1300 to 1500","color":"#ffd3c9","hasValue":true,"period":"2022\u20132024"}},{"type":"Feature","id":3,"geometry":{"type":"MultiPolygon","coordinates":[[[[-98.44024,37.2826],[-98.4599,37.28265],[-98.46011,37.2974],[-98.44024,37.29742],[-98.44024,37.2826]]],[[[-98.2637,37.42776],[-98.26361,37.4132],[-98.28187,37.41317],[-98.282,37.42772],[-98.2637,37.42776]]],[[[-98.2637,37.42776],[-98.26375,37.44223],[-98.24538,37.44214],[-98.24545,37.45659],[-98.28159,37.45682],[-98.28207,37.47129],[-98.30038,37.47137],[-98.30034,37.48602],[-98.26384,37.48582],[-98.26387,37.47118],[-98.25036,37.47113],[-98.24557,37.47114],[-98.24554,37.48565],[-98.20914,37.48596],[-98.20913,37.47117],[-98.19088,37.47133],[-98.19084,37.50111],[-98.17249,37.5013],[-98.17257,37.45683],[-98.19066,37.45685],[-98.19053,37.44226],[-98.20871,37.44223],[-98.20858,37.4278],[-98.2637,37.42776]]],[[[-98.25182,37.83938],[-98.27014,37.83933],[-98.27022,37.85389],[-98.25195,37.85398],[-98.25182,37.83938]]],[[[-98.06302,37.63309],[-98.06318,37.64745],[-98.06918,37.64737],[-98.11738,37.64649],[-98.1176,37.63238],[-98.06302,37.63309],[-98.06293,37.61863],[-97.99055,37.61843],[-97.99045,37.57554],[-97.95399,37.57556],[-97.95386,37.53186],[-97.93557,37.53206],[-97.9355,37.48792],[-97.97201,37.48787],[-97.97208,37.47302],[-97.99032,37.47281],[-97.99033,37.48768],[-98.04507,37.48673],[-98.11798,37.48673],[-98.11816,37.47177],[-98.15447,37.47153],[-98.15408,37.50135],[-98.17249,37.5013],[-98.17213,37.54545],[-98.19064,37.54534],[-98.1905,37.57449],[-98.22698,37.57333],[-98.227,37.5879],[-98.24565,37.58727],[-98.24571,37.6018],[-98.2637,37.60201],[-98.26386,37.61648],[-98.28226,37.61636],[-98.28239,37.63085],[-98.30059,37.6308],[-98.3007,37.64531],[-98.28263,37.64536],[-98.28277,37.65983],[-98.17196,37.66028],[-98.17222,37.67466],[-98.15382,37.67477],[-98.15397,37.68929],[-98.15454,37.73279],[-98.17277,37.73263],[-98.17295,37.74707],[-98.11872,37.74745],[-98.11892,37.76201],[-98.10074,37.76195],[-98.10069,37.79126],[-98.13703,37.79115],[-98.13701,37.80572],[-98.19203,37.80557],[-98.19214,37.79099],[-98.21049,37.79106],[-98.21009,37.82506],[-98.21518,37.82505],[-98.21526,37.83965],[-98.23356,37.83947],[-98.23343,37.85403],[-98.19665,37.85433],[-98.19712,37.92668],[-98.16054,37.92679],[-98.16077,37.97046],[-98.14218,37.97042],[-98.14225,38.04303],[-98.12428,38.0425],[-98.12392,38.05726],[-98.12451,38.11564],[-98.14228,38.11573],[-98.14232,38.17393],[-98.1245,38.17391],[-98.12452,38.18846],[-98.10605,38.1885],[-98.10568,38.20306],[-98.08765,38.20278],[-98.08761,38.21739],[-98.0691,38.21752],[-98.06912,38.23201],[-98.05078,38.23177],[-98.05065,38.21728],[-98.03237,38.21723],[-98.03233,38.20268],[-98.01424,38.20253],[-98.01429,38.17338],[-97.99572,38.17313],[-97.99563,38.14395],[-97.9592,38.14452],[-97.9592,38.12942],[-97.92215,38.13008],[-97.92216,38.15918],[-97.94046,38.15932],[-97.94052,38.21727],[-97.95897,38.21673],[-97.95766,38.23128],[-97.97763,38.2316],[-97.9776,38.26067],[-98.01742,38.26062],[-98.01727,38.27509],[-98.03584,38.27513],[-98.03582,38.28955],[-97.98033,38.2897],[-97.9805,38.27519],[-97.9435,38.27506],[-97.94369,38.26062],[-97.92229,38.26056],[-97.92225,38.2464],[-97.86692,38.24657],[-97.86691,38.23197],[-97.88548,38.23198],[-97.88537,38.18829],[-97.86689,38.18832],[-97.86699,38.14486],[-97.84869,38.14477],[-97.84853,38.13018],[-97.83017,38.13004],[-97.83018,38.11557],[-97.81166,38.11556],[-97.81166,38.10103],[-97.77557,38.10105],[-97.77538,38.08652],[-97.75702,38.08655],[-97.75701,38.0428],[-97.86684,38.043],[-97.86678,38.02846],[-97.88528,38.0285],[-97.88525,38.0139],[-97.90369,38.01399],[-97.90354,37.97012],[-97.88515,37.96997],[-97.88517,37.95542],[-97.86686,37.9556],[-97.86667,37.92662],[-97.84845,37.92658],[-97.84838,37.9122],[-97.83008,37.91222],[-97.82993,37.89756],[-97.81172,37.89758],[-97.81166,37.86853],[-97.79312,37.86868],[-97.79328,37.83952],[-97.81166,37.83938],[-97.8121,37.8249],[-97.83048,37.82488],[-97.83,37.83921],[-97.84835,37.83938],[-97.84844,37.85404],[-97.86678,37.85398],[-97.86656,37.88305],[-97.88517,37.88301],[-97.88509,37.89761],[-97.92202,37.8976],[-97.92201,37.91221],[-97.94044,37.91209],[-97.94045,37.89757],[-97.9957,37.89736],[-97.99563,37.8828],[-98.01366,37.88288],[-98.01366,37.86832],[-98.06855,37.86848],[-98.06857,37.85385],[-97.97695,37.85384],[-97.97706,37.82469],[-97.93621,37.82484],[-97.93642,37.80658],[-97.95493,37.80711],[-97.95501,37.77758],[-97.9365,37.77741],[-97.93643,37.76278],[-97.91816,37.76289],[-97.91814,37.74838],[-97.89985,37.74837],[-97.89975,37.71932],[-97.93629,37.71938],[-97.93639,37.73381],[-97.95468,37.73377],[-97.97298,37.73367],[-97.97271,37.71935],[-98.02725,37.71888],[-98.02681,37.66099],[-98.0091,37.66128],[-98.00899,37.63307],[-98.02664,37.63262],[-98.02671,37.64692],[-98.0449,37.64712],[-98.04485,37.63281],[-98.06302,37.63309]]],[[[-97.53739,38.44953],[-97.53781,38.43501],[-97.48213,38.43486],[-97.48211,38.42043],[-97.46423,38.42023],[-97.46418,38.40582],[-97.42742,38.40592],[-97.42728,38.39134],[-97.40898,38.39147],[-97.40878,38.37696],[-97.39039,38.37708],[-97.39015,38.33323],[-97.37158,38.33345],[-97.37159,38.30435],[-97.35311,38.30431],[-97.35318,38.26081],[-97.46384,38.26082],[-97.46349,38.27527],[-97.50067,38.27532],[-97.50081,38.30418],[-97.51912,38.30408],[-97.519,38.33306],[-97.53759,38.33285],[-97.53741,38.36242],[-97.55575,38.3623],[-97.55632,38.43493],[-97.55575,38.44938],[-97.53739,38.44953]]]]},"properties":{"OBJECTID":3,"wte_2022_2024_MANUAL":2,"name":"Water-table elevation: 1500 to 1600","classLabel":"1500 to 1600","color":"#f2bcb1","hasValue":true,"period":"2022\u20132024"}},{"type":"Feature","id":4,"geometry":{"type":"MultiPolygon","coordinates":[[[[-98.53255,37.32627],[-98.55068,37.32651],[-98.55041,37.36978],[-98.53234,37.36983],[-98.53255,37.32627]]],[[[-98.55041,37.36978],[-98.56823,37.36966],[-98.56779,37.38419],[-98.55038,37.38413],[-98.55041,37.36978]]],[[[-98.59286,37.39875],[-98.57445,37.39856],[-98.57467,37.38418],[-98.59293,37.38411],[-98.59286,37.39875]]],[[[-98.59286,37.39875],[-98.61109,37.39898],[-98.61101,37.41321],[-98.5927,37.41304],[-98.59286,37.39875]]],[[[-98.64307,37.39857],[-98.64764,37.39853],[-98.64763,37.4131],[-98.6293,37.41334],[-98.62944,37.39882],[-98.64307,37.39857]]],[[[-98.53255,37.32627],[-98.45926,37.32625],[-98.45966,37.31188],[-98.44036,37.3118],[-98.44046,37.32617],[-98.42224,37.32624],[-98.42235,37.34048],[-98.40401,37.34049],[-98.40423,37.384],[-98.41013,37.38402],[-98.40993,37.4712],[-98.42825,37.47119],[-98.42824,37.48566],[-98.39165,37.48584],[-98.39192,37.57251],[-98.41013,37.57253],[-98.41039,37.61614],[-98.42872,37.61636],[-98.42881,37.6309],[-98.46502,37.63081],[-98.46484,37.65985],[-98.48322,37.65992],[-98.48322,37.67451],[-98.44673,37.67459],[-98.44641,37.70342],[-98.4282,37.70333],[-98.42844,37.71789],[-98.41017,37.71792],[-98.41004,37.73245],[-98.39211,37.73247],[-98.3922,37.82451],[-98.3806,37.82457],[-98.38063,37.8682],[-98.36238,37.86834],[-98.36262,37.89742],[-98.38086,37.89742],[-98.38069,37.94102],[-98.39917,37.94109],[-98.39926,37.95555],[-98.38067,37.95547],[-98.38069,37.96999],[-98.34389,37.96982],[-98.34402,37.98422],[-98.32563,37.98439],[-98.32568,37.99893],[-98.30723,37.99911],[-98.30756,38.01371],[-98.28902,38.01377],[-98.28916,38.05736],[-98.30776,38.0573],[-98.30753,38.10083],[-98.3259,38.10083],[-98.32584,38.14436],[-98.34426,38.14446],[-98.34416,38.17377],[-98.36225,38.17379],[-98.36231,38.2028],[-98.3807,38.20288],[-98.3806,38.21746],[-98.39903,38.21758],[-98.3992,38.24127],[-98.39894,38.24647],[-98.38038,38.24651],[-98.3806,38.26075],[-98.38793,38.26077],[-98.38793,38.27489],[-98.36939,38.27516],[-98.36941,38.31864],[-98.34959,38.3187],[-98.34953,38.3477],[-98.33106,38.3477],[-98.33121,38.42024],[-98.3128,38.42025],[-98.31248,38.47837],[-98.29401,38.47841],[-98.29426,38.52197],[-98.27583,38.52208],[-98.2756,38.46402],[-98.29397,38.46386],[-98.29436,38.42757],[-98.29433,38.40585],[-98.27592,38.40595],[-98.2756,38.34788],[-98.2571,38.34791],[-98.25725,38.36244],[-98.23869,38.36245],[-98.2385,38.37693],[-98.12749,38.37655],[-98.12747,38.36198],[-98.10909,38.36206],[-98.10905,38.34752],[-98.09061,38.34752],[-98.09121,38.275],[-98.07279,38.27501],[-98.07275,38.28961],[-98.03582,38.28955],[-98.03584,38.27513],[-98.01727,38.27509],[-98.01742,38.26062],[-97.9776,38.26067],[-97.97763,38.2316],[-97.95766,38.23128],[-97.95897,38.21673],[-97.94052,38.21727],[-97.94046,38.15932],[-97.92216,38.15918],[-97.92215,38.13008],[-97.9592,38.12942],[-97.9592,38.14452],[-97.99563,38.14395],[-97.99572,38.17313],[-98.01429,38.17338],[-98.01424,38.20253],[-98.03233,38.20268],[-98.03237,38.21723],[-98.05065,38.21728],[-98.05078,38.23177],[-98.06912,38.23201],[-98.0691,38.21752],[-98.08761,38.21739],[-98.08765,38.20278],[-98.10568,38.20306],[-98.10605,38.1885],[-98.12452,38.18846],[-98.1245,38.17391],[-98.14232,38.17393],[-98.14228,38.11573],[-98.12451,38.11564],[-98.12392,38.05726],[-98.12428,38.0425],[-98.14225,38.04303],[-98.14218,37.97042],[-98.16077,37.97046],[-98.16054,37.92679],[-98.19712,37.92668],[-98.19665,37.85433],[-98.23343,37.85403],[-98.23356,37.83947],[-98.21526,37.83965],[-98.21518,37.82505],[-98.21009,37.82506],[-98.21049,37.79106],[-98.19214,37.79099],[-98.19203,37.80557],[-98.13701,37.80572],[-98.13703,37.79115],[-98.10069,37.79126],[-98.10074,37.76195],[-98.11892,37.76201],[-98.11872,37.74745],[-98.17295,37.74707],[-98.17277,37.73263],[-98.15454,37.73279],[-98.15397,37.68929],[-98.15382,37.67477],[-98.17222,37.67466],[-98.17196,37.66028],[-98.28277,37.65983],[-98.28263,37.64536],[-98.3007,37.64531],[-98.30059,37.6308],[-98.28239,37.63085],[-98.28226,37.61636],[-98.26386,37.61648],[-98.2637,37.60201],[-98.24571,37.6018],[-98.24565,37.58727],[-98.227,37.5879],[-98.22698,37.57333],[-98.1905,37.57449],[-98.19064,37.54534],[-98.17213,37.54545],[-98.17249,37.5013],[-98.19084,37.50111],[-98.19088,37.47133],[-98.20913,37.47117],[-98.20914,37.48596],[-98.24554,37.48565],[-98.24557,37.47114],[-98.25036,37.47113],[-98.26387,37.47118],[-98.26384,37.48582],[-98.30034,37.48602],[-98.30038,37.47137],[-98.28207,37.47129],[-98.28159,37.45682],[-98.24545,37.45659],[-98.24538,37.44214],[-98.26375,37.44223],[-98.2637,37.42776],[-98.282,37.42772],[-98.28187,37.41317],[-98.26361,37.4132],[-98.26363,37.3987],[-98.28188,37.39867],[-98.28191,37.38411],[-98.29523,37.38411],[-98.29513,37.3696],[-98.33164,37.36952],[-98.33155,37.35503],[-98.34943,37.35506],[-98.3495,37.34044],[-98.36761,37.34049],[-98.36756,37.32597],[-98.38538,37.32609],[-98.38558,37.31152],[-98.40398,37.31158],[-98.40405,37.29707],[-98.5145,37.29736],[-98.51448,37.3118],[-98.53255,37.31172],[-98.53255,37.32627]]],[[[-98.25182,37.83938],[-98.25195,37.85398],[-98.27022,37.85389],[-98.27014,37.83933],[-98.25182,37.83938]]],[[[-98.25035,38.46411],[-98.25713,38.46402],[-98.25708,38.53667],[-98.23857,38.53668],[-98.23847,38.46422],[-98.25035,38.46411]]]]},"properties":{"OBJECTID":4,"wte_2022_2024_MANUAL":3,"name":"Water-table elevation: 1600 to 1700","classLabel":"1600 to 1700","color":"#e8aa9e","hasValue":true,"period":"2022\u20132024"}},{"type":"Feature","id":5,"geometry":{"type":"MultiPolygon","coordinates":[[[[-98.62279,37.38422],[-98.60457,37.38412],[-98.60458,37.36976],[-98.62277,37.36975],[-98.62279,37.38422]]],[[[-98.81163,37.40908],[-98.81161,37.39833],[-98.82967,37.39837],[-98.82978,37.41258],[-98.8116,37.41266],[-98.81163,37.40908]]],[[[-98.87538,37.39842],[-98.88456,37.39842],[-98.88455,37.41273],[-98.86643,37.41274],[-98.86634,37.39849],[-98.87538,37.39842]]],[[[-98.62944,37.39882],[-98.6293,37.41334],[-98.64763,37.4131],[-98.64764,37.39853],[-98.62944,37.39882],[-98.62936,37.38426],[-98.66592,37.38423],[-98.66597,37.41304],[-98.70221,37.4131],[-98.7023,37.42755],[-98.7206,37.42739],[-98.72045,37.44176],[-98.70212,37.44175],[-98.70199,37.45628],[-98.68381,37.45633],[-98.68382,37.44178],[-98.6656,37.44176],[-98.66544,37.48509],[-98.64707,37.48516],[-98.64709,37.49968],[-98.62905,37.49984],[-98.62952,37.51457],[-98.61137,37.51478],[-98.61113,37.54378],[-98.62952,37.54381],[-98.62961,37.57282],[-98.6479,37.57269],[-98.6479,37.60192],[-98.66613,37.60183],[-98.66607,37.64557],[-98.6647,37.65376],[-98.66443,37.67486],[-98.64622,37.67474],[-98.64613,37.68922],[-98.6278,37.6892],[-98.62769,37.70368],[-98.60941,37.70371],[-98.60935,37.71831],[-98.57432,37.71817],[-98.57423,37.7327],[-98.55644,37.73272],[-98.55649,37.74746],[-98.5381,37.74734],[-98.53812,37.77644],[-98.51998,37.77636],[-98.52005,37.8245],[-98.52722,37.82449],[-98.52717,37.85348],[-98.54548,37.85341],[-98.54528,37.94034],[-98.52697,37.94032],[-98.52746,38.0129],[-98.54582,38.01288],[-98.54605,38.07091],[-98.56439,38.07092],[-98.56469,38.11454],[-98.58279,38.11474],[-98.58293,38.12936],[-98.60123,38.1293],[-98.60077,38.24639],[-98.6192,38.24646],[-98.61917,38.26109],[-98.60862,38.26107],[-98.60874,38.27565],[-98.62721,38.27564],[-98.62728,38.30467],[-98.64569,38.3047],[-98.64595,38.3476],[-98.66408,38.34757],[-98.6644,38.43462],[-98.71942,38.43444],[-98.71927,38.44893],[-98.73799,38.44894],[-98.7379,38.46357],[-98.71938,38.46353],[-98.71948,38.47801],[-98.73793,38.47799],[-98.73801,38.50706],[-98.70104,38.50712],[-98.7012,38.52179],[-98.68305,38.5217],[-98.68297,38.53635],[-98.6274,38.5365],[-98.62763,38.5074],[-98.60915,38.50723],[-98.60908,38.49272],[-98.62765,38.49256],[-98.62754,38.46359],[-98.53595,38.4639],[-98.53593,38.4784],[-98.49892,38.47842],[-98.49884,38.49286],[-98.4804,38.49277],[-98.48038,38.52182],[-98.46186,38.52184],[-98.46176,38.5363],[-98.4433,38.53636],[-98.44332,38.50718],[-98.42489,38.50713],[-98.42488,38.53636],[-98.40645,38.53638],[-98.40628,38.55091],[-98.42464,38.55093],[-98.4249,38.59442],[-98.40644,38.59435],[-98.40638,38.60877],[-98.35001,38.60865],[-98.35007,38.57978],[-98.29413,38.58005],[-98.29415,38.56551],[-98.27556,38.56522],[-98.27583,38.52208],[-98.29426,38.52197],[-98.29401,38.47841],[-98.31248,38.47837],[-98.3128,38.42025],[-98.33121,38.42024],[-98.33106,38.3477],[-98.34953,38.3477],[-98.34959,38.3187],[-98.36941,38.31864],[-98.36939,38.27516],[-98.38793,38.27489],[-98.38793,38.26077],[-98.3806,38.26075],[-98.38038,38.24651],[-98.39894,38.24647],[-98.39903,38.21758],[-98.3806,38.21746],[-98.3807,38.20288],[-98.36231,38.2028],[-98.36225,38.17379],[-98.34416,38.17377],[-98.34426,38.14446],[-98.32584,38.14436],[-98.3259,38.10083],[-98.30753,38.10083],[-98.30776,38.0573],[-98.28916,38.05736],[-98.28902,38.01377],[-98.30756,38.01371],[-98.30723,37.99911],[-98.32568,37.99893],[-98.32563,37.98439],[-98.34402,37.98422],[-98.34389,37.96982],[-98.38069,37.96999],[-98.38067,37.95547],[-98.39926,37.95555],[-98.39917,37.94109],[-98.38069,37.94102],[-98.38086,37.89742],[-98.36262,37.89742],[-98.36238,37.86834],[-98.38063,37.8682],[-98.3806,37.82457],[-98.3922,37.82451],[-98.39211,37.73247],[-98.41004,37.73245],[-98.41017,37.71792],[-98.42844,37.71789],[-98.4282,37.70333],[-98.44641,37.70342],[-98.44673,37.67459],[-98.48322,37.67451],[-98.48322,37.65992],[-98.46484,37.65985],[-98.46502,37.63081],[-98.42881,37.6309],[-98.42872,37.61636],[-98.41039,37.61614],[-98.41013,37.57253],[-98.39192,37.57251],[-98.39165,37.48584],[-98.42824,37.48566],[-98.42825,37.47119],[-98.40993,37.4712],[-98.41013,37.38402],[-98.40423,37.384],[-98.40401,37.34049],[-98.42235,37.34048],[-98.42224,37.32624],[-98.44046,37.32617],[-98.44036,37.3118],[-98.45966,37.31188],[-98.45926,37.32625],[-98.53255,37.32627],[-98.53234,37.36983],[-98.55041,37.36978],[-98.55038,37.38413],[-98.57467,37.38418],[-98.57445,37.39856],[-98.59286,37.39875],[-98.5927,37.41304],[-98.61101,37.41321],[-98.61109,37.39898],[-98.62944,37.39882]]],[[[-98.4064,38.48537],[-98.40635,38.49261],[-98.42482,38.49259],[-98.42483,38.4781],[-98.40637,38.47808],[-98.4064,38.48537]]]]},"properties":{"OBJECTID":5,"wte_2022_2024_MANUAL":4,"name":"Water-table elevation: 1700 to 1800","classLabel":"1700 to 1800","color":"#e09f8d","hasValue":true,"period":"2022\u20132024"}},{"type":"Feature","id":6,"geometry":{"type":"MultiPolygon","coordinates":[[[[-99.20023,37.17986],[-99.21839,37.17982],[-99.21872,37.19419],[-99.20069,37.19427],[-99.20023,37.17986]]],[[[-99.00039,37.44183],[-99.01218,37.44169],[-99.01246,37.45628],[-98.99403,37.45644],[-98.99382,37.44193],[-99.00039,37.44183]]],[[[-99.03931,37.47049],[-99.04868,37.47047],[-99.04885,37.48492],[-99.03069,37.48495],[-99.03052,37.47052],[-99.03931,37.47049]]],[[[-99.07817,37.45596],[-99.08504,37.45586],[-99.08534,37.48495],[-99.06708,37.4849],[-99.06672,37.45607],[-99.07817,37.45596]]],[[[-98.70149,38.56518],[-98.70134,38.55071],[-98.68287,38.55082],[-98.68305,38.5217],[-98.7012,38.52179],[-98.70104,38.50712],[-98.73801,38.50706],[-98.73793,38.47799],[-98.71948,38.47801],[-98.71938,38.46353],[-98.7379,38.46357],[-98.73799,38.44894],[-98.71927,38.44893],[-98.71942,38.43444],[-98.6644,38.43462],[-98.66408,38.34757],[-98.64595,38.3476],[-98.64569,38.3047],[-98.62728,38.30467],[-98.62721,38.27564],[-98.60874,38.27565],[-98.60862,38.26107],[-98.61917,38.26109],[-98.6192,38.24646],[-98.60077,38.24639],[-98.60123,38.1293],[-98.58293,38.12936],[-98.58279,38.11474],[-98.56469,38.11454],[-98.56439,38.07092],[-98.54605,38.07091],[-98.54582,38.01288],[-98.52746,38.0129],[-98.52697,37.94032],[-98.54528,37.94034],[-98.54548,37.85341],[-98.52717,37.85348],[-98.52722,37.82449],[-98.52005,37.8245],[-98.51998,37.77636],[-98.53812,37.77644],[-98.5381,37.74734],[-98.55649,37.74746],[-98.55644,37.73272],[-98.57423,37.7327],[-98.57432,37.71817],[-98.60935,37.71831],[-98.60941,37.70371],[-98.62769,37.70368],[-98.6278,37.6892],[-98.64613,37.68922],[-98.64622,37.67474],[-98.66443,37.67486],[-98.6647,37.65376],[-98.66607,37.64557],[-98.66613,37.60183],[-98.6479,37.60192],[-98.6479,37.57269],[-98.62961,37.57282],[-98.62952,37.54381],[-98.61113,37.54378],[-98.61137,37.51478],[-98.62952,37.51457],[-98.62905,37.49984],[-98.64709,37.49968],[-98.64707,37.48516],[-98.66544,37.48509],[-98.6656,37.44176],[-98.68382,37.44178],[-98.68381,37.45633],[-98.70199,37.45628],[-98.70212,37.44175],[-98.72045,37.44176],[-98.7206,37.42739],[-98.7023,37.42755],[-98.70221,37.4131],[-98.66597,37.41304],[-98.66592,37.38423],[-98.70236,37.38424],[-98.70219,37.39867],[-98.72042,37.39854],[-98.72057,37.41297],[-98.73877,37.41281],[-98.73875,37.3984],[-98.81161,37.39833],[-98.8116,37.41266],[-98.84833,37.41265],[-98.84806,37.3985],[-98.86634,37.39849],[-98.86643,37.41274],[-98.92077,37.41271],[-98.92107,37.42716],[-98.97547,37.42743],[-98.97559,37.44165],[-98.93953,37.44172],[-98.93915,37.47038],[-98.90258,37.4703],[-98.90282,37.48481],[-98.88425,37.4848],[-98.88406,37.49938],[-98.86608,37.49958],[-98.86618,37.51425],[-98.84781,37.51444],[-98.8489,37.55758],[-98.8307,37.55757],[-98.83106,37.60115],[-98.81276,37.60124],[-98.81289,37.63033],[-98.81127,37.67541],[-98.7931,37.67538],[-98.79327,37.69004],[-98.77541,37.68999],[-98.77598,37.71921],[-98.75756,37.71913],[-98.75768,37.76266],[-98.73932,37.76265],[-98.7396,37.82494],[-98.74744,37.82498],[-98.74734,37.83959],[-98.7289,37.83947],[-98.72849,37.90493],[-98.72853,37.91216],[-98.7471,37.91227],[-98.74692,37.94122],[-98.76565,37.94147],[-98.76575,37.97037],[-98.78455,37.97066],[-98.78451,37.9851],[-98.80287,37.98531],[-98.80299,38.01431],[-98.82134,38.01446],[-98.82114,38.08699],[-98.83951,38.08703],[-98.83952,38.10155],[-98.82114,38.10151],[-98.8212,38.21786],[-98.83954,38.2178],[-98.83957,38.24686],[-98.85801,38.24706],[-98.85801,38.26114],[-98.86656,38.26116],[-98.86667,38.27567],[-98.88513,38.27566],[-98.88508,38.29004],[-98.90343,38.289],[-98.92167,38.28912],[-98.94005,38.29032],[-98.94006,38.3193],[-98.95837,38.31939],[-98.95892,38.36187],[-98.97738,38.3621],[-98.97777,38.42015],[-98.92247,38.41984],[-98.92245,38.43429],[-98.97773,38.43456],[-98.97783,38.50729],[-98.95939,38.50718],[-98.95948,38.49261],[-98.86694,38.49235],[-98.86697,38.47784],[-98.84861,38.47772],[-98.84854,38.46325],[-98.83014,38.46322],[-98.83011,38.44877],[-98.81158,38.44882],[-98.81164,38.43431],[-98.77485,38.43435],[-98.77481,38.46343],[-98.79315,38.46342],[-98.79322,38.47804],[-98.81167,38.47791],[-98.81168,38.49246],[-98.8302,38.49219],[-98.83024,38.50678],[-98.84868,38.50676],[-98.8486,38.52163],[-98.83015,38.52165],[-98.83026,38.53615],[-98.79363,38.5362],[-98.79363,38.5216],[-98.75677,38.52172],[-98.75675,38.53619],[-98.73832,38.53622],[-98.73823,38.55071],[-98.75671,38.55074],[-98.75711,38.57971],[-98.70155,38.57971],[-98.70149,38.56518]]],[[[-98.71936,38.41999],[-98.71936,38.40533],[-98.70086,38.40545],[-98.70092,38.42],[-98.71936,38.41999]]]]},"properties":{"OBJECTID":6,"wte_2022_2024_MANUAL":5,"name":"Water-table elevation: 1800 to 1900","classLabel":"1800 to 1900","color":"#d9997e","hasValue":true,"period":"2022\u20132024"}},{"type":"Feature","id":7,"geometry":{"type":"MultiPolygon","coordinates":[[[[-99.18321,37.22349],[-99.18305,37.20875],[-99.2012,37.20877],[-99.20069,37.19427],[-99.21872,37.19419],[-99.21839,37.17982],[-99.25456,37.17943],[-99.25547,37.22297],[-99.18321,37.22349]]],[[[-99.34574,37.20759],[-99.34538,37.19305],[-99.36349,37.19299],[-99.36279,37.16395],[-99.39906,37.1639],[-99.39974,37.19279],[-99.38157,37.19297],[-99.38204,37.20753],[-99.36388,37.20749],[-99.36422,37.23656],[-99.34623,37.23667],[-99.34574,37.20759]]],[[[-99.12078,37.39807],[-99.10261,37.398],[-99.10267,37.38392],[-99.11087,37.38388],[-99.11053,37.35483],[-99.12895,37.35474],[-99.12903,37.34002],[-99.14717,37.33996],[-99.14712,37.31111],[-99.12897,37.31125],[-99.12885,37.28213],[-99.11063,37.28217],[-99.11057,37.26749],[-99.12873,37.26754],[-99.12861,37.22372],[-99.16495,37.22359],[-99.16502,37.23814],[-99.14673,37.23826],[-99.14671,37.2528],[-99.1652,37.25258],[-99.16535,37.2817],[-99.18352,37.28153],[-99.18343,37.29627],[-99.2017,37.296],[-99.20088,37.31095],[-99.2015,37.36878],[-99.18316,37.36895],[-99.18337,37.38339],[-99.17444,37.38341],[-99.17472,37.39794],[-99.12078,37.39807]]],[[[-99.20256,37.45506],[-99.17556,37.45511],[-99.17505,37.44063],[-99.21164,37.44072],[-99.21163,37.45519],[-99.20256,37.45506]]],[[[-99.14003,37.49923],[-99.1579,37.49899],[-99.1578,37.51367],[-99.14009,37.51365],[-99.14003,37.49923]]],[[[-99.14003,37.49923],[-99.10373,37.49939],[-99.10377,37.51393],[-99.08573,37.51402],[-99.08564,37.49937],[-99.06735,37.49925],[-99.06784,37.52844],[-99.04966,37.52845],[-99.05033,37.57149],[-99.03223,37.57141],[-99.03306,37.61503],[-99.01459,37.61494],[-99.01505,37.62947],[-98.99698,37.62964],[-98.99733,37.64398],[-98.97875,37.64412],[-98.97842,37.67373],[-98.96001,37.67399],[-98.95909,37.71829],[-98.94083,37.71836],[-98.94009,37.7331],[-98.94026,37.8254],[-98.94919,37.82539],[-98.94933,37.86892],[-98.931,37.86895],[-98.93048,37.89807],[-98.94933,37.89809],[-98.9492,37.92728],[-98.96753,37.92732],[-98.96788,37.98576],[-98.98621,37.98567],[-98.98648,38.01475],[-99.00475,38.01478],[-99.00481,38.02926],[-99.02196,38.02926],[-99.02206,38.05829],[-99.04037,38.05817],[-99.04038,38.0728],[-99.0587,38.07278],[-99.05873,38.08732],[-99.0772,38.08724],[-99.07711,38.10177],[-99.09546,38.1017],[-99.09554,38.13078],[-99.11378,38.13066],[-99.11396,38.15985],[-99.13177,38.15985],[-99.13175,38.17435],[-99.15018,38.17429],[-99.15015,38.18875],[-99.09569,38.18886],[-99.09562,38.21792],[-99.15043,38.21786],[-99.15049,38.23229],[-99.16885,38.23236],[-99.16898,38.24683],[-99.09603,38.2469],[-99.09619,38.26134],[-99.08762,38.26133],[-99.08772,38.27587],[-99.03234,38.27574],[-99.03231,38.29022],[-98.9954,38.29024],[-98.99535,38.30474],[-98.97687,38.30477],[-98.97686,38.31929],[-98.94006,38.3193],[-98.94005,38.29032],[-98.92167,38.28912],[-98.90343,38.289],[-98.88508,38.29004],[-98.88513,38.27566],[-98.86667,38.27567],[-98.86656,38.26116],[-98.85801,38.26114],[-98.85801,38.24706],[-98.83957,38.24686],[-98.83954,38.2178],[-98.8212,38.21786],[-98.82114,38.10151],[-98.83952,38.10155],[-98.83951,38.08703],[-98.82114,38.08699],[-98.82134,38.01446],[-98.80299,38.01431],[-98.80287,37.98531],[-98.78451,37.9851],[-98.78455,37.97066],[-98.76575,37.97037],[-98.76565,37.94147],[-98.74692,37.94122],[-98.7471,37.91227],[-98.72853,37.91216],[-98.7289,37.83947],[-98.74734,37.83959],[-98.74744,37.82498],[-98.7396,37.82494],[-98.73932,37.76265],[-98.75768,37.76266],[-98.75756,37.71913],[-98.77598,37.71921],[-98.77541,37.68999],[-98.79327,37.69004],[-98.7931,37.67538],[-98.81127,37.67541],[-98.81289,37.63033],[-98.81276,37.60124],[-98.83106,37.60115],[-98.8307,37.55757],[-98.8489,37.55758],[-98.84781,37.51444],[-98.86618,37.51425],[-98.86608,37.49958],[-98.88406,37.49938],[-98.88425,37.4848],[-98.90282,37.48481],[-98.90258,37.4703],[-98.93915,37.47038],[-98.93953,37.44172],[-98.99382,37.44193],[-98.99403,37.45644],[-99.03053,37.45606],[-99.03069,37.48495],[-99.04885,37.48492],[-99.04868,37.47047],[-99.0669,37.47046],[-99.06708,37.4849],[-99.08534,37.48495],[-99.08504,37.47046],[-99.12133,37.47035],[-99.12144,37.45593],[-99.13947,37.45572],[-99.14003,37.49923]]],[[[-98.97777,38.42015],[-98.97738,38.3621],[-98.95892,38.36187],[-98.95843,38.33389],[-99.03238,38.33384],[-99.03242,38.34835],[-99.0139,38.34806],[-99.01426,38.36257],[-98.99584,38.36232],[-98.99601,38.37689],[-99.05131,38.37733],[-99.05151,38.39182],[-99.0701,38.39191],[-99.07023,38.40642],[-99.03332,38.40637],[-99.03351,38.42093],[-98.97777,38.42015]]],[[[-99.17969,38.50822],[-99.14266,38.50828],[-99.14264,38.52285],[-99.12524,38.52278],[-99.10676,38.52268],[-99.10687,38.50815],[-99.03281,38.5076],[-99.03307,38.49309],[-99.01472,38.49296],[-99.01472,38.50749],[-98.97783,38.50729],[-98.97773,38.43456],[-99.0328,38.43503],[-99.03287,38.4495],[-99.05124,38.44969],[-99.0512,38.43519],[-99.06955,38.43533],[-99.07022,38.42094],[-99.08841,38.42099],[-99.08819,38.44999],[-99.10655,38.45002],[-99.10689,38.46457],[-99.16133,38.46456],[-99.16118,38.43576],[-99.23499,38.4359],[-99.23458,38.37941],[-99.26968,38.37943],[-99.27034,38.39395],[-99.27134,38.39394],[-99.27135,38.40851],[-99.28916,38.40829],[-99.28797,38.37918],[-99.30633,38.37897],[-99.30699,38.3935],[-99.32547,38.3933],[-99.32658,38.42233],[-99.34509,38.42215],[-99.34581,38.43703],[-99.36413,38.43722],[-99.36405,38.48091],[-99.30878,38.48031],[-99.30884,38.49484],[-99.25344,38.49435],[-99.25357,38.50893],[-99.30919,38.50935],[-99.30969,38.53876],[-99.19842,38.53765],[-99.19822,38.52305],[-99.1797,38.52296],[-99.17969,38.50822]]],[[[-99.42154,39.57454],[-99.42153,39.56734],[-99.44034,39.56744],[-99.44038,39.5819],[-99.42157,39.58184],[-99.42154,39.57454]]],[[[-99.0954,39.90138],[-99.10451,39.90134],[-99.1047,39.9158],[-99.08582,39.91589],[-99.08573,39.90141],[-99.0954,39.90138]]],[[[-99.04852,39.92317],[-99.04863,39.91586],[-99.06709,39.91597],[-99.06714,39.93039],[-99.04847,39.9304],[-99.04852,39.92317]]],[[[-99.02949,40.00226],[-99.01065,40.0022],[-99.01096,39.94468],[-99.02974,39.94484],[-99.02967,39.95932],[-99.06716,39.95936],[-99.06709,39.97381],[-99.12325,39.97344],[-99.12331,40.00218],[-99.02949,40.00226]]],[[[-99.38514,39.99459],[-99.38505,39.98739],[-99.44106,39.98756],[-99.44097,40.00208],[-99.38517,40.0021],[-99.38514,39.99459]]]]},"properties":{"OBJECTID":7,"wte_2022_2024_MANUAL":6,"name":"Water-table elevation: 1900 to 2000","classLabel":"1900 to 2000","color":"#d49670","hasValue":true,"period":"2022\u20132024"}},{"type":"Feature","id":8,"geometry":{"type":"MultiPolygon","coordinates":[[[[-99.50773,37.36672],[-99.48975,37.36697],[-99.48985,37.35235],[-99.50786,37.35218],[-99.50773,37.36672]]],[[[-99.50773,37.36672],[-99.52586,37.36663],[-99.52564,37.38121],[-99.50758,37.38134],[-99.50773,37.36672]]],[[[-99.17472,37.39794],[-99.17444,37.38341],[-99.18337,37.38339],[-99.18316,37.36895],[-99.2015,37.36878],[-99.20088,37.31095],[-99.2017,37.296],[-99.18343,37.29627],[-99.18352,37.28153],[-99.16535,37.2817],[-99.1652,37.25258],[-99.14671,37.2528],[-99.14673,37.23826],[-99.16502,37.23814],[-99.16495,37.22359],[-99.25547,37.22297],[-99.25421,37.16478],[-99.36279,37.16395],[-99.36349,37.19299],[-99.34538,37.19305],[-99.34623,37.28037],[-99.4009,37.28007],[-99.40081,37.2946],[-99.38263,37.29473],[-99.38257,37.32374],[-99.36423,37.32381],[-99.36388,37.35294],[-99.27313,37.35392],[-99.27294,37.36854],[-99.23698,37.36847],[-99.2371,37.38315],[-99.22926,37.38322],[-99.22932,37.3977],[-99.17472,37.39794]]],[[[-99.2838,37.41155],[-99.28366,37.39715],[-99.30168,37.39697],[-99.30178,37.41147],[-99.2838,37.41155]]],[[[-99.56968,38.13124],[-99.55212,38.13126],[-99.55202,38.11668],[-99.5696,38.11666],[-99.56968,38.13124]]],[[[-99.56968,38.13124],[-99.58799,38.13117],[-99.58806,38.14569],[-99.56969,38.14586],[-99.56968,38.13124]]],[[[-99.14003,37.49923],[-99.14009,37.51365],[-99.1578,37.51367],[-99.1579,37.49899],[-99.14003,37.49923],[-99.13947,37.45572],[-99.21163,37.45519],[-99.21136,37.42639],[-99.24762,37.42639],[-99.24755,37.41197],[-99.2838,37.41155],[-99.28376,37.44034],[-99.26554,37.44059],[-99.26654,37.54275],[-99.24835,37.5428],[-99.2488,37.58684],[-99.23052,37.58692],[-99.23131,37.64573],[-99.21374,37.64553],[-99.21459,37.73358],[-99.23224,37.73359],[-99.23197,37.82528],[-99.22414,37.82532],[-99.22418,37.83994],[-99.24137,37.83995],[-99.2412,37.86911],[-99.25932,37.86917],[-99.25944,37.91282],[-99.2777,37.91286],[-99.27735,37.95667],[-99.29563,37.95686],[-99.29569,38.00052],[-99.31394,38.00056],[-99.31411,38.015],[-99.35028,38.01531],[-99.35032,38.02982],[-99.3871,38.02976],[-99.38711,38.07327],[-99.36871,38.07327],[-99.36875,38.08783],[-99.38713,38.0879],[-99.38711,38.07327],[-99.47804,38.07332],[-99.47843,38.11711],[-99.49686,38.117],[-99.49691,38.13145],[-99.5153,38.13142],[-99.51523,38.1605],[-99.53362,38.16047],[-99.5336,38.17513],[-99.56984,38.17497],[-99.56974,38.16043],[-99.58808,38.16026],[-99.58806,38.14569],[-99.62483,38.14573],[-99.62475,38.13126],[-99.66139,38.13126],[-99.66218,38.24754],[-99.64375,38.24752],[-99.64365,38.262],[-99.58875,38.26204],[-99.58858,38.24756],[-99.44301,38.2479],[-99.44292,38.23339],[-99.38772,38.23334],[-99.38789,38.24789],[-99.35142,38.24785],[-99.35119,38.23325],[-99.31508,38.23304],[-99.31463,38.20406],[-99.29623,38.20383],[-99.29688,38.24743],[-99.2601,38.24682],[-99.25973,38.21788],[-99.24131,38.21753],[-99.24118,38.20319],[-99.16865,38.20328],[-99.1685,38.18872],[-99.15015,38.18875],[-99.15018,38.17429],[-99.13175,38.17435],[-99.13177,38.15985],[-99.11396,38.15985],[-99.11378,38.13066],[-99.09554,38.13078],[-99.09546,38.1017],[-99.07711,38.10177],[-99.0772,38.08724],[-99.05873,38.08732],[-99.0587,38.07278],[-99.04038,38.0728],[-99.04037,38.05817],[-99.02206,38.05829],[-99.02196,38.02926],[-99.00481,38.02926],[-99.00475,38.01478],[-98.98648,38.01475],[-98.98621,37.98567],[-98.96788,37.98576],[-98.96753,37.92732],[-98.9492,37.92728],[-98.94933,37.89809],[-98.93048,37.89807],[-98.931,37.86895],[-98.94933,37.86892],[-98.94919,37.82539],[-98.94026,37.8254],[-98.94009,37.7331],[-98.94083,37.71836],[-98.95909,37.71829],[-98.96001,37.67399],[-98.97842,37.67373],[-98.97875,37.64412],[-98.99733,37.64398],[-98.99698,37.62964],[-99.01505,37.62947],[-99.01459,37.61494],[-99.03306,37.61503],[-99.03223,37.57141],[-99.05033,37.57149],[-99.04966,37.52845],[-99.06784,37.52844],[-99.06735,37.49925],[-99.08564,37.49937],[-99.08573,37.51402],[-99.10377,37.51393],[-99.10373,37.49939],[-99.14003,37.49923]]],[[[-99.34454,38.4077],[-99.32605,38.40783],[-99.32547,38.3933],[-99.34398,38.3932],[-99.34454,38.4077]]],[[[-99.34454,38.4077],[-99.3816,38.40755],[-99.38247,38.43727],[-99.40099,38.43692],[-99.40044,38.42195],[-99.41897,38.42189],[-99.41877,38.4073],[-99.43734,38.4074],[-99.43788,38.45127],[-99.41945,38.45132],[-99.41944,38.46584],[-99.43786,38.46575],[-99.43792,38.49488],[-99.36406,38.49539],[-99.36413,38.43722],[-99.34581,38.43703],[-99.34454,38.4077]]],[[[-99.15837,39.27818],[-99.1586,39.24913],[-99.19593,39.24875],[-99.19596,39.23433],[-99.21458,39.23424],[-99.21439,39.16165],[-99.28884,39.16163],[-99.28869,39.27784],[-99.27009,39.27762],[-99.27013,39.26315],[-99.25213,39.26324],[-99.25167,39.27781],[-99.15837,39.27818]]],[[[-99.49907,39.50993],[-99.47187,39.51001],[-99.47202,39.49563],[-99.50935,39.49546],[-99.50926,39.50995],[-99.49907,39.50993]]],[[[-99.47165,39.53897],[-99.49036,39.53881],[-99.49025,39.55311],[-99.47166,39.5534],[-99.47165,39.53897]]],[[[-99.39625,39.53898],[-99.37792,39.53901],[-99.37817,39.5099],[-99.37856,39.49544],[-99.3972,39.4955],[-99.39684,39.51],[-99.43446,39.51014],[-99.43441,39.52467],[-99.41541,39.52444],[-99.4152,39.53892],[-99.45299,39.53897],[-99.45271,39.55349],[-99.3961,39.55341],[-99.39625,39.53898]]],[[[-99.44026,39.59639],[-99.42155,39.59628],[-99.42148,39.61086],[-99.403,39.61082],[-99.40301,39.59633],[-99.3839,39.59659],[-99.38398,39.58202],[-99.44038,39.5819],[-99.44034,39.56744],[-99.50889,39.56755],[-99.5089,39.5534],[-99.52777,39.55336],[-99.52772,39.56749],[-99.55265,39.56741],[-99.55279,39.58196],[-99.45909,39.58184],[-99.45914,39.59637],[-99.47799,39.59662],[-99.47794,39.61108],[-99.44016,39.61081],[-99.44026,39.59639]]],[[[-99.60125,39.63969],[-99.53404,39.64009],[-99.53404,39.62544],[-99.62802,39.62545],[-99.62807,39.64002],[-99.60125,39.63969]]],[[[-99.66557,39.63233],[-99.66559,39.62513],[-99.70293,39.62521],[-99.70294,39.63965],[-99.66556,39.63966],[-99.66557,39.63233]]],[[[-99.42167,39.83555],[-99.42164,39.82835],[-99.44037,39.82833],[-99.44037,39.84279],[-99.42174,39.84283],[-99.42167,39.83555]]],[[[-99.38468,39.85718],[-99.38466,39.84277],[-99.40301,39.84277],[-99.4029,39.85718],[-99.38468,39.85718]]],[[[-99.44105,40.00002],[-99.44106,39.98756],[-99.38505,39.98739],[-99.38517,40.0021],[-99.12331,40.00218],[-99.12325,39.97344],[-99.06709,39.97381],[-99.06716,39.95936],[-99.02967,39.95932],[-99.02995,39.93036],[-99.08582,39.93039],[-99.08582,39.91589],[-99.1047,39.9158],[-99.10451,39.90134],[-99.16082,39.90094],[-99.16068,39.87202],[-99.21655,39.87166],[-99.21655,39.8571],[-99.27252,39.85714],[-99.27255,39.84246],[-99.3659,39.84269],[-99.3658,39.85709],[-99.34712,39.85711],[-99.34705,39.87157],[-99.30969,39.87153],[-99.30972,39.88603],[-99.29084,39.88604],[-99.2909,39.90041],[-99.23545,39.90039],[-99.23532,39.8859],[-99.21662,39.88612],[-99.21669,39.92957],[-99.23543,39.92931],[-99.23542,39.94381],[-99.29082,39.94386],[-99.29098,39.9294],[-99.32851,39.92947],[-99.32845,39.91498],[-99.62676,39.91496],[-99.62655,39.92947],[-99.60835,39.92957],[-99.60737,39.97319],[-99.58867,39.9731],[-99.58841,39.98756],[-99.57015,39.9875],[-99.56987,40.00201],[-99.44097,40.00208],[-99.44105,40.00002]]]]},"properties":{"OBJECTID":8,"wte_2022_2024_MANUAL":7,"name":"Water-table elevation: 2000 to 2100","classLabel":"2000 to 2100","color":"#d99b6f","hasValue":true,"period":"2022\u20132024"}},{"type":"Feature","id":9,"geometry":{"type":"MultiPolygon","coordinates":[[[[-99.38257,37.32374],[-99.38263,37.29473],[-99.40081,37.2946],[-99.40058,37.32344],[-99.38257,37.32374]]],[[[-99.38257,37.32374],[-99.38223,37.33828],[-99.36409,37.33838],[-99.36423,37.32381],[-99.38257,37.32374]]],[[[-99.63429,37.35161],[-99.65186,37.35147],[-99.65148,37.38058],[-99.63393,37.3807],[-99.63429,37.35161]]],[[[-99.50773,37.36672],[-99.50758,37.38134],[-99.52564,37.38121],[-99.52586,37.36663],[-99.50773,37.36672],[-99.50788,37.33763],[-99.63461,37.33698],[-99.63429,37.35161],[-99.61675,37.3517],[-99.61612,37.36614],[-99.59798,37.36615],[-99.59784,37.38074],[-99.61005,37.38067],[-99.61016,37.39512],[-99.59204,37.39521],[-99.59207,37.40977],[-99.55572,37.40986],[-99.55577,37.42441],[-99.51968,37.42433],[-99.52004,37.43876],[-99.50195,37.43895],[-99.50133,37.38127],[-99.48965,37.38139],[-99.48975,37.36697],[-99.50773,37.36672]]],[[[-99.3871,38.02976],[-99.35032,38.02982],[-99.35028,38.01531],[-99.31411,38.015],[-99.31394,38.00056],[-99.29569,38.00052],[-99.29563,37.95686],[-99.27735,37.95667],[-99.2777,37.91286],[-99.25944,37.91282],[-99.25932,37.86917],[-99.2412,37.86911],[-99.24137,37.83995],[-99.22418,37.83994],[-99.22414,37.82532],[-99.23197,37.82528],[-99.23224,37.73359],[-99.21459,37.73358],[-99.21374,37.64553],[-99.23131,37.64573],[-99.23052,37.58692],[-99.2488,37.58684],[-99.24835,37.5428],[-99.26654,37.54275],[-99.26554,37.44059],[-99.28376,37.44034],[-99.2838,37.41155],[-99.30178,37.41147],[-99.30168,37.39697],[-99.33787,37.39679],[-99.33779,37.41126],[-99.37419,37.411],[-99.37414,37.42536],[-99.39229,37.42516],[-99.39224,37.43949],[-99.42874,37.43943],[-99.42878,37.45394],[-99.48396,37.4536],[-99.48404,37.46792],[-99.46589,37.46793],[-99.4659,37.48311],[-99.4477,37.48306],[-99.4477,37.49792],[-99.42955,37.49799],[-99.4314,37.64548],[-99.44913,37.64551],[-99.45034,37.80724],[-99.46842,37.80767],[-99.46856,37.82571],[-99.46172,37.82581],[-99.45995,37.8551],[-99.47832,37.85481],[-99.47798,37.89873],[-99.49623,37.8987],[-99.49641,37.92768],[-99.51464,37.92763],[-99.51473,37.94187],[-99.5332,37.94183],[-99.53301,37.95635],[-99.5516,37.95633],[-99.55155,37.98544],[-99.42376,37.98598],[-99.42366,38.00066],[-99.40538,38.00067],[-99.40553,38.0152],[-99.38717,38.01519],[-99.3871,38.02976]]],[[[-99.53353,38.08777],[-99.4782,38.08802],[-99.47804,38.07332],[-99.53326,38.07294],[-99.53353,38.08777]]],[[[-99.53353,38.08777],[-99.55188,38.0875],[-99.55191,38.1022],[-99.53357,38.10221],[-99.53353,38.08777]]],[[[-99.66169,38.18942],[-99.66124,38.08745],[-99.62461,38.0873],[-99.62462,38.1021],[-99.60632,38.10198],[-99.60639,38.13112],[-99.56968,38.13124],[-99.56954,38.08744],[-99.60626,38.08735],[-99.60622,38.0728],[-99.62463,38.07278],[-99.62464,38.02902],[-99.64303,38.02909],[-99.64304,38.01464],[-99.67926,38.01485],[-99.67921,38.02928],[-99.69768,38.02933],[-99.69783,38.07291],[-99.71606,38.07288],[-99.71605,38.05833],[-99.7344,38.05833],[-99.73436,38.04377],[-99.75041,38.0437],[-99.75274,38.04371],[-99.75262,38.05828],[-99.78928,38.0582],[-99.78916,38.0727],[-99.80746,38.0729],[-99.80734,38.10191],[-99.75262,38.10192],[-99.75296,38.17469],[-99.69778,38.17486],[-99.69792,38.18939],[-99.66169,38.18942]]],[[[-99.75027,38.29074],[-99.67665,38.29096],[-99.67641,38.2764],[-99.63958,38.27654],[-99.63932,38.26201],[-99.64365,38.262],[-99.64375,38.24752],[-99.66218,38.24754],[-99.6618,38.20399],[-99.69811,38.20391],[-99.69819,38.21838],[-99.71672,38.21835],[-99.71708,38.24739],[-99.75381,38.24726],[-99.75414,38.26178],[-99.74976,38.26178],[-99.75027,38.29074]]],[[[-99.61092,39.10229],[-99.59237,39.10227],[-99.59264,39.08774],[-99.61122,39.08787],[-99.61092,39.10229]]],[[[-99.64811,39.1027],[-99.6484,39.08822],[-99.68573,39.08854],[-99.68548,39.10299],[-99.64811,39.1027]]],[[[-99.72214,39.10302],[-99.72226,39.08856],[-99.75945,39.08846],[-99.75908,39.10291],[-99.72214,39.10302]]],[[[-99.61092,39.10229],[-99.62954,39.10252],[-99.62921,39.11701],[-99.61057,39.11681],[-99.61092,39.10229]]],[[[-99.66119,39.17618],[-99.66119,39.1616],[-99.67976,39.16152],[-99.67973,39.17613],[-99.66119,39.17618]]],[[[-99.54971,39.19065],[-99.53102,39.19056],[-99.53105,39.16161],[-99.62387,39.16166],[-99.62372,39.17625],[-99.60521,39.17637],[-99.60533,39.19084],[-99.58707,39.19075],[-99.58669,39.17605],[-99.54943,39.17618],[-99.54971,39.19065]]],[[[-99.54971,39.19065],[-99.56823,39.19081],[-99.56822,39.20526],[-99.54967,39.20524],[-99.54971,39.19065]]],[[[-99.49366,39.23414],[-99.51243,39.23442],[-99.51238,39.24871],[-99.49357,39.24821],[-99.49366,39.23414]]],[[[-99.49366,39.23414],[-99.47496,39.23408],[-99.47497,39.24854],[-99.4005,39.24915],[-99.40031,39.2637],[-99.36354,39.2635],[-99.36344,39.1766],[-99.40041,39.17661],[-99.40028,39.16194],[-99.41897,39.16201],[-99.41892,39.14733],[-99.51244,39.14698],[-99.51236,39.19057],[-99.49364,39.19049],[-99.49366,39.23414]]],[[[-99.28869,39.27784],[-99.28891,39.17616],[-99.30767,39.1761],[-99.30772,39.19062],[-99.32638,39.19069],[-99.32609,39.26352],[-99.30752,39.26357],[-99.30745,39.27802],[-99.28869,39.27784]]],[[[-99.53098,39.26929],[-99.53098,39.26368],[-99.56833,39.26392],[-99.56819,39.27836],[-99.53079,39.27818],[-99.53098,39.26929]]],[[[-99.66084,39.30712],[-99.66101,39.29253],[-99.5866,39.29291],[-99.58679,39.27831],[-99.60519,39.27837],[-99.60533,39.26387],[-99.62416,39.26369],[-99.62413,39.27819],[-99.67976,39.27793],[-99.67947,39.30701],[-99.66084,39.30712]]],[[[-99.71639,39.30697],[-99.71643,39.29239],[-99.73506,39.29224],[-99.73516,39.30686],[-99.71639,39.30697]]],[[[-99.71639,39.30697],[-99.71619,39.32145],[-99.69772,39.32152],[-99.69833,39.30688],[-99.71639,39.30697]]],[[[-99.80819,39.37925],[-99.80853,39.36479],[-99.82731,39.36474],[-99.82699,39.37929],[-99.80819,39.37925]]],[[[-99.80819,39.37925],[-99.8081,39.40832],[-99.78947,39.40824],[-99.78973,39.37932],[-99.80819,39.37925]]],[[[-99.73218,39.43762],[-99.7136,39.43748],[-99.71391,39.423],[-99.73253,39.42278],[-99.73218,39.43762]]],[[[-99.73218,39.43762],[-99.75209,39.43737],[-99.7511,39.46665],[-99.73204,39.46659],[-99.73218,39.43762]]],[[[-99.42149,39.60347],[-99.42155,39.59628],[-99.44026,39.59639],[-99.44016,39.61081],[-99.42148,39.61086],[-99.42149,39.60347]]],[[[-99.69333,39.62514],[-99.53404,39.62544],[-99.53412,39.61107],[-99.47794,39.61108],[-99.47799,39.59662],[-99.45914,39.59637],[-99.45909,39.58184],[-99.55279,39.58196],[-99.55265,39.56741],[-99.52772,39.56749],[-99.52777,39.55336],[-99.49025,39.55311],[-99.49036,39.53881],[-99.47165,39.53897],[-99.47166,39.5534],[-99.45271,39.55349],[-99.45299,39.53897],[-99.4152,39.53892],[-99.41541,39.52444],[-99.43441,39.52467],[-99.43446,39.51014],[-99.50926,39.50995],[-99.50946,39.48099],[-99.49087,39.4811],[-99.49107,39.4665],[-99.5283,39.46639],[-99.52821,39.48103],[-99.54685,39.48101],[-99.5467,39.49556],[-99.52811,39.49561],[-99.52802,39.51006],[-99.56561,39.51004],[-99.56603,39.43757],[-99.58441,39.43759],[-99.58436,39.45211],[-99.60189,39.45215],[-99.60169,39.48103],[-99.62032,39.4811],[-99.6204,39.46704],[-99.67628,39.46621],[-99.67646,39.45184],[-99.7134,39.45197],[-99.71331,39.48096],[-99.69507,39.48092],[-99.6957,39.55328],[-99.71376,39.55335],[-99.71407,39.56737],[-99.70277,39.56739],[-99.70269,39.61063],[-99.72194,39.61057],[-99.72195,39.62502],[-99.69333,39.62514]]],[[[-99.90891,39.62487],[-99.90886,39.61018],[-99.9274,39.61053],[-99.92746,39.6251],[-99.90891,39.62487]]],[[[-99.72185,39.71176],[-99.72196,39.68286],[-99.75904,39.68289],[-99.7591,39.69731],[-99.74039,39.6973],[-99.74031,39.71189],[-99.72185,39.71176]]],[[[-99.66535,39.69752],[-99.66556,39.68316],[-99.70287,39.68313],[-99.70303,39.71205],[-99.68424,39.7123],[-99.68422,39.69779],[-99.66535,39.69752]]],[[[-99.56997,40.00002],[-99.57015,39.9875],[-99.58841,39.98756],[-99.58867,39.9731],[-99.60737,39.97319],[-99.60835,39.92957],[-99.62655,39.92947],[-99.62676,39.91496],[-99.32845,39.91498],[-99.32851,39.92947],[-99.29098,39.9294],[-99.29082,39.94386],[-99.23542,39.94381],[-99.23543,39.92931],[-99.21669,39.92957],[-99.21662,39.88612],[-99.23532,39.8859],[-99.23545,39.90039],[-99.2909,39.90041],[-99.29084,39.88604],[-99.30972,39.88603],[-99.30969,39.87153],[-99.34705,39.87157],[-99.34712,39.85711],[-99.3658,39.85709],[-99.3659,39.84269],[-99.38466,39.84277],[-99.38468,39.85718],[-99.4029,39.85718],[-99.40301,39.84277],[-99.44037,39.84279],[-99.44037,39.82833],[-99.4778,39.82841],[-99.47791,39.81382],[-99.5154,39.81397],[-99.51561,39.78502],[-99.55271,39.78493],[-99.55276,39.77045],[-99.62764,39.77021],[-99.62811,39.71221],[-99.6467,39.71224],[-99.64654,39.72666],[-99.66526,39.72653],[-99.66552,39.74111],[-99.64679,39.74115],[-99.64589,39.82813],[-99.68331,39.82822],[-99.68366,39.84248],[-99.72095,39.84249],[-99.72093,39.82808],[-99.75781,39.828],[-99.75793,39.81345],[-99.7766,39.81349],[-99.77649,39.828],[-99.81397,39.82783],[-99.81416,39.85657],[-99.79541,39.8569],[-99.79528,39.88573],[-99.77649,39.88566],[-99.77649,39.9002],[-99.75788,39.90043],[-99.75775,39.91466],[-99.73902,39.91466],[-99.73858,39.94366],[-99.72011,39.94356],[-99.71992,39.95811],[-99.7013,39.95817],[-99.70073,40.00187],[-99.56987,40.00201],[-99.56997,40.00002]]]]},"properties":{"OBJECTID":9,"wte_2022_2024_MANUAL":8,"name":"Water-table elevation: 2100 to 2200","classLabel":"2100 to 2200","color":"#dea06a","hasValue":true,"period":"2022\u20132024"}},{"type":"Feature","id":10,"geometry":{"type":"MultiPolygon","coordinates":[[[[-100.41575,37.01041],[-100.41573,37.00126],[-100.43377,37.0012],[-100.43387,37.01043],[-100.41575,37.01041]]],[[[-100.30771,37.0965],[-100.30741,37.08193],[-100.3437,37.08226],[-100.34375,37.09673],[-100.30771,37.0965]]],[[[-100.12698,37.19758],[-100.12676,37.18295],[-100.14524,37.18283],[-100.14524,37.16821],[-100.19974,37.16888],[-100.19986,37.19796],[-100.12698,37.19758]]],[[[-100.10952,37.24129],[-100.10905,37.1975],[-100.12698,37.19758],[-100.12765,37.24126],[-100.10952,37.24129]]],[[[-100.09163,37.25568],[-100.09145,37.24108],[-100.10952,37.24129],[-100.10981,37.25589],[-100.09163,37.25568]]],[[[-100.09163,37.25568],[-100.09166,37.27024],[-100.07354,37.26989],[-100.07345,37.25539],[-100.09163,37.25568]]],[[[-99.52018,37.45335],[-99.52001,37.46802],[-99.53807,37.46793],[-99.53829,37.45346],[-99.52018,37.45335],[-99.51968,37.42433],[-99.55577,37.42441],[-99.55572,37.40986],[-99.59207,37.40977],[-99.59204,37.39521],[-99.61016,37.39512],[-99.61005,37.38067],[-99.59784,37.38074],[-99.59798,37.36615],[-99.61612,37.36614],[-99.61675,37.3517],[-99.63429,37.35161],[-99.63393,37.3807],[-99.68264,37.38024],[-99.68299,37.40924],[-99.73729,37.40906],[-99.73754,37.42359],[-99.71935,37.4237],[-99.71977,37.45285],[-99.70154,37.4528],[-99.70169,37.46725],[-99.68345,37.46719],[-99.68363,37.48201],[-99.6654,37.48198],[-99.66562,37.49691],[-99.64761,37.4972],[-99.64832,37.54211],[-99.63013,37.54209],[-99.63064,37.57162],[-99.61229,37.57163],[-99.61416,37.70395],[-99.63252,37.70442],[-99.63283,37.74859],[-99.65116,37.7486],[-99.65062,37.82566],[-99.64356,37.82569],[-99.64361,37.85479],[-99.62508,37.85489],[-99.6252,37.8403],[-99.58889,37.84021],[-99.58851,37.86931],[-99.60687,37.86933],[-99.60663,37.94196],[-99.58827,37.94187],[-99.58824,37.95633],[-99.56983,37.95631],[-99.56981,37.97084],[-99.55153,37.97071],[-99.5516,37.95633],[-99.53301,37.95635],[-99.5332,37.94183],[-99.51473,37.94187],[-99.51464,37.92763],[-99.49641,37.92768],[-99.49623,37.8987],[-99.47798,37.89873],[-99.47832,37.85481],[-99.45995,37.8551],[-99.46172,37.82581],[-99.46856,37.82571],[-99.46842,37.80767],[-99.45034,37.80724],[-99.44913,37.64551],[-99.4314,37.64548],[-99.42955,37.49799],[-99.4477,37.49792],[-99.4477,37.48306],[-99.4659,37.48311],[-99.46589,37.46793],[-99.48404,37.46792],[-99.48396,37.4536],[-99.52018,37.45335]]],[[[-99.7527,37.98564],[-99.75276,37.97118],[-99.77108,37.97096],[-99.771,37.9855],[-99.7527,37.98564]]],[[[-99.66134,38.00449],[-99.66132,38.00024],[-99.6976,38.00036],[-99.69768,38.02933],[-99.67921,38.02928],[-99.67926,38.01485],[-99.6614,38.01468],[-99.66134,38.00449]]],[[[-99.80731,38.08744],[-99.80746,38.0729],[-99.8258,38.07309],[-99.826,38.05842],[-99.75262,38.05828],[-99.75274,38.04371],[-99.73436,38.04377],[-99.73441,38.0148],[-99.77107,38.01474],[-99.77108,38.00021],[-99.80794,38.0002],[-99.80795,38.01462],[-99.82624,38.01481],[-99.82603,38.02937],[-99.84434,38.02947],[-99.84431,38.04401],[-99.86253,38.04415],[-99.86256,38.07333],[-99.84447,38.07326],[-99.84398,38.1023],[-99.80734,38.10191],[-99.80731,38.08744]]],[[[-99.80714,38.16015],[-99.8073,38.11647],[-99.86231,38.11685],[-99.86243,38.08797],[-99.88065,38.08813],[-99.88064,38.10262],[-99.89843,38.10277],[-99.89861,38.11731],[-99.88065,38.11701],[-99.88066,38.14625],[-99.84389,38.14581],[-99.84371,38.16041],[-99.80714,38.16015]]],[[[-99.72442,38.94305],[-99.72434,38.91408],[-99.76175,38.91396],[-99.76181,38.9289],[-99.74295,38.92856],[-99.74303,38.94318],[-99.72442,38.94305]]],[[[-99.76181,38.9289],[-99.78001,38.92867],[-99.78004,38.94311],[-99.76137,38.9434],[-99.76181,38.9289]]],[[[-99.79673,39.0791],[-99.7969,39.07372],[-99.81519,39.07361],[-99.8148,39.08805],[-99.79645,39.08819],[-99.79673,39.0791]]],[[[-99.85196,39.07947],[-99.85209,39.07369],[-99.87044,39.0738],[-99.87021,39.08828],[-99.85172,39.08811],[-99.85196,39.07947]]],[[[-99.72442,38.94305],[-99.72342,39.00018],[-99.74201,39.00028],[-99.74178,39.01543],[-99.76029,39.0154],[-99.76029,39.04495],[-99.77885,39.04479],[-99.77774,39.08837],[-99.72226,39.08856],[-99.72214,39.10302],[-99.70335,39.10313],[-99.68548,39.10299],[-99.68573,39.08854],[-99.6484,39.08822],[-99.64811,39.1027],[-99.61092,39.10229],[-99.61122,39.08787],[-99.57475,39.08789],[-99.57491,39.07341],[-99.55637,39.07353],[-99.55777,39.00103],[-99.57614,39.00092],[-99.57636,38.98633],[-99.59425,38.98635],[-99.59447,38.97185],[-99.63163,38.97183],[-99.63127,38.9864],[-99.64989,38.98658],[-99.65082,38.94323],[-99.6879,38.94349],[-99.6878,38.95791],[-99.70591,38.95803],[-99.7059,38.94339],[-99.72442,38.94305]]],[[[-99.88451,39.29164],[-99.86578,39.29173],[-99.86587,39.27724],[-99.88446,39.27721],[-99.88451,39.29164]]],[[[-99.88462,39.3062],[-99.88451,39.29164],[-99.92192,39.29144],[-99.92194,39.30597],[-99.88462,39.3062]]],[[[-99.54971,39.19065],[-99.54967,39.20524],[-99.56822,39.20526],[-99.56823,39.19081],[-99.54971,39.19065],[-99.54943,39.17618],[-99.58669,39.17605],[-99.58707,39.19075],[-99.60533,39.19084],[-99.60521,39.17637],[-99.67973,39.17613],[-99.67976,39.16152],[-99.71685,39.16134],[-99.71676,39.17599],[-99.7543,39.17569],[-99.7544,39.19031],[-99.73554,39.19024],[-99.73495,39.2633],[-99.75353,39.26326],[-99.75353,39.2778],[-99.79144,39.27765],[-99.7911,39.3068],[-99.77233,39.30691],[-99.77218,39.32149],[-99.75349,39.32132],[-99.75366,39.30674],[-99.73516,39.30686],[-99.73506,39.29224],[-99.71643,39.29239],[-99.71639,39.30697],[-99.69833,39.30688],[-99.69772,39.32152],[-99.67896,39.32149],[-99.67976,39.27793],[-99.62413,39.27819],[-99.62416,39.26369],[-99.60533,39.26387],[-99.60519,39.27837],[-99.56819,39.27836],[-99.56833,39.26392],[-99.51237,39.26328],[-99.51243,39.23442],[-99.49366,39.23414],[-99.49364,39.19049],[-99.51236,39.19057],[-99.51239,39.16155],[-99.53105,39.16161],[-99.53102,39.19056],[-99.54971,39.19065]]],[[[-99.88462,39.3062],[-99.88417,39.32071],[-99.86565,39.321],[-99.86591,39.30636],[-99.88462,39.3062]]],[[[-99.8424,39.30654],[-99.84722,39.3065],[-99.84684,39.32106],[-99.82831,39.32128],[-99.82861,39.30672],[-99.8424,39.30654]]],[[[-100.01339,39.36373],[-100.01369,39.34939],[-100.03231,39.34947],[-100.03192,39.36378],[-100.01339,39.36373]]],[[[-99.92017,39.37861],[-99.92058,39.364],[-99.93907,39.36393],[-99.93865,39.37848],[-99.92017,39.37861]]],[[[-99.92017,39.37861],[-99.91984,39.3932],[-99.86393,39.39358],[-99.86345,39.52437],[-99.84476,39.52445],[-99.84463,39.55345],[-99.86339,39.55335],[-99.86333,39.56692],[-99.87145,39.56689],[-99.87108,39.59586],[-99.90896,39.59576],[-99.90897,39.58135],[-99.92751,39.58152],[-99.92755,39.59606],[-99.94625,39.59592],[-99.94626,39.61048],[-99.77793,39.61046],[-99.77795,39.596],[-99.75937,39.5961],[-99.75922,39.58161],[-99.72167,39.58164],[-99.72194,39.61057],[-99.70269,39.61063],[-99.70277,39.56739],[-99.71407,39.56737],[-99.71376,39.55335],[-99.6957,39.55328],[-99.69507,39.48092],[-99.71331,39.48096],[-99.7134,39.45197],[-99.73209,39.4521],[-99.73204,39.46659],[-99.7511,39.46665],[-99.75209,39.43737],[-99.73218,39.43762],[-99.73253,39.42278],[-99.71391,39.423],[-99.71419,39.40852],[-99.75214,39.40807],[-99.75221,39.42268],[-99.7707,39.42272],[-99.77083,39.4082],[-99.8081,39.40832],[-99.80819,39.37925],[-99.92017,39.37861]]],[[[-99.94593,39.62491],[-99.94626,39.61048],[-99.96499,39.61035],[-99.96485,39.59586],[-100.0211,39.59594],[-100.02092,39.61041],[-100.00227,39.61047],[-100.00209,39.62489],[-99.94593,39.62491]]],[[[-99.94593,39.62491],[-99.94604,39.63935],[-99.90883,39.63917],[-99.90882,39.66803],[-99.88998,39.66829],[-99.88952,39.7263],[-99.88961,39.74057],[-99.90867,39.74053],[-99.90837,39.75487],[-99.92729,39.75495],[-99.92706,39.76939],[-99.946,39.76944],[-99.94526,39.8421],[-99.92641,39.84218],[-99.92647,39.85669],[-99.90756,39.85677],[-99.90753,39.87125],[-99.88849,39.87121],[-99.8887,39.91452],[-99.86993,39.91453],[-99.86983,39.92896],[-99.88875,39.92903],[-99.88868,39.95802],[-99.90724,39.95802],[-99.90689,39.98698],[-99.92544,39.98705],[-99.92554,40.00159],[-99.88905,40.00159],[-99.88813,40.00002],[-99.88861,39.9724],[-99.85053,39.97253],[-99.85046,39.98713],[-99.81362,39.98668],[-99.81332,40.00153],[-99.70073,40.00187],[-99.7013,39.95817],[-99.71992,39.95811],[-99.72011,39.94356],[-99.73858,39.94366],[-99.73902,39.91466],[-99.75775,39.91466],[-99.75788,39.90043],[-99.77649,39.9002],[-99.77649,39.88566],[-99.79528,39.88573],[-99.79541,39.8569],[-99.81416,39.85657],[-99.81397,39.82783],[-99.77649,39.828],[-99.7766,39.81349],[-99.75793,39.81345],[-99.75781,39.828],[-99.72093,39.82808],[-99.72095,39.84249],[-99.70509,39.84252],[-99.68366,39.84248],[-99.68331,39.82822],[-99.64589,39.82813],[-99.64679,39.74115],[-99.66552,39.74111],[-99.66535,39.69752],[-99.68422,39.69779],[-99.68424,39.7123],[-99.70303,39.71205],[-99.70287,39.68313],[-99.72196,39.68286],[-99.72185,39.71176],[-99.74031,39.71189],[-99.74039,39.6973],[-99.81507,39.69714],[-99.8152,39.68269],[-99.85256,39.68279],[-99.85247,39.63935],[-99.87111,39.63922],[-99.87117,39.6248],[-99.94593,39.62491]]],[[[-99.98142,40.00001],[-99.98172,39.98714],[-100.03799,39.98706],[-100.03785,40.0017],[-99.98134,40.00165],[-99.98142,40.00001]]]]},"properties":{"OBJECTID":10,"wte_2022_2024_MANUAL":9,"name":"Water-table elevation: 2200 to 2300","classLabel":"2200 to 2300","color":"#e3a766","hasValue":true,"period":"2022\u20132024"}},{"type":"Feature","id":11,"geometry":{"type":"MultiPolygon","coordinates":[[[[-100.23633,37.37264],[-100.2364,37.35807],[-100.2182,37.35801],[-100.21825,37.34343],[-100.2,37.34343],[-100.19991,37.32887],[-100.10979,37.32899],[-100.07373,37.32819],[-100.07354,37.26989],[-100.09166,37.27024],[-100.09163,37.25568],[-100.10981,37.25589],[-100.10952,37.24129],[-100.12765,37.24126],[-100.12698,37.19758],[-100.19986,37.19796],[-100.19974,37.16888],[-100.25402,37.16914],[-100.25405,37.1838],[-100.27206,37.18388],[-100.27209,37.19842],[-100.29029,37.19868],[-100.29012,37.22733],[-100.30812,37.22748],[-100.30808,37.21301],[-100.32617,37.21298],[-100.32623,37.19827],[-100.30812,37.19834],[-100.30826,37.14012],[-100.2902,37.14014],[-100.2899,37.11103],[-100.30782,37.11101],[-100.30771,37.0965],[-100.34375,37.09673],[-100.34372,37.08691],[-100.3437,37.08226],[-100.30741,37.08193],[-100.30736,37.06767],[-100.32541,37.06785],[-100.32535,37.05323],[-100.36154,37.0535],[-100.36126,37.03907],[-100.41564,37.03956],[-100.41575,37.01041],[-100.43387,37.01043],[-100.43377,37.0012],[-100.57835,37.00042],[-100.57876,37.03936],[-100.56041,37.03935],[-100.56074,37.05378],[-100.54298,37.05394],[-100.54319,37.06827],[-100.52515,37.06833],[-100.52538,37.09723],[-100.50737,37.0972],[-100.50754,37.11178],[-100.48918,37.11171],[-100.48916,37.12623],[-100.4711,37.12612],[-100.47113,37.14067],[-100.45296,37.14064],[-100.45297,37.15516],[-100.43498,37.15503],[-100.43495,37.16953],[-100.41677,37.1692],[-100.41682,37.18374],[-100.39898,37.1838],[-100.39887,37.19832],[-100.38062,37.19832],[-100.38067,37.21275],[-100.36265,37.21292],[-100.36255,37.22753],[-100.34444,37.22745],[-100.34443,37.24191],[-100.32629,37.24201],[-100.32655,37.29998],[-100.34466,37.29998],[-100.34472,37.34341],[-100.32656,37.34347],[-100.32649,37.358],[-100.30839,37.35808],[-100.30852,37.38723],[-100.23643,37.38729],[-100.23633,37.37264]]],[[[-100.25261,37.43102],[-100.23462,37.43115],[-100.23452,37.41656],[-100.25263,37.41657],[-100.25261,37.43102]]],[[[-100.18021,37.47512],[-100.18022,37.46056],[-100.19831,37.4608],[-100.19839,37.47522],[-100.18021,37.47512]]],[[[-99.97306,37.91311],[-99.89971,37.91337],[-99.89978,37.89882],[-99.97301,37.8985],[-99.97306,37.91311]]],[[[-99.77929,37.97103],[-99.75276,37.97118],[-99.75283,37.9421],[-99.69789,37.94225],[-99.69791,37.9278],[-99.67963,37.9278],[-99.67969,37.91336],[-99.66153,37.91319],[-99.66177,37.88406],[-99.64355,37.88392],[-99.64356,37.82569],[-99.65062,37.82566],[-99.65116,37.7486],[-99.63283,37.74859],[-99.63252,37.70442],[-99.61416,37.70395],[-99.61229,37.57163],[-99.63064,37.57162],[-99.63013,37.54209],[-99.64832,37.54211],[-99.64761,37.4972],[-99.66562,37.49691],[-99.6654,37.48198],[-99.68363,37.48201],[-99.68345,37.46719],[-99.70169,37.46725],[-99.70154,37.4528],[-99.71977,37.45285],[-99.71935,37.4237],[-99.75573,37.42358],[-99.75593,37.43822],[-99.77408,37.43806],[-99.7735,37.39401],[-99.79228,37.39499],[-99.79202,37.38079],[-99.79691,37.38094],[-99.79728,37.36698],[-99.83413,37.36777],[-99.83419,37.35326],[-99.92476,37.35429],[-99.92453,37.33973],[-99.98188,37.3409],[-99.9818,37.35554],[-99.94469,37.35495],[-99.9446,37.36951],[-99.92532,37.36902],[-99.92585,37.38384],[-99.92217,37.3838],[-99.92225,37.39837],[-99.90382,37.39797],[-99.90408,37.44902],[-99.90601,37.45611],[-99.90649,37.50003],[-99.88822,37.49961],[-99.8882,37.5438],[-99.90648,37.54421],[-99.90632,37.57383],[-99.9246,37.57407],[-99.9247,37.69166],[-99.90663,37.69144],[-99.90602,37.76437],[-99.88774,37.7643],[-99.88739,37.79337],[-99.86941,37.79311],[-99.86969,37.77861],[-99.85146,37.77852],[-99.85159,37.76396],[-99.83316,37.76379],[-99.83292,37.79294],[-99.81483,37.7925],[-99.81467,37.80704],[-99.8328,37.80741],[-99.83313,37.82583],[-99.84473,37.82584],[-99.84506,37.91309],[-99.80837,37.91317],[-99.80829,37.94207],[-99.78993,37.94207],[-99.78982,37.97105],[-99.77929,37.97103]]],[[[-99.95408,38.05894],[-99.86256,38.05877],[-99.86253,38.04415],[-99.84431,38.04401],[-99.84434,38.02947],[-99.82603,38.02937],[-99.82624,38.01481],[-99.80795,38.01462],[-99.80815,37.97115],[-99.82645,37.97124],[-99.82657,37.94215],[-99.86322,37.94227],[-99.86334,37.91323],[-99.88161,37.91327],[-99.88137,37.95714],[-99.89959,37.95714],[-99.89943,37.98637],[-99.91781,37.98615],[-99.91766,38.0154],[-99.9546,38.015],[-99.95452,38.02966],[-99.97279,38.02966],[-99.97246,38.05883],[-99.95408,38.05894]]],[[[-99.89459,38.71883],[-99.89473,38.71094],[-99.87611,38.71098],[-99.8763,38.69647],[-99.86174,38.6965],[-99.86344,38.62491],[-99.88193,38.62479],[-99.88231,38.61027],[-99.90073,38.61014],[-99.90072,38.59553],[-99.93711,38.59532],[-99.93718,38.60976],[-99.91868,38.60994],[-99.91701,38.69637],[-99.91343,38.69637],[-99.91317,38.71093],[-99.93162,38.71095],[-99.93135,38.72541],[-99.89445,38.72555],[-99.89459,38.71883]]],[[[-100.03243,39.33491],[-99.92128,39.33494],[-99.92159,39.32043],[-99.88417,39.32071],[-99.88462,39.3062],[-99.92194,39.30597],[-99.92192,39.29144],[-99.88451,39.29164],[-99.88446,39.27721],[-99.86587,39.27724],[-99.86578,39.29173],[-99.84737,39.29183],[-99.84722,39.3065],[-99.82861,39.30672],[-99.82831,39.32128],[-99.80942,39.32131],[-99.8098,39.30669],[-99.7911,39.3068],[-99.79144,39.27765],[-99.75353,39.2778],[-99.75353,39.26326],[-99.73495,39.2633],[-99.73554,39.19024],[-99.77305,39.19046],[-99.77296,39.1759],[-99.7543,39.17569],[-99.75427,39.1611],[-99.86637,39.16116],[-99.86631,39.14666],[-99.88455,39.14663],[-99.88438,39.1321],[-99.94321,39.13205],[-99.94393,39.10271],[-99.92548,39.10255],[-99.92582,39.08811],[-99.90756,39.08804],[-99.90782,39.0591],[-99.88928,39.05945],[-99.88901,39.07381],[-99.85209,39.07369],[-99.85172,39.08811],[-99.8148,39.08805],[-99.81519,39.07361],[-99.7969,39.07372],[-99.79645,39.08819],[-99.77774,39.08837],[-99.77885,39.04479],[-99.76029,39.04495],[-99.76029,39.0154],[-99.74178,39.01543],[-99.74201,39.00028],[-99.72342,39.00018],[-99.72442,38.94305],[-99.74303,38.94318],[-99.74295,38.92856],[-99.76181,38.9289],[-99.76137,38.9434],[-99.81706,38.94306],[-99.81722,38.9286],[-99.79876,38.92868],[-99.79877,38.91414],[-99.76175,38.91396],[-99.76169,38.89941],[-99.72448,38.89966],[-99.72479,38.87094],[-99.74337,38.87092],[-99.74398,38.85627],[-99.8182,38.85593],[-99.8179,38.87053],[-99.9104,38.87052],[-99.91013,38.89939],[-99.92836,38.89946],[-99.92817,38.91399],[-99.94654,38.91385],[-99.94654,38.92839],[-99.96501,38.92839],[-99.96495,38.95771],[-99.9835,38.95766],[-99.983,39.02258],[-99.98114,39.10284],[-99.9625,39.10273],[-99.96192,39.13209],[-99.98054,39.132],[-99.98076,39.11728],[-100.01801,39.11741],[-100.01837,39.10288],[-100.07293,39.10301],[-100.07303,39.11754],[-100.09211,39.11754],[-100.09205,39.1317],[-100.01496,39.13198],[-100.01493,39.14633],[-100.03354,39.14644],[-100.03338,39.16079],[-99.99629,39.16091],[-99.9965,39.17535],[-99.97781,39.1754],[-99.97776,39.18991],[-99.95921,39.19],[-99.95926,39.21898],[-99.97784,39.21895],[-99.97745,39.27689],[-99.996,39.27687],[-99.99579,39.30577],[-100.01444,39.30584],[-100.01419,39.32034],[-100.03271,39.32035],[-100.03243,39.33491]]],[[[-100.12551,39.34945],[-100.19996,39.34963],[-100.19987,39.36408],[-100.12525,39.36366],[-100.12551,39.34945]]],[[[-100.06934,39.36367],[-100.06953,39.34939],[-100.03231,39.34947],[-100.03243,39.33491],[-100.12561,39.335],[-100.12551,39.34945],[-100.10661,39.34923],[-100.10689,39.37836],[-100.08759,39.3783],[-100.08787,39.36361],[-100.06934,39.36367]]],[[[-100.06934,39.36367],[-100.06933,39.3783],[-100.05081,39.37836],[-100.05053,39.45088],[-100.03126,39.45084],[-100.03124,39.49454],[-100.05036,39.49449],[-100.05046,39.52347],[-100.06936,39.52354],[-100.06928,39.53802],[-100.1063,39.53785],[-100.10625,39.5524],[-100.14357,39.55238],[-100.14342,39.56707],[-100.15272,39.56707],[-100.15267,39.5815],[-100.17123,39.58163],[-100.17124,39.61053],[-100.15251,39.61031],[-100.15259,39.63935],[-100.13427,39.63933],[-100.13379,39.68277],[-100.15252,39.68263],[-100.1526,39.69712],[-100.18004,39.69742],[-100.18013,39.71193],[-100.19877,39.71185],[-100.19884,39.75518],[-100.1801,39.75508],[-100.18004,39.78399],[-100.17109,39.78393],[-100.17103,39.79838],[-100.13333,39.79855],[-100.13332,39.81303],[-100.09601,39.81316],[-100.09566,39.8276],[-100.07677,39.82765],[-100.07632,39.87137],[-100.09512,39.87122],[-100.095,39.88572],[-100.1139,39.88554],[-100.11374,39.9],[-100.15137,39.90012],[-100.15142,39.91449],[-100.17906,39.91427],[-100.17883,39.92871],[-100.273,39.92927],[-100.27285,39.94377],[-100.29054,39.94388],[-100.29015,40.00181],[-100.03785,40.0017],[-100.03799,39.98706],[-99.98172,39.98714],[-99.98134,40.00165],[-99.92554,40.00159],[-99.92544,39.98705],[-99.90689,39.98698],[-99.90724,39.95802],[-99.88868,39.95802],[-99.88875,39.92903],[-99.86983,39.92896],[-99.86993,39.91453],[-99.8887,39.91452],[-99.88849,39.87121],[-99.90753,39.87125],[-99.90756,39.85677],[-99.92647,39.85669],[-99.92641,39.84218],[-99.94526,39.8421],[-99.946,39.76944],[-99.92706,39.76939],[-99.92729,39.75495],[-99.90837,39.75487],[-99.90867,39.74053],[-99.88961,39.74057],[-99.88998,39.66829],[-99.90882,39.66803],[-99.90883,39.63917],[-99.94604,39.63935],[-99.94593,39.62491],[-100.00209,39.62489],[-100.00227,39.61047],[-100.02092,39.61041],[-100.0211,39.59594],[-99.92755,39.59606],[-99.92751,39.58152],[-99.90914,39.58135],[-99.90896,39.59576],[-99.87108,39.59586],[-99.87145,39.56689],[-99.86333,39.56692],[-99.86339,39.55335],[-99.84463,39.55345],[-99.84476,39.52445],[-99.86345,39.52437],[-99.86393,39.39358],[-99.91984,39.3932],[-99.92017,39.37861],[-99.95735,39.37838],[-99.97593,39.3784],[-99.97568,39.393],[-99.99436,39.39299],[-99.99458,39.37839],[-100.01313,39.37831],[-100.01339,39.36373],[-100.06934,39.36367]]]]},"properties":{"OBJECTID":11,"wte_2022_2024_MANUAL":10,"name":"Water-table elevation: 2300 to 2400","classLabel":"2300 to 2400","color":"#ebb26c","hasValue":true,"period":"2022\u20132024"}},{"type":"Feature","id":12,"geometry":{"type":"MultiPolygon","coordinates":[[[[-100.28823,37.78103],[-100.28812,37.75181],[-100.30583,37.75187],[-100.30601,37.73725],[-100.37891,37.73735],[-100.37893,37.72285],[-100.39723,37.72279],[-100.39718,37.7519],[-100.37892,37.75192],[-100.37879,37.76639],[-100.36067,37.76626],[-100.36049,37.78092],[-100.28823,37.78103]]],[[[-100.11694,38.01502],[-100.10031,38.01502],[-100.10031,38.02955],[-100.00946,38.02941],[-100.00921,38.04386],[-99.99104,38.0441],[-99.99094,38.05868],[-99.97246,38.05883],[-99.97279,38.02966],[-99.95452,38.02966],[-99.9546,38.015],[-99.91766,38.0154],[-99.91781,37.98615],[-99.89943,37.98637],[-99.89959,37.95714],[-99.88137,37.95714],[-99.88161,37.91327],[-99.97306,37.91311],[-99.97301,37.8985],[-99.91814,37.8988],[-99.9179,37.88424],[-99.93617,37.88406],[-99.93616,37.86951],[-99.99122,37.86935],[-99.99111,37.82594],[-99.90539,37.82599],[-99.90548,37.80802],[-99.88725,37.80795],[-99.88774,37.7643],[-99.90602,37.76437],[-99.90663,37.69144],[-99.9247,37.69166],[-99.9246,37.57407],[-99.90632,37.57383],[-99.90648,37.54421],[-99.8882,37.5438],[-99.88822,37.49961],[-99.90649,37.50003],[-99.90601,37.45611],[-99.90408,37.44902],[-99.90382,37.39797],[-99.92225,37.39837],[-99.92217,37.3838],[-99.92585,37.38384],[-99.92532,37.36902],[-99.9446,37.36951],[-99.94469,37.35495],[-99.9818,37.35554],[-99.98188,37.3409],[-100.0371,37.34205],[-100.03713,37.35672],[-100.05579,37.35717],[-100.05558,37.38632],[-100.07058,37.3866],[-100.07069,37.41584],[-100.08907,37.41606],[-100.08902,37.38691],[-100.0916,37.38693],[-100.09172,37.32856],[-100.19991,37.32887],[-100.2,37.34343],[-100.21825,37.34343],[-100.2182,37.35801],[-100.2364,37.35807],[-100.23643,37.38729],[-100.30852,37.38723],[-100.30839,37.35808],[-100.32649,37.358],[-100.32656,37.34347],[-100.34472,37.34341],[-100.34466,37.29998],[-100.32655,37.29998],[-100.32629,37.24201],[-100.34443,37.24191],[-100.34444,37.22745],[-100.36255,37.22753],[-100.36265,37.21292],[-100.38067,37.21275],[-100.38062,37.19832],[-100.39887,37.19832],[-100.39898,37.1838],[-100.41682,37.18374],[-100.41677,37.1692],[-100.43495,37.16953],[-100.43498,37.15503],[-100.45297,37.15516],[-100.45296,37.14064],[-100.47113,37.14067],[-100.4711,37.12612],[-100.48916,37.12623],[-100.48918,37.11171],[-100.50754,37.11178],[-100.50737,37.0972],[-100.52538,37.09723],[-100.52515,37.06833],[-100.54319,37.06827],[-100.54298,37.05394],[-100.56074,37.05378],[-100.56041,37.03935],[-100.57876,37.03936],[-100.57835,37.00042],[-100.72372,36.9996],[-100.72452,37.06792],[-100.74185,37.06796],[-100.74184,37.08238],[-100.72474,37.08232],[-100.72631,37.12611],[-100.70828,37.12618],[-100.70787,37.15517],[-100.68986,37.15524],[-100.68981,37.18432],[-100.67169,37.18447],[-100.67154,37.25712],[-100.65337,37.25723],[-100.65296,37.32964],[-100.6348,37.32956],[-100.6341,37.37305],[-100.59841,37.37307],[-100.59811,37.38754],[-100.57988,37.38755],[-100.57978,37.40213],[-100.54335,37.40203],[-100.54334,37.41655],[-100.50701,37.41652],[-100.50692,37.44558],[-100.48861,37.44559],[-100.48849,37.46027],[-100.47031,37.46021],[-100.47018,37.47479],[-100.45198,37.47481],[-100.45202,37.48926],[-100.41594,37.48922],[-100.4159,37.50378],[-100.39789,37.50369],[-100.39793,37.51847],[-100.36123,37.51854],[-100.36126,37.50391],[-100.28887,37.50432],[-100.28882,37.53334],[-100.27052,37.53331],[-100.27037,37.56253],[-100.25206,37.56254],[-100.25208,37.5771],[-100.27022,37.57705],[-100.27008,37.60629],[-100.25194,37.60624],[-100.25181,37.62085],[-100.2336,37.62089],[-100.23354,37.63549],[-100.21526,37.63544],[-100.21519,37.65001],[-100.19761,37.64994],[-100.19724,37.67895],[-100.21505,37.67905],[-100.2149,37.72253],[-100.23307,37.72254],[-100.2331,37.75155],[-100.25147,37.75171],[-100.25151,37.79539],[-100.23328,37.79532],[-100.23327,37.80986],[-100.16075,37.80973],[-100.16084,37.79516],[-100.14256,37.79513],[-100.14258,37.80969],[-100.08817,37.80942],[-100.08811,37.82617],[-100.06411,37.82607],[-100.06409,37.85516],[-100.08248,37.85509],[-100.08247,37.88409],[-100.06409,37.88398],[-100.06408,37.89848],[-100.04581,37.89842],[-100.04565,37.86949],[-100.02749,37.86948],[-100.02747,37.88399],[-100.00928,37.88393],[-100.00943,37.89838],[-99.9915,37.89839],[-99.99149,37.91305],[-100.00939,37.91305],[-100.00937,37.92749],[-100.04584,37.92773],[-100.04583,37.91315],[-100.10053,37.91329],[-100.10062,37.94231],[-100.11741,37.9424],[-100.11694,38.01502]]],[[[-100.19839,37.47522],[-100.19831,37.4608],[-100.18022,37.46056],[-100.18021,37.47512],[-100.19839,37.47522]]],[[[-100.25267,37.42311],[-100.25263,37.41657],[-100.23452,37.41656],[-100.23462,37.43115],[-100.25261,37.43102],[-100.25267,37.42311]]],[[[-100.52594,37.33694],[-100.52604,37.32932],[-100.50771,37.32942],[-100.50769,37.344],[-100.52584,37.34383],[-100.52594,37.33694]]],[[[-100.10031,38.02955],[-100.11684,38.02953],[-100.11694,38.01502],[-100.13544,38.0151],[-100.13485,38.08761],[-100.11651,38.08763],[-100.11658,38.07296],[-100.10027,38.0728],[-100.10031,38.02955]]],[[[-100.1561,38.53758],[-100.15583,38.52329],[-100.19246,38.5232],[-100.19272,38.53766],[-100.1561,38.53758]]],[[[-100.11688,38.70418],[-100.11714,38.69702],[-100.09854,38.69681],[-100.09814,38.71127],[-100.07994,38.71101],[-100.08013,38.69666],[-100.04306,38.69627],[-100.04278,38.71084],[-100.00559,38.71085],[-100.00596,38.6963],[-99.96906,38.69631],[-99.9688,38.71085],[-99.95021,38.7109],[-99.9505,38.69635],[-99.93194,38.69638],[-99.93162,38.71095],[-99.91317,38.71093],[-99.91343,38.69637],[-99.91701,38.69637],[-99.91868,38.60994],[-99.93718,38.60976],[-99.93711,38.59532],[-99.95548,38.59512],[-99.95573,38.6094],[-100.02908,38.60939],[-100.02869,38.62385],[-100.0475,38.6236],[-100.04767,38.60952],[-100.08464,38.60976],[-100.08304,38.68218],[-100.13635,38.68262],[-100.13533,38.71172],[-100.11669,38.71155],[-100.11688,38.70418]]],[[[-100.15326,38.72634],[-100.15356,38.71193],[-100.17209,38.71203],[-100.17182,38.72647],[-100.15326,38.72634]]],[[[-100.00511,38.73984],[-100.0053,38.72531],[-100.02391,38.7253],[-100.02366,38.73985],[-100.00511,38.73984]]],[[[-100.13194,38.92915],[-100.13212,38.91456],[-100.1883,38.91507],[-100.1878,38.92944],[-100.16932,38.92936],[-100.1694,38.94395],[-100.15052,38.94384],[-100.15078,38.92937],[-100.13194,38.92915]]],[[[-100.1878,38.92944],[-100.20641,38.92955],[-100.20606,38.94407],[-100.18761,38.944],[-100.1878,38.92944]]],[[[-100.13194,38.92915],[-100.13018,39.01628],[-100.13012,39.0599],[-100.14851,39.05997],[-100.14841,39.0888],[-100.16709,39.08887],[-100.16673,39.11784],[-100.18533,39.11772],[-100.18469,39.13211],[-100.20166,39.13219],[-100.20153,39.14673],[-100.1828,39.14657],[-100.18274,39.1611],[-100.16429,39.16096],[-100.16396,39.18996],[-100.14528,39.18996],[-100.14504,39.23352],[-100.12637,39.23352],[-100.12628,39.24816],[-100.14504,39.2481],[-100.14504,39.26256],[-100.18203,39.26248],[-100.18192,39.27693],[-100.20063,39.27714],[-100.20044,39.29158],[-100.23749,39.29163],[-100.2373,39.30615],[-100.25589,39.30605],[-100.25578,39.3206],[-100.27447,39.32055],[-100.27447,39.33507],[-100.29322,39.33501],[-100.29315,39.34954],[-100.31164,39.34969],[-100.31164,39.3785],[-100.29302,39.37844],[-100.29313,39.43662],[-100.27449,39.43655],[-100.27441,39.48001],[-100.25612,39.47997],[-100.25565,39.52352],[-100.274,39.52353],[-100.27368,39.55253],[-100.29242,39.55262],[-100.29228,39.56758],[-100.29284,39.56758],[-100.2921,39.61096],[-100.31086,39.61097],[-100.31084,39.65433],[-100.32974,39.65441],[-100.32957,39.77014],[-100.3482,39.77014],[-100.34825,39.79918],[-100.36674,39.7993],[-100.36663,39.8138],[-100.40351,39.81391],[-100.40341,39.82832],[-100.42222,39.82827],[-100.42194,39.8429],[-100.44074,39.84278],[-100.44078,39.91505],[-100.42193,39.91513],[-100.4217,39.95846],[-100.40272,39.95853],[-100.40262,39.97298],[-100.42159,39.97304],[-100.42124,40.00189],[-100.29015,40.00181],[-100.29054,39.94388],[-100.27285,39.94377],[-100.273,39.92927],[-100.17883,39.92871],[-100.17906,39.91427],[-100.15142,39.91449],[-100.15137,39.90012],[-100.11374,39.9],[-100.1139,39.88554],[-100.095,39.88572],[-100.09512,39.87122],[-100.07632,39.87137],[-100.07677,39.82765],[-100.09566,39.8276],[-100.09601,39.81316],[-100.13332,39.81303],[-100.13333,39.79855],[-100.17103,39.79838],[-100.17109,39.78393],[-100.18004,39.78399],[-100.1801,39.75508],[-100.19884,39.75518],[-100.19877,39.71185],[-100.18013,39.71193],[-100.18004,39.69742],[-100.1526,39.69712],[-100.15252,39.68263],[-100.13379,39.68277],[-100.13427,39.63933],[-100.15259,39.63935],[-100.15251,39.61031],[-100.17124,39.61053],[-100.17123,39.58163],[-100.15267,39.5815],[-100.15272,39.56707],[-100.14342,39.56707],[-100.14357,39.55238],[-100.10625,39.5524],[-100.1063,39.53785],[-100.06928,39.53802],[-100.06936,39.52354],[-100.05046,39.52347],[-100.05036,39.49449],[-100.03124,39.49454],[-100.03126,39.45084],[-100.05053,39.45088],[-100.05081,39.37836],[-100.06933,39.3783],[-100.06934,39.36367],[-100.08787,39.36361],[-100.08759,39.3783],[-100.10689,39.37836],[-100.10655,39.36355],[-100.19987,39.36408],[-100.19996,39.34963],[-100.12551,39.34945],[-100.12561,39.335],[-100.03243,39.33491],[-100.03271,39.32035],[-100.01419,39.32034],[-100.01444,39.30584],[-99.99579,39.30577],[-99.996,39.27687],[-99.97745,39.27689],[-99.97784,39.21895],[-99.95926,39.21898],[-99.95921,39.19],[-99.97776,39.18991],[-99.97781,39.1754],[-99.9965,39.17535],[-99.99629,39.16091],[-100.03338,39.16079],[-100.03354,39.14644],[-100.01493,39.14633],[-100.01496,39.13198],[-100.09205,39.1317],[-100.09211,39.11754],[-100.07303,39.11754],[-100.07293,39.10301],[-99.98114,39.10284],[-99.983,39.02258],[-99.9835,38.95766],[-99.96495,38.95771],[-99.96501,38.92839],[-99.94654,38.92839],[-99.94654,38.91385],[-100.03935,38.91405],[-100.03904,38.92853],[-100.0576,38.9286],[-100.05741,38.94313],[-100.09444,38.94364],[-100.09474,38.92911],[-100.13194,38.92915]]],[[[-100.12542,39.10331],[-100.12984,39.10338],[-100.13018,39.08883],[-100.11047,39.08865],[-100.11055,39.10315],[-100.12542,39.10331]]],[[[-100.12956,39.12501],[-100.12946,39.13199],[-100.14802,39.13215],[-100.14808,39.11779],[-100.12963,39.11781],[-100.12956,39.12501]]]]},"properties":{"OBJECTID":12,"wte_2022_2024_MANUAL":11,"name":"Water-table elevation: 2400 to 2500","classLabel":"2400 to 2500","color":"#f2c074","hasValue":true,"period":"2022\u20132024"}},{"type":"Feature","id":13,"geometry":{"type":"MultiPolygon","coordinates":[[[[-100.50775,37.33665],[-100.50771,37.32942],[-100.52604,37.32932],[-100.52584,37.34383],[-100.50769,37.344],[-100.50775,37.33665]]],[[[-100.13485,38.08761],[-100.13544,38.0151],[-100.11694,38.01502],[-100.11741,37.9424],[-100.10062,37.94231],[-100.10067,37.86969],[-100.08245,37.86958],[-100.08248,37.85509],[-100.06409,37.85516],[-100.06411,37.82607],[-100.08811,37.82617],[-100.08817,37.80942],[-100.14258,37.80969],[-100.14256,37.79513],[-100.16084,37.79516],[-100.16075,37.80973],[-100.23327,37.80986],[-100.23328,37.79532],[-100.25151,37.79539],[-100.25147,37.75171],[-100.2331,37.75155],[-100.23307,37.72254],[-100.2149,37.72253],[-100.21505,37.67905],[-100.19724,37.67895],[-100.19761,37.64994],[-100.21519,37.65001],[-100.21526,37.63544],[-100.23354,37.63549],[-100.2336,37.62089],[-100.25181,37.62085],[-100.25194,37.60624],[-100.27008,37.60629],[-100.27016,37.59161],[-100.2885,37.59155],[-100.28849,37.60649],[-100.32475,37.60624],[-100.32475,37.5916],[-100.36125,37.59144],[-100.3612,37.60608],[-100.37944,37.60603],[-100.37949,37.59144],[-100.39758,37.59139],[-100.39773,37.57681],[-100.41584,37.5768],[-100.41579,37.54752],[-100.39786,37.5476],[-100.39789,37.50369],[-100.4159,37.50378],[-100.41594,37.48922],[-100.45202,37.48926],[-100.45198,37.47481],[-100.47018,37.47479],[-100.47031,37.46021],[-100.48849,37.46027],[-100.48861,37.44559],[-100.50692,37.44558],[-100.50701,37.41652],[-100.54334,37.41655],[-100.54335,37.40203],[-100.57978,37.40213],[-100.57988,37.38755],[-100.59811,37.38754],[-100.59841,37.37307],[-100.6341,37.37305],[-100.6348,37.32956],[-100.65296,37.32964],[-100.65337,37.25723],[-100.67154,37.25712],[-100.67169,37.18447],[-100.68981,37.18432],[-100.68986,37.15524],[-100.70787,37.15517],[-100.70828,37.12618],[-100.72631,37.12611],[-100.72474,37.08232],[-100.74184,37.08238],[-100.74185,37.06796],[-100.72452,37.06792],[-100.72372,36.9996],[-100.85002,36.99894],[-100.84981,37.03973],[-100.86771,37.0397],[-100.86803,37.08342],[-100.88627,37.08346],[-100.88635,37.14136],[-100.90455,37.14122],[-100.90474,37.18456],[-100.92298,37.18468],[-100.92297,37.24268],[-100.90494,37.24303],[-100.90532,37.34444],[-100.92332,37.34451],[-100.92351,37.37339],[-100.94186,37.37335],[-100.94208,37.3878],[-100.96197,37.3878],[-100.96199,37.40232],[-100.98018,37.40234],[-100.9802,37.4169],[-100.99861,37.41693],[-100.99837,37.44594],[-101.0167,37.44602],[-101.01659,37.47509],[-101.03489,37.47508],[-101.03494,37.48952],[-101.0533,37.4896],[-101.05393,37.56209],[-101.03576,37.56209],[-101.03591,37.59111],[-101.01741,37.59112],[-101.01733,37.60567],[-100.99915,37.60563],[-100.99906,37.62036],[-100.98082,37.62032],[-100.98076,37.63498],[-100.96208,37.635],[-100.96211,37.66405],[-100.94395,37.66406],[-100.94375,37.70763],[-100.92585,37.70757],[-100.92601,37.72242],[-100.90738,37.72208],[-100.90741,37.73677],[-100.88913,37.73675],[-100.88915,37.76593],[-100.85283,37.76589],[-100.8528,37.78052],[-100.74326,37.78038],[-100.74313,37.79497],[-100.67002,37.795],[-100.66986,37.80971],[-100.65179,37.80968],[-100.65169,37.82877],[-100.64677,37.82877],[-100.64693,37.84326],[-100.62873,37.84329],[-100.62858,37.85742],[-100.55567,37.85702],[-100.55557,37.87142],[-100.53761,37.87141],[-100.53762,37.88586],[-100.51928,37.88587],[-100.51914,37.90023],[-100.50108,37.90017],[-100.50097,37.91453],[-100.48276,37.91438],[-100.48266,37.92878],[-100.44632,37.92859],[-100.44614,37.94318],[-100.42829,37.94317],[-100.42831,37.92868],[-100.33684,37.92876],[-100.3366,37.95774],[-100.31855,37.9576],[-100.31832,37.98666],[-100.30005,37.98662],[-100.29944,38.04467],[-100.26272,38.04468],[-100.2625,38.05906],[-100.24426,38.05906],[-100.24391,38.07351],[-100.22573,38.07358],[-100.22556,38.088],[-100.18958,38.08776],[-100.18969,38.07335],[-100.17136,38.0733],[-100.17134,38.10227],[-100.13492,38.10202],[-100.13485,38.08761]]],[[[-100.36049,37.78092],[-100.36067,37.76626],[-100.37879,37.76639],[-100.37892,37.75192],[-100.39718,37.7519],[-100.39723,37.72279],[-100.37893,37.72285],[-100.37891,37.73735],[-100.30601,37.73725],[-100.30583,37.75187],[-100.28812,37.75181],[-100.28823,37.78103],[-100.36049,37.78092]]],[[[-100.50681,37.62037],[-100.50678,37.60591],[-100.48861,37.60596],[-100.48851,37.62038],[-100.50681,37.62037]]],[[[-100.26703,38.61045],[-100.24848,38.61036],[-100.24815,38.59592],[-100.28485,38.59621],[-100.28468,38.58158],[-100.26644,38.58148],[-100.26624,38.56698],[-100.24776,38.56678],[-100.24757,38.5523],[-100.21106,38.55229],[-100.21085,38.50872],[-100.19273,38.50863],[-100.19246,38.5232],[-100.1374,38.52325],[-100.13745,38.50838],[-100.15568,38.50842],[-100.15512,38.47955],[-100.17369,38.47946],[-100.17331,38.46493],[-100.19204,38.4652],[-100.19149,38.45074],[-100.22836,38.45076],[-100.22804,38.43628],[-100.24642,38.43629],[-100.24654,38.45076],[-100.30198,38.45137],[-100.30408,38.62516],[-100.28551,38.62491],[-100.28539,38.61052],[-100.26703,38.61045]]],[[[-100.11653,38.71877],[-100.11669,38.71155],[-100.13533,38.71172],[-100.13635,38.68262],[-100.08304,38.68218],[-100.08495,38.59528],[-100.15636,38.5956],[-100.15646,38.61013],[-100.17489,38.61019],[-100.17485,38.59565],[-100.21171,38.59595],[-100.21198,38.61028],[-100.23053,38.61031],[-100.22977,38.66839],[-100.22833,38.69786],[-100.20941,38.69784],[-100.20914,38.71235],[-100.19066,38.71231],[-100.19098,38.69774],[-100.17246,38.69753],[-100.17209,38.71203],[-100.15356,38.71193],[-100.15326,38.72634],[-100.11635,38.72606],[-100.11653,38.71877]]],[[[-100.39028,38.97425],[-100.37177,38.97444],[-100.37189,38.95992],[-100.39019,38.9599],[-100.39028,38.97425]]],[[[-100.40268,39.96573],[-100.40272,39.95853],[-100.4217,39.95846],[-100.42193,39.91513],[-100.44078,39.91505],[-100.44074,39.84278],[-100.42194,39.8429],[-100.42222,39.82827],[-100.40341,39.82832],[-100.40351,39.81391],[-100.38521,39.81389],[-100.38524,39.79929],[-100.40355,39.79935],[-100.40368,39.78485],[-100.36685,39.78488],[-100.36674,39.7993],[-100.34825,39.79918],[-100.3482,39.77014],[-100.32957,39.77014],[-100.32974,39.65441],[-100.31084,39.65433],[-100.31086,39.61097],[-100.2921,39.61096],[-100.29284,39.56758],[-100.29228,39.56758],[-100.29242,39.55262],[-100.27368,39.55253],[-100.274,39.52353],[-100.25565,39.52352],[-100.25612,39.47997],[-100.27441,39.48001],[-100.27449,39.43655],[-100.29313,39.43662],[-100.29302,39.37844],[-100.31164,39.3785],[-100.31164,39.34969],[-100.29315,39.34954],[-100.29322,39.33501],[-100.27447,39.33507],[-100.27447,39.32055],[-100.25578,39.3206],[-100.25589,39.30605],[-100.2373,39.30615],[-100.23749,39.29163],[-100.20044,39.29158],[-100.20063,39.27714],[-100.18192,39.27693],[-100.18203,39.26248],[-100.14504,39.26256],[-100.14504,39.2481],[-100.12628,39.24816],[-100.12637,39.23352],[-100.14504,39.23352],[-100.14528,39.18996],[-100.16396,39.18996],[-100.16429,39.16096],[-100.18274,39.1611],[-100.1828,39.14657],[-100.20153,39.14673],[-100.20166,39.13219],[-100.18469,39.13211],[-100.18533,39.11772],[-100.16673,39.11784],[-100.16709,39.08887],[-100.14841,39.0888],[-100.14851,39.05997],[-100.13012,39.0599],[-100.13018,39.01628],[-100.13194,38.92915],[-100.15078,38.92937],[-100.15052,38.94384],[-100.1694,38.94395],[-100.16932,38.92936],[-100.1878,38.92944],[-100.18761,38.944],[-100.20606,38.94407],[-100.20641,38.92955],[-100.22303,38.92957],[-100.29808,38.93016],[-100.29807,38.94456],[-100.33491,38.94496],[-100.33475,38.95976],[-100.27933,38.95914],[-100.27842,39.06037],[-100.31563,39.06068],[-100.31523,39.08976],[-100.33392,39.08992],[-100.33307,39.11893],[-100.35197,39.11902],[-100.35091,39.13309],[-100.34992,39.1331],[-100.34977,39.14758],[-100.36848,39.14765],[-100.3687,39.20559],[-100.35017,39.20544],[-100.34977,39.26307],[-100.3684,39.26339],[-100.36822,39.27777],[-100.38657,39.27775],[-100.3863,39.2923],[-100.40461,39.29279],[-100.40482,39.32134],[-100.42334,39.3214],[-100.42346,39.35081],[-100.44194,39.35024],[-100.44191,39.40835],[-100.46039,39.40831],[-100.46048,39.45176],[-100.44192,39.4519],[-100.44171,39.48092],[-100.42344,39.48081],[-100.42277,39.52425],[-100.4041,39.52418],[-100.40362,39.56763],[-100.40469,39.56763],[-100.40474,39.58209],[-100.42359,39.58197],[-100.42351,39.61101],[-100.44206,39.61079],[-100.44201,39.6254],[-100.46064,39.62537],[-100.46094,39.66881],[-100.44209,39.66875],[-100.44189,39.69774],[-100.4231,39.69782],[-100.42274,39.7267],[-100.44152,39.72675],[-100.4414,39.7412],[-100.46016,39.7412],[-100.46003,39.75581],[-100.47885,39.75578],[-100.47886,39.77037],[-100.51583,39.77013],[-100.51591,39.75568],[-100.53461,39.75577],[-100.53463,39.74125],[-100.60962,39.74163],[-100.60953,39.75594],[-100.62789,39.75632],[-100.62797,39.77057],[-100.62766,39.81402],[-100.60945,39.8138],[-100.60922,39.87187],[-100.62743,39.87187],[-100.62743,39.8863],[-100.64629,39.88628],[-100.64627,39.90068],[-100.68421,39.90066],[-100.6833,40.00207],[-100.42124,40.00189],[-100.42159,39.97304],[-100.40262,39.97298],[-100.40268,39.96573]]],[[[-100.27544,39.14719],[-100.25716,39.14722],[-100.25722,39.16146],[-100.2754,39.16152],[-100.27544,39.14719]]]]},"properties":{"OBJECTID":13,"wte_2022_2024_MANUAL":12,"name":"Water-table elevation: 2500 to 2600","classLabel":"2500 to 2600","color":"#facb7a","hasValue":true,"period":"2022\u20132024"}},{"type":"Feature","id":14,"geometry":{"type":"MultiPolygon","coordinates":[[[[-100.48851,37.62038],[-100.48861,37.60596],[-100.50678,37.60591],[-100.50681,37.62037],[-100.48851,37.62038]]],[[[-100.33544,38.05902],[-100.33567,38.04455],[-100.29944,38.04467],[-100.29974,38.00828],[-100.30005,37.98662],[-100.31832,37.98666],[-100.31855,37.9576],[-100.3366,37.95774],[-100.33684,37.92876],[-100.42831,37.92868],[-100.42829,37.94317],[-100.44614,37.94318],[-100.44632,37.92859],[-100.48266,37.92878],[-100.48276,37.91438],[-100.50097,37.91453],[-100.50108,37.90017],[-100.51914,37.90023],[-100.51928,37.88587],[-100.53762,37.88586],[-100.53761,37.87141],[-100.55557,37.87142],[-100.55567,37.85702],[-100.62858,37.85742],[-100.62873,37.84329],[-100.64693,37.84326],[-100.64677,37.82877],[-100.65169,37.82877],[-100.65179,37.80968],[-100.66986,37.80971],[-100.67002,37.795],[-100.74313,37.79497],[-100.74326,37.78038],[-100.8528,37.78052],[-100.85283,37.76589],[-100.88915,37.76593],[-100.88913,37.73675],[-100.90741,37.73677],[-100.90738,37.72208],[-100.92601,37.72242],[-100.92585,37.70757],[-100.94375,37.70763],[-100.94395,37.66406],[-100.96211,37.66405],[-100.96208,37.635],[-100.98076,37.63498],[-100.98082,37.62032],[-100.99906,37.62036],[-100.99915,37.60563],[-101.01733,37.60567],[-101.01741,37.59112],[-101.03591,37.59111],[-101.03576,37.56209],[-101.05393,37.56209],[-101.0533,37.4896],[-101.03494,37.48952],[-101.03489,37.47508],[-101.01659,37.47509],[-101.0167,37.44602],[-100.99837,37.44594],[-100.99861,37.41693],[-100.9802,37.4169],[-100.98018,37.40234],[-100.96199,37.40232],[-100.96197,37.3878],[-100.94208,37.3878],[-100.94186,37.37335],[-100.92351,37.37339],[-100.92332,37.34451],[-100.90532,37.34444],[-100.90494,37.24303],[-100.92297,37.24268],[-100.92298,37.18468],[-100.90474,37.18456],[-100.90455,37.14122],[-100.88635,37.14136],[-100.88627,37.08346],[-100.86803,37.08342],[-100.86771,37.0397],[-100.84981,37.03973],[-100.84973,37.00003],[-100.85002,36.99894],[-100.95836,36.99842],[-100.95834,37.01066],[-100.97645,37.01054],[-100.9764,37.02512],[-100.99457,37.02499],[-100.99439,37.03963],[-101.03063,37.03954],[-101.03072,37.05394],[-101.10304,37.05406],[-101.10343,37.08301],[-101.12145,37.08307],[-101.1218,37.12654],[-101.13986,37.12659],[-101.13989,37.15565],[-101.12187,37.15562],[-101.12168,37.18465],[-101.10386,37.18466],[-101.10391,37.19911],[-101.0856,37.19914],[-101.08579,37.21367],[-101.06777,37.2136],[-101.06774,37.24256],[-101.0858,37.24262],[-101.08587,37.28598],[-101.10423,37.28594],[-101.1043,37.30038],[-101.1225,37.3003],[-101.12254,37.3148],[-101.15869,37.31476],[-101.15869,37.34403],[-101.14046,37.34391],[-101.14097,37.38789],[-101.14399,37.38788],[-101.1443,37.40244],[-101.16229,37.4024],[-101.16219,37.41696],[-101.17972,37.417],[-101.18008,37.44555],[-101.19839,37.44574],[-101.19876,37.48198],[-101.19871,37.48922],[-101.1803,37.48938],[-101.18041,37.50378],[-101.16245,37.5038],[-101.16277,37.53279],[-101.14447,37.53277],[-101.14508,37.57633],[-101.16341,37.5764],[-101.16358,37.66353],[-101.14518,37.66352],[-101.14499,37.6926],[-101.10846,37.6927],[-101.10835,37.70719],[-101.08995,37.70728],[-101.08976,37.72198],[-101.07197,37.72213],[-101.07193,37.75136],[-101.05358,37.75142],[-101.05364,37.79461],[-101.07183,37.79455],[-101.07225,37.80925],[-101.08961,37.80922],[-101.08988,37.829],[-101.10385,37.8289],[-101.10386,37.84346],[-101.12284,37.84341],[-101.12254,37.8579],[-101.10385,37.85794],[-101.10382,37.88708],[-101.08548,37.88674],[-101.08529,37.90121],[-101.02932,37.90203],[-101.02937,37.91653],[-100.99276,37.91673],[-100.99289,37.93123],[-100.95698,37.93123],[-100.95677,37.94569],[-100.92013,37.94592],[-100.92014,37.93146],[-100.88354,37.93154],[-100.88359,37.91702],[-100.82899,37.9168],[-100.8295,37.90217],[-100.77383,37.90222],[-100.77428,37.91658],[-100.7563,37.91658],[-100.75639,37.93111],[-100.73771,37.93076],[-100.73767,37.97421],[-100.70108,37.97378],[-100.70094,37.98819],[-100.62804,37.98768],[-100.62791,38.00222],[-100.59135,38.00193],[-100.59131,38.0164],[-100.55488,38.01621],[-100.5548,38.03083],[-100.5367,38.03069],[-100.53676,38.045],[-100.48171,38.04449],[-100.48163,38.05909],[-100.33544,38.05902]]],[[[-100.51842,38.07402],[-100.51842,38.05946],[-100.57313,38.05987],[-100.5726,38.11797],[-100.55445,38.11785],[-100.55448,38.08889],[-100.53676,38.0887],[-100.53679,38.07413],[-100.51842,38.07402]]],[[[-100.46829,38.65584],[-100.45063,38.65553],[-100.45031,38.67],[-100.41364,38.66975],[-100.41385,38.6552],[-100.35839,38.65469],[-100.3585,38.64021],[-100.34116,38.6401],[-100.34107,38.62547],[-100.30408,38.62516],[-100.3021,38.46588],[-100.33899,38.46626],[-100.33903,38.4806],[-100.35696,38.48093],[-100.35671,38.45184],[-100.3751,38.45207],[-100.37494,38.4376],[-100.39314,38.43783],[-100.39292,38.42314],[-100.42969,38.42358],[-100.42933,38.40899],[-100.46578,38.40933],[-100.46744,38.51114],[-100.48594,38.51128],[-100.48665,38.54014],[-100.50493,38.54018],[-100.50495,38.56945],[-100.54183,38.56929],[-100.54171,38.58386],[-100.56014,38.58392],[-100.56009,38.61331],[-100.54295,38.61368],[-100.54273,38.64244],[-100.52385,38.64218],[-100.52329,38.67079],[-100.46806,38.67026],[-100.46829,38.65584]]],[[[-100.6143,38.68051],[-100.61422,38.67134],[-100.65139,38.67125],[-100.65127,38.68568],[-100.61432,38.68571],[-100.6143,38.68051]]],[[[-100.68321,39.99507],[-100.68421,39.90066],[-100.64627,39.90068],[-100.64629,39.88628],[-100.62743,39.8863],[-100.62743,39.87187],[-100.60922,39.87187],[-100.60945,39.8138],[-100.62766,39.81402],[-100.62789,39.75632],[-100.60953,39.75594],[-100.60962,39.74163],[-100.53463,39.74125],[-100.53461,39.75577],[-100.51591,39.75568],[-100.51583,39.77013],[-100.47886,39.77037],[-100.47885,39.75578],[-100.46003,39.75581],[-100.46016,39.7412],[-100.4414,39.7412],[-100.44152,39.72675],[-100.42274,39.7267],[-100.4231,39.69782],[-100.44189,39.69774],[-100.44209,39.66875],[-100.46094,39.66881],[-100.46064,39.62537],[-100.44201,39.6254],[-100.44206,39.61079],[-100.42351,39.61101],[-100.42359,39.58197],[-100.40474,39.58209],[-100.40469,39.56763],[-100.40362,39.56763],[-100.4041,39.52418],[-100.42277,39.52425],[-100.42344,39.48081],[-100.44171,39.48092],[-100.44192,39.4519],[-100.46048,39.45176],[-100.46039,39.40831],[-100.44191,39.40835],[-100.44194,39.35024],[-100.42346,39.35081],[-100.42334,39.3214],[-100.40482,39.32134],[-100.40461,39.29279],[-100.3863,39.2923],[-100.38657,39.27775],[-100.36822,39.27777],[-100.3684,39.26339],[-100.34977,39.26307],[-100.35017,39.20544],[-100.3687,39.20559],[-100.36848,39.14765],[-100.34977,39.14758],[-100.34992,39.1331],[-100.35091,39.13309],[-100.35197,39.11902],[-100.33307,39.11893],[-100.33392,39.08992],[-100.31523,39.08976],[-100.31563,39.06068],[-100.27842,39.06037],[-100.27933,38.95914],[-100.37189,38.95992],[-100.37177,38.97444],[-100.39028,38.97425],[-100.39019,38.9599],[-100.40873,38.95981],[-100.40869,38.97398],[-100.44571,38.97409],[-100.44581,38.98843],[-100.46436,38.98828],[-100.46419,38.97379],[-100.48241,38.97384],[-100.4817,39.03177],[-100.46408,39.03168],[-100.46177,39.10428],[-100.47929,39.10434],[-100.47887,39.13303],[-100.47955,39.14755],[-100.49807,39.14765],[-100.49868,39.20544],[-100.5173,39.20553],[-100.51707,39.249],[-100.53568,39.2489],[-100.53515,39.29231],[-100.5537,39.29239],[-100.5536,39.32135],[-100.57218,39.32135],[-100.57197,39.33591],[-100.59041,39.33566],[-100.59034,39.36471],[-100.60835,39.36468],[-100.60835,39.43739],[-100.59039,39.43739],[-100.59052,39.48082],[-100.57179,39.48082],[-100.57126,39.568],[-100.59173,39.56803],[-100.59148,39.59683],[-100.6102,39.59688],[-100.61016,39.6258],[-100.62873,39.62592],[-100.62855,39.65492],[-100.64736,39.6551],[-100.64724,39.66949],[-100.66608,39.66959],[-100.66596,39.68419],[-100.70377,39.68401],[-100.70367,39.69835],[-100.72234,39.69825],[-100.72232,39.71272],[-100.74089,39.7127],[-100.74073,39.77049],[-100.72224,39.77036],[-100.72216,39.79942],[-100.70316,39.79946],[-100.70313,39.81397],[-100.68428,39.81408],[-100.68437,39.84279],[-100.7032,39.84278],[-100.70324,39.85726],[-100.72202,39.8573],[-100.722,39.87178],[-100.77767,39.87176],[-100.77803,39.85714],[-100.81522,39.85753],[-100.81504,39.87199],[-100.87024,39.87201],[-100.8701,39.91522],[-100.85121,39.91521],[-100.85082,39.9732],[-100.833,39.97317],[-100.83289,39.98766],[-100.79494,39.98751],[-100.7951,40.00213],[-100.6833,40.00207],[-100.68321,39.99507]]]]},"properties":{"OBJECTID":14,"wte_2022_2024_MANUAL":13,"name":"Water-table elevation: 2600 to 2700","classLabel":"2600 to 2700","color":"#ffd782","hasValue":true,"period":"2022\u20132024"}},{"type":"Feature","id":15,"geometry":{"type":"MultiPolygon","coordinates":[[[[-101.45384,37.64132],[-101.45382,37.6347],[-101.52644,37.63484],[-101.52652,37.66385],[-101.50884,37.6638],[-101.50863,37.64935],[-101.45388,37.64937],[-101.45384,37.64132]]],[[[-100.8477,38.2576],[-100.84767,38.25041],[-100.82927,38.25031],[-100.82923,38.1923],[-100.81071,38.19215],[-100.81076,38.17767],[-100.73779,38.17741],[-100.73778,38.16294],[-100.68279,38.16272],[-100.68277,38.17736],[-100.66448,38.17725],[-100.66511,38.2641],[-100.64714,38.26403],[-100.64699,38.24981],[-100.62872,38.24968],[-100.62854,38.23513],[-100.61044,38.23484],[-100.60912,38.14714],[-100.62772,38.14741],[-100.62751,38.11847],[-100.5726,38.11797],[-100.57313,38.05987],[-100.51842,38.05946],[-100.51845,38.04492],[-100.53676,38.045],[-100.5367,38.03069],[-100.5548,38.03083],[-100.55488,38.01621],[-100.59131,38.0164],[-100.59135,38.00193],[-100.62791,38.00222],[-100.62804,37.98768],[-100.70094,37.98819],[-100.70108,37.97378],[-100.73767,37.97421],[-100.73771,37.93076],[-100.75639,37.93111],[-100.7563,37.91658],[-100.77428,37.91658],[-100.77383,37.90222],[-100.8295,37.90217],[-100.82899,37.9168],[-100.88359,37.91702],[-100.88354,37.93154],[-100.92014,37.93146],[-100.92013,37.94592],[-100.95677,37.94569],[-100.95698,37.93123],[-100.99289,37.93123],[-100.99276,37.91673],[-101.02937,37.91653],[-101.02932,37.90203],[-101.08529,37.90121],[-101.08548,37.88674],[-101.10382,37.88708],[-101.10385,37.85794],[-101.12254,37.8579],[-101.12284,37.84341],[-101.10386,37.84346],[-101.10385,37.8289],[-101.08988,37.829],[-101.08961,37.80922],[-101.07225,37.80925],[-101.07183,37.79455],[-101.05364,37.79461],[-101.05358,37.75142],[-101.07193,37.75136],[-101.07197,37.72213],[-101.08976,37.72198],[-101.08995,37.70728],[-101.10835,37.70719],[-101.10846,37.6927],[-101.14499,37.6926],[-101.14518,37.66352],[-101.16358,37.66353],[-101.16341,37.5764],[-101.14508,37.57633],[-101.14447,37.53277],[-101.16277,37.53279],[-101.16245,37.5038],[-101.18041,37.50378],[-101.1803,37.48938],[-101.19871,37.48922],[-101.19839,37.44574],[-101.18008,37.44555],[-101.17972,37.417],[-101.16219,37.41696],[-101.16229,37.4024],[-101.1443,37.40244],[-101.14399,37.38788],[-101.14097,37.38789],[-101.14046,37.34391],[-101.15869,37.34403],[-101.15869,37.31476],[-101.12254,37.3148],[-101.1225,37.3003],[-101.1043,37.30038],[-101.10423,37.28594],[-101.08587,37.28598],[-101.0858,37.24262],[-101.06774,37.24256],[-101.06777,37.2136],[-101.08579,37.21367],[-101.0856,37.19914],[-101.10391,37.19911],[-101.10386,37.18466],[-101.12168,37.18465],[-101.12187,37.15562],[-101.13989,37.15565],[-101.13986,37.12659],[-101.1218,37.12654],[-101.12145,37.08307],[-101.10343,37.08301],[-101.10304,37.05406],[-101.03072,37.05394],[-101.03063,37.03954],[-100.99439,37.03963],[-100.99457,37.02499],[-100.9764,37.02512],[-100.97645,37.01054],[-100.95834,37.01066],[-100.95836,36.99842],[-101.01269,36.99825],[-101.01257,37.01062],[-101.03064,37.0106],[-101.03073,36.99812],[-101.19358,36.9973],[-101.19357,37.02523],[-101.21162,37.02524],[-101.21185,37.06866],[-101.22995,37.06855],[-101.22997,37.09748],[-101.24815,37.09745],[-101.24826,37.1119],[-101.26638,37.11184],[-101.26651,37.12629],[-101.3025,37.12638],[-101.30258,37.14093],[-101.28446,37.14087],[-101.28439,37.15537],[-101.26672,37.15542],[-101.26681,37.19882],[-101.24851,37.19898],[-101.24888,37.28608],[-101.23073,37.28601],[-101.23082,37.30048],[-101.21256,37.30044],[-101.21256,37.31497],[-101.1944,37.31489],[-101.19476,37.37335],[-101.21291,37.37332],[-101.21291,37.38795],[-101.23469,37.38798],[-101.23475,37.40239],[-101.32576,37.4026],[-101.32564,37.38816],[-101.33958,37.38814],[-101.33929,37.32979],[-101.35766,37.32992],[-101.35754,37.34446],[-101.37582,37.34445],[-101.37585,37.38787],[-101.38029,37.38791],[-101.38025,37.4459],[-101.39849,37.44609],[-101.39858,37.47507],[-101.41669,37.47511],[-101.41699,37.51857],[-101.38086,37.51845],[-101.38124,37.53278],[-101.36289,37.53277],[-101.36302,37.54735],[-101.34495,37.54728],[-101.34491,37.56184],[-101.32679,37.56189],[-101.32719,37.60554],[-101.34544,37.60558],[-101.34551,37.62016],[-101.36361,37.62007],[-101.36379,37.66366],[-101.34536,37.66364],[-101.34551,37.67821],[-101.32727,37.67811],[-101.32728,37.6926],[-101.30894,37.69258],[-101.30905,37.72163],[-101.29002,37.72169],[-101.29013,37.73612],[-101.27191,37.73613],[-101.27188,37.76534],[-101.25363,37.76546],[-101.25368,37.77965],[-101.23522,37.77979],[-101.23545,37.82829],[-101.21317,37.82836],[-101.21306,37.85743],[-101.19536,37.85763],[-101.19493,37.8866],[-101.17654,37.88667],[-101.17643,37.90108],[-101.15823,37.90137],[-101.15813,37.91578],[-101.1398,37.91596],[-101.13963,37.9305],[-101.10302,37.93042],[-101.10298,37.94503],[-101.08478,37.94496],[-101.08469,37.95965],[-101.06649,37.95981],[-101.06628,38.03223],[-101.08474,38.03219],[-101.08466,38.04674],[-101.1029,38.04668],[-101.10269,38.10491],[-101.0848,38.105],[-101.08503,38.1195],[-101.0481,38.11968],[-101.04827,38.13416],[-101.02989,38.13429],[-101.03012,38.1633],[-101.01166,38.16335],[-101.01181,38.1779],[-100.9933,38.1778],[-100.99339,38.20681],[-100.9756,38.2069],[-100.97567,38.22145],[-100.95718,38.22149],[-100.95729,38.23589],[-100.93894,38.23599],[-100.93898,38.25058],[-100.92051,38.2506],[-100.92063,38.26519],[-100.92305,38.26517],[-100.92352,38.29391],[-100.86836,38.29401],[-100.86812,38.27957],[-100.84983,38.27947],[-100.8496,38.26491],[-100.84774,38.2649],[-100.8477,38.2576]]],[[[-100.63,38.28501],[-100.62986,38.27847],[-100.64818,38.27845],[-100.64856,38.30758],[-100.63029,38.30757],[-100.63,38.28501]]],[[[-100.74325,38.68602],[-100.72481,38.68601],[-100.72517,38.70014],[-100.66977,38.70012],[-100.6697,38.68574],[-100.65127,38.68568],[-100.65139,38.67125],[-100.61422,38.67134],[-100.61432,38.68571],[-100.55978,38.68569],[-100.5597,38.67102],[-100.52329,38.67079],[-100.52385,38.64218],[-100.54273,38.64244],[-100.54295,38.61368],[-100.56009,38.61331],[-100.56014,38.58392],[-100.54171,38.58386],[-100.54183,38.56929],[-100.50495,38.56945],[-100.50493,38.54018],[-100.48665,38.54014],[-100.48594,38.51128],[-100.46744,38.51114],[-100.46578,38.40933],[-100.4477,38.40913],[-100.44756,38.3946],[-100.53924,38.39466],[-100.53936,38.38014],[-100.55733,38.38015],[-100.55726,38.36547],[-100.61212,38.36563],[-100.6123,38.40948],[-100.59381,38.40935],[-100.59383,38.43831],[-100.59394,38.453],[-100.61247,38.45304],[-100.61288,38.48213],[-100.63131,38.48226],[-100.63142,38.49677],[-100.65004,38.49685],[-100.65017,38.51151],[-100.66865,38.51157],[-100.66875,38.52601],[-100.68676,38.52616],[-100.68688,38.54061],[-100.72364,38.54081],[-100.72374,38.55536],[-100.7417,38.55521],[-100.74206,38.56984],[-100.76057,38.56971],[-100.76151,38.65702],[-100.74316,38.65712],[-100.74325,38.68602]]],[[[-100.74325,38.68602],[-100.77985,38.68544],[-100.78019,38.69968],[-100.74358,38.70016],[-100.74325,38.68602]]],[[[-100.57492,38.93119],[-100.57482,38.94559],[-100.55669,38.94513],[-100.55667,38.93059],[-100.57492,38.93119]]],[[[-100.57492,38.93119],[-100.575,38.91628],[-100.59346,38.91698],[-100.59395,38.88794],[-100.64947,38.88815],[-100.64962,38.90259],[-100.66835,38.90259],[-100.66687,38.98967],[-100.68542,38.98968],[-100.68505,39.01872],[-100.66649,39.01872],[-100.6657,39.06208],[-100.64715,39.06211],[-100.64566,39.13322],[-100.64682,39.13322],[-100.64701,39.1766],[-100.66566,39.17667],[-100.66587,39.23449],[-100.68451,39.2345],[-100.68424,39.26341],[-100.70292,39.26348],[-100.70264,39.30704],[-100.72114,39.30707],[-100.72099,39.35057],[-100.73984,39.35069],[-100.73938,39.3941],[-100.72067,39.39405],[-100.7205,39.46688],[-100.70189,39.4667],[-100.7013,39.56805],[-100.72211,39.56807],[-100.7222,39.5972],[-100.77787,39.59726],[-100.77798,39.61193],[-100.79642,39.6115],[-100.79665,39.62595],[-100.81504,39.62597],[-100.81515,39.65499],[-100.83376,39.65498],[-100.83398,39.69786],[-100.85212,39.69799],[-100.85192,39.77041],[-100.8703,39.77045],[-100.87018,39.78485],[-100.88913,39.78488],[-100.88913,39.79933],[-100.92637,39.79938],[-100.92633,39.81395],[-101.01845,39.81373],[-101.01819,39.85724],[-100.9995,39.85723],[-100.99978,39.90044],[-100.9811,39.90069],[-100.98118,39.91524],[-100.96244,39.91531],[-100.96246,39.92984],[-100.94475,39.92979],[-100.94425,39.97324],[-100.96237,39.97329],[-100.96235,39.98774],[-100.98126,39.98756],[-100.98126,40.00227],[-100.8882,40.00219],[-100.88814,39.98785],[-100.86946,39.98776],[-100.86954,39.97327],[-100.85082,39.9732],[-100.85121,39.91521],[-100.8701,39.91522],[-100.87024,39.87201],[-100.81504,39.87199],[-100.81522,39.85753],[-100.77803,39.85714],[-100.77767,39.87176],[-100.722,39.87178],[-100.72202,39.8573],[-100.70324,39.85726],[-100.7032,39.84278],[-100.68437,39.84279],[-100.68428,39.81408],[-100.70313,39.81397],[-100.70316,39.79946],[-100.72216,39.79942],[-100.72224,39.77036],[-100.74073,39.77049],[-100.74089,39.7127],[-100.72232,39.71272],[-100.72234,39.69825],[-100.70367,39.69835],[-100.70377,39.68401],[-100.66596,39.68419],[-100.66608,39.66959],[-100.64724,39.66949],[-100.64736,39.6551],[-100.62855,39.65492],[-100.62873,39.62592],[-100.61016,39.6258],[-100.6102,39.59688],[-100.59148,39.59683],[-100.59173,39.56803],[-100.57126,39.568],[-100.57179,39.48082],[-100.59052,39.48082],[-100.59039,39.43739],[-100.60835,39.43739],[-100.60835,39.36468],[-100.59034,39.36471],[-100.59041,39.33566],[-100.57197,39.33591],[-100.57218,39.32135],[-100.5536,39.32135],[-100.5537,39.29239],[-100.53515,39.29231],[-100.53568,39.2489],[-100.51707,39.249],[-100.5173,39.20553],[-100.49868,39.20544],[-100.49807,39.14765],[-100.47955,39.14755],[-100.47887,39.13303],[-100.47929,39.10434],[-100.46177,39.10428],[-100.46408,39.03168],[-100.4817,39.03177],[-100.48204,38.98834],[-100.51942,38.98843],[-100.51903,39.00296],[-100.52834,39.00307],[-100.53764,39.00314],[-100.53783,38.98859],[-100.62992,38.98964],[-100.63022,38.97516],[-100.59259,38.97493],[-100.59341,38.93133],[-100.57492,38.93119]]]]},"properties":{"OBJECTID":15,"wte_2022_2024_MANUAL":14,"name":"Water-table elevation: 2700 to 2800","classLabel":"2700 to 2800","color":"#ffe587","hasValue":true,"period":"2022\u20132024"}},{"type":"Feature","id":16,"geometry":{"type":"MultiPolygon","coordinates":[[[[-100.96573,38.72814],[-100.96589,38.71363],[-101.00287,38.71397],[-101.00266,38.72846],[-100.96573,38.72814]]],[[[-101.30301,37.28628],[-101.28464,37.28613],[-101.28463,37.30067],[-101.24888,37.3005],[-101.24875,37.31503],[-101.23074,37.31503],[-101.23095,37.35874],[-101.24891,37.35872],[-101.2491,37.37333],[-101.28499,37.37352],[-101.2849,37.35892],[-101.30308,37.35893],[-101.30301,37.28628],[-101.41146,37.28634],[-101.41141,37.30098],[-101.42963,37.30092],[-101.42971,37.31548],[-101.44785,37.31547],[-101.44781,37.33002],[-101.46601,37.33008],[-101.46596,37.34462],[-101.48416,37.34464],[-101.48439,37.37373],[-101.50207,37.37381],[-101.50215,37.38838],[-101.50767,37.38839],[-101.50767,37.40293],[-101.56231,37.40305],[-101.56228,37.41755],[-101.58062,37.4176],[-101.58065,37.4321],[-101.59885,37.43208],[-101.59878,37.44657],[-101.63506,37.44653],[-101.63511,37.49003],[-101.65331,37.49022],[-101.65326,37.50462],[-101.6715,37.50464],[-101.67147,37.57712],[-101.63504,37.57709],[-101.63504,37.59154],[-101.61738,37.59145],[-101.61721,37.62057],[-101.59919,37.62049],[-101.59949,37.69319],[-101.56314,37.69288],[-101.56327,37.70742],[-101.54509,37.70727],[-101.54523,37.72175],[-101.49118,37.72182],[-101.49144,37.73629],[-101.45462,37.73629],[-101.45481,37.75086],[-101.43638,37.75081],[-101.43621,37.76538],[-101.40056,37.7654],[-101.40075,37.77984],[-101.36391,37.77995],[-101.3639,37.7944],[-101.34575,37.79441],[-101.34561,37.809],[-101.32742,37.80891],[-101.32746,37.82818],[-101.3044,37.8282],[-101.30443,37.84268],[-101.28605,37.84276],[-101.28604,37.85718],[-101.26772,37.85735],[-101.26729,37.88635],[-101.24949,37.88641],[-101.24958,37.90086],[-101.23129,37.90092],[-101.23134,37.91541],[-101.21306,37.9154],[-101.21292,37.94447],[-101.17626,37.9447],[-101.17623,37.959],[-101.13952,37.95942],[-101.13954,38.0029],[-101.15794,38.00286],[-101.15787,38.0175],[-101.17619,38.01732],[-101.17604,38.07573],[-101.15773,38.07579],[-101.15784,38.13392],[-101.13933,38.13388],[-101.1396,38.16292],[-101.12122,38.1629],[-101.12148,38.19186],[-101.10306,38.1919],[-101.10327,38.20642],[-101.08555,38.20656],[-101.08573,38.2357],[-101.06723,38.23584],[-101.06722,38.25025],[-101.04885,38.25025],[-101.04875,38.26471],[-101.03331,38.26479],[-101.0342,38.30819],[-101.01583,38.30824],[-101.01675,38.38069],[-100.99848,38.38116],[-100.99861,38.39556],[-100.98015,38.39528],[-100.9815,38.58366],[-100.9811,38.64157],[-100.96258,38.64156],[-100.96332,38.68476],[-100.94489,38.68468],[-100.94482,38.69894],[-100.94763,38.69893],[-100.94728,38.72796],[-100.9105,38.72784],[-100.91042,38.74231],[-100.85513,38.74284],[-100.85515,38.7284],[-100.81863,38.72889],[-100.81877,38.71442],[-100.8004,38.71454],[-100.80044,38.69972],[-100.78019,38.69968],[-100.77985,38.68544],[-100.74325,38.68602],[-100.74316,38.65712],[-100.76151,38.65702],[-100.76057,38.56971],[-100.74206,38.56984],[-100.7417,38.55521],[-100.72374,38.55536],[-100.72364,38.54081],[-100.68688,38.54061],[-100.68676,38.52616],[-100.66875,38.52601],[-100.66865,38.51157],[-100.65017,38.51151],[-100.65004,38.49685],[-100.63142,38.49677],[-100.63131,38.48226],[-100.61288,38.48213],[-100.61247,38.45304],[-100.59394,38.453],[-100.59381,38.40935],[-100.6123,38.40948],[-100.61212,38.36563],[-100.64904,38.36593],[-100.6489,38.35123],[-100.63056,38.35109],[-100.63029,38.30757],[-100.64856,38.30758],[-100.6477,38.26404],[-100.66511,38.2641],[-100.66448,38.17725],[-100.68277,38.17736],[-100.68279,38.16272],[-100.70106,38.16277],[-100.73778,38.16294],[-100.73779,38.17741],[-100.81076,38.17767],[-100.81071,38.19215],[-100.82923,38.1923],[-100.82927,38.25031],[-100.84767,38.25041],[-100.84774,38.2649],[-100.8496,38.26491],[-100.84983,38.27947],[-100.86812,38.27957],[-100.86836,38.29401],[-100.92352,38.29391],[-100.92305,38.26517],[-100.92063,38.26519],[-100.92051,38.2506],[-100.93898,38.25058],[-100.93894,38.23599],[-100.95729,38.23589],[-100.95718,38.22149],[-100.97567,38.22145],[-100.9756,38.2069],[-100.99339,38.20681],[-100.9933,38.1778],[-101.01181,38.1779],[-101.01166,38.16335],[-101.03012,38.1633],[-101.02989,38.13429],[-101.04827,38.13416],[-101.0481,38.11968],[-101.08503,38.1195],[-101.0848,38.105],[-101.10269,38.10491],[-101.1029,38.04668],[-101.08466,38.04674],[-101.08474,38.03219],[-101.06628,38.03223],[-101.06649,37.95981],[-101.08469,37.95965],[-101.08478,37.94496],[-101.10298,37.94503],[-101.10302,37.93042],[-101.13963,37.9305],[-101.1398,37.91596],[-101.15813,37.91578],[-101.15823,37.90137],[-101.17643,37.90108],[-101.17654,37.88667],[-101.19493,37.8866],[-101.19536,37.85763],[-101.21306,37.85743],[-101.21317,37.82836],[-101.23545,37.82829],[-101.23522,37.77979],[-101.25368,37.77965],[-101.25363,37.76546],[-101.27188,37.76534],[-101.27191,37.73613],[-101.29013,37.73612],[-101.29002,37.72169],[-101.30905,37.72163],[-101.30894,37.69258],[-101.32728,37.6926],[-101.32727,37.67811],[-101.34551,37.67821],[-101.34536,37.66364],[-101.36379,37.66366],[-101.36361,37.62007],[-101.34551,37.62016],[-101.34544,37.60558],[-101.32719,37.60554],[-101.32679,37.56189],[-101.34491,37.56184],[-101.34495,37.54728],[-101.36302,37.54735],[-101.36289,37.53277],[-101.38124,37.53278],[-101.38086,37.51845],[-101.41699,37.51857],[-101.41669,37.47511],[-101.39858,37.47507],[-101.39849,37.44609],[-101.38025,37.4459],[-101.38029,37.38791],[-101.37585,37.38787],[-101.37582,37.34445],[-101.35754,37.34446],[-101.35766,37.32992],[-101.33929,37.32979],[-101.33958,37.38814],[-101.32564,37.38816],[-101.32576,37.4026],[-101.23475,37.40239],[-101.23469,37.38798],[-101.21291,37.38795],[-101.21291,37.37332],[-101.19476,37.37335],[-101.1944,37.31489],[-101.21256,37.31497],[-101.21256,37.30044],[-101.23082,37.30048],[-101.23073,37.28601],[-101.24888,37.28608],[-101.24851,37.19898],[-101.26681,37.19882],[-101.26672,37.15542],[-101.28439,37.15537],[-101.28446,37.14087],[-101.30258,37.14093],[-101.3025,37.12638],[-101.26651,37.12629],[-101.26638,37.11184],[-101.24826,37.1119],[-101.24815,37.09745],[-101.22997,37.09748],[-101.22995,37.06855],[-101.21185,37.06866],[-101.21162,37.02524],[-101.19357,37.02523],[-101.19358,36.9973],[-101.42882,36.99599],[-101.42872,37.02483],[-101.41069,37.02477],[-101.41115,37.17],[-101.39301,37.17009],[-101.39311,37.1847],[-101.35722,37.1844],[-101.35721,37.19903],[-101.33913,37.199],[-101.33886,37.21367],[-101.32095,37.21367],[-101.32106,37.22813],[-101.30282,37.2281],[-101.30301,37.28628]]],[[[-101.32039,37.03943],[-101.3023,37.03944],[-101.30234,37.05395],[-101.32046,37.05405],[-101.32047,37.06844],[-101.33863,37.06846],[-101.33853,37.03944],[-101.32039,37.03943]]],[[[-101.50874,37.65656],[-101.50884,37.6638],[-101.52652,37.66385],[-101.52644,37.63484],[-101.45382,37.6347],[-101.45388,37.64937],[-101.50863,37.64935],[-101.50874,37.65656]]],[[[-100.74098,38.40286],[-100.74111,38.41007],[-100.77769,38.41023],[-100.77763,38.3958],[-100.7409,38.39552],[-100.74098,38.40286]]],[[[-100.98124,40.00001],[-100.98126,39.98756],[-100.96235,39.98774],[-100.96237,39.97329],[-100.94425,39.97324],[-100.94475,39.92979],[-100.96246,39.92984],[-100.96244,39.91531],[-100.98118,39.91524],[-100.9811,39.90069],[-100.99978,39.90044],[-100.9995,39.85723],[-101.01819,39.85724],[-101.01845,39.81373],[-100.92633,39.81395],[-100.92637,39.79938],[-100.88913,39.79933],[-100.88913,39.78488],[-100.87018,39.78485],[-100.8703,39.77045],[-100.85192,39.77041],[-100.85212,39.69799],[-100.83398,39.69786],[-100.83376,39.65498],[-100.81515,39.65499],[-100.81504,39.62597],[-100.79665,39.62595],[-100.79642,39.6115],[-100.77798,39.61193],[-100.77787,39.59726],[-100.7222,39.5972],[-100.72211,39.56807],[-100.7013,39.56805],[-100.70189,39.4667],[-100.7205,39.46688],[-100.72067,39.39405],[-100.73938,39.3941],[-100.73984,39.35069],[-100.72099,39.35057],[-100.72114,39.30707],[-100.70264,39.30704],[-100.70292,39.26348],[-100.68424,39.26341],[-100.68451,39.2345],[-100.66587,39.23449],[-100.66566,39.17667],[-100.64701,39.1766],[-100.64682,39.13322],[-100.64566,39.13322],[-100.64715,39.06211],[-100.6657,39.06208],[-100.66649,39.01872],[-100.68505,39.01872],[-100.6856,38.97529],[-100.66729,38.975],[-100.66835,38.90259],[-100.79793,38.90258],[-100.79624,38.98962],[-100.81395,38.98954],[-100.81396,39.00002],[-100.81267,39.09062],[-100.79452,39.09073],[-100.79382,39.13333],[-100.79571,39.13334],[-100.79605,39.19121],[-100.81478,39.19128],[-100.81496,39.22025],[-100.8148,39.24898],[-100.796,39.24897],[-100.79586,39.26341],[-100.8148,39.2635],[-100.81462,39.30702],[-100.83326,39.30709],[-100.83244,39.37971],[-100.85119,39.37967],[-100.85001,39.53946],[-100.86861,39.53941],[-100.868,39.56814],[-100.88972,39.56807],[-100.88965,39.61144],[-100.90823,39.61162],[-100.90812,39.62607],[-100.92671,39.626],[-100.92657,39.65493],[-100.94516,39.65495],[-100.94505,39.68383],[-100.96303,39.68378],[-100.9625,39.7272],[-100.98144,39.7272],[-100.98136,39.74176],[-101.00018,39.7417],[-101.00017,39.75636],[-101.07461,39.75594],[-101.07462,39.77042],[-101.11181,39.77047],[-101.1117,39.7848],[-101.13036,39.78491],[-101.13006,39.85702],[-101.11147,39.85692],[-101.11174,39.90042],[-101.05594,39.90046],[-101.05619,39.98722],[-101.03747,39.98739],[-101.03742,40.0024],[-100.98126,40.00227],[-100.98124,40.00001]]]]},"properties":{"OBJECTID":16,"wte_2022_2024_MANUAL":15,"name":"Water-table elevation: 2800 to 2900","classLabel":"2800 to 2900","color":"#fff08f","hasValue":true,"period":"2022\u20132024"}},{"type":"Feature","id":17,"geometry":{"type":"MultiPolygon","coordinates":[[[[-101.30234,37.05395],[-101.3023,37.03944],[-101.33853,37.03944],[-101.33863,37.06846],[-101.32047,37.06844],[-101.32046,37.05405],[-101.30234,37.05395]]],[[[-101.24891,37.35872],[-101.26725,37.35881],[-101.26699,37.32967],[-101.24884,37.32962],[-101.24891,37.35872],[-101.23095,37.35874],[-101.23074,37.31503],[-101.24875,37.31503],[-101.24888,37.3005],[-101.28463,37.30067],[-101.28464,37.28613],[-101.30301,37.28628],[-101.30308,37.35893],[-101.2849,37.35892],[-101.28499,37.37352],[-101.2491,37.37333],[-101.24891,37.35872]]],[[[-101.10327,38.20642],[-101.10306,38.1919],[-101.12148,38.19186],[-101.12122,38.1629],[-101.1396,38.16292],[-101.13933,38.13388],[-101.15784,38.13392],[-101.15773,38.07579],[-101.17604,38.07573],[-101.17619,38.01732],[-101.15787,38.0175],[-101.15794,38.00286],[-101.13954,38.0029],[-101.13952,37.95942],[-101.17623,37.959],[-101.17626,37.9447],[-101.21292,37.94447],[-101.21306,37.9154],[-101.23134,37.91541],[-101.23129,37.90092],[-101.24958,37.90086],[-101.24949,37.88641],[-101.26729,37.88635],[-101.26772,37.85735],[-101.28604,37.85718],[-101.28605,37.84276],[-101.30443,37.84268],[-101.3044,37.8282],[-101.32746,37.82818],[-101.32742,37.80891],[-101.34561,37.809],[-101.34575,37.79441],[-101.3639,37.7944],[-101.36391,37.77995],[-101.40075,37.77984],[-101.40056,37.7654],[-101.43621,37.76538],[-101.43638,37.75081],[-101.45481,37.75086],[-101.45462,37.73629],[-101.49144,37.73629],[-101.49118,37.72182],[-101.54523,37.72175],[-101.54509,37.70727],[-101.56327,37.70742],[-101.56314,37.69288],[-101.59949,37.69319],[-101.59919,37.62049],[-101.61721,37.62057],[-101.61738,37.59145],[-101.63504,37.59154],[-101.63504,37.57709],[-101.67147,37.57712],[-101.6715,37.50464],[-101.65326,37.50462],[-101.65331,37.49022],[-101.63511,37.49003],[-101.63506,37.44653],[-101.59878,37.44657],[-101.59885,37.43208],[-101.58065,37.4321],[-101.58062,37.4176],[-101.56228,37.41755],[-101.56231,37.40305],[-101.50767,37.40293],[-101.50767,37.38839],[-101.50215,37.38838],[-101.50207,37.37381],[-101.48439,37.37373],[-101.48416,37.34464],[-101.46596,37.34462],[-101.46601,37.33008],[-101.44781,37.33002],[-101.44785,37.31547],[-101.42971,37.31548],[-101.42963,37.30092],[-101.41141,37.30098],[-101.41146,37.28634],[-101.30301,37.28628],[-101.30282,37.2281],[-101.32106,37.22813],[-101.32095,37.21367],[-101.33886,37.21367],[-101.33913,37.199],[-101.35721,37.19903],[-101.35722,37.1844],[-101.39311,37.1847],[-101.39301,37.17009],[-101.41115,37.17],[-101.41069,37.02477],[-101.42872,37.02483],[-101.42882,36.99599],[-101.55542,36.99603],[-101.55553,37.02489],[-101.53739,37.02492],[-101.53722,37.03936],[-101.51924,37.0393],[-101.51957,37.0684],[-101.50128,37.06839],[-101.50148,37.18448],[-101.48356,37.18452],[-101.48367,37.19897],[-101.50145,37.19902],[-101.50166,37.27179],[-101.51992,37.2719],[-101.51995,37.30104],[-101.53815,37.30108],[-101.53813,37.31561],[-101.55629,37.3156],[-101.55631,37.33009],[-101.59263,37.33038],[-101.59264,37.34497],[-101.61054,37.34485],[-101.61057,37.37407],[-101.6288,37.37392],[-101.62893,37.38846],[-101.65323,37.3885],[-101.65331,37.41745],[-101.67152,37.41752],[-101.67151,37.43199],[-101.68966,37.43204],[-101.68963,37.46107],[-101.70795,37.46112],[-101.70803,37.49022],[-101.72625,37.49027],[-101.726,37.5192],[-101.74367,37.51929],[-101.74361,37.53389],[-101.7619,37.53378],[-101.76181,37.57745],[-101.74349,37.57739],[-101.74349,37.59196],[-101.72642,37.59182],[-101.72653,37.62075],[-101.70809,37.62072],[-101.7082,37.63531],[-101.68988,37.63527],[-101.69,37.66445],[-101.67169,37.66434],[-101.67188,37.7079],[-101.65375,37.70793],[-101.65399,37.73696],[-101.63552,37.73684],[-101.63556,37.75156],[-101.61859,37.75152],[-101.61853,37.76604],[-101.6001,37.76589],[-101.60032,37.75123],[-101.52717,37.7508],[-101.52724,37.76545],[-101.49131,37.76542],[-101.49138,37.78001],[-101.45462,37.77996],[-101.45457,37.79453],[-101.43615,37.79465],[-101.43619,37.82816],[-101.45067,37.82801],[-101.4502,37.84252],[-101.39548,37.84278],[-101.39554,37.85728],[-101.34098,37.85695],[-101.34101,37.87147],[-101.32249,37.87184],[-101.32219,37.90053],[-101.3041,37.9005],[-101.3042,37.97323],[-101.32211,37.97324],[-101.32218,38.03157],[-101.30429,38.03155],[-101.30431,38.04626],[-101.26748,38.04615],[-101.26741,38.07549],[-101.24893,38.07545],[-101.24899,38.11915],[-101.23063,38.11915],[-101.23071,38.14802],[-101.21248,38.14812],[-101.21276,38.16272],[-101.17639,38.16281],[-101.17669,38.19183],[-101.15827,38.19189],[-101.15838,38.2064],[-101.10327,38.20642]]],[[[-100.74098,38.40286],[-100.7409,38.39552],[-100.77763,38.3958],[-100.77769,38.41023],[-100.74111,38.41007],[-100.74098,38.40286]]],[[[-101.10327,38.20642],[-101.1032,38.22092],[-101.12162,38.2208],[-101.12163,38.2645],[-101.14382,38.26448],[-101.14431,38.29351],[-101.16258,38.29344],[-101.1627,38.30791],[-101.14467,38.30806],[-101.14495,38.32245],[-101.1263,38.32254],[-101.12671,38.35165],[-101.10877,38.3515],[-101.10958,38.39519],[-101.09114,38.39527],[-101.09134,38.42418],[-101.07274,38.42429],[-101.07274,38.49707],[-101.09129,38.4969],[-101.09115,38.5255],[-101.10968,38.52557],[-101.10996,38.55445],[-101.12786,38.55439],[-101.12823,38.65606],[-101.11035,38.65612],[-101.11042,38.68539],[-101.09179,38.68543],[-101.0919,38.70037],[-101.09546,38.70039],[-101.09546,38.72927],[-101.03997,38.72876],[-101.04001,38.71423],[-100.94746,38.71348],[-100.94763,38.69893],[-100.94482,38.69894],[-100.94489,38.68468],[-100.96332,38.68476],[-100.96258,38.64156],[-100.9811,38.64157],[-100.9815,38.58366],[-100.98015,38.39528],[-100.99861,38.39556],[-100.99848,38.38116],[-101.01675,38.38069],[-101.01583,38.30824],[-101.0342,38.30819],[-101.03331,38.26479],[-101.04875,38.26471],[-101.04885,38.25025],[-101.06722,38.25025],[-101.06723,38.23584],[-101.08573,38.2357],[-101.08555,38.20656],[-101.10327,38.20642]]],[[[-101.09306,39.90744],[-101.09301,39.9003],[-101.11174,39.90042],[-101.11147,39.85692],[-101.13006,39.85702],[-101.13036,39.78491],[-101.1117,39.7848],[-101.11181,39.77047],[-101.07462,39.77042],[-101.07461,39.75594],[-101.00017,39.75636],[-101.00018,39.7417],[-100.98136,39.74176],[-100.98144,39.7272],[-100.9625,39.7272],[-100.96303,39.68378],[-100.94505,39.68383],[-100.94516,39.65495],[-100.92657,39.65493],[-100.92671,39.626],[-100.90812,39.62607],[-100.90823,39.61162],[-100.88965,39.61144],[-100.88972,39.56807],[-100.868,39.56814],[-100.86861,39.53941],[-100.85001,39.53946],[-100.85119,39.37967],[-100.83244,39.37971],[-100.83326,39.30709],[-100.81462,39.30702],[-100.8148,39.2635],[-100.79586,39.26341],[-100.796,39.24897],[-100.8148,39.24898],[-100.81496,39.22025],[-100.81478,39.19128],[-100.79605,39.19121],[-100.79571,39.13334],[-100.79382,39.13333],[-100.79452,39.09073],[-100.81267,39.09062],[-100.81396,39.00002],[-100.81395,38.98954],[-100.79624,38.98962],[-100.79772,38.91706],[-100.92608,38.91607],[-100.92565,38.94496],[-100.94418,38.94506],[-100.94391,38.95955],[-100.96248,38.95967],[-100.96172,39.03198],[-100.94312,39.0319],[-100.94293,39.04636],[-100.96155,39.04643],[-100.961,39.09023],[-100.9796,39.09017],[-100.97905,39.13307],[-100.98221,39.13307],[-100.98207,39.14756],[-101.0008,39.14745],[-101.00033,39.17658],[-101.0189,39.17654],[-101.01873,39.19102],[-101.03727,39.19101],[-101.03724,39.20544],[-101.05595,39.20553],[-101.05553,39.29261],[-101.03703,39.29251],[-101.03664,39.36526],[-101.0178,39.36527],[-101.01738,39.43784],[-100.99882,39.43788],[-100.99867,39.52498],[-101.01747,39.52485],[-101.01717,39.56774],[-101.02048,39.56805],[-101.0203,39.59687],[-101.03899,39.59687],[-101.0386,39.62586],[-101.05722,39.62583],[-101.05692,39.65482],[-101.07544,39.65488],[-101.07508,39.68386],[-101.11265,39.68368],[-101.1125,39.69822],[-101.16871,39.69851],[-101.16868,39.71303],[-101.18691,39.71306],[-101.18652,39.74188],[-101.2052,39.74182],[-101.20452,39.77058],[-101.22293,39.77074],[-101.2226,39.84301],[-101.20362,39.84284],[-101.20395,39.87172],[-101.18526,39.87157],[-101.18593,39.91493],[-101.20477,39.91503],[-101.20534,39.95847],[-101.22398,39.9585],[-101.22424,39.97298],[-101.24311,39.97311],[-101.24343,39.98747],[-101.26233,39.98762],[-101.26242,40.0026],[-101.13057,40.00265],[-101.13051,39.98744],[-101.11185,39.98742],[-101.11159,39.94396],[-101.09274,39.94385],[-101.09306,39.90744]]]]},"properties":{"OBJECTID":17,"wte_2022_2024_MANUAL":16,"name":"Water-table elevation: 2900 to 3000","classLabel":"2900 to 3000","color":"#fffa94","hasValue":true,"period":"2022\u20132024"}},{"type":"Feature","id":18,"geometry":{"type":"MultiPolygon","coordinates":[[[[-101.24893,37.34415],[-101.24884,37.32962],[-101.26699,37.32967],[-101.26725,37.35881],[-101.24891,37.35872],[-101.24893,37.34415]]],[[[-101.61849,37.77339],[-101.61859,37.75152],[-101.63556,37.75156],[-101.63552,37.73684],[-101.65399,37.73696],[-101.65375,37.70793],[-101.67188,37.7079],[-101.67169,37.66434],[-101.69,37.66445],[-101.68988,37.63527],[-101.7082,37.63531],[-101.70809,37.62072],[-101.72653,37.62075],[-101.72642,37.59182],[-101.74349,37.59196],[-101.74349,37.57739],[-101.76181,37.57745],[-101.7619,37.53378],[-101.74361,37.53389],[-101.74367,37.51929],[-101.726,37.5192],[-101.72625,37.49027],[-101.70803,37.49022],[-101.70795,37.46112],[-101.68963,37.46107],[-101.68966,37.43204],[-101.67151,37.43199],[-101.67152,37.41752],[-101.65331,37.41745],[-101.65323,37.3885],[-101.62893,37.38846],[-101.6288,37.37392],[-101.61057,37.37407],[-101.61054,37.34485],[-101.59264,37.34497],[-101.59263,37.33038],[-101.55631,37.33009],[-101.55629,37.3156],[-101.53813,37.31561],[-101.53815,37.30108],[-101.51995,37.30104],[-101.51992,37.2719],[-101.50166,37.27179],[-101.50145,37.19902],[-101.48367,37.19897],[-101.48356,37.18452],[-101.50148,37.18448],[-101.50128,37.06839],[-101.51957,37.0684],[-101.51924,37.0393],[-101.53722,37.03936],[-101.53739,37.02492],[-101.55553,37.02489],[-101.55542,36.99603],[-101.57361,36.99596],[-101.57364,36.99526],[-101.6278,36.99503],[-101.62782,36.99617],[-101.6278,37.03997],[-101.60971,37.03985],[-101.60975,37.05436],[-101.59183,37.0543],[-101.59191,37.06893],[-101.57376,37.06876],[-101.5737,37.08327],[-101.5556,37.08312],[-101.55579,37.19937],[-101.57392,37.19952],[-101.57375,37.21405],[-101.5922,37.2142],[-101.59293,37.2286],[-101.6101,37.2288],[-101.61045,37.24335],[-101.62837,37.2434],[-101.62831,37.25783],[-101.64652,37.25787],[-101.64644,37.30138],[-101.66474,37.30146],[-101.66467,37.33045],[-101.68302,37.33048],[-101.68346,37.35961],[-101.70168,37.35965],[-101.70172,37.38859],[-101.70784,37.38863],[-101.70808,37.40316],[-101.72606,37.40326],[-101.72619,37.43224],[-101.74399,37.43225],[-101.74399,37.44675],[-101.76227,37.44678],[-101.76203,37.47572],[-101.7802,37.47584],[-101.78021,37.49048],[-101.79831,37.4905],[-101.7982,37.53419],[-101.81634,37.53419],[-101.81616,37.62155],[-101.79833,37.62135],[-101.79822,37.63601],[-101.78014,37.63589],[-101.77991,37.6504],[-101.76169,37.65022],[-101.76137,37.70804],[-101.74353,37.708],[-101.7433,37.73698],[-101.72714,37.7369],[-101.72701,37.76611],[-101.7087,37.76613],[-101.7086,37.79518],[-101.65362,37.79519],[-101.65368,37.7806],[-101.61844,37.78051],[-101.61849,37.77339]]],[[[-101.32234,38.177],[-101.32232,38.16253],[-101.2493,38.16259],[-101.24923,38.148],[-101.23071,38.14802],[-101.23063,38.11915],[-101.24899,38.11915],[-101.24893,38.07545],[-101.26741,38.07549],[-101.26748,38.04615],[-101.30431,38.04626],[-101.30429,38.03155],[-101.32218,38.03157],[-101.32211,37.97324],[-101.3042,37.97323],[-101.3041,37.9005],[-101.32219,37.90053],[-101.32249,37.87184],[-101.34101,37.87147],[-101.34098,37.85695],[-101.39554,37.85728],[-101.39548,37.84278],[-101.4502,37.84252],[-101.45035,37.85692],[-101.46861,37.8568],[-101.46868,37.88599],[-101.46844,37.91505],[-101.45015,37.91506],[-101.45002,37.94402],[-101.50507,37.94396],[-101.50479,37.98764],[-101.48668,37.98755],[-101.48676,38.00237],[-101.46844,38.00246],[-101.46816,38.03146],[-101.45014,38.03149],[-101.45008,38.04608],[-101.43173,38.04612],[-101.4317,38.06066],[-101.41379,38.06072],[-101.41378,38.08983],[-101.3771,38.09],[-101.37728,38.13346],[-101.35891,38.13358],[-101.35905,38.16262],[-101.34083,38.16256],[-101.34083,38.17705],[-101.32234,38.177]]],[[[-101.09546,38.72927],[-101.09546,38.74383],[-101.07672,38.74365],[-101.07682,38.72915],[-101.09546,38.72927]]],[[[-101.09546,38.72927],[-101.09546,38.70039],[-101.0919,38.70037],[-101.09179,38.68543],[-101.11042,38.68539],[-101.11035,38.65612],[-101.12823,38.65606],[-101.12786,38.55439],[-101.10996,38.55445],[-101.10968,38.52557],[-101.09115,38.5255],[-101.09129,38.4969],[-101.07274,38.49707],[-101.07274,38.42429],[-101.09134,38.42418],[-101.09114,38.39527],[-101.10958,38.39519],[-101.10877,38.3515],[-101.12671,38.35165],[-101.1263,38.32254],[-101.14495,38.32245],[-101.14467,38.30806],[-101.18085,38.30786],[-101.18131,38.32234],[-101.19973,38.32228],[-101.20051,38.35134],[-101.21901,38.35129],[-101.21837,38.33692],[-101.25519,38.33674],[-101.25544,38.35126],[-101.2371,38.35132],[-101.23741,38.38027],[-101.2194,38.38026],[-101.22012,38.42383],[-101.20169,38.42373],[-101.20169,38.43852],[-101.22009,38.43843],[-101.22015,38.48184],[-101.23845,38.48182],[-101.23844,38.49626],[-101.25675,38.49629],[-101.25687,38.51072],[-101.27543,38.51074],[-101.27541,38.5252],[-101.29405,38.52517],[-101.29418,38.59889],[-101.27564,38.59893],[-101.27564,38.65655],[-101.25719,38.65669],[-101.25705,38.67116],[-101.23864,38.67136],[-101.23859,38.68604],[-101.22079,38.68579],[-101.22078,38.70151],[-101.20638,38.70152],[-101.20581,38.75932],[-101.15028,38.75874],[-101.1506,38.74443],[-101.13196,38.74422],[-101.13226,38.71525],[-101.1136,38.71499],[-101.11361,38.72952],[-101.09546,38.72927]]],[[[-101.4485,39.96669],[-101.44842,39.95944],[-101.46712,39.95943],[-101.46704,39.94498],[-101.41074,39.94495],[-101.41089,39.95932],[-101.39274,39.9593],[-101.3929,39.97358],[-101.29907,39.97325],[-101.29927,39.98769],[-101.28124,39.98767],[-101.28113,40.00261],[-101.26242,40.0026],[-101.26233,39.98762],[-101.24343,39.98747],[-101.24311,39.97311],[-101.22424,39.97298],[-101.22398,39.9585],[-101.20534,39.95847],[-101.20477,39.91503],[-101.18593,39.91493],[-101.18526,39.87157],[-101.20395,39.87172],[-101.20362,39.84284],[-101.2226,39.84301],[-101.22293,39.77074],[-101.20452,39.77058],[-101.2052,39.74182],[-101.18652,39.74188],[-101.18691,39.71306],[-101.16868,39.71303],[-101.16871,39.69851],[-101.1125,39.69822],[-101.11265,39.68368],[-101.07508,39.68386],[-101.07544,39.65488],[-101.05692,39.65482],[-101.05722,39.62583],[-101.0386,39.62586],[-101.03899,39.59687],[-101.0203,39.59687],[-101.02048,39.56805],[-101.01717,39.56774],[-101.01747,39.52485],[-100.99867,39.52498],[-100.99882,39.43788],[-101.01738,39.43784],[-101.0178,39.36527],[-101.03664,39.36526],[-101.03703,39.29251],[-101.05553,39.29261],[-101.05595,39.20553],[-101.03724,39.20544],[-101.03727,39.19101],[-101.01873,39.19102],[-101.0189,39.17654],[-101.00033,39.17658],[-101.0008,39.14745],[-100.98207,39.14756],[-100.98221,39.13307],[-100.97905,39.13307],[-100.9796,39.09017],[-100.961,39.09023],[-100.96155,39.04643],[-100.94293,39.04636],[-100.94312,39.0319],[-100.96172,39.03198],[-100.96243,38.97386],[-100.98097,38.97419],[-100.9808,38.98863],[-101.03611,38.98888],[-101.03626,38.97431],[-101.09185,38.97483],[-101.09171,38.98933],[-101.11031,38.98968],[-101.11027,39.00371],[-101.14705,39.00392],[-101.14679,39.03279],[-101.12868,39.03272],[-101.12843,39.06148],[-101.10987,39.06153],[-101.10907,39.11931],[-101.12761,39.11947],[-101.12762,39.13361],[-101.13098,39.13367],[-101.13071,39.20636],[-101.14934,39.20645],[-101.14901,39.25007],[-101.1676,39.25023],[-101.16718,39.29371],[-101.18598,39.29377],[-101.18546,39.33749],[-101.16688,39.33721],[-101.1667,39.3807],[-101.14861,39.38053],[-101.14782,39.51098],[-101.1659,39.51125],[-101.16559,39.55461],[-101.18427,39.55476],[-101.18426,39.56831],[-101.18909,39.5683],[-101.18888,39.5828],[-101.20761,39.58277],[-101.20713,39.61179],[-101.22622,39.61164],[-101.22603,39.62628],[-101.24463,39.62649],[-101.24443,39.64084],[-101.26298,39.64089],[-101.26232,39.66977],[-101.28104,39.66975],[-101.28072,39.68428],[-101.29902,39.68419],[-101.29778,39.72772],[-101.31664,39.72778],[-101.31624,39.81469],[-101.33509,39.81477],[-101.33508,39.84355],[-101.31627,39.84337],[-101.31709,39.91558],[-101.37324,39.916],[-101.37321,39.93032],[-101.6544,39.93057],[-101.65538,40.00286],[-101.44898,40.00263],[-101.4485,39.96669]]]]},"properties":{"OBJECTID":18,"wte_2022_2024_MANUAL":17,"name":"Water-table elevation: 3000 to 3100","classLabel":"3000 to 3100","color":"#f6f78f","hasValue":true,"period":"2022\u20132024"}},{"type":"Feature","id":19,"geometry":{"type":"MultiPolygon","coordinates":[[[[-101.88835,37.81803],[-101.8885,37.79635],[-101.92522,37.79638],[-101.92509,37.81087],[-101.90667,37.81076],[-101.90676,37.82693],[-101.88835,37.82691],[-101.88835,37.81803]]],[[[-101.70869,37.77346],[-101.7087,37.76613],[-101.72701,37.76611],[-101.72714,37.7369],[-101.7433,37.73698],[-101.74353,37.708],[-101.76137,37.70804],[-101.76169,37.65022],[-101.77991,37.6504],[-101.78014,37.63589],[-101.79822,37.63601],[-101.79833,37.62135],[-101.81616,37.62155],[-101.81634,37.53419],[-101.7982,37.53419],[-101.79831,37.4905],[-101.78021,37.49048],[-101.7802,37.47584],[-101.76203,37.47572],[-101.76227,37.44678],[-101.74399,37.44675],[-101.74399,37.43225],[-101.72619,37.43224],[-101.72606,37.40326],[-101.70808,37.40316],[-101.70784,37.38863],[-101.70172,37.38859],[-101.70168,37.35965],[-101.68346,37.35961],[-101.68302,37.33048],[-101.66467,37.33045],[-101.66474,37.30146],[-101.64644,37.30138],[-101.64652,37.25787],[-101.62831,37.25783],[-101.62837,37.2434],[-101.61045,37.24335],[-101.6101,37.2288],[-101.59293,37.2286],[-101.5922,37.2142],[-101.57375,37.21405],[-101.57392,37.19952],[-101.55579,37.19937],[-101.5556,37.08312],[-101.5737,37.08327],[-101.57376,37.06876],[-101.59191,37.06893],[-101.59183,37.0543],[-101.60975,37.05436],[-101.60971,37.03985],[-101.6278,37.03997],[-101.62782,36.99617],[-101.71835,36.99632],[-101.71815,37.01079],[-101.7002,37.0108],[-101.70028,37.04009],[-101.68223,37.03999],[-101.68225,37.08355],[-101.66412,37.08348],[-101.66409,37.11267],[-101.64599,37.11263],[-101.64631,37.17091],[-101.66443,37.17067],[-101.66444,37.18531],[-101.68263,37.18531],[-101.68246,37.19984],[-101.70075,37.19991],[-101.70077,37.27245],[-101.71903,37.27249],[-101.71921,37.31607],[-101.73749,37.31624],[-101.7375,37.33066],[-101.75553,37.33077],[-101.7559,37.37432],[-101.77373,37.37429],[-101.77359,37.38879],[-101.78075,37.38881],[-101.78066,37.40335],[-101.79863,37.40339],[-101.79877,37.43239],[-101.81681,37.43243],[-101.81679,37.46158],[-101.83484,37.4616],[-101.83446,37.49062],[-101.85271,37.49073],[-101.85258,37.54893],[-101.87074,37.54911],[-101.8702,37.59285],[-101.88869,37.59284],[-101.88883,37.63653],[-101.90691,37.63658],[-101.90706,37.70917],[-101.88882,37.70916],[-101.8888,37.72361],[-101.87041,37.72357],[-101.87054,37.7381],[-101.85212,37.7383],[-101.85218,37.75234],[-101.81624,37.75227],[-101.81625,37.76682],[-101.79796,37.76665],[-101.79756,37.81019],[-101.81617,37.81037],[-101.81666,37.84145],[-101.76177,37.84151],[-101.76176,37.82702],[-101.74261,37.82704],[-101.74293,37.79514],[-101.7086,37.79518],[-101.70869,37.77346]]],[[[-101.34083,38.17705],[-101.34083,38.16256],[-101.35905,38.16262],[-101.35891,38.13358],[-101.37728,38.13346],[-101.3771,38.09],[-101.41378,38.08983],[-101.41379,38.06072],[-101.4317,38.06066],[-101.43173,38.04612],[-101.45008,38.04608],[-101.45014,38.03149],[-101.46816,38.03146],[-101.46844,38.00246],[-101.48676,38.00237],[-101.48668,37.98755],[-101.50479,37.98764],[-101.50527,37.95845],[-101.52333,37.95855],[-101.52324,37.98766],[-101.54135,37.98758],[-101.54119,38.06052],[-101.52326,38.06052],[-101.52327,38.07506],[-101.48661,38.07518],[-101.48683,38.11865],[-101.46849,38.11871],[-101.46855,38.14762],[-101.45015,38.14756],[-101.45026,38.16219],[-101.41394,38.16213],[-101.41409,38.17675],[-101.34083,38.17705]]],[[[-101.22439,38.77369],[-101.22449,38.75941],[-101.20581,38.75932],[-101.20638,38.70152],[-101.22078,38.70151],[-101.22079,38.68579],[-101.23859,38.68604],[-101.23864,38.67136],[-101.25705,38.67116],[-101.25719,38.65669],[-101.27564,38.65655],[-101.27564,38.59893],[-101.29418,38.59889],[-101.29405,38.52517],[-101.27541,38.5252],[-101.27543,38.51074],[-101.25687,38.51072],[-101.25675,38.49629],[-101.23844,38.49626],[-101.23845,38.48182],[-101.22015,38.48184],[-101.22009,38.43843],[-101.20169,38.43852],[-101.20169,38.42373],[-101.22012,38.42383],[-101.2194,38.38026],[-101.23741,38.38027],[-101.2371,38.35132],[-101.25544,38.35126],[-101.25519,38.33674],[-101.32882,38.33642],[-101.3286,38.32183],[-101.38373,38.32173],[-101.38395,38.33627],[-101.36547,38.33626],[-101.36708,38.43787],[-101.3856,38.43788],[-101.38575,38.45235],[-101.40412,38.45231],[-101.40426,38.46679],[-101.42265,38.4667],[-101.42299,38.4958],[-101.44145,38.49576],[-101.44196,38.5686],[-101.4234,38.56855],[-101.42336,38.67018],[-101.40483,38.67031],[-101.40482,38.68477],[-101.38618,38.68489],[-101.38618,38.70084],[-101.37312,38.70091],[-101.3726,38.73],[-101.33605,38.73068],[-101.33605,38.71594],[-101.31766,38.7159],[-101.31725,38.74513],[-101.29877,38.74495],[-101.29839,38.75949],[-101.27994,38.75952],[-101.28008,38.77399],[-101.22439,38.77369]]],[[[-101.65494,39.97832],[-101.6544,39.93057],[-101.37321,39.93032],[-101.37324,39.916],[-101.31709,39.91558],[-101.31627,39.84337],[-101.33508,39.84355],[-101.33509,39.81477],[-101.31624,39.81469],[-101.31664,39.72778],[-101.29778,39.72772],[-101.29902,39.68419],[-101.28072,39.68428],[-101.28104,39.66975],[-101.26232,39.66977],[-101.26298,39.64089],[-101.24443,39.64084],[-101.24463,39.62649],[-101.22603,39.62628],[-101.22622,39.61164],[-101.20713,39.61179],[-101.20761,39.58277],[-101.18888,39.5828],[-101.18909,39.5683],[-101.18426,39.56831],[-101.18427,39.55476],[-101.16559,39.55461],[-101.1659,39.51125],[-101.14782,39.51098],[-101.14861,39.38053],[-101.1667,39.3807],[-101.16688,39.33721],[-101.18546,39.33749],[-101.18598,39.29377],[-101.16718,39.29371],[-101.1676,39.25023],[-101.14901,39.25007],[-101.14934,39.20645],[-101.13071,39.20636],[-101.13098,39.13367],[-101.12762,39.13361],[-101.12761,39.11947],[-101.10907,39.11931],[-101.10987,39.06153],[-101.12843,39.06148],[-101.12868,39.03272],[-101.14679,39.03279],[-101.14715,38.98951],[-101.1659,38.98987],[-101.16563,39.00414],[-101.18435,39.00459],[-101.1838,39.04775],[-101.22103,39.0484],[-101.22053,39.06295],[-101.23934,39.06332],[-101.2389,39.09232],[-101.25693,39.09254],[-101.25621,39.13526],[-101.27501,39.13542],[-101.27508,39.12169],[-101.29367,39.12182],[-101.2942,39.10731],[-101.33118,39.10745],[-101.33093,39.1354],[-101.31731,39.13543],[-101.31713,39.15001],[-101.29848,39.1501],[-101.29842,39.16442],[-101.27971,39.16456],[-101.27969,39.1789],[-101.26118,39.17875],[-101.26123,39.19326],[-101.22385,39.19285],[-101.22387,39.20731],[-101.2426,39.20747],[-101.24238,39.222],[-101.2611,39.22217],[-101.26104,39.25089],[-101.27956,39.25118],[-101.27924,39.28011],[-101.26085,39.27993],[-101.26037,39.39564],[-101.27838,39.39572],[-101.2783,39.42467],[-101.29689,39.42469],[-101.29699,39.45365],[-101.31556,39.45363],[-101.31532,39.49714],[-101.33413,39.49715],[-101.33377,39.52611],[-101.35241,39.52606],[-101.35234,39.54039],[-101.371,39.54038],[-101.37082,39.56838],[-101.3765,39.56834],[-101.37565,39.59763],[-101.39454,39.59746],[-101.39368,39.62637],[-101.41252,39.62644],[-101.41163,39.66993],[-101.43033,39.66999],[-101.42978,39.69891],[-101.4484,39.6988],[-101.44843,39.72775],[-101.46705,39.72779],[-101.4668,39.75676],[-101.48562,39.75673],[-101.48514,39.8438],[-101.50405,39.84382],[-101.50407,39.85838],[-101.54103,39.85833],[-101.54116,39.87283],[-101.65434,39.87262],[-101.65437,39.88702],[-101.69207,39.8869],[-101.69207,39.87224],[-101.71055,39.87243],[-101.71035,39.85792],[-101.72915,39.85794],[-101.7296,39.88691],[-101.71083,39.88691],[-101.71077,39.9015],[-101.72964,39.90131],[-101.72992,39.93018],[-101.74857,39.93018],[-101.74886,39.97381],[-101.73053,39.97363],[-101.73077,40.00289],[-101.65538,40.00286],[-101.65494,39.97832]]]]},"properties":{"OBJECTID":19,"wte_2022_2024_MANUAL":18,"name":"Water-table elevation: 3100 to 3200","classLabel":"3100 to 3200","color":"#e1e683","hasValue":true,"period":"2022\u20132024"}},{"type":"Feature","id":20,"geometry":{"type":"MultiPolygon","coordinates":[[[[-101.85339,37.87351],[-101.85336,37.8705],[-101.83505,37.87046],[-101.83504,37.85594],[-101.79846,37.856],[-101.79832,37.84155],[-101.81666,37.84145],[-101.81661,37.82702],[-101.81597,37.82702],[-101.81617,37.81037],[-101.79756,37.81019],[-101.79796,37.76665],[-101.81625,37.76682],[-101.81624,37.75227],[-101.85218,37.75234],[-101.85212,37.7383],[-101.87054,37.7381],[-101.87041,37.72357],[-101.8888,37.72361],[-101.88882,37.70916],[-101.90706,37.70917],[-101.90691,37.63658],[-101.88883,37.63653],[-101.88869,37.59284],[-101.8702,37.59285],[-101.87074,37.54911],[-101.85258,37.54893],[-101.85271,37.49073],[-101.83446,37.49062],[-101.83484,37.4616],[-101.81679,37.46158],[-101.81681,37.43243],[-101.79877,37.43239],[-101.79863,37.40339],[-101.78066,37.40335],[-101.78075,37.38881],[-101.77359,37.38879],[-101.77373,37.37429],[-101.7559,37.37432],[-101.75553,37.33077],[-101.7375,37.33066],[-101.73749,37.31624],[-101.71921,37.31607],[-101.71903,37.27249],[-101.70077,37.27245],[-101.70075,37.19991],[-101.68246,37.19984],[-101.68263,37.18531],[-101.66444,37.18531],[-101.66443,37.17067],[-101.64631,37.17091],[-101.64599,37.11263],[-101.66409,37.11267],[-101.66412,37.08348],[-101.68225,37.08355],[-101.68223,37.03999],[-101.70028,37.04009],[-101.7002,37.0108],[-101.71815,37.01079],[-101.71835,36.99632],[-101.75433,36.99629],[-101.75433,36.99445],[-101.84469,36.99391],[-101.84476,36.99601],[-101.82679,36.99618],[-101.82685,37.01066],[-101.80879,37.01063],[-101.80887,37.02513],[-101.79081,37.02521],[-101.79081,37.05438],[-101.77275,37.05442],[-101.77318,37.15626],[-101.79134,37.1562],[-101.79183,37.2435],[-101.75542,37.24342],[-101.75548,37.27264],[-101.79193,37.27245],[-101.79212,37.2871],[-101.8102,37.2871],[-101.80996,37.31618],[-101.82804,37.31628],[-101.82776,37.35986],[-101.84585,37.35986],[-101.84612,37.38896],[-101.85335,37.38899],[-101.85327,37.40354],[-101.87161,37.40348],[-101.87133,37.43275],[-101.88962,37.43266],[-101.88958,37.46185],[-101.90767,37.46182],[-101.9074,37.50542],[-101.9256,37.50561],[-101.92518,37.57838],[-101.94346,37.57846],[-101.94343,37.60751],[-101.96145,37.60755],[-101.9614,37.62226],[-101.97974,37.62234],[-101.97967,37.65126],[-101.99794,37.65128],[-101.99818,37.70937],[-102.01649,37.7093],[-102.01637,37.7966],[-101.99784,37.79664],[-101.99772,37.82687],[-101.99955,37.82688],[-101.99965,37.85584],[-101.98133,37.85583],[-101.98138,37.87047],[-101.94482,37.87048],[-101.94479,37.88502],[-101.85346,37.88496],[-101.85339,37.87351]]],[[[-101.90674,37.81794],[-101.90667,37.81076],[-101.92509,37.81087],[-101.92522,37.79638],[-101.8885,37.79635],[-101.88835,37.82691],[-101.90676,37.82693],[-101.90674,37.81794]]],[[[-101.8048,37.33069],[-101.79172,37.33074],[-101.79176,37.34517],[-101.81005,37.3452],[-101.81009,37.33071],[-101.8048,37.33069]]],[[[-101.40938,38.75002],[-101.40954,38.74411],[-101.39092,38.74433],[-101.39115,38.72987],[-101.3726,38.73],[-101.37312,38.70091],[-101.38618,38.70084],[-101.38618,38.68489],[-101.40482,38.68477],[-101.40483,38.67031],[-101.42336,38.67018],[-101.4234,38.56855],[-101.44196,38.5686],[-101.44145,38.49576],[-101.42299,38.4958],[-101.42265,38.4667],[-101.40426,38.46679],[-101.40412,38.45231],[-101.38575,38.45235],[-101.3856,38.43788],[-101.36708,38.43787],[-101.36547,38.33626],[-101.38395,38.33627],[-101.38348,38.30735],[-101.40208,38.30721],[-101.40188,38.29272],[-101.4203,38.29266],[-101.41993,38.26366],[-101.43262,38.26363],[-101.43232,38.23473],[-101.45084,38.23467],[-101.45077,38.2202],[-101.46902,38.22011],[-101.469,38.20571],[-101.56049,38.20536],[-101.56033,38.19062],[-101.57915,38.19086],[-101.57875,38.17599],[-101.59718,38.17592],[-101.59682,38.16151],[-101.6704,38.16108],[-101.67073,38.1756],[-101.65199,38.17563],[-101.65221,38.20463],[-101.63467,38.20495],[-101.63437,38.2194],[-101.61589,38.21975],[-101.61586,38.23408],[-101.59744,38.23418],[-101.59753,38.24866],[-101.57913,38.2487],[-101.57937,38.26304],[-101.56746,38.26314],[-101.56736,38.29207],[-101.54901,38.29217],[-101.549,38.30683],[-101.53061,38.30685],[-101.53054,38.32134],[-101.51217,38.32139],[-101.51219,38.33589],[-101.49367,38.33604],[-101.49371,38.35035],[-101.47537,38.35043],[-101.47563,38.39403],[-101.4941,38.39394],[-101.4942,38.40848],[-101.51259,38.4083],[-101.51273,38.43735],[-101.5312,38.43721],[-101.53139,38.46629],[-101.54986,38.46625],[-101.55032,38.53893],[-101.53193,38.53892],[-101.53236,38.6999],[-101.50288,38.69995],[-101.50255,38.7146],[-101.48416,38.71466],[-101.48352,38.74371],[-101.46513,38.74365],[-101.46445,38.77229],[-101.40888,38.77301],[-101.40938,38.75002]]],[[[-101.42717,38.78762],[-101.44568,38.78746],[-101.44551,38.8021],[-101.42702,38.80214],[-101.42717,38.78762]]],[[[-101.51719,38.98285],[-101.5173,38.97565],[-101.53597,38.97552],[-101.53533,39.01905],[-101.5167,39.01926],[-101.51719,38.98285]]],[[[-101.75046,39.91576],[-101.74844,39.91571],[-101.74857,39.93018],[-101.72992,39.93018],[-101.72964,39.90131],[-101.71077,39.9015],[-101.71083,39.88691],[-101.7296,39.88691],[-101.72915,39.85794],[-101.71035,39.85792],[-101.71055,39.87243],[-101.69207,39.87224],[-101.69207,39.8869],[-101.65437,39.88702],[-101.65434,39.87262],[-101.54116,39.87283],[-101.54103,39.85833],[-101.50407,39.85838],[-101.50405,39.84382],[-101.48514,39.8438],[-101.48562,39.75673],[-101.4668,39.75676],[-101.46705,39.72779],[-101.44843,39.72775],[-101.4484,39.6988],[-101.42978,39.69891],[-101.43033,39.66999],[-101.41163,39.66993],[-101.41252,39.62644],[-101.39368,39.62637],[-101.39454,39.59746],[-101.37565,39.59763],[-101.3765,39.56834],[-101.37082,39.56838],[-101.371,39.54038],[-101.35234,39.54039],[-101.35241,39.52606],[-101.33377,39.52611],[-101.33413,39.49715],[-101.31532,39.49714],[-101.31556,39.45363],[-101.29699,39.45365],[-101.29689,39.42469],[-101.2783,39.42467],[-101.27838,39.39572],[-101.26037,39.39564],[-101.26085,39.27993],[-101.27924,39.28011],[-101.27956,39.25118],[-101.26104,39.25089],[-101.2611,39.22217],[-101.24238,39.222],[-101.2426,39.20747],[-101.22387,39.20731],[-101.22385,39.19285],[-101.26123,39.19326],[-101.26118,39.17875],[-101.27969,39.1789],[-101.27971,39.16456],[-101.29842,39.16442],[-101.29848,39.1501],[-101.31713,39.15001],[-101.31731,39.13543],[-101.33093,39.1354],[-101.33118,39.10745],[-101.36725,39.10747],[-101.36755,39.09298],[-101.44206,39.09233],[-101.44236,39.06329],[-101.4611,39.06314],[-101.46105,39.04884],[-101.47923,39.04867],[-101.47942,39.03408],[-101.53523,39.03362],[-101.53506,39.04816],[-101.55369,39.04795],[-101.55362,39.06258],[-101.53498,39.06271],[-101.53445,39.10616],[-101.51574,39.10642],[-101.51522,39.13471],[-101.50345,39.13472],[-101.50376,39.16349],[-101.48491,39.16352],[-101.48486,39.17799],[-101.46636,39.17817],[-101.46638,39.20705],[-101.44753,39.20722],[-101.44721,39.22171],[-101.42895,39.22171],[-101.42887,39.23622],[-101.41022,39.23633],[-101.41015,39.26521],[-101.39143,39.26533],[-101.39133,39.27984],[-101.37274,39.27997],[-101.37237,39.33779],[-101.39103,39.33769],[-101.39079,39.36674],[-101.40954,39.3666],[-101.40943,39.381],[-101.42809,39.38101],[-101.42801,39.39555],[-101.44673,39.39547],[-101.44654,39.43894],[-101.46539,39.43895],[-101.4653,39.46791],[-101.48413,39.46781],[-101.48315,39.52575],[-101.50172,39.52541],[-101.50117,39.55457],[-101.51992,39.55453],[-101.51995,39.56842],[-101.5261,39.56839],[-101.52569,39.59742],[-101.54441,39.59739],[-101.54387,39.6409],[-101.56266,39.6409],[-101.56234,39.65535],[-101.58121,39.65533],[-101.58072,39.68433],[-101.59953,39.68429],[-101.59933,39.69883],[-101.61805,39.69875],[-101.6177,39.72771],[-101.63656,39.72773],[-101.6364,39.74225],[-101.65518,39.74224],[-101.65495,39.77125],[-101.67383,39.77104],[-101.67363,39.7856],[-101.76768,39.78562],[-101.7864,39.78558],[-101.78669,39.77103],[-101.82421,39.77121],[-101.82409,39.78574],[-101.80523,39.78565],[-101.80444,39.85805],[-101.80505,39.88695],[-101.82372,39.88698],[-101.82361,39.93055],[-101.7672,39.93033],[-101.76716,39.91584],[-101.75046,39.91576]]]]},"properties":{"OBJECTID":20,"wte_2022_2024_MANUAL":19,"name":"Water-table elevation: 3200 to 3300","classLabel":"3200 to 3300","color":"#cdd678","hasValue":true,"period":"2022\u20132024"}},{"type":"Feature","id":21,"geometry":{"type":"MultiPolygon","coordinates":[[[[-101.97114,36.9959],[-101.97129,36.99331],[-101.98945,36.99322],[-101.98944,36.99548],[-101.97114,36.9959]]],[[[-101.97114,36.9959],[-101.9716,37.02496],[-101.95351,37.02509],[-101.95363,37.03957],[-101.9355,37.03966],[-101.93547,37.05415],[-101.91768,37.05408],[-101.91782,37.06865],[-101.88165,37.06867],[-101.88172,37.09779],[-101.89983,37.09753],[-101.89988,37.11218],[-101.89985,37.12687],[-101.88171,37.12708],[-101.88194,37.18543],[-101.90002,37.18532],[-101.90029,37.24357],[-101.91841,37.24352],[-101.91882,37.30185],[-101.9006,37.30179],[-101.90059,37.37437],[-101.91865,37.37452],[-101.91872,37.38906],[-101.92609,37.38909],[-101.92611,37.41817],[-101.94422,37.41821],[-101.94403,37.4474],[-101.96231,37.44749],[-101.96218,37.47667],[-101.98057,37.47679],[-101.98036,37.50578],[-101.99869,37.50589],[-101.99836,37.53504],[-102.01653,37.53512],[-102.01647,37.5643],[-102.03477,37.56427],[-102.03462,37.59336],[-102.04186,37.59328],[-102.04174,37.69482],[-102.0429,37.7965],[-102.01637,37.7966],[-102.01649,37.7093],[-101.99818,37.70937],[-101.99794,37.65128],[-101.97967,37.65126],[-101.97974,37.62234],[-101.9614,37.62226],[-101.96145,37.60755],[-101.94343,37.60751],[-101.94346,37.57846],[-101.92518,37.57838],[-101.9256,37.50561],[-101.9074,37.50542],[-101.90767,37.46182],[-101.88958,37.46185],[-101.88962,37.43266],[-101.87133,37.43275],[-101.87161,37.40348],[-101.85327,37.40354],[-101.85335,37.38899],[-101.84612,37.38896],[-101.84585,37.35986],[-101.82776,37.35986],[-101.82804,37.31628],[-101.80996,37.31618],[-101.8102,37.2871],[-101.79212,37.2871],[-101.79193,37.27245],[-101.75548,37.27264],[-101.75542,37.24342],[-101.79183,37.2435],[-101.79134,37.1562],[-101.77318,37.15626],[-101.77291,37.12503],[-101.77275,37.05442],[-101.79081,37.05438],[-101.79081,37.02521],[-101.80887,37.02513],[-101.80879,37.01063],[-101.82685,37.01066],[-101.82679,36.99618],[-101.84476,36.99601],[-101.84469,36.99391],[-101.86273,36.99381],[-101.88089,36.99391],[-101.88086,36.99606],[-101.97114,36.9959]]],[[[-101.4643,38.78732],[-101.46513,38.74365],[-101.48352,38.74371],[-101.48416,38.71466],[-101.50255,38.7146],[-101.50288,38.69995],[-101.53236,38.6999],[-101.53193,38.53892],[-101.55032,38.53893],[-101.54986,38.46625],[-101.53139,38.46629],[-101.5312,38.43721],[-101.51273,38.43735],[-101.51259,38.4083],[-101.4942,38.40848],[-101.4941,38.39394],[-101.47563,38.39403],[-101.47537,38.35043],[-101.49371,38.35035],[-101.49367,38.33604],[-101.51219,38.33589],[-101.51217,38.32139],[-101.53054,38.32134],[-101.53061,38.30685],[-101.549,38.30683],[-101.54901,38.29217],[-101.56736,38.29207],[-101.56746,38.26314],[-101.57937,38.26304],[-101.57913,38.2487],[-101.59753,38.24866],[-101.59744,38.23418],[-101.61586,38.23408],[-101.61589,38.21975],[-101.63437,38.2194],[-101.63467,38.20495],[-101.65221,38.20463],[-101.65199,38.17563],[-101.67073,38.1756],[-101.6704,38.16108],[-101.68876,38.16103],[-101.68885,38.17555],[-101.72568,38.17546],[-101.72595,38.2044],[-101.74454,38.20442],[-101.74464,38.26255],[-101.73326,38.26263],[-101.7331,38.29149],[-101.7148,38.29152],[-101.71481,38.30594],[-101.67804,38.30629],[-101.67804,38.32068],[-101.65941,38.32077],[-101.65929,38.39336],[-101.67805,38.39322],[-101.6781,38.40784],[-101.65938,38.40776],[-101.65945,38.45135],[-101.64098,38.4515],[-101.64109,38.66932],[-101.65957,38.66926],[-101.65944,38.69896],[-101.67039,38.69891],[-101.66937,38.72791],[-101.65071,38.72797],[-101.65058,38.74259],[-101.63192,38.74276],[-101.63165,38.75726],[-101.57599,38.75765],[-101.57568,38.77213],[-101.5573,38.77238],[-101.55711,38.78674],[-101.57542,38.78658],[-101.57523,38.81564],[-101.59369,38.81549],[-101.59303,38.85901],[-101.55617,38.85928],[-101.55636,38.84485],[-101.5193,38.84507],[-101.51946,38.83051],[-101.50107,38.83062],[-101.50084,38.81618],[-101.46397,38.81623],[-101.4643,38.78732]]],[[[-101.64827,38.87328],[-101.64828,38.85857],[-101.66687,38.8586],[-101.66682,38.8732],[-101.64827,38.87328]]],[[[-101.5358,38.99013],[-101.53597,38.97552],[-101.55444,38.97547],[-101.55421,38.99009],[-101.5911,38.98972],[-101.59084,39.00419],[-101.60915,39.00406],[-101.60872,39.06211],[-101.59008,39.06229],[-101.59067,39.01873],[-101.53533,39.01905],[-101.5358,38.99013]]],[[[-101.51546,39.12087],[-101.51574,39.10642],[-101.53445,39.10616],[-101.53498,39.06271],[-101.55362,39.06258],[-101.55369,39.04795],[-101.57234,39.04786],[-101.57207,39.07693],[-101.58986,39.07674],[-101.58954,39.10578],[-101.57169,39.10587],[-101.57153,39.1204],[-101.51546,39.12087]]],[[[-101.86114,39.91635],[-101.84251,39.91617],[-101.84246,39.93062],[-101.82361,39.93055],[-101.82372,39.88698],[-101.80505,39.88695],[-101.80444,39.85805],[-101.80523,39.78565],[-101.82409,39.78574],[-101.82421,39.77121],[-101.78669,39.77103],[-101.7864,39.78558],[-101.76768,39.78562],[-101.67363,39.7856],[-101.67383,39.77104],[-101.65495,39.77125],[-101.65518,39.74224],[-101.6364,39.74225],[-101.63656,39.72773],[-101.6177,39.72771],[-101.61805,39.69875],[-101.59933,39.69883],[-101.59953,39.68429],[-101.58072,39.68433],[-101.58121,39.65533],[-101.56234,39.65535],[-101.56266,39.6409],[-101.54387,39.6409],[-101.54441,39.59739],[-101.52569,39.59742],[-101.5261,39.56839],[-101.51995,39.56842],[-101.51992,39.55453],[-101.50117,39.55457],[-101.50172,39.52541],[-101.48315,39.52575],[-101.48413,39.46781],[-101.4653,39.46791],[-101.46539,39.43895],[-101.44654,39.43894],[-101.44673,39.39547],[-101.42801,39.39555],[-101.42809,39.38101],[-101.40943,39.381],[-101.40954,39.3666],[-101.39079,39.36674],[-101.39103,39.33769],[-101.37237,39.33779],[-101.37274,39.27997],[-101.39133,39.27984],[-101.39143,39.26533],[-101.41015,39.26521],[-101.41022,39.23633],[-101.42887,39.23622],[-101.42895,39.22171],[-101.44721,39.22171],[-101.44753,39.20722],[-101.46638,39.20705],[-101.46636,39.17817],[-101.48486,39.17799],[-101.48491,39.16352],[-101.50376,39.16349],[-101.50345,39.13472],[-101.52213,39.13465],[-101.52201,39.19226],[-101.55946,39.1923],[-101.55925,39.22114],[-101.54063,39.2212],[-101.54051,39.23564],[-101.5216,39.23569],[-101.52164,39.25022],[-101.50319,39.2503],[-101.50297,39.26461],[-101.48477,39.26476],[-101.48486,39.29387],[-101.50277,39.29381],[-101.50277,39.30826],[-101.52151,39.30812],[-101.52142,39.32254],[-101.54013,39.32252],[-101.54014,39.33699],[-101.55895,39.33692],[-101.55889,39.35148],[-101.57754,39.35146],[-101.5774,39.3805],[-101.59599,39.38049],[-101.59591,39.43848],[-101.61398,39.4384],[-101.61377,39.49622],[-101.63246,39.49611],[-101.63228,39.52502],[-101.65103,39.52505],[-101.65079,39.5396],[-101.66956,39.53959],[-101.66943,39.55392],[-101.68816,39.55397],[-101.68798,39.5685],[-101.69489,39.56847],[-101.69463,39.58287],[-101.71338,39.58293],[-101.71317,39.59739],[-101.75081,39.5973],[-101.75069,39.61185],[-101.76936,39.61185],[-101.76936,39.62632],[-101.78805,39.62639],[-101.78795,39.64087],[-101.80668,39.64085],[-101.80642,39.6698],[-101.84387,39.66999],[-101.84374,39.68434],[-101.86261,39.68442],[-101.86259,39.69891],[-101.93733,39.69866],[-101.9374,39.7276],[-101.91852,39.72775],[-101.91855,39.74217],[-101.89976,39.74229],[-101.89904,39.87256],[-101.91772,39.87259],[-101.9174,39.93061],[-101.87982,39.93073],[-101.87988,39.9162],[-101.86114,39.91635]]]]},"properties":{"OBJECTID":21,"wte_2022_2024_MANUAL":20,"name":"Water-table elevation: 3300 to 3400","classLabel":"3300 to 3400","color":"#b9c76d","hasValue":true,"period":"2022\u20132024"}},{"type":"Feature","id":22,"geometry":{"type":"MultiPolygon","coordinates":[[[[-101.96218,37.47667],[-101.96231,37.44749],[-101.94403,37.4474],[-101.94422,37.41821],[-101.92611,37.41817],[-101.92609,37.38909],[-101.91872,37.38906],[-101.91865,37.37452],[-101.90059,37.37437],[-101.9006,37.30179],[-101.91882,37.30185],[-101.91841,37.24352],[-101.90029,37.24357],[-101.90002,37.18532],[-101.88194,37.18543],[-101.88171,37.12708],[-101.89985,37.12687],[-101.89988,37.11218],[-101.89983,37.09753],[-101.88172,37.09779],[-101.88165,37.06867],[-101.91782,37.06865],[-101.91768,37.05408],[-101.93547,37.05415],[-101.9355,37.03966],[-101.95363,37.03957],[-101.95351,37.02509],[-101.9716,37.02496],[-101.97114,36.9959],[-101.98944,36.99548],[-101.98945,36.99322],[-102.04216,36.9931],[-102.04202,37.1121],[-102.02593,37.11211],[-102.02622,37.14116],[-102.00827,37.14127],[-102.00848,37.18517],[-101.99031,37.18514],[-101.99063,37.24342],[-102.00892,37.24342],[-102.0091,37.25814],[-102.02715,37.25806],[-102.02742,37.28707],[-102.00931,37.28717],[-102.00939,37.30203],[-101.99107,37.30195],[-101.99104,37.34551],[-101.97292,37.34548],[-101.9727,37.38918],[-101.98069,37.38919],[-101.9807,37.40378],[-101.99897,37.40381],[-101.99906,37.41829],[-102.01719,37.41851],[-102.01709,37.4623],[-101.98052,37.46217],[-101.98057,37.47679],[-101.96218,37.47667]]],[[[-102.01653,37.53512],[-101.99836,37.53504],[-101.99855,37.52047],[-102.01671,37.52058],[-102.01653,37.53512]]],[[[-102.01653,37.53512],[-102.03502,37.53513],[-102.03477,37.56427],[-102.01647,37.5643],[-102.01653,37.53512]]],[[[-101.66682,38.87161],[-101.66687,38.8586],[-101.64828,38.85857],[-101.64828,38.84426],[-101.63072,38.84441],[-101.62972,38.85882],[-101.59303,38.85901],[-101.59369,38.81549],[-101.57523,38.81564],[-101.57542,38.78658],[-101.55711,38.78674],[-101.5573,38.77238],[-101.57568,38.77213],[-101.57599,38.75765],[-101.63165,38.75726],[-101.63192,38.74276],[-101.65058,38.74259],[-101.65071,38.72797],[-101.66937,38.72791],[-101.67039,38.69891],[-101.65944,38.69896],[-101.65957,38.66926],[-101.64109,38.66932],[-101.64098,38.4515],[-101.65945,38.45135],[-101.65938,38.40776],[-101.6781,38.40784],[-101.67805,38.39322],[-101.73356,38.39312],[-101.73369,38.40769],[-101.75194,38.4077],[-101.75209,38.4367],[-101.77054,38.43666],[-101.77057,38.46578],[-101.79006,38.46588],[-101.7906,38.6111],[-101.80919,38.6111],[-101.80935,38.65463],[-101.82802,38.65456],[-101.82809,38.68348],[-101.84659,38.68356],[-101.84674,38.6979],[-101.85481,38.69792],[-101.85423,38.74138],[-101.83557,38.74148],[-101.83453,38.81422],[-101.81605,38.81418],[-101.81562,38.84321],[-101.79762,38.84341],[-101.7973,38.85791],[-101.77869,38.85804],[-101.77826,38.88702],[-101.70383,38.88729],[-101.70398,38.87275],[-101.66682,38.8732],[-101.66682,38.87161]]],[[[-101.9174,39.93061],[-101.91772,39.87259],[-101.89904,39.87256],[-101.89976,39.74229],[-101.91855,39.74217],[-101.91852,39.72775],[-101.9374,39.7276],[-101.93733,39.69866],[-101.86259,39.69891],[-101.86261,39.68442],[-101.84374,39.68434],[-101.84387,39.66999],[-101.80642,39.6698],[-101.80668,39.64085],[-101.78795,39.64087],[-101.78805,39.62639],[-101.76936,39.62632],[-101.76936,39.61185],[-101.75069,39.61185],[-101.75081,39.5973],[-101.71317,39.59739],[-101.71338,39.58293],[-101.69463,39.58287],[-101.69489,39.56847],[-101.68798,39.5685],[-101.68816,39.55397],[-101.66943,39.55392],[-101.66956,39.53959],[-101.65079,39.5396],[-101.65103,39.52505],[-101.63228,39.52502],[-101.63246,39.49611],[-101.61377,39.49622],[-101.61398,39.4384],[-101.59591,39.43848],[-101.59599,39.38049],[-101.5774,39.3805],[-101.57754,39.35146],[-101.55889,39.35148],[-101.55895,39.33692],[-101.54014,39.33699],[-101.54013,39.32252],[-101.52142,39.32254],[-101.52151,39.30812],[-101.50277,39.30826],[-101.50277,39.29381],[-101.48486,39.29387],[-101.48477,39.26476],[-101.50297,39.26461],[-101.50319,39.2503],[-101.52164,39.25022],[-101.5216,39.23569],[-101.54051,39.23564],[-101.54063,39.2212],[-101.55925,39.22114],[-101.55936,39.2069],[-101.57791,39.20679],[-101.57776,39.22108],[-101.61479,39.22103],[-101.61493,39.20658],[-101.65216,39.20651],[-101.65221,39.19189],[-101.67098,39.19205],[-101.671,39.16298],[-101.68923,39.16286],[-101.68913,39.27896],[-101.70771,39.27885],[-101.70766,39.3078],[-101.72626,39.30771],[-101.72608,39.33669],[-101.74476,39.3366],[-101.74484,39.38002],[-101.7632,39.38007],[-101.76279,39.45258],[-101.78149,39.45253],[-101.78123,39.49605],[-101.79989,39.49606],[-101.79977,39.51057],[-101.81856,39.51048],[-101.81833,39.52497],[-101.83583,39.52492],[-101.83562,39.53952],[-101.85452,39.53936],[-101.85431,39.55379],[-101.87287,39.55385],[-101.87277,39.56842],[-101.90063,39.56839],[-101.90055,39.58291],[-101.91929,39.58286],[-101.91925,39.59738],[-101.93792,39.59732],[-101.93791,39.61185],[-101.95657,39.61181],[-101.95665,39.62615],[-101.99403,39.62616],[-101.99401,39.64058],[-102.03141,39.64047],[-102.03106,39.82878],[-102.02983,39.90152],[-102.0116,39.90157],[-102.01156,39.91603],[-101.99265,39.91595],[-101.99255,39.93049],[-101.9174,39.93061]]]]},"properties":{"OBJECTID":22,"wte_2022_2024_MANUAL":21,"name":"Water-table elevation: 3400 to 3500","classLabel":"3400 to 3500","color":"#a8b863","hasValue":true,"period":"2022\u20132024"}},{"type":"Feature","id":23,"geometry":{"type":"MultiPolygon","coordinates":[[[[-101.97292,37.34662],[-101.97292,37.34548],[-101.99104,37.34551],[-101.99107,37.30195],[-102.00939,37.30203],[-102.00931,37.28717],[-102.02742,37.28707],[-102.02715,37.25806],[-102.0091,37.25814],[-102.00892,37.24342],[-101.99063,37.24342],[-101.99031,37.18514],[-102.00848,37.18517],[-102.00827,37.14127],[-102.02622,37.14116],[-102.02593,37.11211],[-102.04202,37.1121],[-102.04188,37.44784],[-102.01721,37.44769],[-102.01719,37.41851],[-101.99906,37.41829],[-101.99897,37.40381],[-101.9807,37.40378],[-101.98069,37.38919],[-101.9727,37.38918],[-101.97292,37.34662]]],[[[-101.88915,38.90115],[-101.88926,38.88684],[-101.85227,38.88666],[-101.85246,38.87216],[-101.79707,38.87221],[-101.79762,38.84341],[-101.81562,38.84321],[-101.81605,38.81418],[-101.83453,38.81422],[-101.83557,38.74148],[-101.85423,38.74138],[-101.85481,38.69792],[-101.84674,38.6979],[-101.84659,38.68356],[-101.82809,38.68348],[-101.82802,38.65456],[-101.80935,38.65463],[-101.80919,38.6111],[-101.7906,38.6111],[-101.79006,38.46588],[-101.84565,38.46573],[-101.84565,38.48006],[-101.86418,38.47998],[-101.86419,38.4945],[-101.88261,38.49449],[-101.8831,38.56726],[-101.90133,38.56738],[-101.90161,38.61091],[-101.92018,38.61093],[-101.92005,38.62544],[-101.93865,38.62545],[-101.93861,38.65446],[-101.95712,38.65438],[-101.95723,38.69785],[-101.96586,38.69781],[-101.96536,38.72688],[-101.98382,38.72706],[-101.98327,38.7562],[-102.00197,38.75631],[-102.00164,38.78474],[-102.02015,38.78462],[-102.01942,38.84275],[-102.00098,38.8428],[-102.00064,38.87202],[-101.96361,38.87212],[-101.96345,38.88666],[-101.92621,38.88674],[-101.92617,38.90122],[-101.88915,38.90115]]],[[[-102.03107,39.75],[-102.03141,39.64047],[-101.99401,39.64058],[-101.99403,39.62616],[-101.95665,39.62615],[-101.95657,39.61181],[-101.93791,39.61185],[-101.93792,39.59732],[-101.91925,39.59738],[-101.91929,39.58286],[-101.90055,39.58291],[-101.90063,39.56839],[-101.87277,39.56842],[-101.87287,39.55385],[-101.85431,39.55379],[-101.85452,39.53936],[-101.83562,39.53952],[-101.83583,39.52492],[-101.81833,39.52497],[-101.81856,39.51048],[-101.79977,39.51057],[-101.79989,39.49606],[-101.78123,39.49605],[-101.78149,39.45253],[-101.76279,39.45258],[-101.7632,39.38007],[-101.74484,39.38002],[-101.74476,39.3366],[-101.72608,39.33669],[-101.72626,39.30771],[-101.70766,39.3078],[-101.70771,39.27885],[-101.68913,39.27896],[-101.68972,39.13384],[-101.71891,39.13368],[-101.71902,39.11966],[-101.79358,39.11886],[-101.79339,39.13344],[-101.78314,39.13347],[-101.78241,39.20592],[-101.81981,39.20581],[-101.81963,39.22035],[-101.83835,39.22024],[-101.83811,39.2349],[-101.85664,39.23481],[-101.85647,39.26378],[-101.87515,39.26378],[-101.87482,39.30729],[-101.85616,39.30727],[-101.8558,39.36309],[-101.85573,39.37981],[-101.87422,39.37977],[-101.87423,39.4232],[-101.89296,39.42316],[-101.89288,39.43752],[-101.91158,39.43751],[-101.9115,39.45201],[-101.93012,39.45198],[-101.92997,39.46646],[-101.9483,39.4664],[-101.94819,39.48093],[-101.9669,39.48091],[-101.96676,39.49539],[-101.9854,39.49544],[-101.98509,39.52458],[-102.00374,39.5247],[-102.00353,39.53911],[-102.02241,39.53908],[-102.02235,39.55365],[-102.04102,39.5537],[-102.0407,39.56827],[-102.04993,39.56823],[-102.05005,39.71272],[-102.05076,39.71274],[-102.05089,39.73265],[-102.05086,39.74174],[-102.04993,39.74175],[-102.04983,39.81421],[-102.03095,39.81424],[-102.03107,39.75]]],[[[-102.031,39.83263],[-102.03106,39.82878],[-102.04984,39.82885],[-102.04929,39.8724],[-102.03062,39.87247],[-102.031,39.83263]]]]},"properties":{"OBJECTID":23,"wte_2022_2024_MANUAL":22,"name":"Water-table elevation: 3500 to 3600","classLabel":"3500 to 3600","color":"#95a858","hasValue":true,"period":"2022\u20132024"}},{"type":"Feature","id":24,"geometry":{"type":"MultiPolygon","coordinates":[[[[-101.90688,38.97373],[-101.90696,38.95921],[-101.88829,38.95925],[-101.88883,38.94467],[-101.92554,38.94477],[-101.92566,38.93014],[-101.90732,38.93017],[-101.9076,38.90122],[-101.92617,38.90122],[-101.92621,38.88674],[-101.96345,38.88666],[-101.96361,38.87212],[-102.00064,38.87202],[-102.00098,38.8428],[-102.01942,38.84275],[-102.02015,38.78462],[-102.00164,38.78474],[-102.00197,38.75631],[-101.98327,38.7562],[-101.98382,38.72706],[-101.96536,38.72688],[-101.96586,38.69781],[-101.95723,38.69785],[-101.95712,38.65438],[-101.93861,38.65446],[-101.93865,38.62545],[-101.92005,38.62544],[-101.92018,38.61093],[-101.90161,38.61091],[-101.90133,38.56738],[-101.8831,38.56726],[-101.88262,38.48012],[-101.91915,38.48013],[-101.91897,38.4656],[-101.97458,38.46549],[-101.97478,38.47999],[-101.9561,38.47995],[-101.95654,38.53828],[-101.93791,38.53829],[-101.938,38.55274],[-101.95663,38.55272],[-101.95673,38.56725],[-101.97531,38.56719],[-101.9756,38.5963],[-101.99412,38.59623],[-101.99426,38.62527],[-102.01192,38.62524],[-102.01186,38.65428],[-102.03043,38.65425],[-102.03044,38.68332],[-102.04525,38.68318],[-102.04523,38.69785],[-102.02139,38.69784],[-102.02139,38.71241],[-102.0452,38.71214],[-102.04586,38.9296],[-102.01852,38.92996],[-102.01844,38.94441],[-101.99991,38.94449],[-101.99977,38.95899],[-101.98102,38.95926],[-101.98048,38.98817],[-101.94345,38.98821],[-101.94368,38.97374],[-101.90688,38.97373]]],[[[-101.88683,39.07537],[-101.88712,39.06075],[-101.90568,39.06071],[-101.90548,39.07528],[-101.88683,39.07537]]],[[[-101.88683,39.07537],[-101.88642,39.11883],[-101.86779,39.11871],[-101.86759,39.13326],[-101.87628,39.13322],[-101.87581,39.19119],[-101.91309,39.19137],[-101.91294,39.20583],[-101.93147,39.20579],[-101.9313,39.22027],[-101.94988,39.22038],[-101.9497,39.23489],[-101.96825,39.2349],[-101.96789,39.27841],[-101.9865,39.27829],[-101.98617,39.33624],[-102.00483,39.33639],[-102.00479,39.36528],[-102.02335,39.36531],[-102.0234,39.37975],[-102.04184,39.37976],[-102.04185,39.39398],[-102.04902,39.39397],[-102.04993,39.56823],[-102.0407,39.56827],[-102.04102,39.5537],[-102.02235,39.55365],[-102.02241,39.53908],[-102.00353,39.53911],[-102.00374,39.5247],[-101.98509,39.52458],[-101.9854,39.49544],[-101.96676,39.49539],[-101.9669,39.48091],[-101.94819,39.48093],[-101.9483,39.4664],[-101.92997,39.46646],[-101.93012,39.45198],[-101.9115,39.45201],[-101.91158,39.43751],[-101.89288,39.43752],[-101.89296,39.42316],[-101.87423,39.4232],[-101.87422,39.37977],[-101.85573,39.37981],[-101.8558,39.36309],[-101.85616,39.30727],[-101.87482,39.30729],[-101.87515,39.26378],[-101.85647,39.26378],[-101.85664,39.23481],[-101.83811,39.2349],[-101.83835,39.22024],[-101.81963,39.22035],[-101.81981,39.20581],[-101.78241,39.20592],[-101.78314,39.13347],[-101.81179,39.13334],[-101.81223,39.10429],[-101.83061,39.10421],[-101.83081,39.08971],[-101.84967,39.08962],[-101.84983,39.07524],[-101.88683,39.07537]]]]},"properties":{"OBJECTID":24,"wte_2022_2024_MANUAL":23,"name":"Water-table elevation: 3600 to 3700","classLabel":"3600 to 3700","color":"#82964d","hasValue":true,"period":"2022\u20132024"}},{"type":"Feature","id":25,"geometry":{"type":"MultiPolygon","coordinates":[[[[-101.93792,38.53903],[-101.93791,38.53829],[-101.95654,38.53828],[-101.9561,38.47995],[-101.97478,38.47999],[-101.97458,38.46549],[-101.99292,38.46546],[-101.99296,38.48003],[-102.02951,38.47993],[-102.02986,38.49441],[-102.0451,38.49428],[-102.04525,38.68318],[-102.03044,38.68332],[-102.03043,38.65425],[-102.01186,38.65428],[-102.01192,38.62524],[-101.99426,38.62527],[-101.99412,38.59623],[-101.9756,38.5963],[-101.97531,38.56719],[-101.95673,38.56725],[-101.95663,38.55272],[-101.938,38.55274],[-101.93792,38.53903]]],[[[-101.98079,38.9736],[-101.98102,38.95926],[-101.99977,38.95899],[-101.99991,38.94449],[-102.01844,38.94441],[-102.01852,38.92996],[-102.04586,38.9296],[-102.04602,38.9587],[-102.03671,38.95873],[-102.03657,38.97325],[-101.98079,38.9736]]],[[[-101.87617,39.14777],[-101.87628,39.13322],[-101.86759,39.13326],[-101.86779,39.11871],[-101.88642,39.11883],[-101.88683,39.07537],[-101.90548,39.07528],[-101.90596,39.04612],[-101.94254,39.04603],[-101.9428,39.03174],[-102.04656,39.03145],[-102.04715,39.13316],[-102.04399,39.13316],[-102.04362,39.17678],[-102.04746,39.17679],[-102.04902,39.39397],[-102.04185,39.39398],[-102.04184,39.37976],[-102.0234,39.37975],[-102.02335,39.36531],[-102.00479,39.36528],[-102.00483,39.33639],[-101.98617,39.33624],[-101.9865,39.27829],[-101.96789,39.27841],[-101.96825,39.2349],[-101.9497,39.23489],[-101.94988,39.22038],[-101.9313,39.22027],[-101.93147,39.20579],[-101.91294,39.20583],[-101.91309,39.19137],[-101.87581,39.19119],[-101.87617,39.14777]]]]},"properties":{"OBJECTID":25,"wte_2022_2024_MANUAL":24,"name":"Water-table elevation: 3700 to 3900","classLabel":"3700 to 3900","color":"#718744","hasValue":true,"period":"2022\u20132024"}}]}