{"type":"FeatureCollection","crs":{"type":"name","properties":{"name":"EPSG:4326"}},"features":[{"type":"Feature","id":1,"geometry":{"type":"Point","coordinates":[-101.11925,37.00336]},"properties":{"FID":1,"USGS_ID":"370012101070901","LOCAL_WELL":"35S 35W 15BCC 01","website":"https://geohydro.kgs.ku.edu/geohydro/wizard/wizardwelldetail.cfm?usgs_id=370012101070901","name":"35S 35W 15BCC 01","recordUrl":"https://geohydro.kgs.ku.edu/geohydro/wizard/wizardwelldetail.cfm?usgs_id=370012101070901","period":"2026 monitoring locations"}},{"type":"Feature","id":2,"geometry":{"type":"Point","coordinates":[-100.67394,37.02083]},"properties":{"FID":2,"USGS_ID":"370123100402401","LOCAL_WELL":"35S 31W 10AAC 01","website":"https://geohydro.kgs.ku.edu/geohydro/wizard/wizardwelldetail.cfm?usgs_id=370123100402401","name":"35S 31W 10AAC 01","recordUrl":"https://geohydro.kgs.ku.edu/geohydro/wizard/wizardwelldetail.cfm?usgs_id=370123100402401","period":"2026 monitoring locations"}},{"type":"Feature","id":3,"geometry":{"type":"Point","coordinates":[-101.60095,37.02536]},"properties":{"FID":3,"USGS_ID":"370136101360401","LOCAL_WELL":"35S 39W 06CDD 01","website":"https://geohydro.kgs.ku.edu/geohydro/wizard/wizardwelldetail.cfm?usgs_id=370136101360401","name":"35S 39W 06CDD 01","recordUrl":"https://geohydro.kgs.ku.edu/geohydro/wizard/wizardwelldetail.cfm?usgs_id=370136101360401","period":"2026 monitoring locations"}},{"type":"Feature","id":4,"geometry":{"type":"Point","coordinates":[-100.5707,37.01736]},"properties":{"FID":4,"USGS_ID":"370048100342101","LOCAL_WELL":"35S 30W 10CDA 01","website":"https://geohydro.kgs.ku.edu/geohydro/wizard/wizardwelldetail.cfm?usgs_id=370048100342101","name":"35S 30W 10CDA 01","recordUrl":"https://geohydro.kgs.ku.edu/geohydro/wizard/wizardwelldetail.cfm?usgs_id=370048100342101","period":"2026 monitoring locations"}},{"type":"Feature","id":5,"geometry":{"type":"Point","coordinates":[-101.78805,37.06151]},"properties":{"FID":5,"USGS_ID":"370342101471501","LOCAL_WELL":"34S 41W 28CBA 01","website":"https://geohydro.kgs.ku.edu/geohydro/wizard/wizardwelldetail.cfm?usgs_id=370342101471501","name":"34S 41W 28CBA 01","recordUrl":"https://geohydro.kgs.ku.edu/geohydro/wizard/wizardwelldetail.cfm?usgs_id=370342101471501","period":"2026 monitoring locations"}},{"type":"Feature","id":6,"geometry":{"type":"Point","coordinates":[-101.09485,37.06186]},"properties":{"FID":6,"USGS_ID":"370352101055301","LOCAL_WELL":"34S 35W 26ACC 01","website":"https://geohydro.kgs.ku.edu/geohydro/wizard/wizardwelldetail.cfm?usgs_id=370352101055301","name":"34S 35W 26ACC 01","recordUrl":"https://geohydro.kgs.ku.edu/geohydro/wizard/wizardwelldetail.cfm?usgs_id=370352101055301","period":"2026 monitoring locations"}},{"type":"Feature","id":7,"geometry":{"type":"Point","coordinates":[-99.78706,38.29126]},"properties":{"FID":7,"USGS_ID":"384868099471301","LOCAL_WELL":"20S 22W 20CCC 04","website":"https://geohydro.kgs.ku.edu/geohydro/wizard/wizardwelldetail.cfm?usgs_id=384868099471301","name":"20S 22W 20CCC 04","recordUrl":"https://geohydro.kgs.ku.edu/geohydro/wizard/wizardwelldetail.cfm?usgs_id=384868099471301","period":"2026 monitoring locations"}},{"type":"Feature","id":8,"geometry":{"type":"Point","coordinates":[-100.91765,37.00586]},"properties":{"FID":8,"USGS_ID":"370023100550801","LOCAL_WELL":"35S 33W 16BCA 01","website":"https://geohydro.kgs.ku.edu/geohydro/wizard/wizardwelldetail.cfm?usgs_id=370023100550801","name":"35S 33W 16BCA 01","recordUrl":"https://geohydro.kgs.ku.edu/geohydro/wizard/wizardwelldetail.cfm?usgs_id=370023100550801","period":"2026 monitoring locations"}},{"type":"Feature","id":9,"geometry":{"type":"Point","coordinates":[-101.94886,37.00633]},"properties":{"FID":9,"USGS_ID":"370027101565601","LOCAL_WELL":"35S 43W 13BDB 01","website":"https://geohydro.kgs.ku.edu/geohydro/wizard/wizardwelldetail.cfm?usgs_id=370027101565601","name":"35S 43W 13BDB 01","recordUrl":"https://geohydro.kgs.ku.edu/geohydro/wizard/wizardwelldetail.cfm?usgs_id=370027101565601","period":"2026 monitoring locations"}},{"type":"Feature","id":10,"geometry":{"type":"Point","coordinates":[-101.99406,37.0357]},"properties":{"FID":10,"USGS_ID":"370217101593801","LOCAL_WELL":"35S 43W 04AAC 01","website":"https://geohydro.kgs.ku.edu/geohydro/wizard/wizardwelldetail.cfm?usgs_id=370217101593801","name":"35S 43W 04AAC 01","recordUrl":"https://geohydro.kgs.ku.edu/geohydro/wizard/wizardwelldetail.cfm?usgs_id=370217101593801","period":"2026 monitoring locations"}},{"type":"Feature","id":11,"geometry":{"type":"Point","coordinates":[-100.76005,37.05101]},"properties":{"FID":11,"USGS_ID":"370301100454001","LOCAL_WELL":"34S 32W 35ADA 01","website":"https://geohydro.kgs.ku.edu/geohydro/wizard/wizardwelldetail.cfm?usgs_id=370301100454001","name":"34S 32W 35ADA 01","recordUrl":"https://geohydro.kgs.ku.edu/geohydro/wizard/wizardwelldetail.cfm?usgs_id=370301100454001","period":"2026 monitoring locations"}},{"type":"Feature","id":12,"geometry":{"type":"Point","coordinates":[-101.30245,37.05048]},"properties":{"FID":12,"USGS_ID":"370304101180901","LOCAL_WELL":"34S 37W 35AAD 01","website":"https://geohydro.kgs.ku.edu/geohydro/wizard/wizardwelldetail.cfm?usgs_id=370304101180901","name":"34S 37W 35AAD 01","recordUrl":"https://geohydro.kgs.ku.edu/geohydro/wizard/wizardwelldetail.cfm?usgs_id=370304101180901","period":"2026 monitoring locations"}},{"type":"Feature","id":13,"geometry":{"type":"Point","coordinates":[-101.74225,37.05458]},"properties":{"FID":13,"USGS_ID":"370322101443201","LOCAL_WELL":"34S 41W 26DCD 01","website":"https://geohydro.kgs.ku.edu/geohydro/wizard/wizardwelldetail.cfm?usgs_id=370322101443201","name":"34S 41W 26DCD 01","recordUrl":"https://geohydro.kgs.ku.edu/geohydro/wizard/wizardwelldetail.cfm?usgs_id=370322101443201","period":"2026 monitoring locations"}},{"type":"Feature","id":14,"geometry":{"type":"Point","coordinates":[-101.22555,37.10125]},"properties":{"FID":14,"USGS_ID":"370604101132901","LOCAL_WELL":"34S 36W 10CAC 01","website":"https://geohydro.kgs.ku.edu/geohydro/wizard/wizardwelldetail.cfm?usgs_id=370604101132901","name":"34S 36W 10CAC 01","recordUrl":"https://geohydro.kgs.ku.edu/geohydro/wizard/wizardwelldetail.cfm?usgs_id=370604101132901","period":"2026 monitoring locations"}},{"type":"Feature","id":15,"geometry":{"type":"Point","coordinates":[-100.74125,37.06781]},"properties":{"FID":15,"USGS_ID":"370407100442701","LOCAL_WELL":"34S 31W 30BBB 01","website":"https://geohydro.kgs.ku.edu/geohydro/wizard/wizardwelldetail.cfm?usgs_id=370407100442701","name":"34S 31W 30BBB 01","recordUrl":"https://geohydro.kgs.ku.edu/geohydro/wizard/wizardwelldetail.cfm?usgs_id=370407100442701","period":"2026 monitoring locations"}},{"type":"Feature","id":16,"geometry":{"type":"Point","coordinates":[-100.82535,37.06858]},"properties":{"FID":16,"USGS_ID":"370407100492901","LOCAL_WELL":"34S 32W 29BAA 01","website":"https://geohydro.kgs.ku.edu/geohydro/wizard/wizardwelldetail.cfm?usgs_id=370407100492901","name":"34S 32W 29BAA 01","recordUrl":"https://geohydro.kgs.ku.edu/geohydro/wizard/wizardwelldetail.cfm?usgs_id=370407100492901","period":"2026 monitoring locations"}},{"type":"Feature","id":17,"geometry":{"type":"Point","coordinates":[-101.87675,37.07228]},"properties":{"FID":17,"USGS_ID":"370422101523401","LOCAL_WELL":"34S 42W 22CDB 01","website":"https://geohydro.kgs.ku.edu/geohydro/wizard/wizardwelldetail.cfm?usgs_id=370422101523401","name":"34S 42W 22CDB 01","recordUrl":"https://geohydro.kgs.ku.edu/geohydro/wizard/wizardwelldetail.cfm?usgs_id=370422101523401","period":"2026 monitoring locations"}},{"type":"Feature","id":18,"geometry":{"type":"Point","coordinates":[-100.57924,37.07215]},"properties":{"FID":18,"USGS_ID":"370423100344401","LOCAL_WELL":"34S 30W 22CBC 01","website":"https://geohydro.kgs.ku.edu/geohydro/wizard/wizardwelldetail.cfm?usgs_id=370423100344401","name":"34S 30W 22CBC 01","recordUrl":"https://geohydro.kgs.ku.edu/geohydro/wizard/wizardwelldetail.cfm?usgs_id=370423100344401","period":"2026 monitoring locations"}},{"type":"Feature","id":19,"geometry":{"type":"Point","coordinates":[-101.67135,37.09771]},"properties":{"FID":19,"USGS_ID":"370552101401901","LOCAL_WELL":"34S 40W 16ABB 01","website":"https://geohydro.kgs.ku.edu/geohydro/wizard/wizardwelldetail.cfm?usgs_id=370552101401901","name":"34S 40W 16ABB 01","recordUrl":"https://geohydro.kgs.ku.edu/geohydro/wizard/wizardwelldetail.cfm?usgs_id=370552101401901","period":"2026 monitoring locations"}},{"type":"Feature","id":20,"geometry":{"type":"Point","coordinates":[-100.95725,37.09968]},"properties":{"FID":20,"USGS_ID":"370602100572601","LOCAL_WELL":"34S 33W 07CCB 01","website":"https://geohydro.kgs.ku.edu/geohydro/wizard/wizardwelldetail.cfm?usgs_id=370602100572601","name":"34S 33W 07CCB 01","recordUrl":"https://geohydro.kgs.ku.edu/geohydro/wizard/wizardwelldetail.cfm?usgs_id=370602100572601","period":"2026 monitoring locations"}},{"type":"Feature","id":21,"geometry":{"type":"Point","coordinates":[-101.54555,37.08633]},"properties":{"FID":21,"USGS_ID":"370517101324601","LOCAL_WELL":"34S 39W 15CAD 01","website":"https://geohydro.kgs.ku.edu/geohydro/wizard/wizardwelldetail.cfm?usgs_id=370517101324601","name":"34S 39W 15CAD 01","recordUrl":"https://geohydro.kgs.ku.edu/geohydro/wizard/wizardwelldetail.cfm?usgs_id=370517101324601","period":"2026 monitoring locations"}},{"type":"Feature","id":22,"geometry":{"type":"Point","coordinates":[-100.64674,37.11736]},"properties":{"FID":22,"USGS_ID":"370706100384201","LOCAL_WELL":"34S 31W 01CAA 01","website":"https://geohydro.kgs.ku.edu/geohydro/wizard/wizardwelldetail.cfm?usgs_id=370706100384201","name":"34S 31W 01CAA 01","recordUrl":"https://geohydro.kgs.ku.edu/geohydro/wizard/wizardwelldetail.cfm?usgs_id=370706100384201","period":"2026 monitoring locations"}},{"type":"Feature","id":23,"geometry":{"type":"Point","coordinates":[-100.39447,37.11996]},"properties":{"FID":23,"USGS_ID":"370712100232201","LOCAL_WELL":"34S 28W 05BDA 01","website":"https://geohydro.kgs.ku.edu/geohydro/wizard/wizardwelldetail.cfm?usgs_id=370712100232201","name":"34S 28W 05BDA 01","recordUrl":"https://geohydro.kgs.ku.edu/geohydro/wizard/wizardwelldetail.cfm?usgs_id=370712100232201","period":"2026 monitoring locations"}},{"type":"Feature","id":24,"geometry":{"type":"Point","coordinates":[-101.41555,37.11938]},"properties":{"FID":24,"USGS_ID":"370714101244701","LOCAL_WELL":"34S 38W 02ADC 01","website":"https://geohydro.kgs.ku.edu/geohydro/wizard/wizardwelldetail.cfm?usgs_id=370714101244701","name":"34S 38W 02ADC 01","recordUrl":"https://geohydro.kgs.ku.edu/geohydro/wizard/wizardwelldetail.cfm?usgs_id=370714101244701","period":"2026 monitoring locations"}},{"type":"Feature","id":25,"geometry":{"type":"Point","coordinates":[-101.91286,37.12093]},"properties":{"FID":25,"USGS_ID":"370717101544501","LOCAL_WELL":"34S 42W 05BDC 01","website":"https://geohydro.kgs.ku.edu/geohydro/wizard/wizardwelldetail.cfm?usgs_id=370717101544501","name":"34S 42W 05BDC 01","recordUrl":"https://geohydro.kgs.ku.edu/geohydro/wizard/wizardwelldetail.cfm?usgs_id=370717101544501","period":"2026 monitoring locations"}},{"type":"Feature","id":26,"geometry":{"type":"Point","coordinates":[-101.60665,37.1159]},"properties":{"FID":26,"USGS_ID":"370655101362201","LOCAL_WELL":"34S 39W 06CCA 01","website":"https://geohydro.kgs.ku.edu/geohydro/wizard/wizardwelldetail.cfm?usgs_id=370655101362201","name":"34S 39W 06CCA 01","recordUrl":"https://geohydro.kgs.ku.edu/geohydro/wizard/wizardwelldetail.cfm?usgs_id=370655101362201","period":"2026 monitoring locations"}},{"type":"Feature","id":27,"geometry":{"type":"Point","coordinates":[-98.03542,37.793]},"properties":{"FID":27,"USGS_ID":"374728098020802","LOCAL_WELL":"26S 07W 12DCC 02","website":"https://geohydro.kgs.ku.edu/geohydro/wizard/wizardwelldetail.cfm?usgs_id=374728098020802","name":"26S 07W 12DCC 02","recordUrl":"https://geohydro.kgs.ku.edu/geohydro/wizard/wizardwelldetail.cfm?usgs_id=374728098020802","period":"2026 monitoring locations"}},{"type":"Feature","id":28,"geometry":{"type":"Point","coordinates":[-100.80805,37.14085]},"properties":{"FID":28,"USGS_ID":"370833100482402","LOCAL_WELL":"33S 32W 28CDD 02","website":"https://geohydro.kgs.ku.edu/geohydro/wizard/wizardwelldetail.cfm?usgs_id=370833100482402","name":"33S 32W 28CDD 02","recordUrl":"https://geohydro.kgs.ku.edu/geohydro/wizard/wizardwelldetail.cfm?usgs_id=370833100482402","period":"2026 monitoring locations"}},{"type":"Feature","id":29,"geometry":{"type":"Point","coordinates":[-101.66435,37.14325]},"properties":{"FID":29,"USGS_ID":"370835101394701","LOCAL_WELL":"33S 40W 27CCC 01","website":"https://geohydro.kgs.ku.edu/geohydro/wizard/wizardwelldetail.cfm?usgs_id=370835101394701","name":"33S 40W 27CCC 01","recordUrl":"https://geohydro.kgs.ku.edu/geohydro/wizard/wizardwelldetail.cfm?usgs_id=370835101394701","period":"2026 monitoring locations"}},{"type":"Feature","id":30,"geometry":{"type":"Point","coordinates":[-100.39893,37.15053]},"properties":{"FID":30,"USGS_ID":"370857100234601","LOCAL_WELL":"33S 28W 29BCB 01","website":"https://geohydro.kgs.ku.edu/geohydro/wizard/wizardwelldetail.cfm?usgs_id=370857100234601","name":"33S 28W 29BCB 01","recordUrl":"https://geohydro.kgs.ku.edu/geohydro/wizard/wizardwelldetail.cfm?usgs_id=370857100234601","period":"2026 monitoring locations"}},{"type":"Feature","id":31,"geometry":{"type":"Point","coordinates":[-101.99506,37.1923]},"properties":{"FID":31,"USGS_ID":"371130101594601","LOCAL_WELL":"33S 43W 09DBA 01","website":"https://geohydro.kgs.ku.edu/geohydro/wizard/wizardwelldetail.cfm?usgs_id=371130101594601","name":"33S 43W 09DBA 01","recordUrl":"https://geohydro.kgs.ku.edu/geohydro/wizard/wizardwelldetail.cfm?usgs_id=371130101594601","period":"2026 monitoring locations"}},{"type":"Feature","id":32,"geometry":{"type":"Point","coordinates":[-101.89986,37.16498]},"properties":{"FID":32,"USGS_ID":"371000101535601","LOCAL_WELL":"33S 42W 21BCB 01","website":"https://geohydro.kgs.ku.edu/geohydro/wizard/wizardwelldetail.cfm?usgs_id=371000101535601","name":"33S 42W 21BCB 01","recordUrl":"https://geohydro.kgs.ku.edu/geohydro/wizard/wizardwelldetail.cfm?usgs_id=371000101535601","period":"2026 monitoring locations"}},{"type":"Feature","id":33,"geometry":{"type":"Point","coordinates":[-101.04005,37.17065]},"properties":{"FID":33,"USGS_ID":"371026101020701","LOCAL_WELL":"33S 34W 17DCC 01","website":"https://geohydro.kgs.ku.edu/geohydro/wizard/wizardwelldetail.cfm?usgs_id=371026101020701","name":"33S 34W 17DCC 01","recordUrl":"https://geohydro.kgs.ku.edu/geohydro/wizard/wizardwelldetail.cfm?usgs_id=371026101020701","period":"2026 monitoring locations"}},{"type":"Feature","id":34,"geometry":{"type":"Point","coordinates":[-101.10335,37.1624]},"properties":{"FID":34,"USGS_ID":"370958101055501","LOCAL_WELL":"33S 35W 23CBB 01","website":"https://geohydro.kgs.ku.edu/geohydro/wizard/wizardwelldetail.cfm?usgs_id=370958101055501","name":"33S 35W 23CBB 01","recordUrl":"https://geohydro.kgs.ku.edu/geohydro/wizard/wizardwelldetail.cfm?usgs_id=370958101055501","period":"2026 monitoring locations"}},{"type":"Feature","id":35,"geometry":{"type":"Point","coordinates":[-100.94085,37.16341]},"properties":{"FID":35,"USGS_ID":"371000100561001","LOCAL_WELL":"33S 33W 20BCC 01","website":"https://geohydro.kgs.ku.edu/geohydro/wizard/wizardwelldetail.cfm?usgs_id=371000100561001","name":"33S 33W 20BCC 01","recordUrl":"https://geohydro.kgs.ku.edu/geohydro/wizard/wizardwelldetail.cfm?usgs_id=371000100561001","period":"2026 monitoring locations"}},{"type":"Feature","id":36,"geometry":{"type":"Point","coordinates":[-101.56365,37.18479]},"properties":{"FID":36,"USGS_ID":"371103101334301","LOCAL_WELL":"33S 39W 16ABB 01","website":"https://geohydro.kgs.ku.edu/geohydro/wizard/wizardwelldetail.cfm?usgs_id=371103101334301","name":"33S 39W 16ABB 01","recordUrl":"https://geohydro.kgs.ku.edu/geohydro/wizard/wizardwelldetail.cfm?usgs_id=371103101334301","period":"2026 monitoring locations"}},{"type":"Feature","id":37,"geometry":{"type":"Point","coordinates":[-101.75555,37.20998]},"properties":{"FID":37,"USGS_ID":"371235101452101","LOCAL_WELL":"33S 41W 03ADA 01","website":"https://geohydro.kgs.ku.edu/geohydro/wizard/wizardwelldetail.cfm?usgs_id=371235101452101","name":"33S 41W 03ADA 01","recordUrl":"https://geohydro.kgs.ku.edu/geohydro/wizard/wizardwelldetail.cfm?usgs_id=371235101452101","period":"2026 monitoring locations"}},{"type":"Feature","id":38,"geometry":{"type":"Point","coordinates":[-100.76544,37.20961]},"properties":{"FID":38,"USGS_ID":"371237100455301","LOCAL_WELL":"33S 32W 02AAC 01","website":"https://geohydro.kgs.ku.edu/geohydro/wizard/wizardwelldetail.cfm?usgs_id=371237100455301","name":"33S 32W 02AAC 01","recordUrl":"https://geohydro.kgs.ku.edu/geohydro/wizard/wizardwelldetail.cfm?usgs_id=371237100455301","period":"2026 monitoring locations"}},{"type":"Feature","id":39,"geometry":{"type":"Point","coordinates":[-101.74285,37.21441]},"properties":{"FID":39,"USGS_ID":"371255101444201","LOCAL_WELL":"32S 41W 35DCC 01","website":"https://geohydro.kgs.ku.edu/geohydro/wizard/wizardwelldetail.cfm?usgs_id=371255101444201","name":"32S 41W 35DCC 01","recordUrl":"https://geohydro.kgs.ku.edu/geohydro/wizard/wizardwelldetail.cfm?usgs_id=371255101444201","period":"2026 monitoring locations"}},{"type":"Feature","id":40,"geometry":{"type":"Point","coordinates":[-101.91121,37.22161]},"properties":{"FID":40,"USGS_ID":"371305101544901","LOCAL_WELL":"32S 42W 32CAA 01","website":"https://geohydro.kgs.ku.edu/geohydro/wizard/wizardwelldetail.cfm?usgs_id=371305101544901","name":"32S 42W 32CAA 01","recordUrl":"https://geohydro.kgs.ku.edu/geohydro/wizard/wizardwelldetail.cfm?usgs_id=371305101544901","period":"2026 monitoring locations"}},{"type":"Feature","id":41,"geometry":{"type":"Point","coordinates":[-100.92775,37.21745]},"properties":{"FID":41,"USGS_ID":"371306100554201","LOCAL_WELL":"32S 33W 32DBD 01","website":"https://geohydro.kgs.ku.edu/geohydro/wizard/wizardwelldetail.cfm?usgs_id=371306100554201","name":"32S 33W 32DBD 01","recordUrl":"https://geohydro.kgs.ku.edu/geohydro/wizard/wizardwelldetail.cfm?usgs_id=371306100554201","period":"2026 monitoring locations"}},{"type":"Feature","id":42,"geometry":{"type":"Point","coordinates":[-101.76635,37.25826]},"properties":{"FID":42,"USGS_ID":"371531101460301","LOCAL_WELL":"32S 41W 15CDC 01","website":"https://geohydro.kgs.ku.edu/geohydro/wizard/wizardwelldetail.cfm?usgs_id=371531101460301","name":"32S 41W 15CDC 01","recordUrl":"https://geohydro.kgs.ku.edu/geohydro/wizard/wizardwelldetail.cfm?usgs_id=371531101460301","period":"2026 monitoring locations"}},{"type":"Feature","id":43,"geometry":{"type":"Point","coordinates":[-101.8516,37.22663]},"properties":{"FID":43,"USGS_ID":"371331101510002","LOCAL_WELL":"32S 42W 35ABD 02","website":"https://geohydro.kgs.ku.edu/geohydro/wizard/wizardwelldetail.cfm?usgs_id=371331101510002","name":"32S 42W 35ABD 02","recordUrl":"https://geohydro.kgs.ku.edu/geohydro/wizard/wizardwelldetail.cfm?usgs_id=371331101510002","period":"2026 monitoring locations"}},{"type":"Feature","id":44,"geometry":{"type":"Point","coordinates":[-101.31634,37.23898]},"properties":{"FID":44,"USGS_ID":"371420101185501","LOCAL_WELL":"32S 37W 26BAC 01","website":"https://geohydro.kgs.ku.edu/geohydro/wizard/wizardwelldetail.cfm?usgs_id=371420101185501","name":"32S 37W 26BAC 01","recordUrl":"https://geohydro.kgs.ku.edu/geohydro/wizard/wizardwelldetail.cfm?usgs_id=371420101185501","period":"2026 monitoring locations"}},{"type":"Feature","id":45,"geometry":{"type":"Point","coordinates":[-102.00876,37.24023]},"properties":{"FID":45,"USGS_ID":"371426102002601","LOCAL_WELL":"32S 43W 28BBC 01","website":"https://geohydro.kgs.ku.edu/geohydro/wizard/wizardwelldetail.cfm?usgs_id=371426102002601","name":"32S 43W 28BBC 01","recordUrl":"https://geohydro.kgs.ku.edu/geohydro/wizard/wizardwelldetail.cfm?usgs_id=371426102002601","period":"2026 monitoring locations"}},{"type":"Feature","id":46,"geometry":{"type":"Point","coordinates":[-100.66274,37.23518]},"properties":{"FID":46,"USGS_ID":"371403100394301","LOCAL_WELL":"32S 31W 26CAA 01","website":"https://geohydro.kgs.ku.edu/geohydro/wizard/wizardwelldetail.cfm?usgs_id=371403100394301","name":"32S 31W 26CAA 01","recordUrl":"https://geohydro.kgs.ku.edu/geohydro/wizard/wizardwelldetail.cfm?usgs_id=371403100394301","period":"2026 monitoring locations"}},{"type":"Feature","id":47,"geometry":{"type":"Point","coordinates":[-101.66965,37.2542]},"properties":{"FID":47,"USGS_ID":"371511101400401","LOCAL_WELL":"32S 40W 21ADB 01","website":"https://geohydro.kgs.ku.edu/geohydro/wizard/wizardwelldetail.cfm?usgs_id=371511101400401","name":"32S 40W 21ADB 01","recordUrl":"https://geohydro.kgs.ku.edu/geohydro/wizard/wizardwelldetail.cfm?usgs_id=371511101400401","period":"2026 monitoring locations"}},{"type":"Feature","id":48,"geometry":{"type":"Point","coordinates":[-101.9002,37.26121]},"properties":{"FID":48,"USGS_ID":"371541101534401","LOCAL_WELL":"32S 42W 16CCB 01","website":"https://geohydro.kgs.ku.edu/geohydro/wizard/wizardwelldetail.cfm?usgs_id=371541101534401","name":"32S 42W 16CCB 01","recordUrl":"https://geohydro.kgs.ku.edu/geohydro/wizard/wizardwelldetail.cfm?usgs_id=371541101534401","period":"2026 monitoring locations"}},{"type":"Feature","id":49,"geometry":{"type":"Point","coordinates":[-100.59864,37.27286]},"properties":{"FID":49,"USGS_ID":"371618100354701","LOCAL_WELL":"32S 30W 09CCC 01","website":"https://geohydro.kgs.ku.edu/geohydro/wizard/wizardwelldetail.cfm?usgs_id=371618100354701","name":"32S 30W 09CCC 01","recordUrl":"https://geohydro.kgs.ku.edu/geohydro/wizard/wizardwelldetail.cfm?usgs_id=371618100354701","period":"2026 monitoring locations"}},{"type":"Feature","id":50,"geometry":{"type":"Point","coordinates":[-101.32904,37.27178]},"properties":{"FID":50,"USGS_ID":"371621101194001","LOCAL_WELL":"32S 37W 10DCC 01","website":"https://geohydro.kgs.ku.edu/geohydro/wizard/wizardwelldetail.cfm?usgs_id=371621101194001","name":"32S 37W 10DCC 01","recordUrl":"https://geohydro.kgs.ku.edu/geohydro/wizard/wizardwelldetail.cfm?usgs_id=371621101194001","period":"2026 monitoring locations"}},{"type":"Feature","id":51,"geometry":{"type":"Point","coordinates":[-100.93682,37.27546]},"properties":{"FID":51,"USGS_ID":"371632100561101","LOCAL_WELL":"32S 33W 08C 01","website":"https://geohydro.kgs.ku.edu/geohydro/wizard/wizardwelldetail.cfm?usgs_id=371632100561101","name":"32S 33W 08C 01","recordUrl":"https://geohydro.kgs.ku.edu/geohydro/wizard/wizardwelldetail.cfm?usgs_id=371632100561101","period":"2026 monitoring locations"}},{"type":"Feature","id":52,"geometry":{"type":"Point","coordinates":[-101.52743,37.27225]},"properties":{"FID":52,"USGS_ID":"371632101312101","LOCAL_WELL":"32S 39W 11DCC 01","website":"https://geohydro.kgs.ku.edu/geohydro/wizard/wizardwelldetail.cfm?usgs_id=371632101312101","name":"32S 39W 11DCC 01","recordUrl":"https://geohydro.kgs.ku.edu/geohydro/wizard/wizardwelldetail.cfm?usgs_id=371632101312101","period":"2026 monitoring locations"}},{"type":"Feature","id":53,"geometry":{"type":"Point","coordinates":[-102.02316,37.27696]},"properties":{"FID":53,"USGS_ID":"371636102012301","LOCAL_WELL":"32S 43W 08CBD 01","website":"https://geohydro.kgs.ku.edu/geohydro/wizard/wizardwelldetail.cfm?usgs_id=371636102012301","name":"32S 43W 08CBD 01","recordUrl":"https://geohydro.kgs.ku.edu/geohydro/wizard/wizardwelldetail.cfm?usgs_id=371636102012301","period":"2026 monitoring locations"}},{"type":"Feature","id":54,"geometry":{"type":"Point","coordinates":[-101.71385,37.27976]},"properties":{"FID":54,"USGS_ID":"371649101424801","LOCAL_WELL":"32S 40W 07BDC 01","website":"https://geohydro.kgs.ku.edu/geohydro/wizard/wizardwelldetail.cfm?usgs_id=371649101424801","name":"32S 40W 07BDC 01","recordUrl":"https://geohydro.kgs.ku.edu/geohydro/wizard/wizardwelldetail.cfm?usgs_id=371649101424801","period":"2026 monitoring locations"}},{"type":"Feature","id":55,"geometry":{"type":"Point","coordinates":[-100.90415,37.43607]},"properties":{"FID":55,"USGS_ID":"372606100541001","LOCAL_WELL":"30S 33W 14CBD 01","website":"https://geohydro.kgs.ku.edu/geohydro/wizard/wizardwelldetail.cfm?usgs_id=372606100541001","name":"30S 33W 14CBD 01","recordUrl":"https://geohydro.kgs.ku.edu/geohydro/wizard/wizardwelldetail.cfm?usgs_id=372606100541001","period":"2026 monitoring locations"}},{"type":"Feature","id":56,"geometry":{"type":"Point","coordinates":[-101.92096,37.44105]},"properties":{"FID":56,"USGS_ID":"372629101551101","LOCAL_WELL":"30S 42W 16BDB 01","website":"https://geohydro.kgs.ku.edu/geohydro/wizard/wizardwelldetail.cfm?usgs_id=372629101551101","name":"30S 42W 16BDB 01","recordUrl":"https://geohydro.kgs.ku.edu/geohydro/wizard/wizardwelldetail.cfm?usgs_id=372629101551101","period":"2026 monitoring locations"}},{"type":"Feature","id":57,"geometry":{"type":"Point","coordinates":[-102.04512,38.81046]},"properties":{"FID":57,"USGS_ID":"384838102024201","LOCAL_WELL":"14S 43W 25ACC 01","website":"https://geohydro.kgs.ku.edu/geohydro/wizard/wizardwelldetail.cfm?usgs_id=384838102024201","name":"14S 43W 25ACC 01","recordUrl":"https://geohydro.kgs.ku.edu/geohydro/wizard/wizardwelldetail.cfm?usgs_id=384838102024201","period":"2026 monitoring locations"}},{"type":"Feature","id":58,"geometry":{"type":"Point","coordinates":[-101.87145,37.44005]},"properties":{"FID":58,"USGS_ID":"372632101523201","LOCAL_WELL":"30S 42W 14ADD 01","website":"https://geohydro.kgs.ku.edu/geohydro/wizard/wizardwelldetail.cfm?usgs_id=372632101523201","name":"30S 42W 14ADD 01","recordUrl":"https://geohydro.kgs.ku.edu/geohydro/wizard/wizardwelldetail.cfm?usgs_id=372632101523201","period":"2026 monitoring locations"}},{"type":"Feature","id":59,"geometry":{"type":"Point","coordinates":[-98.35898,37.43908]},"properties":{"FID":59,"USGS_ID":"372622098213001","LOCAL_WELL":"30S 10W 13AAC 01","website":"https://geohydro.kgs.ku.edu/geohydro/wizard/wizardwelldetail.cfm?usgs_id=372622098213001","name":"30S 10W 13AAC 01","recordUrl":"https://geohydro.kgs.ku.edu/geohydro/wizard/wizardwelldetail.cfm?usgs_id=372622098213001","period":"2026 monitoring locations"}},{"type":"Feature","id":60,"geometry":{"type":"Point","coordinates":[-101.11425,37.46486]},"properties":{"FID":60,"USGS_ID":"372754101065801","LOCAL_WELL":"30S 35W 02DBC 01","website":"https://geohydro.kgs.ku.edu/geohydro/wizard/wizardwelldetail.cfm?usgs_id=372754101065801","name":"30S 35W 02DBC 01","recordUrl":"https://geohydro.kgs.ku.edu/geohydro/wizard/wizardwelldetail.cfm?usgs_id=372754101065801","period":"2026 monitoring locations"}},{"type":"Feature","id":61,"geometry":{"type":"Point","coordinates":[-98.44199,37.46759]},"properties":{"FID":61,"USGS_ID":"372803098262201","LOCAL_WELL":"30S 10W 05BBD 01","website":"https://geohydro.kgs.ku.edu/geohydro/wizard/wizardwelldetail.cfm?usgs_id=372803098262201","name":"30S 10W 05BBD 01","recordUrl":"https://geohydro.kgs.ku.edu/geohydro/wizard/wizardwelldetail.cfm?usgs_id=372803098262201","period":"2026 monitoring locations"}},{"type":"Feature","id":62,"geometry":{"type":"Point","coordinates":[-100.60634,37.41653]},"properties":{"FID":62,"USGS_ID":"372454100361701","LOCAL_WELL":"30S 30W 28ABB 01","website":"https://geohydro.kgs.ku.edu/geohydro/wizard/wizardwelldetail.cfm?usgs_id=372454100361701","name":"30S 30W 28ABB 01","recordUrl":"https://geohydro.kgs.ku.edu/geohydro/wizard/wizardwelldetail.cfm?usgs_id=372454100361701","period":"2026 monitoring locations"}},{"type":"Feature","id":63,"geometry":{"type":"Point","coordinates":[-98.6607,37.4998]},"properties":{"FID":63,"USGS_ID":"373000098394501","LOCAL_WELL":"29S 12W 20CCD 01","website":"https://geohydro.kgs.ku.edu/geohydro/wizard/wizardwelldetail.cfm?usgs_id=373000098394501","name":"29S 12W 20CCD 01","recordUrl":"https://geohydro.kgs.ku.edu/geohydro/wizard/wizardwelldetail.cfm?usgs_id=373000098394501","period":"2026 monitoring locations"}},{"type":"Feature","id":64,"geometry":{"type":"Point","coordinates":[-100.40663,37.44366]},"properties":{"FID":64,"USGS_ID":"372638100241701","LOCAL_WELL":"30S 28W 17ABB 01","website":"https://geohydro.kgs.ku.edu/geohydro/wizard/wizardwelldetail.cfm?usgs_id=372638100241701","name":"30S 28W 17ABB 01","recordUrl":"https://geohydro.kgs.ku.edu/geohydro/wizard/wizardwelldetail.cfm?usgs_id=372638100241701","period":"2026 monitoring locations"}},{"type":"Feature","id":65,"geometry":{"type":"Point","coordinates":[-98.49693,37.4455]},"properties":{"FID":65,"USGS_ID":"372641098295101","LOCAL_WELL":"30S 11W 11CCA 01","website":"https://geohydro.kgs.ku.edu/geohydro/wizard/wizardwelldetail.cfm?usgs_id=372641098295101","name":"30S 11W 11CCA 01","recordUrl":"https://geohydro.kgs.ku.edu/geohydro/wizard/wizardwelldetail.cfm?usgs_id=372641098295101","period":"2026 monitoring locations"}},{"type":"Feature","id":66,"geometry":{"type":"Point","coordinates":[-101.76686,37.42111]},"properties":{"FID":66,"USGS_ID":"372510101455601","LOCAL_WELL":"30S 41W 23DDB 01","website":"https://geohydro.kgs.ku.edu/geohydro/wizard/wizardwelldetail.cfm?usgs_id=372510101455601","name":"30S 41W 23DDB 01","recordUrl":"https://geohydro.kgs.ku.edu/geohydro/wizard/wizardwelldetail.cfm?usgs_id=372510101455601","period":"2026 monitoring locations"}},{"type":"Feature","id":67,"geometry":{"type":"Point","coordinates":[-101.42441,37.48973]},"properties":{"FID":67,"USGS_ID":"372935101251701","LOCAL_WELL":"29S 38W 25DCC 01","website":"https://geohydro.kgs.ku.edu/geohydro/wizard/wizardwelldetail.cfm?usgs_id=372935101251701","name":"29S 38W 25DCC 01","recordUrl":"https://geohydro.kgs.ku.edu/geohydro/wizard/wizardwelldetail.cfm?usgs_id=372935101251701","period":"2026 monitoring locations"}},{"type":"Feature","id":68,"geometry":{"type":"Point","coordinates":[-98.53839,37.4949]},"properties":{"FID":68,"USGS_ID":"372948098322001","LOCAL_WELL":"29S 11W 29AAD 01","website":"https://geohydro.kgs.ku.edu/geohydro/wizard/wizardwelldetail.cfm?usgs_id=372948098322001","name":"29S 11W 29AAD 01","recordUrl":"https://geohydro.kgs.ku.edu/geohydro/wizard/wizardwelldetail.cfm?usgs_id=372948098322001","period":"2026 monitoring locations"}},{"type":"Feature","id":69,"geometry":{"type":"Point","coordinates":[-101.19475,37.42475]},"properties":{"FID":69,"USGS_ID":"372528101114301","LOCAL_WELL":"30S 35W 19BCD 01","website":"https://geohydro.kgs.ku.edu/geohydro/wizard/wizardwelldetail.cfm?usgs_id=372528101114301","name":"30S 35W 19BCD 01","recordUrl":"https://geohydro.kgs.ku.edu/geohydro/wizard/wizardwelldetail.cfm?usgs_id=372528101114301","period":"2026 monitoring locations"}},{"type":"Feature","id":70,"geometry":{"type":"Point","coordinates":[-101.07055,37.47495]},"properties":{"FID":70,"USGS_ID":"372825101041201","LOCAL_WELL":"30S 34W 05BBB 01","website":"https://geohydro.kgs.ku.edu/geohydro/wizard/wizardwelldetail.cfm?usgs_id=372825101041201","name":"30S 34W 05BBB 01","recordUrl":"https://geohydro.kgs.ku.edu/geohydro/wizard/wizardwelldetail.cfm?usgs_id=372825101041201","period":"2026 monitoring locations"}},{"type":"Feature","id":71,"geometry":{"type":"Point","coordinates":[-101.21645,37.47457]},"properties":{"FID":71,"USGS_ID":"372826101125501","LOCAL_WELL":"30S 36W 01BBB 01","website":"https://geohydro.kgs.ku.edu/geohydro/wizard/wizardwelldetail.cfm?usgs_id=372826101125501","name":"30S 36W 01BBB 01","recordUrl":"https://geohydro.kgs.ku.edu/geohydro/wizard/wizardwelldetail.cfm?usgs_id=372826101125501","period":"2026 monitoring locations"}},{"type":"Feature","id":72,"geometry":{"type":"Point","coordinates":[-101.28745,37.39984]},"properties":{"FID":72,"USGS_ID":"372357101171501","LOCAL_WELL":"30S 36W 32BBC 01","website":"https://geohydro.kgs.ku.edu/geohydro/wizard/wizardwelldetail.cfm?usgs_id=372357101171501","name":"30S 36W 32BBC 01","recordUrl":"https://geohydro.kgs.ku.edu/geohydro/wizard/wizardwelldetail.cfm?usgs_id=372357101171501","period":"2026 monitoring locations"}},{"type":"Feature","id":73,"geometry":{"type":"Point","coordinates":[-100.29323,37.43105]},"properties":{"FID":73,"USGS_ID":"372539100171401","LOCAL_WELL":"30S 27W 20ABA 01","website":"https://geohydro.kgs.ku.edu/geohydro/wizard/wizardwelldetail.cfm?usgs_id=372539100171401","name":"30S 27W 20ABA 01","recordUrl":"https://geohydro.kgs.ku.edu/geohydro/wizard/wizardwelldetail.cfm?usgs_id=372539100171401","period":"2026 monitoring locations"}},{"type":"Feature","id":74,"geometry":{"type":"Point","coordinates":[-98.78422,37.47765]},"properties":{"FID":74,"USGS_ID":"372838098470601","LOCAL_WELL":"29S 13W 31CAA 01","website":"https://geohydro.kgs.ku.edu/geohydro/wizard/wizardwelldetail.cfm?usgs_id=372838098470601","name":"29S 13W 31CAA 01","recordUrl":"https://geohydro.kgs.ku.edu/geohydro/wizard/wizardwelldetail.cfm?usgs_id=372838098470601","period":"2026 monitoring locations"}},{"type":"Feature","id":75,"geometry":{"type":"Point","coordinates":[-98.41464,37.40228]},"properties":{"FID":75,"USGS_ID":"372408098243901","LOCAL_WELL":"30S 10W 28DAC 01","website":"https://geohydro.kgs.ku.edu/geohydro/wizard/wizardwelldetail.cfm?usgs_id=372408098243901","name":"30S 10W 28DAC 01","recordUrl":"https://geohydro.kgs.ku.edu/geohydro/wizard/wizardwelldetail.cfm?usgs_id=372408098243901","period":"2026 monitoring locations"}},{"type":"Feature","id":76,"geometry":{"type":"Point","coordinates":[-100.81555,37.4311]},"properties":{"FID":76,"USGS_ID":"372549100485501","LOCAL_WELL":"30S 32W 22BBB 01","website":"https://geohydro.kgs.ku.edu/geohydro/wizard/wizardwelldetail.cfm?usgs_id=372549100485501","name":"30S 32W 22BBB 01","recordUrl":"https://geohydro.kgs.ku.edu/geohydro/wizard/wizardwelldetail.cfm?usgs_id=372549100485501","period":"2026 monitoring locations"}},{"type":"Feature","id":77,"geometry":{"type":"Point","coordinates":[-101.63548,37.45421]},"properties":{"FID":77,"USGS_ID":"372724101382101","LOCAL_WELL":"30S 40W 12ADD 01","website":"https://geohydro.kgs.ku.edu/geohydro/wizard/wizardwelldetail.cfm?usgs_id=372724101382101","name":"30S 40W 12ADD 01","recordUrl":"https://geohydro.kgs.ku.edu/geohydro/wizard/wizardwelldetail.cfm?usgs_id=372724101382101","period":"2026 monitoring locations"}},{"type":"Feature","id":78,"geometry":{"type":"Point","coordinates":[-102.02866,37.47887]},"properties":{"FID":78,"USGS_ID":"372840102014101","LOCAL_WELL":"29S 43W 33CDB 01","website":"https://geohydro.kgs.ku.edu/geohydro/wizard/wizardwelldetail.cfm?usgs_id=372840102014101","name":"29S 43W 33CDB 01","recordUrl":"https://geohydro.kgs.ku.edu/geohydro/wizard/wizardwelldetail.cfm?usgs_id=372840102014101","period":"2026 monitoring locations"}},{"type":"Feature","id":79,"geometry":{"type":"Point","coordinates":[-99.67016,37.47831]},"properties":{"FID":79,"USGS_ID":"372841099401201","LOCAL_WELL":"29S 22W 36ACA 01","website":"https://geohydro.kgs.ku.edu/geohydro/wizard/wizardwelldetail.cfm?usgs_id=372841099401201","name":"29S 22W 36ACA 01","recordUrl":"https://geohydro.kgs.ku.edu/geohydro/wizard/wizardwelldetail.cfm?usgs_id=372841099401201","period":"2026 monitoring locations"}},{"type":"Feature","id":80,"geometry":{"type":"Point","coordinates":[-101.43175,37.43185]},"properties":{"FID":80,"USGS_ID":"372556101260201","LOCAL_WELL":"30S 38W 13CCC 01","website":"https://geohydro.kgs.ku.edu/geohydro/wizard/wizardwelldetail.cfm?usgs_id=372556101260201","name":"30S 38W 13CCC 01","recordUrl":"https://geohydro.kgs.ku.edu/geohydro/wizard/wizardwelldetail.cfm?usgs_id=372556101260201","period":"2026 monitoring locations"}},{"type":"Feature","id":81,"geometry":{"type":"Point","coordinates":[-101.76196,37.43235]},"properties":{"FID":81,"USGS_ID":"372556101454002","LOCAL_WELL":"30S 41W 13CCC 02","website":"https://geohydro.kgs.ku.edu/geohydro/wizard/wizardwelldetail.cfm?usgs_id=372556101454002","name":"30S 41W 13CCC 02","recordUrl":"https://geohydro.kgs.ku.edu/geohydro/wizard/wizardwelldetail.cfm?usgs_id=372556101454002","period":"2026 monitoring locations"}},{"type":"Feature","id":82,"geometry":{"type":"Point","coordinates":[-100.93215,37.33606]},"properties":{"FID":82,"USGS_ID":"372010100555101","LOCAL_WELL":"31S 33W 20DBB 01","website":"https://geohydro.kgs.ku.edu/geohydro/wizard/wizardwelldetail.cfm?usgs_id=372010100555101","name":"31S 33W 20DBB 01","recordUrl":"https://geohydro.kgs.ku.edu/geohydro/wizard/wizardwelldetail.cfm?usgs_id=372010100555101","period":"2026 monitoring locations"}},{"type":"Feature","id":83,"geometry":{"type":"Point","coordinates":[-101.33895,37.33706]},"properties":{"FID":83,"USGS_ID":"372016101201201","LOCAL_WELL":"31S 37W 22BCC 01","website":"https://geohydro.kgs.ku.edu/geohydro/wizard/wizardwelldetail.cfm?usgs_id=372016101201201","name":"31S 37W 22BCC 01","recordUrl":"https://geohydro.kgs.ku.edu/geohydro/wizard/wizardwelldetail.cfm?usgs_id=372016101201201","period":"2026 monitoring locations"}},{"type":"Feature","id":84,"geometry":{"type":"Point","coordinates":[-100.27308,37.34294]},"properties":{"FID":84,"USGS_ID":"372026100162402","LOCAL_WELL":"31S 27W 20AAA 02","website":"https://geohydro.kgs.ku.edu/geohydro/wizard/wizardwelldetail.cfm?usgs_id=372026100162402","name":"31S 27W 20AAA 02","recordUrl":"https://geohydro.kgs.ku.edu/geohydro/wizard/wizardwelldetail.cfm?usgs_id=372026100162402","period":"2026 monitoring locations"}},{"type":"Feature","id":85,"geometry":{"type":"Point","coordinates":[-100.1236,37.4879]},"properties":{"FID":85,"USGS_ID":"372906100072002","LOCAL_WELL":"29S 26W 36BBB 02","website":"https://geohydro.kgs.ku.edu/geohydro/wizard/wizardwelldetail.cfm?usgs_id=372906100072002","name":"29S 26W 36BBB 02","recordUrl":"https://geohydro.kgs.ku.edu/geohydro/wizard/wizardwelldetail.cfm?usgs_id=372906100072002","period":"2026 monitoring locations"}},{"type":"Feature","id":86,"geometry":{"type":"Point","coordinates":[-100.27053,37.41633]},"properties":{"FID":86,"USGS_ID":"372446100160201","LOCAL_WELL":"30S 27W 27BBB 01","website":"https://geohydro.kgs.ku.edu/geohydro/wizard/wizardwelldetail.cfm?usgs_id=372446100160201","name":"30S 27W 27BBB 01","recordUrl":"https://geohydro.kgs.ku.edu/geohydro/wizard/wizardwelldetail.cfm?usgs_id=372446100160201","period":"2026 monitoring locations"}},{"type":"Feature","id":87,"geometry":{"type":"Point","coordinates":[-100.18053,37.38751]},"properties":{"FID":87,"USGS_ID":"372304100104601","LOCAL_WELL":"30S 26W 32DDD 01","website":"https://geohydro.kgs.ku.edu/geohydro/wizard/wizardwelldetail.cfm?usgs_id=372304100104601","name":"30S 26W 32DDD 01","recordUrl":"https://geohydro.kgs.ku.edu/geohydro/wizard/wizardwelldetail.cfm?usgs_id=372304100104601","period":"2026 monitoring locations"}},{"type":"Feature","id":88,"geometry":{"type":"Point","coordinates":[-101.81852,37.35986]},"properties":{"FID":88,"USGS_ID":"372135101491101","LOCAL_WELL":"31S 41W 07CDD 01","website":"https://geohydro.kgs.ku.edu/geohydro/wizard/wizardwelldetail.cfm?usgs_id=372135101491101","name":"31S 41W 07CDD 01","recordUrl":"https://geohydro.kgs.ku.edu/geohydro/wizard/wizardwelldetail.cfm?usgs_id=372135101491101","period":"2026 monitoring locations"}},{"type":"Feature","id":89,"geometry":{"type":"Point","coordinates":[-100.85055,37.31503]},"properties":{"FID":89,"USGS_ID":"371852100505801","LOCAL_WELL":"31S 32W 31BBB 01","website":"https://geohydro.kgs.ku.edu/geohydro/wizard/wizardwelldetail.cfm?usgs_id=371852100505801","name":"31S 32W 31BBB 01","recordUrl":"https://geohydro.kgs.ku.edu/geohydro/wizard/wizardwelldetail.cfm?usgs_id=371852100505801","period":"2026 monitoring locations"}},{"type":"Feature","id":90,"geometry":{"type":"Point","coordinates":[-101.61045,37.34496]},"properties":{"FID":90,"USGS_ID":"372043101363101","LOCAL_WELL":"31S 39W 18CCC 01","website":"https://geohydro.kgs.ku.edu/geohydro/wizard/wizardwelldetail.cfm?usgs_id=372043101363101","name":"31S 39W 18CCC 01","recordUrl":"https://geohydro.kgs.ku.edu/geohydro/wizard/wizardwelldetail.cfm?usgs_id=372043101363101","period":"2026 monitoring locations"}},{"type":"Feature","id":91,"geometry":{"type":"Point","coordinates":[-98.51988,37.39487]},"properties":{"FID":91,"USGS_ID":"372338098311401","LOCAL_WELL":"30S 11W 33ADA 01","website":"https://geohydro.kgs.ku.edu/geohydro/wizard/wizardwelldetail.cfm?usgs_id=372338098311401","name":"30S 11W 33ADA 01","recordUrl":"https://geohydro.kgs.ku.edu/geohydro/wizard/wizardwelldetail.cfm?usgs_id=372338098311401","period":"2026 monitoring locations"}},{"type":"Feature","id":92,"geometry":{"type":"Point","coordinates":[-100.70584,37.78935]},"properties":{"FID":92,"USGS_ID":"374721100422101","LOCAL_WELL":"26S 31W 15BCC 01","website":"https://geohydro.kgs.ku.edu/geohydro/wizard/wizardwelldetail.cfm?usgs_id=374721100422101","name":"26S 31W 15BCC 01","recordUrl":"https://geohydro.kgs.ku.edu/geohydro/wizard/wizardwelldetail.cfm?usgs_id=374721100422101","period":"2026 monitoring locations"}},{"type":"Feature","id":93,"geometry":{"type":"Point","coordinates":[-100.59774,37.51431]},"properties":{"FID":93,"USGS_ID":"373054100354402","LOCAL_WELL":"29S 30W 22BBC 02","website":"https://geohydro.kgs.ku.edu/geohydro/wizard/wizardwelldetail.cfm?usgs_id=373054100354402","name":"29S 30W 22BBC 02","recordUrl":"https://geohydro.kgs.ku.edu/geohydro/wizard/wizardwelldetail.cfm?usgs_id=373054100354402","period":"2026 monitoring locations"}},{"type":"Feature","id":94,"geometry":{"type":"Point","coordinates":[-100.19973,37.3289]},"properties":{"FID":94,"USGS_ID":"371931100115501","LOCAL_WELL":"31S 26W 30BBB 01","website":"https://geohydro.kgs.ku.edu/geohydro/wizard/wizardwelldetail.cfm?usgs_id=371931100115501","name":"31S 26W 30BBB 01","recordUrl":"https://geohydro.kgs.ku.edu/geohydro/wizard/wizardwelldetail.cfm?usgs_id=371931100115501","period":"2026 monitoring locations"}},{"type":"Feature","id":95,"geometry":{"type":"Point","coordinates":[-100.94137,38.16371]},"properties":{"FID":95,"USGS_ID":"380949100562902","LOCAL_WELL":"22S 33W 04DDCD 02","website":"https://geohydro.kgs.ku.edu/geohydro/wizard/wizardwelldetail.cfm?usgs_id=380949100562902","name":"22S 33W 04DDCD 02","recordUrl":"https://geohydro.kgs.ku.edu/geohydro/wizard/wizardwelldetail.cfm?usgs_id=380949100562902","period":"2026 monitoring locations"}},{"type":"Feature","id":96,"geometry":{"type":"Point","coordinates":[-100.34463,37.3737]},"properties":{"FID":96,"USGS_ID":"372220100203501","LOCAL_WELL":"31S 28W 02CCC 01","website":"https://geohydro.kgs.ku.edu/geohydro/wizard/wizardwelldetail.cfm?usgs_id=372220100203501","name":"31S 28W 02CCC 01","recordUrl":"https://geohydro.kgs.ku.edu/geohydro/wizard/wizardwelldetail.cfm?usgs_id=372220100203501","period":"2026 monitoring locations"}},{"type":"Feature","id":97,"geometry":{"type":"Point","coordinates":[-100.33453,37.32901]},"properties":{"FID":97,"USGS_ID":"371936100200301","LOCAL_WELL":"31S 28W 26ABB 01","website":"https://geohydro.kgs.ku.edu/geohydro/wizard/wizardwelldetail.cfm?usgs_id=371936100200301","name":"31S 28W 26ABB 01","recordUrl":"https://geohydro.kgs.ku.edu/geohydro/wizard/wizardwelldetail.cfm?usgs_id=371936100200301","period":"2026 monitoring locations"}},{"type":"Feature","id":98,"geometry":{"type":"Point","coordinates":[-100.50884,37.32931]},"properties":{"FID":98,"USGS_ID":"371938100302901","LOCAL_WELL":"31S 29W 30AAA 01","website":"https://geohydro.kgs.ku.edu/geohydro/wizard/wizardwelldetail.cfm?usgs_id=371938100302901","name":"31S 29W 30AAA 01","recordUrl":"https://geohydro.kgs.ku.edu/geohydro/wizard/wizardwelldetail.cfm?usgs_id=371938100302901","period":"2026 monitoring locations"}},{"type":"Feature","id":99,"geometry":{"type":"Point","coordinates":[-101.20505,37.37343]},"properties":{"FID":99,"USGS_ID":"372227101121501","LOCAL_WELL":"31S 36W 02CDD 01","website":"https://geohydro.kgs.ku.edu/geohydro/wizard/wizardwelldetail.cfm?usgs_id=372227101121501","name":"31S 36W 02CDD 01","recordUrl":"https://geohydro.kgs.ku.edu/geohydro/wizard/wizardwelldetail.cfm?usgs_id=372227101121501","period":"2026 monitoring locations"}},{"type":"Feature","id":100,"geometry":{"type":"Point","coordinates":[-100.68864,37.37345]},"properties":{"FID":100,"USGS_ID":"372234100410001","LOCAL_WELL":"31S 31W 03CCC 01","website":"https://geohydro.kgs.ku.edu/geohydro/wizard/wizardwelldetail.cfm?usgs_id=372234100410001","name":"31S 31W 03CCC 01","recordUrl":"https://geohydro.kgs.ku.edu/geohydro/wizard/wizardwelldetail.cfm?usgs_id=372234100410001","period":"2026 monitoring locations"}},{"type":"Feature","id":101,"geometry":{"type":"Point","coordinates":[-100.44364,37.38001]},"properties":{"FID":101,"USGS_ID":"372241100263201","LOCAL_WELL":"31S 29W 02DBB 01","website":"https://geohydro.kgs.ku.edu/geohydro/wizard/wizardwelldetail.cfm?usgs_id=372241100263201","name":"31S 29W 02DBB 01","recordUrl":"https://geohydro.kgs.ku.edu/geohydro/wizard/wizardwelldetail.cfm?usgs_id=372241100263201","period":"2026 monitoring locations"}},{"type":"Feature","id":102,"geometry":{"type":"Point","coordinates":[-101.99066,37.37921]},"properties":{"FID":102,"USGS_ID":"372243101591701","LOCAL_WELL":"31S 43W 03CB 01","website":"https://geohydro.kgs.ku.edu/geohydro/wizard/wizardwelldetail.cfm?usgs_id=372243101591701","name":"31S 43W 03CB 01","recordUrl":"https://geohydro.kgs.ku.edu/geohydro/wizard/wizardwelldetail.cfm?usgs_id=372243101591701","period":"2026 monitoring locations"}},{"type":"Feature","id":103,"geometry":{"type":"Point","coordinates":[-101.82776,37.30631]},"properties":{"FID":103,"USGS_ID":"371817101492301","LOCAL_WELL":"31S 41W 31CBC 01","website":"https://geohydro.kgs.ku.edu/geohydro/wizard/wizardwelldetail.cfm?usgs_id=371817101492301","name":"31S 41W 31CBC 01","recordUrl":"https://geohydro.kgs.ku.edu/geohydro/wizard/wizardwelldetail.cfm?usgs_id=371817101492301","period":"2026 monitoring locations"}},{"type":"Feature","id":104,"geometry":{"type":"Point","coordinates":[-101.43445,38.59755]},"properties":{"FID":104,"USGS_ID":"383551101255002","LOCAL_WELL":"17S 37W 08BAA 02","website":"https://geohydro.kgs.ku.edu/geohydro/wizard/wizardwelldetail.cfm?usgs_id=383551101255002","name":"17S 37W 08BAA 02","recordUrl":"https://geohydro.kgs.ku.edu/geohydro/wizard/wizardwelldetail.cfm?usgs_id=383551101255002","period":"2026 monitoring locations"}},{"type":"Feature","id":105,"geometry":{"type":"Point","coordinates":[-100.11592,37.61148]},"properties":{"FID":105,"USGS_ID":"373632100065401","LOCAL_WELL":"28S 26W 13CAA 01","website":"https://geohydro.kgs.ku.edu/geohydro/wizard/wizardwelldetail.cfm?usgs_id=373632100065401","name":"28S 26W 13CAA 01","recordUrl":"https://geohydro.kgs.ku.edu/geohydro/wizard/wizardwelldetail.cfm?usgs_id=373632100065401","period":"2026 monitoring locations"}},{"type":"Feature","id":106,"geometry":{"type":"Point","coordinates":[-99.07906,37.65927]},"properties":{"FID":106,"USGS_ID":"373938099043601","LOCAL_WELL":"27S 16W 28CDD 01","website":"https://geohydro.kgs.ku.edu/geohydro/wizard/wizardwelldetail.cfm?usgs_id=373938099043601","name":"27S 16W 28CDD 01","recordUrl":"https://geohydro.kgs.ku.edu/geohydro/wizard/wizardwelldetail.cfm?usgs_id=373938099043601","period":"2026 monitoring locations"}},{"type":"Feature","id":107,"geometry":{"type":"Point","coordinates":[-101.26753,37.63069]},"properties":{"FID":107,"USGS_ID":"373750101155801","LOCAL_WELL":"28S 36W 09B 01","website":"https://geohydro.kgs.ku.edu/geohydro/wizard/wizardwelldetail.cfm?usgs_id=373750101155801","name":"28S 36W 09B 01","recordUrl":"https://geohydro.kgs.ku.edu/geohydro/wizard/wizardwelldetail.cfm?usgs_id=373750101155801","period":"2026 monitoring locations"}},{"type":"Feature","id":108,"geometry":{"type":"Point","coordinates":[-98.99281,37.64776]},"properties":{"FID":108,"USGS_ID":"373851098592501","LOCAL_WELL":"27S 15W 32CCA 01","website":"https://geohydro.kgs.ku.edu/geohydro/wizard/wizardwelldetail.cfm?usgs_id=373851098592501","name":"27S 15W 32CCA 01","recordUrl":"https://geohydro.kgs.ku.edu/geohydro/wizard/wizardwelldetail.cfm?usgs_id=373851098592501","period":"2026 monitoring locations"}},{"type":"Feature","id":109,"geometry":{"type":"Point","coordinates":[-98.42853,37.61259]},"properties":{"FID":109,"USGS_ID":"373641098252501","LOCAL_WELL":"28S 10W 16BCB 01","website":"https://geohydro.kgs.ku.edu/geohydro/wizard/wizardwelldetail.cfm?usgs_id=373641098252501","name":"28S 10W 16BCB 01","recordUrl":"https://geohydro.kgs.ku.edu/geohydro/wizard/wizardwelldetail.cfm?usgs_id=373641098252501","period":"2026 monitoring locations"}},{"type":"Feature","id":110,"geometry":{"type":"Point","coordinates":[-99.59494,37.61658]},"properties":{"FID":110,"USGS_ID":"373644099354101","LOCAL_WELL":"28S 21W 10DDD 01","website":"https://geohydro.kgs.ku.edu/geohydro/wizard/wizardwelldetail.cfm?usgs_id=373644099354101","name":"28S 21W 10DDD 01","recordUrl":"https://geohydro.kgs.ku.edu/geohydro/wizard/wizardwelldetail.cfm?usgs_id=373644099354101","period":"2026 monitoring locations"}},{"type":"Feature","id":111,"geometry":{"type":"Point","coordinates":[-99.79664,37.68703]},"properties":{"FID":111,"USGS_ID":"374048099474002","LOCAL_WELL":"27S 23W 24BCB 02","website":"https://geohydro.kgs.ku.edu/geohydro/wizard/wizardwelldetail.cfm?usgs_id=374048099474002","name":"27S 23W 24BCB 02","recordUrl":"https://geohydro.kgs.ku.edu/geohydro/wizard/wizardwelldetail.cfm?usgs_id=374048099474002","period":"2026 monitoring locations"}},{"type":"Feature","id":112,"geometry":{"type":"Point","coordinates":[-99.09243,37.61211]},"properties":{"FID":112,"USGS_ID":"373648099051601","LOCAL_WELL":"28S 16W 17AAC 01","website":"https://geohydro.kgs.ku.edu/geohydro/wizard/wizardwelldetail.cfm?usgs_id=373648099051601","name":"28S 16W 17AAC 01","recordUrl":"https://geohydro.kgs.ku.edu/geohydro/wizard/wizardwelldetail.cfm?usgs_id=373648099051601","period":"2026 monitoring locations"}},{"type":"Feature","id":113,"geometry":{"type":"Point","coordinates":[-100.49754,37.61321]},"properties":{"FID":113,"USGS_ID":"373651100294301","LOCAL_WELL":"28S 29W 16ACC 01","website":"https://geohydro.kgs.ku.edu/geohydro/wizard/wizardwelldetail.cfm?usgs_id=373651100294301","name":"28S 29W 16ACC 01","recordUrl":"https://geohydro.kgs.ku.edu/geohydro/wizard/wizardwelldetail.cfm?usgs_id=373651100294301","period":"2026 monitoring locations"}},{"type":"Feature","id":114,"geometry":{"type":"Point","coordinates":[-98.70711,37.63117]},"properties":{"FID":114,"USGS_ID":"373756098422001","LOCAL_WELL":"28S 13W 02DDC 01","website":"https://geohydro.kgs.ku.edu/geohydro/wizard/wizardwelldetail.cfm?usgs_id=373756098422001","name":"28S 13W 02DDC 01","recordUrl":"https://geohydro.kgs.ku.edu/geohydro/wizard/wizardwelldetail.cfm?usgs_id=373756098422001","period":"2026 monitoring locations"}},{"type":"Feature","id":115,"geometry":{"type":"Point","coordinates":[-98.17143,37.65129]},"properties":{"FID":115,"USGS_ID":"373859098101701","LOCAL_WELL":"27S 08W 35CBC 01","website":"https://geohydro.kgs.ku.edu/geohydro/wizard/wizardwelldetail.cfm?usgs_id=373859098101701","name":"27S 08W 35CBC 01","recordUrl":"https://geohydro.kgs.ku.edu/geohydro/wizard/wizardwelldetail.cfm?usgs_id=373859098101701","period":"2026 monitoring locations"}},{"type":"Feature","id":116,"geometry":{"type":"Point","coordinates":[-99.90832,37.66953]},"properties":{"FID":116,"USGS_ID":"373950099541801","LOCAL_WELL":"27S 24W 26DAA 01","website":"https://geohydro.kgs.ku.edu/geohydro/wizard/wizardwelldetail.cfm?usgs_id=373950099541801","name":"27S 24W 26DAA 01","recordUrl":"https://geohydro.kgs.ku.edu/geohydro/wizard/wizardwelldetail.cfm?usgs_id=373950099541801","period":"2026 monitoring locations"}},{"type":"Feature","id":117,"geometry":{"type":"Point","coordinates":[-98.76012,37.61554]},"properties":{"FID":117,"USGS_ID":"373658098452901","LOCAL_WELL":"28S 13W 17AAA 01","website":"https://geohydro.kgs.ku.edu/geohydro/wizard/wizardwelldetail.cfm?usgs_id=373658098452901","name":"28S 13W 17AAA 01","recordUrl":"https://geohydro.kgs.ku.edu/geohydro/wizard/wizardwelldetail.cfm?usgs_id=373658098452901","period":"2026 monitoring locations"}},{"type":"Feature","id":118,"geometry":{"type":"Point","coordinates":[-101.77968,37.65067]},"properties":{"FID":118,"USGS_ID":"373901101464301","LOCAL_WELL":"27S 41W 35CCC 01","website":"https://geohydro.kgs.ku.edu/geohydro/wizard/wizardwelldetail.cfm?usgs_id=373901101464301","name":"27S 41W 35CCC 01","recordUrl":"https://geohydro.kgs.ku.edu/geohydro/wizard/wizardwelldetail.cfm?usgs_id=373901101464301","period":"2026 monitoring locations"}},{"type":"Feature","id":119,"geometry":{"type":"Point","coordinates":[-99.67979,37.62068]},"properties":{"FID":119,"USGS_ID":"373659099404301","LOCAL_WELL":"28S 22W 12CAC 01","website":"https://geohydro.kgs.ku.edu/geohydro/wizard/wizardwelldetail.cfm?usgs_id=373659099404301","name":"28S 22W 12CAC 01","recordUrl":"https://geohydro.kgs.ku.edu/geohydro/wizard/wizardwelldetail.cfm?usgs_id=373659099404301","period":"2026 monitoring locations"}},{"type":"Feature","id":120,"geometry":{"type":"Point","coordinates":[-101.29946,37.61748]},"properties":{"FID":120,"USGS_ID":"373701101175001","LOCAL_WELL":"28S 36W 18ABC 01","website":"https://geohydro.kgs.ku.edu/geohydro/wizard/wizardwelldetail.cfm?usgs_id=373701101175001","name":"28S 36W 18ABC 01","recordUrl":"https://geohydro.kgs.ku.edu/geohydro/wizard/wizardwelldetail.cfm?usgs_id=373701101175001","period":"2026 monitoring locations"}},{"type":"Feature","id":121,"geometry":{"type":"Point","coordinates":[-99.883,37.61736]},"properties":{"FID":121,"USGS_ID":"373702099525701","LOCAL_WELL":"28S 23W 18BAB 01","website":"https://geohydro.kgs.ku.edu/geohydro/wizard/wizardwelldetail.cfm?usgs_id=373702099525701","name":"28S 23W 18BAB 01","recordUrl":"https://geohydro.kgs.ku.edu/geohydro/wizard/wizardwelldetail.cfm?usgs_id=373702099525701","period":"2026 monitoring locations"}},{"type":"Feature","id":122,"geometry":{"type":"Point","coordinates":[-101.77805,37.63605]},"properties":{"FID":122,"USGS_ID":"373808101464301","LOCAL_WELL":"28S 41W 02CCC 01","website":"https://geohydro.kgs.ku.edu/geohydro/wizard/wizardwelldetail.cfm?usgs_id=373808101464301","name":"28S 41W 02CCC 01","recordUrl":"https://geohydro.kgs.ku.edu/geohydro/wizard/wizardwelldetail.cfm?usgs_id=373808101464301","period":"2026 monitoring locations"}},{"type":"Feature","id":123,"geometry":{"type":"Point","coordinates":[-99.13721,37.63746]},"properties":{"FID":123,"USGS_ID":"373809099080001","LOCAL_WELL":"28S 17W 01CAB 01","website":"https://geohydro.kgs.ku.edu/geohydro/wizard/wizardwelldetail.cfm?usgs_id=373809099080001","name":"28S 17W 01CAB 01","recordUrl":"https://geohydro.kgs.ku.edu/geohydro/wizard/wizardwelldetail.cfm?usgs_id=373809099080001","period":"2026 monitoring locations"}},{"type":"Feature","id":124,"geometry":{"type":"Point","coordinates":[-99.52716,37.65692]},"properties":{"FID":124,"USGS_ID":"373910099313701","LOCAL_WELL":"27S 20W 32ABD 01","website":"https://geohydro.kgs.ku.edu/geohydro/wizard/wizardwelldetail.cfm?usgs_id=373910099313701","name":"27S 20W 32ABD 01","recordUrl":"https://geohydro.kgs.ku.edu/geohydro/wizard/wizardwelldetail.cfm?usgs_id=373910099313701","period":"2026 monitoring locations"}},{"type":"Feature","id":125,"geometry":{"type":"Point","coordinates":[-98.90571,37.652]},"properties":{"FID":125,"USGS_ID":"373911098541401","LOCAL_WELL":"27S 15W 36ADD 01","website":"https://geohydro.kgs.ku.edu/geohydro/wizard/wizardwelldetail.cfm?usgs_id=373911098541401","name":"27S 15W 36ADD 01","recordUrl":"https://geohydro.kgs.ku.edu/geohydro/wizard/wizardwelldetail.cfm?usgs_id=373911098541401","period":"2026 monitoring locations"}},{"type":"Feature","id":126,"geometry":{"type":"Point","coordinates":[-98.26196,37.6402]},"properties":{"FID":126,"USGS_ID":"373819098154001","LOCAL_WELL":"28S 09W 01BCC 01","website":"https://geohydro.kgs.ku.edu/geohydro/wizard/wizardwelldetail.cfm?usgs_id=373819098154001","name":"28S 09W 01BCC 01","recordUrl":"https://geohydro.kgs.ku.edu/geohydro/wizard/wizardwelldetail.cfm?usgs_id=373819098154001","period":"2026 monitoring locations"}},{"type":"Feature","id":127,"geometry":{"type":"Point","coordinates":[-99.74123,37.63858]},"properties":{"FID":127,"USGS_ID":"373820099442701","LOCAL_WELL":"28S 22W 05ADD 01","website":"https://geohydro.kgs.ku.edu/geohydro/wizard/wizardwelldetail.cfm?usgs_id=373820099442701","name":"28S 22W 05ADD 01","recordUrl":"https://geohydro.kgs.ku.edu/geohydro/wizard/wizardwelldetail.cfm?usgs_id=373820099442701","period":"2026 monitoring locations"}},{"type":"Feature","id":128,"geometry":{"type":"Point","coordinates":[-99.25435,37.65672]},"properties":{"FID":128,"USGS_ID":"373917099140101","LOCAL_WELL":"27S 18W 35AAC 01","website":"https://geohydro.kgs.ku.edu/geohydro/wizard/wizardwelldetail.cfm?usgs_id=373917099140101","name":"27S 18W 35AAC 01","recordUrl":"https://geohydro.kgs.ku.edu/geohydro/wizard/wizardwelldetail.cfm?usgs_id=373917099140101","period":"2026 monitoring locations"}},{"type":"Feature","id":129,"geometry":{"type":"Point","coordinates":[-101.63517,37.62144]},"properties":{"FID":129,"USGS_ID":"373716101380902","LOCAL_WELL":"28S 40W 12DDD 02","website":"https://geohydro.kgs.ku.edu/geohydro/wizard/wizardwelldetail.cfm?usgs_id=373716101380902","name":"28S 40W 12DDD 02","recordUrl":"https://geohydro.kgs.ku.edu/geohydro/wizard/wizardwelldetail.cfm?usgs_id=373716101380902","period":"2026 monitoring locations"}},{"type":"Feature","id":130,"geometry":{"type":"Point","coordinates":[-101.65317,37.66906]},"properties":{"FID":130,"USGS_ID":"374006101390601","LOCAL_WELL":"27S 40W 25CBC 01","website":"https://geohydro.kgs.ku.edu/geohydro/wizard/wizardwelldetail.cfm?usgs_id=374006101390601","name":"27S 40W 25CBC 01","recordUrl":"https://geohydro.kgs.ku.edu/geohydro/wizard/wizardwelldetail.cfm?usgs_id=374006101390601","period":"2026 monitoring locations"}},{"type":"Feature","id":131,"geometry":{"type":"Point","coordinates":[-100.94975,37.59875]},"properties":{"FID":131,"USGS_ID":"373607100565301","LOCAL_WELL":"28S 33W 20ACD 01","website":"https://geohydro.kgs.ku.edu/geohydro/wizard/wizardwelldetail.cfm?usgs_id=373607100565301","name":"28S 33W 20ACD 01","recordUrl":"https://geohydro.kgs.ku.edu/geohydro/wizard/wizardwelldetail.cfm?usgs_id=373607100565301","period":"2026 monitoring locations"}},{"type":"Feature","id":132,"geometry":{"type":"Point","coordinates":[-101.13396,37.64043]},"properties":{"FID":132,"USGS_ID":"373828101080401","LOCAL_WELL":"28S 35W 03DBB 01","website":"https://geohydro.kgs.ku.edu/geohydro/wizard/wizardwelldetail.cfm?usgs_id=373828101080401","name":"28S 35W 03DBB 01","recordUrl":"https://geohydro.kgs.ku.edu/geohydro/wizard/wizardwelldetail.cfm?usgs_id=373828101080401","period":"2026 monitoring locations"}},{"type":"Feature","id":133,"geometry":{"type":"Point","coordinates":[-99.79653,37.64705]},"properties":{"FID":133,"USGS_ID":"373831099473901","LOCAL_WELL":"27S 23W 36CCC 01","website":"https://geohydro.kgs.ku.edu/geohydro/wizard/wizardwelldetail.cfm?usgs_id=373831099473901","name":"27S 23W 36CCC 01","recordUrl":"https://geohydro.kgs.ku.edu/geohydro/wizard/wizardwelldetail.cfm?usgs_id=373831099473901","period":"2026 monitoring locations"}},{"type":"Feature","id":134,"geometry":{"type":"Point","coordinates":[-101.03556,37.67016]},"properties":{"FID":134,"USGS_ID":"374011101020902","LOCAL_WELL":"27S 34W 28DAA 02","website":"https://geohydro.kgs.ku.edu/geohydro/wizard/wizardwelldetail.cfm?usgs_id=374011101020902","name":"27S 34W 28DAA 02","recordUrl":"https://geohydro.kgs.ku.edu/geohydro/wizard/wizardwelldetail.cfm?usgs_id=374011101020902","period":"2026 monitoring locations"}},{"type":"Feature","id":135,"geometry":{"type":"Point","coordinates":[-101.10206,37.67078]},"properties":{"FID":135,"USGS_ID":"374013101060801","LOCAL_WELL":"27S 35W 25BDC 01","website":"https://geohydro.kgs.ku.edu/geohydro/wizard/wizardwelldetail.cfm?usgs_id=374013101060801","name":"27S 35W 25BDC 01","recordUrl":"https://geohydro.kgs.ku.edu/geohydro/wizard/wizardwelldetail.cfm?usgs_id=374013101060801","period":"2026 monitoring locations"}},{"type":"Feature","id":136,"geometry":{"type":"Point","coordinates":[-100.48374,37.67138]},"properties":{"FID":136,"USGS_ID":"374014100284601","LOCAL_WELL":"27S 29W 27CAA 01","website":"https://geohydro.kgs.ku.edu/geohydro/wizard/wizardwelldetail.cfm?usgs_id=374014100284601","name":"27S 29W 27CAA 01","recordUrl":"https://geohydro.kgs.ku.edu/geohydro/wizard/wizardwelldetail.cfm?usgs_id=374014100284601","period":"2026 monitoring locations"}},{"type":"Feature","id":137,"geometry":{"type":"Point","coordinates":[-99.16368,37.60292]},"properties":{"FID":137,"USGS_ID":"373612099093801","LOCAL_WELL":"28S 17W 15DDB 01","website":"https://geohydro.kgs.ku.edu/geohydro/wizard/wizardwelldetail.cfm?usgs_id=373612099093801","name":"28S 17W 15DDB 01","recordUrl":"https://geohydro.kgs.ku.edu/geohydro/wizard/wizardwelldetail.cfm?usgs_id=373612099093801","period":"2026 monitoring locations"}},{"type":"Feature","id":138,"geometry":{"type":"Point","coordinates":[-98.47403,37.62352]},"properties":{"FID":138,"USGS_ID":"373728098281801","LOCAL_WELL":"28S 11W 12ACC 01","website":"https://geohydro.kgs.ku.edu/geohydro/wizard/wizardwelldetail.cfm?usgs_id=373728098281801","name":"28S 11W 12ACC 01","recordUrl":"https://geohydro.kgs.ku.edu/geohydro/wizard/wizardwelldetail.cfm?usgs_id=373728098281801","period":"2026 monitoring locations"}},{"type":"Feature","id":139,"geometry":{"type":"Point","coordinates":[-99.38094,37.62718]},"properties":{"FID":139,"USGS_ID":"373729099224501","LOCAL_WELL":"28S 19W 10AAC 01","website":"https://geohydro.kgs.ku.edu/geohydro/wizard/wizardwelldetail.cfm?usgs_id=373729099224501","name":"28S 19W 10AAC 01","recordUrl":"https://geohydro.kgs.ku.edu/geohydro/wizard/wizardwelldetail.cfm?usgs_id=373729099224501","period":"2026 monitoring locations"}},{"type":"Feature","id":140,"geometry":{"type":"Point","coordinates":[-99.02885,37.6247]},"properties":{"FID":140,"USGS_ID":"373732099013501","LOCAL_WELL":"28S 16W 12BCA 01","website":"https://geohydro.kgs.ku.edu/geohydro/wizard/wizardwelldetail.cfm?usgs_id=373732099013501","name":"28S 16W 12BCA 01","recordUrl":"https://geohydro.kgs.ku.edu/geohydro/wizard/wizardwelldetail.cfm?usgs_id=373732099013501","period":"2026 monitoring locations"}},{"type":"Feature","id":141,"geometry":{"type":"Point","coordinates":[-100.09622,37.6494]},"properties":{"FID":141,"USGS_ID":"373838100053901","LOCAL_WELL":"28S 25W 06ABB 01","website":"https://geohydro.kgs.ku.edu/geohydro/wizard/wizardwelldetail.cfm?usgs_id=373838100053901","name":"28S 25W 06ABB 01","recordUrl":"https://geohydro.kgs.ku.edu/geohydro/wizard/wizardwelldetail.cfm?usgs_id=373838100053901","period":"2026 monitoring locations"}},{"type":"Feature","id":142,"geometry":{"type":"Point","coordinates":[-100.20553,37.64975]},"properties":{"FID":142,"USGS_ID":"373841100115601","LOCAL_WELL":"28S 26W 06ABB 01","website":"https://geohydro.kgs.ku.edu/geohydro/wizard/wizardwelldetail.cfm?usgs_id=373841100115601","name":"28S 26W 06ABB 01","recordUrl":"https://geohydro.kgs.ku.edu/geohydro/wizard/wizardwelldetail.cfm?usgs_id=373841100115601","period":"2026 monitoring locations"}},{"type":"Feature","id":143,"geometry":{"type":"Point","coordinates":[-101.82561,37.60739]},"properties":{"FID":143,"USGS_ID":"373627101492301","LOCAL_WELL":"28S 41W 17CDD 01","website":"https://geohydro.kgs.ku.edu/geohydro/wizard/wizardwelldetail.cfm?usgs_id=373627101492301","name":"28S 41W 17CDD 01","recordUrl":"https://geohydro.kgs.ku.edu/geohydro/wizard/wizardwelldetail.cfm?usgs_id=373627101492301","period":"2026 monitoring locations"}},{"type":"Feature","id":144,"geometry":{"type":"Point","coordinates":[-101.30792,37.51286]},"properties":{"FID":144,"USGS_ID":"373048101182401","LOCAL_WELL":"29S 36W 19BCB 01","website":"https://geohydro.kgs.ku.edu/geohydro/wizard/wizardwelldetail.cfm?usgs_id=373048101182401","name":"29S 36W 19BCB 01","recordUrl":"https://geohydro.kgs.ku.edu/geohydro/wizard/wizardwelldetail.cfm?usgs_id=373048101182401","period":"2026 monitoring locations"}},{"type":"Feature","id":145,"geometry":{"type":"Point","coordinates":[-98.88944,37.52482]},"properties":{"FID":145,"USGS_ID":"373131098531901","LOCAL_WELL":"29S 14W 18A 01","website":"https://geohydro.kgs.ku.edu/geohydro/wizard/wizardwelldetail.cfm?usgs_id=373131098531901","name":"29S 14W 18A 01","recordUrl":"https://geohydro.kgs.ku.edu/geohydro/wizard/wizardwelldetail.cfm?usgs_id=373131098531901","period":"2026 monitoring locations"}},{"type":"Feature","id":146,"geometry":{"type":"Point","coordinates":[-99.47533,37.52736]},"properties":{"FID":146,"USGS_ID":"373131099283501","LOCAL_WELL":"29S 20W 11CDD 01","website":"https://geohydro.kgs.ku.edu/geohydro/wizard/wizardwelldetail.cfm?usgs_id=373131099283501","name":"29S 20W 11CDD 01","recordUrl":"https://geohydro.kgs.ku.edu/geohydro/wizard/wizardwelldetail.cfm?usgs_id=373131099283501","period":"2026 monitoring locations"}},{"type":"Feature","id":147,"geometry":{"type":"Point","coordinates":[-99.98854,37.53063]},"properties":{"FID":147,"USGS_ID":"373131099591001","LOCAL_WELL":"29S 24W 18BAA 01","website":"https://geohydro.kgs.ku.edu/geohydro/wizard/wizardwelldetail.cfm?usgs_id=373131099591001","name":"29S 24W 18BAA 01","recordUrl":"https://geohydro.kgs.ku.edu/geohydro/wizard/wizardwelldetail.cfm?usgs_id=373131099591001","period":"2026 monitoring locations"}},{"type":"Feature","id":148,"geometry":{"type":"Point","coordinates":[-99.33962,37.59032]},"properties":{"FID":148,"USGS_ID":"373517099201701","LOCAL_WELL":"28S 18W 19CCB 01","website":"https://geohydro.kgs.ku.edu/geohydro/wizard/wizardwelldetail.cfm?usgs_id=373517099201701","name":"28S 18W 19CCB 01","recordUrl":"https://geohydro.kgs.ku.edu/geohydro/wizard/wizardwelldetail.cfm?usgs_id=373517099201701","period":"2026 monitoring locations"}},{"type":"Feature","id":149,"geometry":{"type":"Point","coordinates":[-99.1852,37.55376]},"properties":{"FID":149,"USGS_ID":"373315099105901","LOCAL_WELL":"29S 17W 04ABC 01","website":"https://geohydro.kgs.ku.edu/geohydro/wizard/wizardwelldetail.cfm?usgs_id=373315099105901","name":"29S 17W 04ABC 01","recordUrl":"https://geohydro.kgs.ku.edu/geohydro/wizard/wizardwelldetail.cfm?usgs_id=373315099105901","period":"2026 monitoring locations"}},{"type":"Feature","id":150,"geometry":{"type":"Point","coordinates":[-99.89349,37.55856]},"properties":{"FID":150,"USGS_ID":"373318099532701","LOCAL_WELL":"29S 24W 01ABA 01","website":"https://geohydro.kgs.ku.edu/geohydro/wizard/wizardwelldetail.cfm?usgs_id=373318099532701","name":"29S 24W 01ABA 01","recordUrl":"https://geohydro.kgs.ku.edu/geohydro/wizard/wizardwelldetail.cfm?usgs_id=373318099532701","period":"2026 monitoring locations"}},{"type":"Feature","id":151,"geometry":{"type":"Point","coordinates":[-99.91954,37.56638]},"properties":{"FID":151,"USGS_ID":"373358099550801","LOCAL_WELL":"28S 24W 35CAB 01","website":"https://geohydro.kgs.ku.edu/geohydro/wizard/wizardwelldetail.cfm?usgs_id=373358099550801","name":"28S 24W 35CAB 01","recordUrl":"https://geohydro.kgs.ku.edu/geohydro/wizard/wizardwelldetail.cfm?usgs_id=373358099550801","period":"2026 monitoring locations"}},{"type":"Feature","id":152,"geometry":{"type":"Point","coordinates":[-100.52276,37.56469]},"properties":{"FID":152,"USGS_ID":"373358100311001","LOCAL_WELL":"28S 29W 32CCA 01","website":"https://geohydro.kgs.ku.edu/geohydro/wizard/wizardwelldetail.cfm?usgs_id=373358100311001","name":"28S 29W 32CCA 01","recordUrl":"https://geohydro.kgs.ku.edu/geohydro/wizard/wizardwelldetail.cfm?usgs_id=373358100311001","period":"2026 monitoring locations"}},{"type":"Feature","id":153,"geometry":{"type":"Point","coordinates":[-99.66366,37.69212]},"properties":{"FID":153,"USGS_ID":"374130099394701","LOCAL_WELL":"27S 21W 18CDC 01","website":"https://geohydro.kgs.ku.edu/geohydro/wizard/wizardwelldetail.cfm?usgs_id=374130099394701","name":"27S 21W 18CDC 01","recordUrl":"https://geohydro.kgs.ku.edu/geohydro/wizard/wizardwelldetail.cfm?usgs_id=374130099394701","period":"2026 monitoring locations"}},{"type":"Feature","id":154,"geometry":{"type":"Point","coordinates":[-99.75324,37.57123]},"properties":{"FID":154,"USGS_ID":"373404099445801","LOCAL_WELL":"28S 22W 32BAB 01","website":"https://geohydro.kgs.ku.edu/geohydro/wizard/wizardwelldetail.cfm?usgs_id=373404099445801","name":"28S 22W 32BAB 01","recordUrl":"https://geohydro.kgs.ku.edu/geohydro/wizard/wizardwelldetail.cfm?usgs_id=373404099445801","period":"2026 monitoring locations"}},{"type":"Feature","id":155,"geometry":{"type":"Point","coordinates":[-99.93494,37.59145]},"properties":{"FID":155,"USGS_ID":"373528099553501","LOCAL_WELL":"28S 24W 22CDA 01","website":"https://geohydro.kgs.ku.edu/geohydro/wizard/wizardwelldetail.cfm?usgs_id=373528099553501","name":"28S 24W 22CDA 01","recordUrl":"https://geohydro.kgs.ku.edu/geohydro/wizard/wizardwelldetail.cfm?usgs_id=373528099553501","period":"2026 monitoring locations"}},{"type":"Feature","id":156,"geometry":{"type":"Point","coordinates":[-98.55195,37.59078]},"properties":{"FID":156,"USGS_ID":"373529098330001","LOCAL_WELL":"28S 11W 20CAC 01","website":"https://geohydro.kgs.ku.edu/geohydro/wizard/wizardwelldetail.cfm?usgs_id=373529098330001","name":"28S 11W 20CAC 01","recordUrl":"https://geohydro.kgs.ku.edu/geohydro/wizard/wizardwelldetail.cfm?usgs_id=373529098330001","period":"2026 monitoring locations"}},{"type":"Feature","id":157,"geometry":{"type":"Point","coordinates":[-98.058,37.56097]},"properties":{"FID":157,"USGS_ID":"373331098033301","LOCAL_WELL":"28S 07W 35CCD 01","website":"https://geohydro.kgs.ku.edu/geohydro/wizard/wizardwelldetail.cfm?usgs_id=373331098033301","name":"28S 07W 35CCD 01","recordUrl":"https://geohydro.kgs.ku.edu/geohydro/wizard/wizardwelldetail.cfm?usgs_id=373331098033301","period":"2026 monitoring locations"}},{"type":"Feature","id":158,"geometry":{"type":"Point","coordinates":[-101.74243,37.55567]},"properties":{"FID":158,"USGS_ID":"373331101442101","LOCAL_WELL":"29S 40W 06BCC 01","website":"https://geohydro.kgs.ku.edu/geohydro/wizard/wizardwelldetail.cfm?usgs_id=373331101442101","name":"29S 40W 06BCC 01","recordUrl":"https://geohydro.kgs.ku.edu/geohydro/wizard/wizardwelldetail.cfm?usgs_id=373331101442101","period":"2026 monitoring locations"}},{"type":"Feature","id":159,"geometry":{"type":"Point","coordinates":[-98.28503,37.5727]},"properties":{"FID":159,"USGS_ID":"373417098170201","LOCAL_WELL":"28S 09W 34AAB 01","website":"https://geohydro.kgs.ku.edu/geohydro/wizard/wizardwelldetail.cfm?usgs_id=373417098170201","name":"28S 09W 34AAB 01","recordUrl":"https://geohydro.kgs.ku.edu/geohydro/wizard/wizardwelldetail.cfm?usgs_id=373417098170201","period":"2026 monitoring locations"}},{"type":"Feature","id":160,"geometry":{"type":"Point","coordinates":[-101.48346,37.5719]},"properties":{"FID":160,"USGS_ID":"373417101290201","LOCAL_WELL":"28S 38W 33BDB 01","website":"https://geohydro.kgs.ku.edu/geohydro/wizard/wizardwelldetail.cfm?usgs_id=373417101290201","name":"28S 38W 33BDB 01","recordUrl":"https://geohydro.kgs.ku.edu/geohydro/wizard/wizardwelldetail.cfm?usgs_id=373417101290201","period":"2026 monitoring locations"}},{"type":"Feature","id":161,"geometry":{"type":"Point","coordinates":[-98.10963,37.5767]},"properties":{"FID":161,"USGS_ID":"373422098063301","LOCAL_WELL":"28S 07W 29CDD 01","website":"https://geohydro.kgs.ku.edu/geohydro/wizard/wizardwelldetail.cfm?usgs_id=373422098063301","name":"28S 07W 29CDD 01","recordUrl":"https://geohydro.kgs.ku.edu/geohydro/wizard/wizardwelldetail.cfm?usgs_id=373422098063301","period":"2026 monitoring locations"}},{"type":"Feature","id":162,"geometry":{"type":"Point","coordinates":[-98.33623,37.57249]},"properties":{"FID":162,"USGS_ID":"373422098200201","LOCAL_WELL":"28S 09W 29CCC 01","website":"https://geohydro.kgs.ku.edu/geohydro/wizard/wizardwelldetail.cfm?usgs_id=373422098200201","name":"28S 09W 29CCC 01","recordUrl":"https://geohydro.kgs.ku.edu/geohydro/wizard/wizardwelldetail.cfm?usgs_id=373422098200201","period":"2026 monitoring locations"}},{"type":"Feature","id":163,"geometry":{"type":"Point","coordinates":[-99.12304,37.53538]},"properties":{"FID":163,"USGS_ID":"373202099071801","LOCAL_WELL":"29S 17W 12DAA 01","website":"https://geohydro.kgs.ku.edu/geohydro/wizard/wizardwelldetail.cfm?usgs_id=373202099071801","name":"29S 17W 12DAA 01","recordUrl":"https://geohydro.kgs.ku.edu/geohydro/wizard/wizardwelldetail.cfm?usgs_id=373202099071801","period":"2026 monitoring locations"}},{"type":"Feature","id":164,"geometry":{"type":"Point","coordinates":[-98.63889,37.59827]},"properties":{"FID":164,"USGS_ID":"373556098382201","LOCAL_WELL":"28S 12W 21BAD 01","website":"https://geohydro.kgs.ku.edu/geohydro/wizard/wizardwelldetail.cfm?usgs_id=373556098382201","name":"28S 12W 21BAD 01","recordUrl":"https://geohydro.kgs.ku.edu/geohydro/wizard/wizardwelldetail.cfm?usgs_id=373556098382201","period":"2026 monitoring locations"}},{"type":"Feature","id":165,"geometry":{"type":"Point","coordinates":[-98.50603,37.5616]},"properties":{"FID":165,"USGS_ID":"373341098301901","LOCAL_WELL":"28S 11W 34D 01","website":"https://geohydro.kgs.ku.edu/geohydro/wizard/wizardwelldetail.cfm?usgs_id=373341098301901","name":"28S 11W 34D 01","recordUrl":"https://geohydro.kgs.ku.edu/geohydro/wizard/wizardwelldetail.cfm?usgs_id=373341098301901","period":"2026 monitoring locations"}},{"type":"Feature","id":166,"geometry":{"type":"Point","coordinates":[-99.10916,37.56056]},"properties":{"FID":166,"USGS_ID":"373341099062501","LOCAL_WELL":"28S 16W 31DCA 01","website":"https://geohydro.kgs.ku.edu/geohydro/wizard/wizardwelldetail.cfm?usgs_id=373341099062501","name":"28S 16W 31DCA 01","recordUrl":"https://geohydro.kgs.ku.edu/geohydro/wizard/wizardwelldetail.cfm?usgs_id=373341099062501","period":"2026 monitoring locations"}},{"type":"Feature","id":167,"geometry":{"type":"Point","coordinates":[-101.19546,37.538]},"properties":{"FID":167,"USGS_ID":"373214101114301","LOCAL_WELL":"29S 35W 07CBD 01","website":"https://geohydro.kgs.ku.edu/geohydro/wizard/wizardwelldetail.cfm?usgs_id=373214101114301","name":"29S 35W 07CBD 01","recordUrl":"https://geohydro.kgs.ku.edu/geohydro/wizard/wizardwelldetail.cfm?usgs_id=373214101114301","period":"2026 monitoring locations"}},{"type":"Feature","id":168,"geometry":{"type":"Point","coordinates":[-98.71189,37.57638]},"properties":{"FID":168,"USGS_ID":"373432098423701","LOCAL_WELL":"28S 13W 26DCB 01","website":"https://geohydro.kgs.ku.edu/geohydro/wizard/wizardwelldetail.cfm?usgs_id=373432098423701","name":"28S 13W 26DCB 01","recordUrl":"https://geohydro.kgs.ku.edu/geohydro/wizard/wizardwelldetail.cfm?usgs_id=373432098423701","period":"2026 monitoring locations"}},{"type":"Feature","id":169,"geometry":{"type":"Point","coordinates":[-101.53446,37.57516]},"properties":{"FID":169,"USGS_ID":"373433101320202","LOCAL_WELL":"28S 39W 36ABB 02","website":"https://geohydro.kgs.ku.edu/geohydro/wizard/wizardwelldetail.cfm?usgs_id=373433101320202","name":"28S 39W 36ABB 02","recordUrl":"https://geohydro.kgs.ku.edu/geohydro/wizard/wizardwelldetail.cfm?usgs_id=373433101320202","period":"2026 monitoring locations"}},{"type":"Feature","id":170,"geometry":{"type":"Point","coordinates":[-101.94086,37.57824]},"properties":{"FID":170,"USGS_ID":"373433101563101","LOCAL_WELL":"28S 42W 32BBB 01","website":"https://geohydro.kgs.ku.edu/geohydro/wizard/wizardwelldetail.cfm?usgs_id=373433101563101","name":"28S 42W 32BBB 01","recordUrl":"https://geohydro.kgs.ku.edu/geohydro/wizard/wizardwelldetail.cfm?usgs_id=373433101563101","period":"2026 monitoring locations"}},{"type":"Feature","id":171,"geometry":{"type":"Point","coordinates":[-99.33441,37.53871]},"properties":{"FID":171,"USGS_ID":"373220099200801","LOCAL_WELL":"29S 18W 07BBD 01","website":"https://geohydro.kgs.ku.edu/geohydro/wizard/wizardwelldetail.cfm?usgs_id=373220099200801","name":"29S 18W 07BBD 01","recordUrl":"https://geohydro.kgs.ku.edu/geohydro/wizard/wizardwelldetail.cfm?usgs_id=373220099200801","period":"2026 monitoring locations"}},{"type":"Feature","id":172,"geometry":{"type":"Point","coordinates":[-99.54402,37.58171]},"properties":{"FID":172,"USGS_ID":"373442099324101","LOCAL_WELL":"28S 20W 30ACA 01","website":"https://geohydro.kgs.ku.edu/geohydro/wizard/wizardwelldetail.cfm?usgs_id=373442099324101","name":"28S 20W 30ACA 01","recordUrl":"https://geohydro.kgs.ku.edu/geohydro/wizard/wizardwelldetail.cfm?usgs_id=373442099324101","period":"2026 monitoring locations"}},{"type":"Feature","id":173,"geometry":{"type":"Point","coordinates":[-101.94176,37.60036]},"properties":{"FID":173,"USGS_ID":"373558101563001","LOCAL_WELL":"28S 42W 20BCC 01","website":"https://geohydro.kgs.ku.edu/geohydro/wizard/wizardwelldetail.cfm?usgs_id=373558101563001","name":"28S 42W 20BCC 01","recordUrl":"https://geohydro.kgs.ku.edu/geohydro/wizard/wizardwelldetail.cfm?usgs_id=373558101563001","period":"2026 monitoring locations"}},{"type":"Feature","id":174,"geometry":{"type":"Point","coordinates":[-98.30064,37.60148]},"properties":{"FID":174,"USGS_ID":"373601098175901","LOCAL_WELL":"28S 09W 21AAA 01","website":"https://geohydro.kgs.ku.edu/geohydro/wizard/wizardwelldetail.cfm?usgs_id=373601098175901","name":"28S 09W 21AAA 01","recordUrl":"https://geohydro.kgs.ku.edu/geohydro/wizard/wizardwelldetail.cfm?usgs_id=373601098175901","period":"2026 monitoring locations"}},{"type":"Feature","id":175,"geometry":{"type":"Point","coordinates":[-100.10632,37.60583]},"properties":{"FID":175,"USGS_ID":"373601100061301","LOCAL_WELL":"28S 25W 19BBB 01","website":"https://geohydro.kgs.ku.edu/geohydro/wizard/wizardwelldetail.cfm?usgs_id=373601100061301","name":"28S 25W 19BBB 01","recordUrl":"https://geohydro.kgs.ku.edu/geohydro/wizard/wizardwelldetail.cfm?usgs_id=373601100061301","period":"2026 monitoring locations"}},{"type":"Feature","id":176,"geometry":{"type":"Point","coordinates":[-98.20769,37.60293]},"properties":{"FID":176,"USGS_ID":"373602098123001","LOCAL_WELL":"28S 08W 21BBB 01","website":"https://geohydro.kgs.ku.edu/geohydro/wizard/wizardwelldetail.cfm?usgs_id=373602098123001","name":"28S 08W 21BBB 01","recordUrl":"https://geohydro.kgs.ku.edu/geohydro/wizard/wizardwelldetail.cfm?usgs_id=373602098123001","period":"2026 monitoring locations"}},{"type":"Feature","id":177,"geometry":{"type":"Point","coordinates":[-98.80301,37.54281]},"properties":{"FID":177,"USGS_ID":"373231098480401","LOCAL_WELL":"29S 14W 12BAA 04","website":"https://geohydro.kgs.ku.edu/geohydro/wizard/wizardwelldetail.cfm?usgs_id=373231098480401","name":"29S 14W 12BAA 04","recordUrl":"https://geohydro.kgs.ku.edu/geohydro/wizard/wizardwelldetail.cfm?usgs_id=373231098480401","period":"2026 monitoring locations"}},{"type":"Feature","id":178,"geometry":{"type":"Point","coordinates":[-100.05232,37.54526]},"properties":{"FID":178,"USGS_ID":"373231100025401","LOCAL_WELL":"29S 25W 10BBBC 01","website":"https://geohydro.kgs.ku.edu/geohydro/wizard/wizardwelldetail.cfm?usgs_id=373231100025401","name":"29S 25W 10BBBC 01","recordUrl":"https://geohydro.kgs.ku.edu/geohydro/wizard/wizardwelldetail.cfm?usgs_id=373231100025401","period":"2026 monitoring locations"}},{"type":"Feature","id":179,"geometry":{"type":"Point","coordinates":[-98.69196,37.54346]},"properties":{"FID":179,"USGS_ID":"373233098411501","LOCAL_WELL":"29S 13W 12ABB 01","website":"https://geohydro.kgs.ku.edu/geohydro/wizard/wizardwelldetail.cfm?usgs_id=373233098411501","name":"29S 13W 12ABB 01","recordUrl":"https://geohydro.kgs.ku.edu/geohydro/wizard/wizardwelldetail.cfm?usgs_id=373233098411501","period":"2026 monitoring locations"}},{"type":"Feature","id":180,"geometry":{"type":"Point","coordinates":[-99.63859,37.50086]},"properties":{"FID":180,"USGS_ID":"373005099381801","LOCAL_WELL":"29S 21W 20CAD 01","website":"https://geohydro.kgs.ku.edu/geohydro/wizard/wizardwelldetail.cfm?usgs_id=373005099381801","name":"29S 21W 20CAD 01","recordUrl":"https://geohydro.kgs.ku.edu/geohydro/wizard/wizardwelldetail.cfm?usgs_id=373005099381801","period":"2026 monitoring locations"}},{"type":"Feature","id":181,"geometry":{"type":"Point","coordinates":[-99.73913,37.51571]},"properties":{"FID":181,"USGS_ID":"373054099441601","LOCAL_WELL":"29S 22W 17DAD 01","website":"https://geohydro.kgs.ku.edu/geohydro/wizard/wizardwelldetail.cfm?usgs_id=373054099441601","name":"29S 22W 17DAD 01","recordUrl":"https://geohydro.kgs.ku.edu/geohydro/wizard/wizardwelldetail.cfm?usgs_id=373054099441601","period":"2026 monitoring locations"}},{"type":"Feature","id":182,"geometry":{"type":"Point","coordinates":[-101.44283,38.01688]},"properties":{"FID":182,"USGS_ID":"380054101263603","LOCAL_WELL":"23S 38W 36BAA 03","website":"https://geohydro.kgs.ku.edu/geohydro/wizard/wizardwelldetail.cfm?usgs_id=380054101263603","name":"23S 38W 36BAA 03","recordUrl":"https://geohydro.kgs.ku.edu/geohydro/wizard/wizardwelldetail.cfm?usgs_id=380054101263603","period":"2026 monitoring locations"}},{"type":"Feature","id":183,"geometry":{"type":"Point","coordinates":[-98.45122,37.50381]},"properties":{"FID":183,"USGS_ID":"373008098264801","LOCAL_WELL":"29S 10W 19DDB 01","website":"https://geohydro.kgs.ku.edu/geohydro/wizard/wizardwelldetail.cfm?usgs_id=373008098264801","name":"29S 10W 19DDB 01","recordUrl":"https://geohydro.kgs.ku.edu/geohydro/wizard/wizardwelldetail.cfm?usgs_id=373008098264801","period":"2026 monitoring locations"}},{"type":"Feature","id":184,"geometry":{"type":"Point","coordinates":[-101.69862,37.50425]},"properties":{"FID":184,"USGS_ID":"373011101415001","LOCAL_WELL":"29S 40W 28ABB 01","website":"https://geohydro.kgs.ku.edu/geohydro/wizard/wizardwelldetail.cfm?usgs_id=373011101415001","name":"29S 40W 28ABB 01","recordUrl":"https://geohydro.kgs.ku.edu/geohydro/wizard/wizardwelldetail.cfm?usgs_id=373011101415001","period":"2026 monitoring locations"}},{"type":"Feature","id":185,"geometry":{"type":"Point","coordinates":[-102.02136,37.50639]},"properties":{"FID":185,"USGS_ID":"373024102011701","LOCAL_WELL":"29S 43W 21DCDD 01","website":"https://geohydro.kgs.ku.edu/geohydro/wizard/wizardwelldetail.cfm?usgs_id=373024102011701","name":"29S 43W 21DCDD 01","recordUrl":"https://geohydro.kgs.ku.edu/geohydro/wizard/wizardwelldetail.cfm?usgs_id=373024102011701","period":"2026 monitoring locations"}},{"type":"Feature","id":186,"geometry":{"type":"Point","coordinates":[-101.78916,37.57041]},"properties":{"FID":186,"USGS_ID":"373423101473701","LOCAL_WELL":"28S 41W 34BDD 01","website":"https://geohydro.kgs.ku.edu/geohydro/wizard/wizardwelldetail.cfm?usgs_id=373423101473701","name":"28S 41W 34BDD 01","recordUrl":"https://geohydro.kgs.ku.edu/geohydro/wizard/wizardwelldetail.cfm?usgs_id=373423101473701","period":"2026 monitoring locations"}},{"type":"Feature","id":187,"geometry":{"type":"Point","coordinates":[-101.09936,37.574]},"properties":{"FID":187,"USGS_ID":"373426101055101","LOCAL_WELL":"28S 35W 36ABC 01","website":"https://geohydro.kgs.ku.edu/geohydro/wizard/wizardwelldetail.cfm?usgs_id=373426101055101","name":"28S 35W 36ABC 01","recordUrl":"https://geohydro.kgs.ku.edu/geohydro/wizard/wizardwelldetail.cfm?usgs_id=373426101055101","period":"2026 monitoring locations"}},{"type":"Feature","id":188,"geometry":{"type":"Point","coordinates":[-100.77613,37.50709]},"properties":{"FID":188,"USGS_ID":"373026100463101","LOCAL_WELL":"29S 32W 24CCA 01","website":"https://geohydro.kgs.ku.edu/geohydro/wizard/wizardwelldetail.cfm?usgs_id=373026100463101","name":"29S 32W 24CCA 01","recordUrl":"https://geohydro.kgs.ku.edu/geohydro/wizard/wizardwelldetail.cfm?usgs_id=373026100463101","period":"2026 monitoring locations"}},{"type":"Feature","id":189,"geometry":{"type":"Point","coordinates":[-99.24373,37.57538]},"properties":{"FID":189,"USGS_ID":"373429099143301","LOCAL_WELL":"28S 18W 25CAC 01","website":"https://geohydro.kgs.ku.edu/geohydro/wizard/wizardwelldetail.cfm?usgs_id=373429099143301","name":"28S 18W 25CAC 01","recordUrl":"https://geohydro.kgs.ku.edu/geohydro/wizard/wizardwelldetail.cfm?usgs_id=373429099143301","period":"2026 monitoring locations"}},{"type":"Feature","id":190,"geometry":{"type":"Point","coordinates":[-99.56654,37.58611]},"properties":{"FID":190,"USGS_ID":"373510099335801","LOCAL_WELL":"28S 21W 25ABB 01","website":"https://geohydro.kgs.ku.edu/geohydro/wizard/wizardwelldetail.cfm?usgs_id=373510099335801","name":"28S 21W 25ABB 01","recordUrl":"https://geohydro.kgs.ku.edu/geohydro/wizard/wizardwelldetail.cfm?usgs_id=373510099335801","period":"2026 monitoring locations"}},{"type":"Feature","id":191,"geometry":{"type":"Point","coordinates":[-99.58374,37.5904]},"properties":{"FID":191,"USGS_ID":"373513099350001","LOCAL_WELL":"28S 21W 23DBC 01","website":"https://geohydro.kgs.ku.edu/geohydro/wizard/wizardwelldetail.cfm?usgs_id=373513099350001","name":"28S 21W 23DBC 01","recordUrl":"https://geohydro.kgs.ku.edu/geohydro/wizard/wizardwelldetail.cfm?usgs_id=373513099350001","period":"2026 monitoring locations"}},{"type":"Feature","id":192,"geometry":{"type":"Point","coordinates":[-98.93839,37.58641]},"properties":{"FID":192,"USGS_ID":"373514098560801","LOCAL_WELL":"28S 15W 23CCD 01","website":"https://geohydro.kgs.ku.edu/geohydro/wizard/wizardwelldetail.cfm?usgs_id=373514098560801","name":"28S 15W 23CCD 01","recordUrl":"https://geohydro.kgs.ku.edu/geohydro/wizard/wizardwelldetail.cfm?usgs_id=373514098560801","period":"2026 monitoring locations"}},{"type":"Feature","id":193,"geometry":{"type":"Point","coordinates":[-99.90229,37.52445]},"properties":{"FID":193,"USGS_ID":"373127099540701","LOCAL_WELL":"29S 24W 13BCA 01","website":"https://geohydro.kgs.ku.edu/geohydro/wizard/wizardwelldetail.cfm?usgs_id=373127099540701","name":"29S 24W 13BCA 01","recordUrl":"https://geohydro.kgs.ku.edu/geohydro/wizard/wizardwelldetail.cfm?usgs_id=373127099540701","period":"2026 monitoring locations"}},{"type":"Feature","id":194,"geometry":{"type":"Point","coordinates":[-99.38484,37.51264]},"properties":{"FID":194,"USGS_ID":"373038099230801","LOCAL_WELL":"29S 19W 22BAA 01","website":"https://geohydro.kgs.ku.edu/geohydro/wizard/wizardwelldetail.cfm?usgs_id=373038099230801","name":"29S 19W 22BAA 01","recordUrl":"https://geohydro.kgs.ku.edu/geohydro/wizard/wizardwelldetail.cfm?usgs_id=373038099230801","period":"2026 monitoring locations"}},{"type":"Feature","id":195,"geometry":{"type":"Point","coordinates":[-98.6617,37.78072]},"properties":{"FID":195,"USGS_ID":"374646098394401","LOCAL_WELL":"26S 12W 17CCA 01","website":"https://geohydro.kgs.ku.edu/geohydro/wizard/wizardwelldetail.cfm?usgs_id=374646098394401","name":"26S 12W 17CCA 01","recordUrl":"https://geohydro.kgs.ku.edu/geohydro/wizard/wizardwelldetail.cfm?usgs_id=374646098394401","period":"2026 monitoring locations"}},{"type":"Feature","id":196,"geometry":{"type":"Point","coordinates":[-97.38333,37.80764]},"properties":{"FID":196,"USGS_ID":"374837097225301","LOCAL_WELL":"26S 01W 12BAD 01","website":"https://geohydro.kgs.ku.edu/geohydro/wizard/wizardwelldetail.cfm?usgs_id=374837097225301","name":"26S 01W 12BAD 01","recordUrl":"https://geohydro.kgs.ku.edu/geohydro/wizard/wizardwelldetail.cfm?usgs_id=374837097225301","period":"2026 monitoring locations"}},{"type":"Feature","id":197,"geometry":{"type":"Point","coordinates":[-100.05852,37.7803]},"properties":{"FID":197,"USGS_ID":"374649100035201","LOCAL_WELL":"26S 25W 16DCC 01","website":"https://geohydro.kgs.ku.edu/geohydro/wizard/wizardwelldetail.cfm?usgs_id=374649100035201","name":"26S 25W 16DCC 01","recordUrl":"https://geohydro.kgs.ku.edu/geohydro/wizard/wizardwelldetail.cfm?usgs_id=374649100035201","period":"2026 monitoring locations"}},{"type":"Feature","id":198,"geometry":{"type":"Point","coordinates":[-98.87663,37.78055]},"properties":{"FID":198,"USGS_ID":"374653098523101","LOCAL_WELL":"26S 14W 17DBC 01","website":"https://geohydro.kgs.ku.edu/geohydro/wizard/wizardwelldetail.cfm?usgs_id=374653098523101","name":"26S 14W 17DBC 01","recordUrl":"https://geohydro.kgs.ku.edu/geohydro/wizard/wizardwelldetail.cfm?usgs_id=374653098523101","period":"2026 monitoring locations"}},{"type":"Feature","id":199,"geometry":{"type":"Point","coordinates":[-99.11844,37.78066]},"properties":{"FID":199,"USGS_ID":"374653099070201","LOCAL_WELL":"26S 16W 18CAC 01","website":"https://geohydro.kgs.ku.edu/geohydro/wizard/wizardwelldetail.cfm?usgs_id=374653099070201","name":"26S 16W 18CAC 01","recordUrl":"https://geohydro.kgs.ku.edu/geohydro/wizard/wizardwelldetail.cfm?usgs_id=374653099070201","period":"2026 monitoring locations"}},{"type":"Feature","id":200,"geometry":{"type":"Point","coordinates":[-100.21478,37.78238]},"properties":{"FID":200,"USGS_ID":"374657100124101","LOCAL_WELL":"26S 26W 18CCB 01","website":"https://geohydro.kgs.ku.edu/geohydro/wizard/wizardwelldetail.cfm?usgs_id=374657100124101","name":"26S 26W 18CCB 01","recordUrl":"https://geohydro.kgs.ku.edu/geohydro/wizard/wizardwelldetail.cfm?usgs_id=374657100124101","period":"2026 monitoring locations"}},{"type":"Feature","id":201,"geometry":{"type":"Point","coordinates":[-100.54284,37.76633]},"properties":{"FID":201,"USGS_ID":"374557100323401","LOCAL_WELL":"26S 30W 24DDD 01","website":"https://geohydro.kgs.ku.edu/geohydro/wizard/wizardwelldetail.cfm?usgs_id=374557100323401","name":"26S 30W 24DDD 01","recordUrl":"https://geohydro.kgs.ku.edu/geohydro/wizard/wizardwelldetail.cfm?usgs_id=374557100323401","period":"2026 monitoring locations"}},{"type":"Feature","id":202,"geometry":{"type":"Point","coordinates":[-99.54079,37.77392]},"properties":{"FID":202,"USGS_ID":"374558099321601","LOCAL_WELL":"26S 20W 20BBC 01","website":"https://geohydro.kgs.ku.edu/geohydro/wizard/wizardwelldetail.cfm?usgs_id=374558099321601","name":"26S 20W 20BBC 01","recordUrl":"https://geohydro.kgs.ku.edu/geohydro/wizard/wizardwelldetail.cfm?usgs_id=374558099321601","period":"2026 monitoring locations"}},{"type":"Feature","id":203,"geometry":{"type":"Point","coordinates":[-101.89656,37.76737]},"properties":{"FID":203,"USGS_ID":"374559101534602","LOCAL_WELL":"26S 42W 22DCC 02","website":"https://geohydro.kgs.ku.edu/geohydro/wizard/wizardwelldetail.cfm?usgs_id=374559101534602","name":"26S 42W 22DCC 02","recordUrl":"https://geohydro.kgs.ku.edu/geohydro/wizard/wizardwelldetail.cfm?usgs_id=374559101534602","period":"2026 monitoring locations"}},{"type":"Feature","id":204,"geometry":{"type":"Point","coordinates":[-97.46945,37.78056]},"properties":{"FID":204,"USGS_ID":"374659097280201","LOCAL_WELL":"26S 01W 19ABA 01","website":"https://geohydro.kgs.ku.edu/geohydro/wizard/wizardwelldetail.cfm?usgs_id=374659097280201","name":"26S 01W 19ABA 01","recordUrl":"https://geohydro.kgs.ku.edu/geohydro/wizard/wizardwelldetail.cfm?usgs_id=374659097280201","period":"2026 monitoring locations"}},{"type":"Feature","id":205,"geometry":{"type":"Point","coordinates":[-101.05803,37.78389]},"properties":{"FID":205,"USGS_ID":"374700101032601","LOCAL_WELL":"26S 34W 17DDB 01","website":"https://geohydro.kgs.ku.edu/geohydro/wizard/wizardwelldetail.cfm?usgs_id=374700101032601","name":"26S 34W 17DDB 01","recordUrl":"https://geohydro.kgs.ku.edu/geohydro/wizard/wizardwelldetail.cfm?usgs_id=374700101032601","period":"2026 monitoring locations"}},{"type":"Feature","id":206,"geometry":{"type":"Point","coordinates":[-97.55412,37.76452]},"properties":{"FID":206,"USGS_ID":"374600097331401","LOCAL_WELL":"26S 02W 29AAA 01","website":"https://geohydro.kgs.ku.edu/geohydro/wizard/wizardwelldetail.cfm?usgs_id=374600097331401","name":"26S 02W 29AAA 01","recordUrl":"https://geohydro.kgs.ku.edu/geohydro/wizard/wizardwelldetail.cfm?usgs_id=374600097331401","period":"2026 monitoring locations"}},{"type":"Feature","id":207,"geometry":{"type":"Point","coordinates":[-101.25815,37.76893]},"properties":{"FID":207,"USGS_ID":"374608101152801","LOCAL_WELL":"26S 36W 21DDB 01","website":"https://geohydro.kgs.ku.edu/geohydro/wizard/wizardwelldetail.cfm?usgs_id=374608101152801","name":"26S 36W 21DDB 01","recordUrl":"https://geohydro.kgs.ku.edu/geohydro/wizard/wizardwelldetail.cfm?usgs_id=374608101152801","period":"2026 monitoring locations"}},{"type":"Feature","id":208,"geometry":{"type":"Point","coordinates":[-98.99527,37.78747]},"properties":{"FID":208,"USGS_ID":"374717098593501","LOCAL_WELL":"26S 15W 17BBC 01","website":"https://geohydro.kgs.ku.edu/geohydro/wizard/wizardwelldetail.cfm?usgs_id=374717098593501","name":"26S 15W 17BBC 01","recordUrl":"https://geohydro.kgs.ku.edu/geohydro/wizard/wizardwelldetail.cfm?usgs_id=374717098593501","period":"2026 monitoring locations"}},{"type":"Feature","id":209,"geometry":{"type":"Point","coordinates":[-99.15058,37.79172]},"properties":{"FID":209,"USGS_ID":"374720099090001","LOCAL_WELL":"26S 17W 14BAA 01","website":"https://geohydro.kgs.ku.edu/geohydro/wizard/wizardwelldetail.cfm?usgs_id=374720099090001","name":"26S 17W 14BAA 01","recordUrl":"https://geohydro.kgs.ku.edu/geohydro/wizard/wizardwelldetail.cfm?usgs_id=374720099090001","period":"2026 monitoring locations"}},{"type":"Feature","id":210,"geometry":{"type":"Point","coordinates":[-98.33768,37.78886]},"properties":{"FID":210,"USGS_ID":"374721098200701","LOCAL_WELL":"26S 09W 18AAA 01","website":"https://geohydro.kgs.ku.edu/geohydro/wizard/wizardwelldetail.cfm?usgs_id=374721098200701","name":"26S 09W 18AAA 01","recordUrl":"https://geohydro.kgs.ku.edu/geohydro/wizard/wizardwelldetail.cfm?usgs_id=374721098200701","period":"2026 monitoring locations"}},{"type":"Feature","id":211,"geometry":{"type":"Point","coordinates":[-99.81643,37.79761]},"properties":{"FID":211,"USGS_ID":"374725099485601","LOCAL_WELL":"26S 23W 10DAD 01","website":"https://geohydro.kgs.ku.edu/geohydro/wizard/wizardwelldetail.cfm?usgs_id=374725099485601","name":"26S 23W 10DAD 01","recordUrl":"https://geohydro.kgs.ku.edu/geohydro/wizard/wizardwelldetail.cfm?usgs_id=374725099485601","period":"2026 monitoring locations"}},{"type":"Feature","id":212,"geometry":{"type":"Point","coordinates":[-98.50607,37.75818]},"properties":{"FID":212,"USGS_ID":"374533098301301","LOCAL_WELL":"26S 11W 27AAC 01","website":"https://geohydro.kgs.ku.edu/geohydro/wizard/wizardwelldetail.cfm?usgs_id=374533098301301","name":"26S 11W 27AAC 01","recordUrl":"https://geohydro.kgs.ku.edu/geohydro/wizard/wizardwelldetail.cfm?usgs_id=374533098301301","period":"2026 monitoring locations"}},{"type":"Feature","id":213,"geometry":{"type":"Point","coordinates":[-98.55545,37.75851]},"properties":{"FID":213,"USGS_ID":"374526098331501","LOCAL_WELL":"26S 11W 29BCB 01","website":"https://geohydro.kgs.ku.edu/geohydro/wizard/wizardwelldetail.cfm?usgs_id=374526098331501","name":"26S 11W 29BCB 01","recordUrl":"https://geohydro.kgs.ku.edu/geohydro/wizard/wizardwelldetail.cfm?usgs_id=374526098331501","period":"2026 monitoring locations"}},{"type":"Feature","id":214,"geometry":{"type":"Point","coordinates":[-98.46004,37.77645]},"properties":{"FID":214,"USGS_ID":"374637098272501","LOCAL_WELL":"26S 10W 18CDC 01","website":"https://geohydro.kgs.ku.edu/geohydro/wizard/wizardwelldetail.cfm?usgs_id=374637098272501","name":"26S 10W 18CDC 01","recordUrl":"https://geohydro.kgs.ku.edu/geohydro/wizard/wizardwelldetail.cfm?usgs_id=374637098272501","period":"2026 monitoring locations"}},{"type":"Feature","id":215,"geometry":{"type":"Point","coordinates":[-99.27753,37.78112]},"properties":{"FID":215,"USGS_ID":"374637099163101","LOCAL_WELL":"26S 18W 15DCB 01","website":"https://geohydro.kgs.ku.edu/geohydro/wizard/wizardwelldetail.cfm?usgs_id=374637099163101","name":"26S 18W 15DCB 01","recordUrl":"https://geohydro.kgs.ku.edu/geohydro/wizard/wizardwelldetail.cfm?usgs_id=374637099163101","period":"2026 monitoring locations"}},{"type":"Feature","id":216,"geometry":{"type":"Point","coordinates":[-98.78956,37.77348]},"properties":{"FID":216,"USGS_ID":"374631098472501","LOCAL_WELL":"26S 13W 19BBD 01","website":"https://geohydro.kgs.ku.edu/geohydro/wizard/wizardwelldetail.cfm?usgs_id=374631098472501","name":"26S 13W 19BBD 01","recordUrl":"https://geohydro.kgs.ku.edu/geohydro/wizard/wizardwelldetail.cfm?usgs_id=374631098472501","period":"2026 monitoring locations"}},{"type":"Feature","id":217,"geometry":{"type":"Point","coordinates":[-99.06856,37.79162]},"properties":{"FID":217,"USGS_ID":"374731099035701","LOCAL_WELL":"26S 16W 10CCC 01","website":"https://geohydro.kgs.ku.edu/geohydro/wizard/wizardwelldetail.cfm?usgs_id=374731099035701","name":"26S 16W 10CCC 01","recordUrl":"https://geohydro.kgs.ku.edu/geohydro/wizard/wizardwelldetail.cfm?usgs_id=374731099035701","period":"2026 monitoring locations"}},{"type":"Feature","id":218,"geometry":{"type":"Point","coordinates":[-101.82976,37.77539]},"properties":{"FID":218,"USGS_ID":"374638101495001","LOCAL_WELL":"26S 41W 20BCD 01","website":"https://geohydro.kgs.ku.edu/geohydro/wizard/wizardwelldetail.cfm?usgs_id=374638101495001","name":"26S 41W 20BCD 01","recordUrl":"https://geohydro.kgs.ku.edu/geohydro/wizard/wizardwelldetail.cfm?usgs_id=374638101495001","period":"2026 monitoring locations"}},{"type":"Feature","id":219,"geometry":{"type":"Point","coordinates":[-97.92928,37.7913]},"properties":{"FID":219,"USGS_ID":"374732097554401","LOCAL_WELL":"26S 06W 13BAB 01","website":"https://geohydro.kgs.ku.edu/geohydro/wizard/wizardwelldetail.cfm?usgs_id=374732097554401","name":"26S 06W 13BAB 01","recordUrl":"https://geohydro.kgs.ku.edu/geohydro/wizard/wizardwelldetail.cfm?usgs_id=374732097554401","period":"2026 monitoring locations"}},{"type":"Feature","id":220,"geometry":{"type":"Point","coordinates":[-99.391,37.74492]},"properties":{"FID":220,"USGS_ID":"374427099232901","LOCAL_WELL":"26S 19W 34BBD 01","website":"https://geohydro.kgs.ku.edu/geohydro/wizard/wizardwelldetail.cfm?usgs_id=374427099232901","name":"26S 19W 34BBD 01","recordUrl":"https://geohydro.kgs.ku.edu/geohydro/wizard/wizardwelldetail.cfm?usgs_id=374427099232901","period":"2026 monitoring locations"}},{"type":"Feature","id":221,"geometry":{"type":"Point","coordinates":[-101.17696,37.76176]},"properties":{"FID":221,"USGS_ID":"374544101103701","LOCAL_WELL":"26S 35W 29BBD 01","website":"https://geohydro.kgs.ku.edu/geohydro/wizard/wizardwelldetail.cfm?usgs_id=374544101103701","name":"26S 35W 29BBD 01","recordUrl":"https://geohydro.kgs.ku.edu/geohydro/wizard/wizardwelldetail.cfm?usgs_id=374544101103701","period":"2026 monitoring locations"}},{"type":"Feature","id":222,"geometry":{"type":"Point","coordinates":[-99.57788,37.74897]},"properties":{"FID":222,"USGS_ID":"374434099343001","LOCAL_WELL":"26S 21W 25CCC 01","website":"https://geohydro.kgs.ku.edu/geohydro/wizard/wizardwelldetail.cfm?usgs_id=374434099343001","name":"26S 21W 25CCC 01","recordUrl":"https://geohydro.kgs.ku.edu/geohydro/wizard/wizardwelldetail.cfm?usgs_id=374434099343001","period":"2026 monitoring locations"}},{"type":"Feature","id":223,"geometry":{"type":"Point","coordinates":[-98.73854,37.74336]},"properties":{"FID":223,"USGS_ID":"374438098441601","LOCAL_WELL":"26S 13W 34BCB 01","website":"https://geohydro.kgs.ku.edu/geohydro/wizard/wizardwelldetail.cfm?usgs_id=374438098441601","name":"26S 13W 34BCB 01","recordUrl":"https://geohydro.kgs.ku.edu/geohydro/wizard/wizardwelldetail.cfm?usgs_id=374438098441601","period":"2026 monitoring locations"}},{"type":"Feature","id":224,"geometry":{"type":"Point","coordinates":[-99.05761,37.74427]},"properties":{"FID":224,"USGS_ID":"374440099032401","LOCAL_WELL":"26S 16W 34ABC 01","website":"https://geohydro.kgs.ku.edu/geohydro/wizard/wizardwelldetail.cfm?usgs_id=374440099032401","name":"26S 16W 34ABC 01","recordUrl":"https://geohydro.kgs.ku.edu/geohydro/wizard/wizardwelldetail.cfm?usgs_id=374440099032401","period":"2026 monitoring locations"}},{"type":"Feature","id":225,"geometry":{"type":"Point","coordinates":[-99.96069,37.75231]},"properties":{"FID":225,"USGS_ID":"374442099573601","LOCAL_WELL":"26S 24W 29DDD 01","website":"https://geohydro.kgs.ku.edu/geohydro/wizard/wizardwelldetail.cfm?usgs_id=374442099573601","name":"26S 24W 29DDD 01","recordUrl":"https://geohydro.kgs.ku.edu/geohydro/wizard/wizardwelldetail.cfm?usgs_id=374442099573601","period":"2026 monitoring locations"}},{"type":"Feature","id":226,"geometry":{"type":"Point","coordinates":[-99.27296,37.68254]},"properties":{"FID":226,"USGS_ID":"374050099161301","LOCAL_WELL":"27S 18W 22ADC 01","website":"https://geohydro.kgs.ku.edu/geohydro/wizard/wizardwelldetail.cfm?usgs_id=374050099161301","name":"27S 18W 22ADC 01","recordUrl":"https://geohydro.kgs.ku.edu/geohydro/wizard/wizardwelldetail.cfm?usgs_id=374050099161301","period":"2026 monitoring locations"}},{"type":"Feature","id":227,"geometry":{"type":"Point","coordinates":[-99.182,37.68324]},"properties":{"FID":227,"USGS_ID":"374054099104501","LOCAL_WELL":"27S 17W 21ADC 01","website":"https://geohydro.kgs.ku.edu/geohydro/wizard/wizardwelldetail.cfm?usgs_id=374054099104501","name":"27S 17W 21ADC 01","recordUrl":"https://geohydro.kgs.ku.edu/geohydro/wizard/wizardwelldetail.cfm?usgs_id=374054099104501","period":"2026 monitoring locations"}},{"type":"Feature","id":228,"geometry":{"type":"Point","coordinates":[-99.98092,37.73848]},"properties":{"FID":228,"USGS_ID":"374356099584201","LOCAL_WELL":"26S 24W 31DDA 01","website":"https://geohydro.kgs.ku.edu/geohydro/wizard/wizardwelldetail.cfm?usgs_id=374356099584201","name":"26S 24W 31DDA 01","recordUrl":"https://geohydro.kgs.ku.edu/geohydro/wizard/wizardwelldetail.cfm?usgs_id=374356099584201","period":"2026 monitoring locations"}},{"type":"Feature","id":229,"geometry":{"type":"Point","coordinates":[-97.93302,37.70479]},"properties":{"FID":229,"USGS_ID":"374225097555101","LOCAL_WELL":"27S 06W 12CCD 01","website":"https://geohydro.kgs.ku.edu/geohydro/wizard/wizardwelldetail.cfm?usgs_id=374225097555101","name":"27S 06W 12CCD 01","recordUrl":"https://geohydro.kgs.ku.edu/geohydro/wizard/wizardwelldetail.cfm?usgs_id=374225097555101","period":"2026 monitoring locations"}},{"type":"Feature","id":230,"geometry":{"type":"Point","coordinates":[-101.20336,37.7325]},"properties":{"FID":230,"USGS_ID":"374357101121001","LOCAL_WELL":"27S 36W 01ADB 01","website":"https://geohydro.kgs.ku.edu/geohydro/wizard/wizardwelldetail.cfm?usgs_id=374357101121001","name":"27S 36W 01ADB 01","recordUrl":"https://geohydro.kgs.ku.edu/geohydro/wizard/wizardwelldetail.cfm?usgs_id=374357101121001","period":"2026 monitoring locations"}},{"type":"Feature","id":231,"geometry":{"type":"Point","coordinates":[-98.34683,37.73275]},"properties":{"FID":231,"USGS_ID":"374358098203301","LOCAL_WELL":"26S 09W 31DCC 01","website":"https://geohydro.kgs.ku.edu/geohydro/wizard/wizardwelldetail.cfm?usgs_id=374358098203301","name":"26S 09W 31DCC 01","recordUrl":"https://geohydro.kgs.ku.edu/geohydro/wizard/wizardwelldetail.cfm?usgs_id=374358098203301","period":"2026 monitoring locations"}},{"type":"Feature","id":232,"geometry":{"type":"Point","coordinates":[-98.15854,37.69018]},"properties":{"FID":232,"USGS_ID":"374123098092701","LOCAL_WELL":"27S 08W 14DDC 01","website":"https://geohydro.kgs.ku.edu/geohydro/wizard/wizardwelldetail.cfm?usgs_id=374123098092701","name":"27S 08W 14DDC 01","recordUrl":"https://geohydro.kgs.ku.edu/geohydro/wizard/wizardwelldetail.cfm?usgs_id=374123098092701","period":"2026 monitoring locations"}},{"type":"Feature","id":233,"geometry":{"type":"Point","coordinates":[-98.4293,37.68885]},"properties":{"FID":233,"USGS_ID":"374123098253201","LOCAL_WELL":"27S 10W 17DDD 01","website":"https://geohydro.kgs.ku.edu/geohydro/wizard/wizardwelldetail.cfm?usgs_id=374123098253201","name":"27S 10W 17DDD 01","recordUrl":"https://geohydro.kgs.ku.edu/geohydro/wizard/wizardwelldetail.cfm?usgs_id=374123098253201","period":"2026 monitoring locations"}},{"type":"Feature","id":234,"geometry":{"type":"Point","coordinates":[-100.57954,37.69025]},"properties":{"FID":234,"USGS_ID":"374125100344101","LOCAL_WELL":"27S 30W 23BBC 01","website":"https://geohydro.kgs.ku.edu/geohydro/wizard/wizardwelldetail.cfm?usgs_id=374125100344101","name":"27S 30W 23BBC 01","recordUrl":"https://geohydro.kgs.ku.edu/geohydro/wizard/wizardwelldetail.cfm?usgs_id=374125100344101","period":"2026 monitoring locations"}},{"type":"Feature","id":235,"geometry":{"type":"Point","coordinates":[-98.48282,37.70723]},"properties":{"FID":235,"USGS_ID":"374230098285101","LOCAL_WELL":"27S 11W 12CBC 01","website":"https://geohydro.kgs.ku.edu/geohydro/wizard/wizardwelldetail.cfm?usgs_id=374230098285101","name":"27S 11W 12CBC 01","recordUrl":"https://geohydro.kgs.ku.edu/geohydro/wizard/wizardwelldetail.cfm?usgs_id=374230098285101","period":"2026 monitoring locations"}},{"type":"Feature","id":236,"geometry":{"type":"Point","coordinates":[-100.14133,39.30296]},"properties":{"FID":236,"USGS_ID":"391904100082501","LOCAL_WELL":"09S 25W 05BBD 01","website":"https://geohydro.kgs.ku.edu/geohydro/wizard/wizardwelldetail.cfm?usgs_id=391904100082501","name":"09S 25W 05BBD 01","recordUrl":"https://geohydro.kgs.ku.edu/geohydro/wizard/wizardwelldetail.cfm?usgs_id=391904100082501","period":"2026 monitoring locations"}},{"type":"Feature","id":237,"geometry":{"type":"Point","coordinates":[-101.03606,37.69301]},"properties":{"FID":237,"USGS_ID":"374136101020902","LOCAL_WELL":"27S 34W 16DDD 02","website":"https://geohydro.kgs.ku.edu/geohydro/wizard/wizardwelldetail.cfm?usgs_id=374136101020902","name":"27S 34W 16DDD 02","recordUrl":"https://geohydro.kgs.ku.edu/geohydro/wizard/wizardwelldetail.cfm?usgs_id=374136101020902","period":"2026 monitoring locations"}},{"type":"Feature","id":238,"geometry":{"type":"Point","coordinates":[-98.39229,37.71806]},"properties":{"FID":238,"USGS_ID":"374309098232301","LOCAL_WELL":"27S 10W 03DDD 01","website":"https://geohydro.kgs.ku.edu/geohydro/wizard/wizardwelldetail.cfm?usgs_id=374309098232301","name":"27S 10W 03DDD 01","recordUrl":"https://geohydro.kgs.ku.edu/geohydro/wizard/wizardwelldetail.cfm?usgs_id=374309098232301","period":"2026 monitoring locations"}},{"type":"Feature","id":239,"geometry":{"type":"Point","coordinates":[-99.11873,37.73711]},"properties":{"FID":239,"USGS_ID":"374408099070401","LOCAL_WELL":"26S 16W 31CCA 01","website":"https://geohydro.kgs.ku.edu/geohydro/wizard/wizardwelldetail.cfm?usgs_id=374408099070401","name":"26S 16W 31CCA 01","recordUrl":"https://geohydro.kgs.ku.edu/geohydro/wizard/wizardwelldetail.cfm?usgs_id=374408099070401","period":"2026 monitoring locations"}},{"type":"Feature","id":240,"geometry":{"type":"Point","coordinates":[-101.94326,37.69622]},"properties":{"FID":240,"USGS_ID":"374138101562901","LOCAL_WELL":"27S 42W 17CCC 01","website":"https://geohydro.kgs.ku.edu/geohydro/wizard/wizardwelldetail.cfm?usgs_id=374138101562901","name":"27S 42W 17CCC 01","recordUrl":"https://geohydro.kgs.ku.edu/geohydro/wizard/wizardwelldetail.cfm?usgs_id=374138101562901","period":"2026 monitoring locations"}},{"type":"Feature","id":241,"geometry":{"type":"Point","coordinates":[-97.98889,37.69355]},"properties":{"FID":241,"USGS_ID":"374139097591601","LOCAL_WELL":"27S 06W 16CCB 01","website":"https://geohydro.kgs.ku.edu/geohydro/wizard/wizardwelldetail.cfm?usgs_id=374139097591601","name":"27S 06W 16CCB 01","recordUrl":"https://geohydro.kgs.ku.edu/geohydro/wizard/wizardwelldetail.cfm?usgs_id=374139097591601","period":"2026 monitoring locations"}},{"type":"Feature","id":242,"geometry":{"type":"Point","coordinates":[-101.68302,37.71463]},"properties":{"FID":242,"USGS_ID":"374240101410401","LOCAL_WELL":"27S 40W 10CAA 01","website":"https://geohydro.kgs.ku.edu/geohydro/wizard/wizardwelldetail.cfm?usgs_id=374240101410401","name":"27S 40W 10CAA 01","recordUrl":"https://geohydro.kgs.ku.edu/geohydro/wizard/wizardwelldetail.cfm?usgs_id=374240101410401","period":"2026 monitoring locations"}},{"type":"Feature","id":243,"geometry":{"type":"Point","coordinates":[-98.99111,37.72185]},"properties":{"FID":243,"USGS_ID":"374314098591801","LOCAL_WELL":"27S 15W 05CDB 01","website":"https://geohydro.kgs.ku.edu/geohydro/wizard/wizardwelldetail.cfm?usgs_id=374314098591801","name":"27S 15W 05CDB 01","recordUrl":"https://geohydro.kgs.ku.edu/geohydro/wizard/wizardwelldetail.cfm?usgs_id=374314098591801","period":"2026 monitoring locations"}},{"type":"Feature","id":244,"geometry":{"type":"Point","coordinates":[-101.84346,37.70923]},"properties":{"FID":244,"USGS_ID":"374240101501901","LOCAL_WELL":"27S 41W 07DCC 01","website":"https://geohydro.kgs.ku.edu/geohydro/wizard/wizardwelldetail.cfm?usgs_id=374240101501901","name":"27S 41W 07DCC 01","recordUrl":"https://geohydro.kgs.ku.edu/geohydro/wizard/wizardwelldetail.cfm?usgs_id=374240101501901","period":"2026 monitoring locations"}},{"type":"Feature","id":245,"geometry":{"type":"Point","coordinates":[-98.62276,37.73297]},"properties":{"FID":245,"USGS_ID":"374403098372302","LOCAL_WELL":"26S 12W 34CDC 02","website":"https://geohydro.kgs.ku.edu/geohydro/wizard/wizardwelldetail.cfm?usgs_id=374403098372302","name":"26S 12W 34CDC 02","recordUrl":"https://geohydro.kgs.ku.edu/geohydro/wizard/wizardwelldetail.cfm?usgs_id=374403098372302","period":"2026 monitoring locations"}},{"type":"Feature","id":246,"geometry":{"type":"Point","coordinates":[-99.18353,37.73779]},"properties":{"FID":246,"USGS_ID":"374404099104601","LOCAL_WELL":"26S 17W 33DDB 01","website":"https://geohydro.kgs.ku.edu/geohydro/wizard/wizardwelldetail.cfm?usgs_id=374404099104601","name":"26S 17W 33DDB 01","recordUrl":"https://geohydro.kgs.ku.edu/geohydro/wizard/wizardwelldetail.cfm?usgs_id=374404099104601","period":"2026 monitoring locations"}},{"type":"Feature","id":247,"geometry":{"type":"Point","coordinates":[-99.94335,37.71831]},"properties":{"FID":247,"USGS_ID":"374245099563001","LOCAL_WELL":"27S 24W 09AAD 01","website":"https://geohydro.kgs.ku.edu/geohydro/wizard/wizardwelldetail.cfm?usgs_id=374245099563001","name":"27S 24W 09AAD 01","recordUrl":"https://geohydro.kgs.ku.edu/geohydro/wizard/wizardwelldetail.cfm?usgs_id=374245099563001","period":"2026 monitoring locations"}},{"type":"Feature","id":248,"geometry":{"type":"Point","coordinates":[-100.31008,37.71618]},"properties":{"FID":248,"USGS_ID":"374251100182601","LOCAL_WELL":"27S 27W 07ADC 01","website":"https://geohydro.kgs.ku.edu/geohydro/wizard/wizardwelldetail.cfm?usgs_id=374251100182601","name":"27S 27W 07ADC 01","recordUrl":"https://geohydro.kgs.ku.edu/geohydro/wizard/wizardwelldetail.cfm?usgs_id=374251100182601","period":"2026 monitoring locations"}},{"type":"Feature","id":249,"geometry":{"type":"Point","coordinates":[-98.83436,37.7228]},"properties":{"FID":249,"USGS_ID":"374323098500101","LOCAL_WELL":"27S 14W 03DAC 01","website":"https://geohydro.kgs.ku.edu/geohydro/wizard/wizardwelldetail.cfm?usgs_id=374323098500101","name":"27S 14W 03DAC 01","recordUrl":"https://geohydro.kgs.ku.edu/geohydro/wizard/wizardwelldetail.cfm?usgs_id=374323098500101","period":"2026 monitoring locations"}},{"type":"Feature","id":250,"geometry":{"type":"Point","coordinates":[-100.39733,37.73681]},"properties":{"FID":250,"USGS_ID":"374411100235101","LOCAL_WELL":"27S 28W 05AAA 01","website":"https://geohydro.kgs.ku.edu/geohydro/wizard/wizardwelldetail.cfm?usgs_id=374411100235101","name":"27S 28W 05AAA 01","recordUrl":"https://geohydro.kgs.ku.edu/geohydro/wizard/wizardwelldetail.cfm?usgs_id=374411100235101","period":"2026 monitoring locations"}},{"type":"Feature","id":251,"geometry":{"type":"Point","coordinates":[-98.28765,37.73752]},"properties":{"FID":251,"USGS_ID":"374412098170901","LOCAL_WELL":"26S 09W 34DBD 01","website":"https://geohydro.kgs.ku.edu/geohydro/wizard/wizardwelldetail.cfm?usgs_id=374412098170901","name":"26S 09W 34DBD 01","recordUrl":"https://geohydro.kgs.ku.edu/geohydro/wizard/wizardwelldetail.cfm?usgs_id=374412098170901","period":"2026 monitoring locations"}},{"type":"Feature","id":252,"geometry":{"type":"Point","coordinates":[-99.06367,37.71313]},"properties":{"FID":252,"USGS_ID":"374255099033901","LOCAL_WELL":"27S 16W 10BAC 01","website":"https://geohydro.kgs.ku.edu/geohydro/wizard/wizardwelldetail.cfm?usgs_id=374255099033901","name":"27S 16W 10BAC 01","recordUrl":"https://geohydro.kgs.ku.edu/geohydro/wizard/wizardwelldetail.cfm?usgs_id=374255099033901","period":"2026 monitoring locations"}},{"type":"Feature","id":253,"geometry":{"type":"Point","coordinates":[-101.42086,37.71455]},"properties":{"FID":253,"USGS_ID":"374255101251501","LOCAL_WELL":"27S 38W 12ADC 01","website":"https://geohydro.kgs.ku.edu/geohydro/wizard/wizardwelldetail.cfm?usgs_id=374255101251501","name":"27S 38W 12ADC 01","recordUrl":"https://geohydro.kgs.ku.edu/geohydro/wizard/wizardwelldetail.cfm?usgs_id=374255101251501","period":"2026 monitoring locations"}},{"type":"Feature","id":254,"geometry":{"type":"Point","coordinates":[-99.93614,37.72143]},"properties":{"FID":254,"USGS_ID":"374258099555701","LOCAL_WELL":"27S 24W 03CDD 01","website":"https://geohydro.kgs.ku.edu/geohydro/wizard/wizardwelldetail.cfm?usgs_id=374258099555701","name":"27S 24W 03CDD 01","recordUrl":"https://geohydro.kgs.ku.edu/geohydro/wizard/wizardwelldetail.cfm?usgs_id=374258099555701","period":"2026 monitoring locations"}},{"type":"Feature","id":255,"geometry":{"type":"Point","coordinates":[-101.09424,37.74021]},"properties":{"FID":255,"USGS_ID":"374423101053601","LOCAL_WELL":"26S 35W 36DDB 01","website":"https://geohydro.kgs.ku.edu/geohydro/wizard/wizardwelldetail.cfm?usgs_id=374423101053601","name":"26S 35W 36DDB 01","recordUrl":"https://geohydro.kgs.ku.edu/geohydro/wizard/wizardwelldetail.cfm?usgs_id=374423101053601","period":"2026 monitoring locations"}},{"type":"Feature","id":256,"geometry":{"type":"Point","coordinates":[-99.23191,37.70423]},"properties":{"FID":256,"USGS_ID":"374201099135401","LOCAL_WELL":"27S 18W 13AAA 01","website":"https://geohydro.kgs.ku.edu/geohydro/wizard/wizardwelldetail.cfm?usgs_id=374201099135401","name":"27S 18W 13AAA 01","recordUrl":"https://geohydro.kgs.ku.edu/geohydro/wizard/wizardwelldetail.cfm?usgs_id=374201099135401","period":"2026 monitoring locations"}},{"type":"Feature","id":257,"geometry":{"type":"Point","coordinates":[-100.19904,38.03002]},"properties":{"FID":257,"USGS_ID":"380148100115601","LOCAL_WELL":"23S 26W 20DCC 01","website":"https://geohydro.kgs.ku.edu/geohydro/wizard/wizardwelldetail.cfm?usgs_id=380148100115601","name":"23S 26W 20DCC 01","recordUrl":"https://geohydro.kgs.ku.edu/geohydro/wizard/wizardwelldetail.cfm?usgs_id=380148100115601","period":"2026 monitoring locations"}},{"type":"Feature","id":258,"geometry":{"type":"Point","coordinates":[-99.94032,37.7329]},"properties":{"FID":258,"USGS_ID":"374337099561401","LOCAL_WELL":"27S 24W 03BBD 01","website":"https://geohydro.kgs.ku.edu/geohydro/wizard/wizardwelldetail.cfm?usgs_id=374337099561401","name":"27S 24W 03BBD 01","recordUrl":"https://geohydro.kgs.ku.edu/geohydro/wizard/wizardwelldetail.cfm?usgs_id=374337099561401","period":"2026 monitoring locations"}},{"type":"Feature","id":259,"geometry":{"type":"Point","coordinates":[-99.11926,37.68448]},"properties":{"FID":259,"USGS_ID":"374111099070401","LOCAL_WELL":"27S 16W 19BBD 01","website":"https://geohydro.kgs.ku.edu/geohydro/wizard/wizardwelldetail.cfm?usgs_id=374111099070401","name":"27S 16W 19BBD 01","recordUrl":"https://geohydro.kgs.ku.edu/geohydro/wizard/wizardwelldetail.cfm?usgs_id=374111099070401","period":"2026 monitoring locations"}},{"type":"Feature","id":260,"geometry":{"type":"Point","coordinates":[-99.83394,37.6765]},"properties":{"FID":260,"USGS_ID":"374035099500101","LOCAL_WELL":"27S 23W 28AAA 01","website":"https://geohydro.kgs.ku.edu/geohydro/wizard/wizardwelldetail.cfm?usgs_id=374035099500101","name":"27S 23W 28AAA 01","recordUrl":"https://geohydro.kgs.ku.edu/geohydro/wizard/wizardwelldetail.cfm?usgs_id=374035099500101","period":"2026 monitoring locations"}},{"type":"Feature","id":261,"geometry":{"type":"Point","coordinates":[-98.93099,37.7295]},"properties":{"FID":261,"USGS_ID":"374347098554501","LOCAL_WELL":"27S 15W 02ABC 01","website":"https://geohydro.kgs.ku.edu/geohydro/wizard/wizardwelldetail.cfm?usgs_id=374347098554501","name":"27S 15W 02ABC 01","recordUrl":"https://geohydro.kgs.ku.edu/geohydro/wizard/wizardwelldetail.cfm?usgs_id=374347098554501","period":"2026 monitoring locations"}},{"type":"Feature","id":262,"geometry":{"type":"Point","coordinates":[-101.14031,37.85758]},"properties":{"FID":262,"USGS_ID":"375127101082601","LOCAL_WELL":"25S 35W 26BBB 01","website":"https://geohydro.kgs.ku.edu/geohydro/wizard/wizardwelldetail.cfm?usgs_id=375127101082601","name":"25S 35W 26BBB 01","recordUrl":"https://geohydro.kgs.ku.edu/geohydro/wizard/wizardwelldetail.cfm?usgs_id=375127101082601","period":"2026 monitoring locations"}},{"type":"Feature","id":263,"geometry":{"type":"Point","coordinates":[-99.60659,37.71101]},"properties":{"FID":263,"USGS_ID":"374214099360301","LOCAL_WELL":"27S 21W 10BDD 01","website":"https://geohydro.kgs.ku.edu/geohydro/wizard/wizardwelldetail.cfm?usgs_id=374214099360301","name":"27S 21W 10BDD 01","recordUrl":"https://geohydro.kgs.ku.edu/geohydro/wizard/wizardwelldetail.cfm?usgs_id=374214099360301","period":"2026 monitoring locations"}},{"type":"Feature","id":264,"geometry":{"type":"Point","coordinates":[-101.57671,37.6784]},"properties":{"FID":264,"USGS_ID":"374039101343701","LOCAL_WELL":"27S 39W 27BBA 01","website":"https://geohydro.kgs.ku.edu/geohydro/wizard/wizardwelldetail.cfm?usgs_id=374039101343701","name":"27S 39W 27BBA 01","recordUrl":"https://geohydro.kgs.ku.edu/geohydro/wizard/wizardwelldetail.cfm?usgs_id=374039101343701","period":"2026 monitoring locations"}},{"type":"Feature","id":265,"geometry":{"type":"Point","coordinates":[-100.01312,37.67795]},"properties":{"FID":265,"USGS_ID":"374040100004601","LOCAL_WELL":"27S 25W 25BBB 01","website":"https://geohydro.kgs.ku.edu/geohydro/wizard/wizardwelldetail.cfm?usgs_id=374040100004601","name":"27S 25W 25BBB 01","recordUrl":"https://geohydro.kgs.ku.edu/geohydro/wizard/wizardwelldetail.cfm?usgs_id=374040100004601","period":"2026 monitoring locations"}},{"type":"Feature","id":266,"geometry":{"type":"Point","coordinates":[-99.32723,37.68958]},"properties":{"FID":266,"USGS_ID":"374117099193001","LOCAL_WELL":"27S 18W 18DDC 01","website":"https://geohydro.kgs.ku.edu/geohydro/wizard/wizardwelldetail.cfm?usgs_id=374117099193001","name":"27S 18W 18DDC 01","recordUrl":"https://geohydro.kgs.ku.edu/geohydro/wizard/wizardwelldetail.cfm?usgs_id=374117099193001","period":"2026 monitoring locations"}},{"type":"Feature","id":267,"geometry":{"type":"Point","coordinates":[-101.13066,37.91573]},"properties":{"FID":267,"USGS_ID":"375454101075401","LOCAL_WELL":"25S 35W 02BAA 01","website":"https://geohydro.kgs.ku.edu/geohydro/wizard/wizardwelldetail.cfm?usgs_id=375454101075401","name":"25S 35W 02BAA 01","recordUrl":"https://geohydro.kgs.ku.edu/geohydro/wizard/wizardwelldetail.cfm?usgs_id=375454101075401","period":"2026 monitoring locations"}},{"type":"Feature","id":268,"geometry":{"type":"Point","coordinates":[-98.99269,37.91793]},"properties":{"FID":268,"USGS_ID":"375456098593401","LOCAL_WELL":"24S 15W 32DBC 01","website":"https://geohydro.kgs.ku.edu/geohydro/wizard/wizardwelldetail.cfm?usgs_id=375456098593401","name":"24S 15W 32DBC 01","recordUrl":"https://geohydro.kgs.ku.edu/geohydro/wizard/wizardwelldetail.cfm?usgs_id=375456098593401","period":"2026 monitoring locations"}},{"type":"Feature","id":269,"geometry":{"type":"Point","coordinates":[-98.47195,37.91628]},"properties":{"FID":269,"USGS_ID":"375457098281801","LOCAL_WELL":"24S 10W 31CBC 01","website":"https://geohydro.kgs.ku.edu/geohydro/wizard/wizardwelldetail.cfm?usgs_id=375457098281801","name":"24S 10W 31CBC 01","recordUrl":"https://geohydro.kgs.ku.edu/geohydro/wizard/wizardwelldetail.cfm?usgs_id=375457098281801","period":"2026 monitoring locations"}},{"type":"Feature","id":270,"geometry":{"type":"Point","coordinates":[-99.50986,37.90629]},"properties":{"FID":270,"USGS_ID":"375406099303401","LOCAL_WELL":"25S 20W 03BCD 01","website":"https://geohydro.kgs.ku.edu/geohydro/wizard/wizardwelldetail.cfm?usgs_id=375406099303401","name":"25S 20W 03BCD 01","recordUrl":"https://geohydro.kgs.ku.edu/geohydro/wizard/wizardwelldetail.cfm?usgs_id=375406099303401","period":"2026 monitoring locations"}},{"type":"Feature","id":271,"geometry":{"type":"Point","coordinates":[-100.94295,37.89863]},"properties":{"FID":271,"USGS_ID":"375357100563701","LOCAL_WELL":"25S 33W 09ABD 01","website":"https://geohydro.kgs.ku.edu/geohydro/wizard/wizardwelldetail.cfm?usgs_id=375357100563701","name":"25S 33W 09ABD 01","recordUrl":"https://geohydro.kgs.ku.edu/geohydro/wizard/wizardwelldetail.cfm?usgs_id=375357100563701","period":"2026 monitoring locations"}},{"type":"Feature","id":272,"geometry":{"type":"Point","coordinates":[-100.32843,37.91453]},"properties":{"FID":272,"USGS_ID":"375459100195001","LOCAL_WELL":"24S 27W 31CDD 01","website":"https://geohydro.kgs.ku.edu/geohydro/wizard/wizardwelldetail.cfm?usgs_id=375459100195001","name":"24S 27W 31CDD 01","recordUrl":"https://geohydro.kgs.ku.edu/geohydro/wizard/wizardwelldetail.cfm?usgs_id=375459100195001","period":"2026 monitoring locations"}},{"type":"Feature","id":273,"geometry":{"type":"Point","coordinates":[-99.13529,37.90506]},"properties":{"FID":273,"USGS_ID":"375411099080701","LOCAL_WELL":"25S 17W 01DAB 01","website":"https://geohydro.kgs.ku.edu/geohydro/wizard/wizardwelldetail.cfm?usgs_id=375411099080701","name":"25S 17W 01DAB 01","recordUrl":"https://geohydro.kgs.ku.edu/geohydro/wizard/wizardwelldetail.cfm?usgs_id=375411099080701","period":"2026 monitoring locations"}},{"type":"Feature","id":274,"geometry":{"type":"Point","coordinates":[-99.82627,37.88411]},"properties":{"FID":274,"USGS_ID":"375307099492701","LOCAL_WELL":"25S 23W 11CCC 01","website":"https://geohydro.kgs.ku.edu/geohydro/wizard/wizardwelldetail.cfm?usgs_id=375307099492701","name":"25S 23W 11CCC 01","recordUrl":"https://geohydro.kgs.ku.edu/geohydro/wizard/wizardwelldetail.cfm?usgs_id=375307099492701","period":"2026 monitoring locations"}},{"type":"Feature","id":275,"geometry":{"type":"Point","coordinates":[-97.79851,37.91953]},"properties":{"FID":275,"USGS_ID":"375507097474502","LOCAL_WELL":"24S 04W 31DAB 02","website":"https://geohydro.kgs.ku.edu/geohydro/wizard/wizardwelldetail.cfm?usgs_id=375507097474502","name":"24S 04W 31DAB 02","recordUrl":"https://geohydro.kgs.ku.edu/geohydro/wizard/wizardwelldetail.cfm?usgs_id=375507097474502","period":"2026 monitoring locations"}},{"type":"Feature","id":276,"geometry":{"type":"Point","coordinates":[-100.79213,37.93766]},"properties":{"FID":276,"USGS_ID":"375613100472702","LOCAL_WELL":"24S 32W 25CBB 02","website":"https://geohydro.kgs.ku.edu/geohydro/wizard/wizardwelldetail.cfm?usgs_id=375613100472702","name":"24S 32W 25CBB 02","recordUrl":"https://geohydro.kgs.ku.edu/geohydro/wizard/wizardwelldetail.cfm?usgs_id=375613100472702","period":"2026 monitoring locations"}},{"type":"Feature","id":277,"geometry":{"type":"Point","coordinates":[-100.93975,37.9377]},"properties":{"FID":277,"USGS_ID":"375614100562101","LOCAL_WELL":"24S 33W 28DAA 01","website":"https://geohydro.kgs.ku.edu/geohydro/wizard/wizardwelldetail.cfm?usgs_id=375614100562101","name":"24S 33W 28DAA 01","recordUrl":"https://geohydro.kgs.ku.edu/geohydro/wizard/wizardwelldetail.cfm?usgs_id=375614100562101","period":"2026 monitoring locations"}},{"type":"Feature","id":278,"geometry":{"type":"Point","coordinates":[-100.37355,37.88542]},"properties":{"FID":278,"USGS_ID":"375312100220201","LOCAL_WELL":"25S 28W 11CCC 01","website":"https://geohydro.kgs.ku.edu/geohydro/wizard/wizardwelldetail.cfm?usgs_id=375312100220201","name":"25S 28W 11CCC 01","recordUrl":"https://geohydro.kgs.ku.edu/geohydro/wizard/wizardwelldetail.cfm?usgs_id=375312100220201","period":"2026 monitoring locations"}},{"type":"Feature","id":279,"geometry":{"type":"Point","coordinates":[-101.57536,37.9205]},"properties":{"FID":279,"USGS_ID":"375512101343401","LOCAL_WELL":"24S 39W 35CBA 01","website":"https://geohydro.kgs.ku.edu/geohydro/wizard/wizardwelldetail.cfm?usgs_id=375512101343401","name":"24S 39W 35CBA 01","recordUrl":"https://geohydro.kgs.ku.edu/geohydro/wizard/wizardwelldetail.cfm?usgs_id=375512101343401","period":"2026 monitoring locations"}},{"type":"Feature","id":280,"geometry":{"type":"Point","coordinates":[-99.38693,37.92082]},"properties":{"FID":280,"USGS_ID":"375513099231701","LOCAL_WELL":"24S 19W 34ADD 01","website":"https://geohydro.kgs.ku.edu/geohydro/wizard/wizardwelldetail.cfm?usgs_id=375513099231701","name":"24S 19W 34ADD 01","recordUrl":"https://geohydro.kgs.ku.edu/geohydro/wizard/wizardwelldetail.cfm?usgs_id=375513099231701","period":"2026 monitoring locations"}},{"type":"Feature","id":281,"geometry":{"type":"Point","coordinates":[-97.71565,37.93807]},"properties":{"FID":281,"USGS_ID":"375619097425301","LOCAL_WELL":"24S 04W 25BBD 01","website":"https://geohydro.kgs.ku.edu/geohydro/wizard/wizardwelldetail.cfm?usgs_id=375619097425301","name":"24S 04W 25BBD 01","recordUrl":"https://geohydro.kgs.ku.edu/geohydro/wizard/wizardwelldetail.cfm?usgs_id=375619097425301","period":"2026 monitoring locations"}},{"type":"Feature","id":282,"geometry":{"type":"Point","coordinates":[-100.93375,37.92043]},"properties":{"FID":282,"USGS_ID":"375516100555601","LOCAL_WELL":"24S 33W 34CAC 01","website":"https://geohydro.kgs.ku.edu/geohydro/wizard/wizardwelldetail.cfm?usgs_id=375516100555601","name":"24S 33W 34CAC 01","recordUrl":"https://geohydro.kgs.ku.edu/geohydro/wizard/wizardwelldetail.cfm?usgs_id=375516100555601","period":"2026 monitoring locations"}},{"type":"Feature","id":283,"geometry":{"type":"Point","coordinates":[-98.08731,37.94117]},"properties":{"FID":283,"USGS_ID":"375625098051701","LOCAL_WELL":"24S 07W 28AAA 01","website":"https://geohydro.kgs.ku.edu/geohydro/wizard/wizardwelldetail.cfm?usgs_id=375625098051701","name":"24S 07W 28AAA 01","recordUrl":"https://geohydro.kgs.ku.edu/geohydro/wizard/wizardwelldetail.cfm?usgs_id=375625098051701","period":"2026 monitoring locations"}},{"type":"Feature","id":284,"geometry":{"type":"Point","coordinates":[-98.77509,37.94294]},"properties":{"FID":284,"USGS_ID":"375625098463401","LOCAL_WELL":"24S 13W 20CDD 01","website":"https://geohydro.kgs.ku.edu/geohydro/wizard/wizardwelldetail.cfm?usgs_id=375625098463401","name":"24S 13W 20CDD 01","recordUrl":"https://geohydro.kgs.ku.edu/geohydro/wizard/wizardwelldetail.cfm?usgs_id=375625098463401","period":"2026 monitoring locations"}},{"type":"Feature","id":285,"geometry":{"type":"Point","coordinates":[-100.40653,37.94306]},"properties":{"FID":285,"USGS_ID":"375626100241701","LOCAL_WELL":"24S 28W 28BBA 01","website":"https://geohydro.kgs.ku.edu/geohydro/wizard/wizardwelldetail.cfm?usgs_id=375626100241701","name":"24S 28W 28BBA 01","recordUrl":"https://geohydro.kgs.ku.edu/geohydro/wizard/wizardwelldetail.cfm?usgs_id=375626100241701","period":"2026 monitoring locations"}},{"type":"Feature","id":286,"geometry":{"type":"Point","coordinates":[-101.65946,37.90925]},"properties":{"FID":286,"USGS_ID":"375416101394401","LOCAL_WELL":"25S 40W 01CA 01","website":"https://geohydro.kgs.ku.edu/geohydro/wizard/wizardwelldetail.cfm?usgs_id=375416101394401","name":"25S 40W 01CA 01","recordUrl":"https://geohydro.kgs.ku.edu/geohydro/wizard/wizardwelldetail.cfm?usgs_id=375416101394401","period":"2026 monitoring locations"}},{"type":"Feature","id":287,"geometry":{"type":"Point","coordinates":[-98.90824,37.92351]},"properties":{"FID":287,"USGS_ID":"375521098543201","LOCAL_WELL":"24S 14W 31BBD 01","website":"https://geohydro.kgs.ku.edu/geohydro/wizard/wizardwelldetail.cfm?usgs_id=375521098543201","name":"24S 14W 31BBD 01","recordUrl":"https://geohydro.kgs.ku.edu/geohydro/wizard/wizardwelldetail.cfm?usgs_id=375521098543201","period":"2026 monitoring locations"}},{"type":"Feature","id":288,"geometry":{"type":"Point","coordinates":[-100.05782,37.95671]},"properties":{"FID":288,"USGS_ID":"375719100033001","LOCAL_WELL":"24S 25W 22BAB 01","website":"https://geohydro.kgs.ku.edu/geohydro/wizard/wizardwelldetail.cfm?usgs_id=375719100033001","name":"24S 25W 22BAB 01","recordUrl":"https://geohydro.kgs.ku.edu/geohydro/wizard/wizardwelldetail.cfm?usgs_id=375719100033001","period":"2026 monitoring locations"}},{"type":"Feature","id":289,"geometry":{"type":"Point","coordinates":[-101.51666,37.89095]},"properties":{"FID":289,"USGS_ID":"375328101305701","LOCAL_WELL":"25S 38W 08CAA 01","website":"https://geohydro.kgs.ku.edu/geohydro/wizard/wizardwelldetail.cfm?usgs_id=375328101305701","name":"25S 38W 08CAA 01","recordUrl":"https://geohydro.kgs.ku.edu/geohydro/wizard/wizardwelldetail.cfm?usgs_id=375328101305701","period":"2026 monitoring locations"}},{"type":"Feature","id":290,"geometry":{"type":"Point","coordinates":[-99.43305,37.89209]},"properties":{"FID":290,"USGS_ID":"375329099260101","LOCAL_WELL":"25S 19W 08BDD 01","website":"https://geohydro.kgs.ku.edu/geohydro/wizard/wizardwelldetail.cfm?usgs_id=375329099260101","name":"25S 19W 08BDD 01","recordUrl":"https://geohydro.kgs.ku.edu/geohydro/wizard/wizardwelldetail.cfm?usgs_id=375329099260101","period":"2026 monitoring locations"}},{"type":"Feature","id":291,"geometry":{"type":"Point","coordinates":[-99.13263,37.94204]},"properties":{"FID":291,"USGS_ID":"375629099075901","LOCAL_WELL":"24S 17W 24DDD 01","website":"https://geohydro.kgs.ku.edu/geohydro/wizard/wizardwelldetail.cfm?usgs_id=375629099075901","name":"24S 17W 24DDD 01","recordUrl":"https://geohydro.kgs.ku.edu/geohydro/wizard/wizardwelldetail.cfm?usgs_id=375629099075901","period":"2026 monitoring locations"}},{"type":"Feature","id":292,"geometry":{"type":"Point","coordinates":[-100.87919,37.89146]},"properties":{"FID":292,"USGS_ID":"375330100524301","LOCAL_WELL":"25S 32W 07CAC 01","website":"https://geohydro.kgs.ku.edu/geohydro/wizard/wizardwelldetail.cfm?usgs_id=375330100524301","name":"25S 32W 07CAC 01","recordUrl":"https://geohydro.kgs.ku.edu/geohydro/wizard/wizardwelldetail.cfm?usgs_id=375330100524301","period":"2026 monitoring locations"}},{"type":"Feature","id":293,"geometry":{"type":"Point","coordinates":[-100.98379,37.89005]},"properties":{"FID":293,"USGS_ID":"375331100585701","LOCAL_WELL":"25S 33W 07DBC 01","website":"https://geohydro.kgs.ku.edu/geohydro/wizard/wizardwelldetail.cfm?usgs_id=375331100585701","name":"25S 33W 07DBC 01","recordUrl":"https://geohydro.kgs.ku.edu/geohydro/wizard/wizardwelldetail.cfm?usgs_id=375331100585701","period":"2026 monitoring locations"}},{"type":"Feature","id":294,"geometry":{"type":"Point","coordinates":[-98.85941,37.90906]},"properties":{"FID":294,"USGS_ID":"375428098513101","LOCAL_WELL":"25S 14W 04AAD 01","website":"https://geohydro.kgs.ku.edu/geohydro/wizard/wizardwelldetail.cfm?usgs_id=375428098513101","name":"25S 14W 04AAD 01","recordUrl":"https://geohydro.kgs.ku.edu/geohydro/wizard/wizardwelldetail.cfm?usgs_id=375428098513101","period":"2026 monitoring locations"}},{"type":"Feature","id":295,"geometry":{"type":"Point","coordinates":[-101.57356,37.92617]},"properties":{"FID":295,"USGS_ID":"375531101342601","LOCAL_WELL":"24S 39W 35BAC 01","website":"https://geohydro.kgs.ku.edu/geohydro/wizard/wizardwelldetail.cfm?usgs_id=375531101342601","name":"24S 39W 35BAC 01","recordUrl":"https://geohydro.kgs.ku.edu/geohydro/wizard/wizardwelldetail.cfm?usgs_id=375531101342601","period":"2026 monitoring locations"}},{"type":"Feature","id":296,"geometry":{"type":"Point","coordinates":[-101.67286,37.95752]},"properties":{"FID":296,"USGS_ID":"375722101402101","LOCAL_WELL":"24S 40W 23AAB 01","website":"https://geohydro.kgs.ku.edu/geohydro/wizard/wizardwelldetail.cfm?usgs_id=375722101402101","name":"24S 40W 23AAB 01","recordUrl":"https://geohydro.kgs.ku.edu/geohydro/wizard/wizardwelldetail.cfm?usgs_id=375722101402101","period":"2026 monitoring locations"}},{"type":"Feature","id":297,"geometry":{"type":"Point","coordinates":[-98.13715,37.8921]},"properties":{"FID":297,"USGS_ID":"375341098081801","LOCAL_WELL":"25S 07W 07BBD 01","website":"https://geohydro.kgs.ku.edu/geohydro/wizard/wizardwelldetail.cfm?usgs_id=375341098081801","name":"25S 07W 07BBD 01","recordUrl":"https://geohydro.kgs.ku.edu/geohydro/wizard/wizardwelldetail.cfm?usgs_id=375341098081801","period":"2026 monitoring locations"}},{"type":"Feature","id":298,"geometry":{"type":"Point","coordinates":[-98.6006,37.8954]},"properties":{"FID":298,"USGS_ID":"375342098360701","LOCAL_WELL":"25S 12W 11AAA 01","website":"https://geohydro.kgs.ku.edu/geohydro/wizard/wizardwelldetail.cfm?usgs_id=375342098360701","name":"25S 12W 11AAA 01","recordUrl":"https://geohydro.kgs.ku.edu/geohydro/wizard/wizardwelldetail.cfm?usgs_id=375342098360701","period":"2026 monitoring locations"}},{"type":"Feature","id":299,"geometry":{"type":"Point","coordinates":[-99.05899,37.91276]},"properties":{"FID":299,"USGS_ID":"375436099032701","LOCAL_WELL":"25S 16W 02BBB 01","website":"https://geohydro.kgs.ku.edu/geohydro/wizard/wizardwelldetail.cfm?usgs_id=375436099032701","name":"25S 16W 02BBB 01","recordUrl":"https://geohydro.kgs.ku.edu/geohydro/wizard/wizardwelldetail.cfm?usgs_id=375436099032701","period":"2026 monitoring locations"}},{"type":"Feature","id":300,"geometry":{"type":"Point","coordinates":[-98.69188,37.91199]},"properties":{"FID":300,"USGS_ID":"375439098413701","LOCAL_WELL":"24S 13W 36DDD 01","website":"https://geohydro.kgs.ku.edu/geohydro/wizard/wizardwelldetail.cfm?usgs_id=375439098413701","name":"24S 13W 36DDD 01","recordUrl":"https://geohydro.kgs.ku.edu/geohydro/wizard/wizardwelldetail.cfm?usgs_id=375439098413701","period":"2026 monitoring locations"}},{"type":"Feature","id":301,"geometry":{"type":"Point","coordinates":[-101.76056,37.92759]},"properties":{"FID":301,"USGS_ID":"375538101453401","LOCAL_WELL":"24S 40W 31BBB 01","website":"https://geohydro.kgs.ku.edu/geohydro/wizard/wizardwelldetail.cfm?usgs_id=375538101453401","name":"24S 40W 31BBB 01","recordUrl":"https://geohydro.kgs.ku.edu/geohydro/wizard/wizardwelldetail.cfm?usgs_id=375538101453401","period":"2026 monitoring locations"}},{"type":"Feature","id":302,"geometry":{"type":"Point","coordinates":[-97.53725,37.92681]},"properties":{"FID":302,"USGS_ID":"375540097320901","LOCAL_WELL":"24S 02W 28DDD 01","website":"https://geohydro.kgs.ku.edu/geohydro/wizard/wizardwelldetail.cfm?usgs_id=375540097320901","name":"24S 02W 28DDD 01","recordUrl":"https://geohydro.kgs.ku.edu/geohydro/wizard/wizardwelldetail.cfm?usgs_id=375540097320901","period":"2026 monitoring locations"}},{"type":"Feature","id":303,"geometry":{"type":"Point","coordinates":[-99.29612,37.89807]},"properties":{"FID":303,"USGS_ID":"375346099174801","LOCAL_WELL":"25S 18W 09AAA 01","website":"https://geohydro.kgs.ku.edu/geohydro/wizard/wizardwelldetail.cfm?usgs_id=375346099174801","name":"25S 18W 09AAA 01","recordUrl":"https://geohydro.kgs.ku.edu/geohydro/wizard/wizardwelldetail.cfm?usgs_id=375346099174801","period":"2026 monitoring locations"}},{"type":"Feature","id":304,"geometry":{"type":"Point","coordinates":[-97.72883,37.91214]},"properties":{"FID":304,"USGS_ID":"375441097433301","LOCAL_WELL":"25S 04W 02ABB 01","website":"https://geohydro.kgs.ku.edu/geohydro/wizard/wizardwelldetail.cfm?usgs_id=375441097433301","name":"25S 04W 02ABB 01","recordUrl":"https://geohydro.kgs.ku.edu/geohydro/wizard/wizardwelldetail.cfm?usgs_id=375441097433301","period":"2026 monitoring locations"}},{"type":"Feature","id":305,"geometry":{"type":"Point","coordinates":[-99.10676,38.08953]},"properties":{"FID":305,"USGS_ID":"380513099062202","LOCAL_WELL":"22S 16W 32CDD 02","website":"https://geohydro.kgs.ku.edu/geohydro/wizard/wizardwelldetail.cfm?usgs_id=380513099062202","name":"22S 16W 32CDD 02","recordUrl":"https://geohydro.kgs.ku.edu/geohydro/wizard/wizardwelldetail.cfm?usgs_id=380513099062202","period":"2026 monitoring locations"}},{"type":"Feature","id":306,"geometry":{"type":"Point","coordinates":[-99.31408,38.16911]},"properties":{"FID":306,"USGS_ID":"381011099183303","LOCAL_WELL":"22S 18W 04BCC 02","website":"https://geohydro.kgs.ku.edu/geohydro/wizard/wizardwelldetail.cfm?usgs_id=381011099183303","name":"22S 18W 04BCC 02","recordUrl":"https://geohydro.kgs.ku.edu/geohydro/wizard/wizardwelldetail.cfm?usgs_id=381011099183303","period":"2026 monitoring locations"}},{"type":"Feature","id":307,"geometry":{"type":"Point","coordinates":[-99.21036,37.87979]},"properties":{"FID":307,"USGS_ID":"375245099123501","LOCAL_WELL":"25S 17W 17AAC 01","website":"https://geohydro.kgs.ku.edu/geohydro/wizard/wizardwelldetail.cfm?usgs_id=375245099123501","name":"25S 17W 17AAC 01","recordUrl":"https://geohydro.kgs.ku.edu/geohydro/wizard/wizardwelldetail.cfm?usgs_id=375245099123501","period":"2026 monitoring locations"}},{"type":"Feature","id":308,"geometry":{"type":"Point","coordinates":[-98.88106,37.96701]},"properties":{"FID":308,"USGS_ID":"375759098524502","LOCAL_WELL":"24S 14W 17AAC 02","website":"https://geohydro.kgs.ku.edu/geohydro/wizard/wizardwelldetail.cfm?usgs_id=375759098524502","name":"24S 14W 17AAC 02","recordUrl":"https://geohydro.kgs.ku.edu/geohydro/wizard/wizardwelldetail.cfm?usgs_id=375759098524502","period":"2026 monitoring locations"}},{"type":"Feature","id":309,"geometry":{"type":"Point","coordinates":[-99.30032,37.93181]},"properties":{"FID":309,"USGS_ID":"375550099175601","LOCAL_WELL":"24S 18W 28DAC 01","website":"https://geohydro.kgs.ku.edu/geohydro/wizard/wizardwelldetail.cfm?usgs_id=375550099175601","name":"24S 18W 28DAC 01","recordUrl":"https://geohydro.kgs.ku.edu/geohydro/wizard/wizardwelldetail.cfm?usgs_id=375550099175601","period":"2026 monitoring locations"}},{"type":"Feature","id":310,"geometry":{"type":"Point","coordinates":[-101.24486,37.88268]},"properties":{"FID":310,"USGS_ID":"375257101144301","LOCAL_WELL":"25S 36W 14B 01","website":"https://geohydro.kgs.ku.edu/geohydro/wizard/wizardwelldetail.cfm?usgs_id=375257101144301","name":"25S 36W 14B 01","recordUrl":"https://geohydro.kgs.ku.edu/geohydro/wizard/wizardwelldetail.cfm?usgs_id=375257101144301","period":"2026 monitoring locations"}},{"type":"Feature","id":311,"geometry":{"type":"Point","coordinates":[-97.6289,37.89792]},"properties":{"FID":311,"USGS_ID":"375356097373601","LOCAL_WELL":"25S 03W 03DDD 01","website":"https://geohydro.kgs.ku.edu/geohydro/wizard/wizardwelldetail.cfm?usgs_id=375356097373601","name":"25S 03W 03DDD 01","recordUrl":"https://geohydro.kgs.ku.edu/geohydro/wizard/wizardwelldetail.cfm?usgs_id=375356097373601","period":"2026 monitoring locations"}},{"type":"Feature","id":312,"geometry":{"type":"Point","coordinates":[-100.96115,37.91335]},"properties":{"FID":312,"USGS_ID":"375449100574301","LOCAL_WELL":"25S 33W 05ABD 01","website":"https://geohydro.kgs.ku.edu/geohydro/wizard/wizardwelldetail.cfm?usgs_id=375449100574301","name":"25S 33W 05ABD 01","recordUrl":"https://geohydro.kgs.ku.edu/geohydro/wizard/wizardwelldetail.cfm?usgs_id=375449100574301","period":"2026 monitoring locations"}},{"type":"Feature","id":313,"geometry":{"type":"Point","coordinates":[-100.71854,37.93338]},"properties":{"FID":313,"USGS_ID":"375558100430401","LOCAL_WELL":"24S 31W 27CCB 01","website":"https://geohydro.kgs.ku.edu/geohydro/wizard/wizardwelldetail.cfm?usgs_id=375558100430401","name":"24S 31W 27CCB 01","recordUrl":"https://geohydro.kgs.ku.edu/geohydro/wizard/wizardwelldetail.cfm?usgs_id=375558100430401","period":"2026 monitoring locations"}},{"type":"Feature","id":314,"geometry":{"type":"Point","coordinates":[-101.36674,37.88445]},"properties":{"FID":314,"USGS_ID":"375305101215502","LOCAL_WELL":"25S 37W 15ABA 02","website":"https://geohydro.kgs.ku.edu/geohydro/wizard/wizardwelldetail.cfm?usgs_id=375305101215502","name":"25S 37W 15ABA 02","recordUrl":"https://geohydro.kgs.ku.edu/geohydro/wizard/wizardwelldetail.cfm?usgs_id=375305101215502","period":"2026 monitoring locations"}},{"type":"Feature","id":315,"geometry":{"type":"Point","coordinates":[-97.61283,37.82135]},"properties":{"FID":315,"USGS_ID":"374927097362801","LOCAL_WELL":"26S 03W 02AAC 01","website":"https://geohydro.kgs.ku.edu/geohydro/wizard/wizardwelldetail.cfm?usgs_id=374927097362801","name":"26S 03W 02AAC 01","recordUrl":"https://geohydro.kgs.ku.edu/geohydro/wizard/wizardwelldetail.cfm?usgs_id=374927097362801","period":"2026 monitoring locations"}},{"type":"Feature","id":316,"geometry":{"type":"Point","coordinates":[-100.12772,37.84203]},"properties":{"FID":316,"USGS_ID":"375026100074001","LOCAL_WELL":"25S 26W 25CDD 01","website":"https://geohydro.kgs.ku.edu/geohydro/wizard/wizardwelldetail.cfm?usgs_id=375026100074001","name":"25S 26W 25CDD 01","recordUrl":"https://geohydro.kgs.ku.edu/geohydro/wizard/wizardwelldetail.cfm?usgs_id=375026100074001","period":"2026 monitoring locations"}},{"type":"Feature","id":317,"geometry":{"type":"Point","coordinates":[-97.53716,37.86868]},"properties":{"FID":317,"USGS_ID":"375204097320001","LOCAL_WELL":"25S 02W 22BBB 01","website":"https://geohydro.kgs.ku.edu/geohydro/wizard/wizardwelldetail.cfm?usgs_id=375204097320001","name":"25S 02W 22BBB 01","recordUrl":"https://geohydro.kgs.ku.edu/geohydro/wizard/wizardwelldetail.cfm?usgs_id=375204097320001","period":"2026 monitoring locations"}},{"type":"Feature","id":318,"geometry":{"type":"Point","coordinates":[-98.78447,37.82867]},"properties":{"FID":318,"USGS_ID":"374930098470601","LOCAL_WELL":"25S 13W 31DDA 01","website":"https://geohydro.kgs.ku.edu/geohydro/wizard/wizardwelldetail.cfm?usgs_id=374930098470601","name":"25S 13W 31DDA 01","recordUrl":"https://geohydro.kgs.ku.edu/geohydro/wizard/wizardwelldetail.cfm?usgs_id=374930098470601","period":"2026 monitoring locations"}},{"type":"Feature","id":319,"geometry":{"type":"Point","coordinates":[-99.30933,37.82554]},"properties":{"FID":319,"USGS_ID":"374931099182901","LOCAL_WELL":"25S 18W 33CDC 01","website":"https://geohydro.kgs.ku.edu/geohydro/wizard/wizardwelldetail.cfm?usgs_id=374931099182901","name":"25S 18W 33CDC 01","recordUrl":"https://geohydro.kgs.ku.edu/geohydro/wizard/wizardwelldetail.cfm?usgs_id=374931099182901","period":"2026 monitoring locations"}},{"type":"Feature","id":320,"geometry":{"type":"Point","coordinates":[-99.73094,37.84113]},"properties":{"FID":320,"USGS_ID":"375028099434701","LOCAL_WELL":"25S 22W 27CCD 01","website":"https://geohydro.kgs.ku.edu/geohydro/wizard/wizardwelldetail.cfm?usgs_id=375028099434701","name":"25S 22W 27CCD 01","recordUrl":"https://geohydro.kgs.ku.edu/geohydro/wizard/wizardwelldetail.cfm?usgs_id=375028099434701","period":"2026 monitoring locations"}},{"type":"Feature","id":321,"geometry":{"type":"Point","coordinates":[-98.34496,37.84173]},"properties":{"FID":321,"USGS_ID":"375030098203901","LOCAL_WELL":"25S 09W 30DDA 01","website":"https://geohydro.kgs.ku.edu/geohydro/wizard/wizardwelldetail.cfm?usgs_id=375030098203901","name":"25S 09W 30DDA 01","recordUrl":"https://geohydro.kgs.ku.edu/geohydro/wizard/wizardwelldetail.cfm?usgs_id=375030098203901","period":"2026 monitoring locations"}},{"type":"Feature","id":322,"geometry":{"type":"Point","coordinates":[-99.75374,37.86895]},"properties":{"FID":322,"USGS_ID":"375206099451001","LOCAL_WELL":"25S 22W 20AAA 01","website":"https://geohydro.kgs.ku.edu/geohydro/wizard/wizardwelldetail.cfm?usgs_id=375206099451001","name":"25S 22W 20AAA 01","recordUrl":"https://geohydro.kgs.ku.edu/geohydro/wizard/wizardwelldetail.cfm?usgs_id=375206099451001","period":"2026 monitoring locations"}},{"type":"Feature","id":323,"geometry":{"type":"Point","coordinates":[-99.3748,37.84346]},"properties":{"FID":323,"USGS_ID":"375032099222001","LOCAL_WELL":"25S 19W 26DDB 01","website":"https://geohydro.kgs.ku.edu/geohydro/wizard/wizardwelldetail.cfm?usgs_id=375032099222001","name":"25S 19W 26DDB 01","recordUrl":"https://geohydro.kgs.ku.edu/geohydro/wizard/wizardwelldetail.cfm?usgs_id=375032099222001","period":"2026 monitoring locations"}},{"type":"Feature","id":324,"geometry":{"type":"Point","coordinates":[-97.64467,37.87048]},"properties":{"FID":324,"USGS_ID":"375211097383301","LOCAL_WELL":"25S 03W 15CCC 01","website":"https://geohydro.kgs.ku.edu/geohydro/wizard/wizardwelldetail.cfm?usgs_id=375211097383301","name":"25S 03W 15CCC 01","recordUrl":"https://geohydro.kgs.ku.edu/geohydro/wizard/wizardwelldetail.cfm?usgs_id=375211097383301","period":"2026 monitoring locations"}},{"type":"Feature","id":325,"geometry":{"type":"Point","coordinates":[-100.62432,37.8469]},"properties":{"FID":325,"USGS_ID":"375043100372401","LOCAL_WELL":"25S 30W 28C 01","website":"https://geohydro.kgs.ku.edu/geohydro/wizard/wizardwelldetail.cfm?usgs_id=375043100372401","name":"25S 30W 28C 01","recordUrl":"https://geohydro.kgs.ku.edu/geohydro/wizard/wizardwelldetail.cfm?usgs_id=375043100372401","period":"2026 monitoring locations"}},{"type":"Feature","id":326,"geometry":{"type":"Point","coordinates":[-97.42971,37.84677]},"properties":{"FID":326,"USGS_ID":"375045097255201","LOCAL_WELL":"25S 01W 28DBA 01","website":"https://geohydro.kgs.ku.edu/geohydro/wizard/wizardwelldetail.cfm?usgs_id=375045097255201","name":"25S 01W 28DBA 01","recordUrl":"https://geohydro.kgs.ku.edu/geohydro/wizard/wizardwelldetail.cfm?usgs_id=375045097255201","period":"2026 monitoring locations"}},{"type":"Feature","id":327,"geometry":{"type":"Point","coordinates":[-101.68716,37.85492]},"properties":{"FID":327,"USGS_ID":"375116101410801","LOCAL_WELL":"25S 40W 26BBB 01","website":"https://geohydro.kgs.ku.edu/geohydro/wizard/wizardwelldetail.cfm?usgs_id=375116101410801","name":"25S 40W 26BBB 01","recordUrl":"https://geohydro.kgs.ku.edu/geohydro/wizard/wizardwelldetail.cfm?usgs_id=375116101410801","period":"2026 monitoring locations"}},{"type":"Feature","id":328,"geometry":{"type":"Point","coordinates":[-98.58672,37.85696]},"properties":{"FID":328,"USGS_ID":"375117098350901","LOCAL_WELL":"25S 12W 24DDB 01","website":"https://geohydro.kgs.ku.edu/geohydro/wizard/wizardwelldetail.cfm?usgs_id=375117098350901","name":"25S 12W 24DDB 01","recordUrl":"https://geohydro.kgs.ku.edu/geohydro/wizard/wizardwelldetail.cfm?usgs_id=375117098350901","period":"2026 monitoring locations"}},{"type":"Feature","id":329,"geometry":{"type":"Point","coordinates":[-101.51426,37.86447]},"properties":{"FID":329,"USGS_ID":"375150101304801","LOCAL_WELL":"25S 38W 20ACC 01","website":"https://geohydro.kgs.ku.edu/geohydro/wizard/wizardwelldetail.cfm?usgs_id=375150101304801","name":"25S 38W 20ACC 01","recordUrl":"https://geohydro.kgs.ku.edu/geohydro/wizard/wizardwelldetail.cfm?usgs_id=375150101304801","period":"2026 monitoring locations"}},{"type":"Feature","id":330,"geometry":{"type":"Point","coordinates":[-99.31738,37.86879]},"properties":{"FID":330,"USGS_ID":"375201099190201","LOCAL_WELL":"25S 18W 20AAB 01","website":"https://geohydro.kgs.ku.edu/geohydro/wizard/wizardwelldetail.cfm?usgs_id=375201099190201","name":"25S 18W 20AAB 01","recordUrl":"https://geohydro.kgs.ku.edu/geohydro/wizard/wizardwelldetail.cfm?usgs_id=375201099190201","period":"2026 monitoring locations"}},{"type":"Feature","id":331,"geometry":{"type":"Point","coordinates":[-100.19767,37.86713]},"properties":{"FID":331,"USGS_ID":"375201100115101","LOCAL_WELL":"25S 26W 20ABC 01","website":"https://geohydro.kgs.ku.edu/geohydro/wizard/wizardwelldetail.cfm?usgs_id=375201100115101","name":"25S 26W 20ABC 01","recordUrl":"https://geohydro.kgs.ku.edu/geohydro/wizard/wizardwelldetail.cfm?usgs_id=375201100115101","period":"2026 monitoring locations"}},{"type":"Feature","id":332,"geometry":{"type":"Point","coordinates":[-98.99997,37.85062]},"properties":{"FID":332,"USGS_ID":"375059098595801","LOCAL_WELL":"25S 15W 29BBD 01","website":"https://geohydro.kgs.ku.edu/geohydro/wizard/wizardwelldetail.cfm?usgs_id=375059098595801","name":"25S 15W 29BBD 01","recordUrl":"https://geohydro.kgs.ku.edu/geohydro/wizard/wizardwelldetail.cfm?usgs_id=375059098595801","period":"2026 monitoring locations"}},{"type":"Feature","id":333,"geometry":{"type":"Point","coordinates":[-97.50533,37.85797]},"properties":{"FID":333,"USGS_ID":"375131097301402","LOCAL_WELL":"25S 02W 23DBD 02","website":"https://geohydro.kgs.ku.edu/geohydro/wizard/wizardwelldetail.cfm?usgs_id=375131097301402","name":"25S 02W 23DBD 02","recordUrl":"https://geohydro.kgs.ku.edu/geohydro/wizard/wizardwelldetail.cfm?usgs_id=375131097301402","period":"2026 monitoring locations"}},{"type":"Feature","id":334,"geometry":{"type":"Point","coordinates":[-101.31575,37.8607]},"properties":{"FID":334,"USGS_ID":"375134101190201","LOCAL_WELL":"25S 36W 19CDB 01","website":"https://geohydro.kgs.ku.edu/geohydro/wizard/wizardwelldetail.cfm?usgs_id=375134101190201","name":"25S 36W 19CDB 01","recordUrl":"https://geohydro.kgs.ku.edu/geohydro/wizard/wizardwelldetail.cfm?usgs_id=375134101190201","period":"2026 monitoring locations"}},{"type":"Feature","id":335,"geometry":{"type":"Point","coordinates":[-98.90812,37.82099]},"properties":{"FID":335,"USGS_ID":"374908098542801","LOCAL_WELL":"26S 15W 01AAB 01","website":"https://geohydro.kgs.ku.edu/geohydro/wizard/wizardwelldetail.cfm?usgs_id=374908098542801","name":"26S 15W 01AAB 01","recordUrl":"https://geohydro.kgs.ku.edu/geohydro/wizard/wizardwelldetail.cfm?usgs_id=374908098542801","period":"2026 monitoring locations"}},{"type":"Feature","id":336,"geometry":{"type":"Point","coordinates":[-98.23671,37.80596]},"properties":{"FID":336,"USGS_ID":"374823098140501","LOCAL_WELL":"26S 08W 06DCC 01","website":"https://geohydro.kgs.ku.edu/geohydro/wizard/wizardwelldetail.cfm?usgs_id=374823098140501","name":"26S 08W 06DCC 01","recordUrl":"https://geohydro.kgs.ku.edu/geohydro/wizard/wizardwelldetail.cfm?usgs_id=374823098140501","period":"2026 monitoring locations"}},{"type":"Feature","id":337,"geometry":{"type":"Point","coordinates":[-101.40626,37.81912]},"properties":{"FID":337,"USGS_ID":"374917101242701","LOCAL_WELL":"26S 37W 06ACB 01","website":"https://geohydro.kgs.ku.edu/geohydro/wizard/wizardwelldetail.cfm?usgs_id=374917101242701","name":"26S 37W 06ACB 01","recordUrl":"https://geohydro.kgs.ku.edu/geohydro/wizard/wizardwelldetail.cfm?usgs_id=374917101242701","period":"2026 monitoring locations"}},{"type":"Feature","id":338,"geometry":{"type":"Point","coordinates":[-98.59794,37.82038]},"properties":{"FID":338,"USGS_ID":"374918098355201","LOCAL_WELL":"26S 12W 02ABA 01","website":"https://geohydro.kgs.ku.edu/geohydro/wizard/wizardwelldetail.cfm?usgs_id=374918098355201","name":"26S 12W 02ABA 01","recordUrl":"https://geohydro.kgs.ku.edu/geohydro/wizard/wizardwelldetail.cfm?usgs_id=374918098355201","period":"2026 monitoring locations"}},{"type":"Feature","id":339,"geometry":{"type":"Point","coordinates":[-100.81795,37.8621]},"properties":{"FID":339,"USGS_ID":"375145100485701","LOCAL_WELL":"25S 32W 22DBC 01","website":"https://geohydro.kgs.ku.edu/geohydro/wizard/wizardwelldetail.cfm?usgs_id=375145100485701","name":"25S 32W 22DBC 01","recordUrl":"https://geohydro.kgs.ku.edu/geohydro/wizard/wizardwelldetail.cfm?usgs_id=375145100485701","period":"2026 monitoring locations"}},{"type":"Feature","id":340,"geometry":{"type":"Point","coordinates":[-100.29153,37.83933]},"properties":{"FID":340,"USGS_ID":"375018100171901","LOCAL_WELL":"25S 27W 33ABB 01","website":"https://geohydro.kgs.ku.edu/geohydro/wizard/wizardwelldetail.cfm?usgs_id=375018100171901","name":"25S 27W 33ABB 01","recordUrl":"https://geohydro.kgs.ku.edu/geohydro/wizard/wizardwelldetail.cfm?usgs_id=375018100171901","period":"2026 monitoring locations"}},{"type":"Feature","id":341,"geometry":{"type":"Point","coordinates":[-100.08252,37.83006]},"properties":{"FID":341,"USGS_ID":"374948100045601","LOCAL_WELL":"25S 25W 32DAD 01","website":"https://geohydro.kgs.ku.edu/geohydro/wizard/wizardwelldetail.cfm?usgs_id=374948100045601","name":"25S 25W 32DAD 01","recordUrl":"https://geohydro.kgs.ku.edu/geohydro/wizard/wizardwelldetail.cfm?usgs_id=374948100045601","period":"2026 monitoring locations"}},{"type":"Feature","id":342,"geometry":{"type":"Point","coordinates":[-100.86875,37.8297]},"properties":{"FID":342,"USGS_ID":"374948100515802","LOCAL_WELL":"25S 32W 31DDC 01","website":"https://geohydro.kgs.ku.edu/geohydro/wizard/wizardwelldetail.cfm?usgs_id=374948100515802","name":"25S 32W 31DDC 01","recordUrl":"https://geohydro.kgs.ku.edu/geohydro/wizard/wizardwelldetail.cfm?usgs_id=374948100515802","period":"2026 monitoring locations"}},{"type":"Feature","id":343,"geometry":{"type":"Point","coordinates":[-101.57026,37.86478]},"properties":{"FID":343,"USGS_ID":"375149101341601","LOCAL_WELL":"25S 39W 23BDD 01","website":"https://geohydro.kgs.ku.edu/geohydro/wizard/wizardwelldetail.cfm?usgs_id=375149101341601","name":"25S 39W 23BDD 01","recordUrl":"https://geohydro.kgs.ku.edu/geohydro/wizard/wizardwelldetail.cfm?usgs_id=375149101341601","period":"2026 monitoring locations"}},{"type":"Feature","id":344,"geometry":{"type":"Point","coordinates":[-98.70135,37.82602]},"properties":{"FID":344,"USGS_ID":"374923098420201","LOCAL_WELL":"25S 13W 36DCC 01","website":"https://geohydro.kgs.ku.edu/geohydro/wizard/wizardwelldetail.cfm?usgs_id=374923098420201","name":"25S 13W 36DCC 01","recordUrl":"https://geohydro.kgs.ku.edu/geohydro/wizard/wizardwelldetail.cfm?usgs_id=374923098420201","period":"2026 monitoring locations"}},{"type":"Feature","id":345,"geometry":{"type":"Point","coordinates":[-98.90806,37.84342]},"properties":{"FID":345,"USGS_ID":"375025098542401","LOCAL_WELL":"25S 14W 30CDB 01","website":"https://geohydro.kgs.ku.edu/geohydro/wizard/wizardwelldetail.cfm?usgs_id=375025098542401","name":"25S 14W 30CDB 01","recordUrl":"https://geohydro.kgs.ku.edu/geohydro/wizard/wizardwelldetail.cfm?usgs_id=375025098542401","period":"2026 monitoring locations"}},{"type":"Feature","id":346,"geometry":{"type":"Point","coordinates":[-100.9342,38.06213]},"properties":{"FID":346,"USGS_ID":"380343100560201","LOCAL_WELL":"23S 33W 10CCDD 01","website":"https://geohydro.kgs.ku.edu/geohydro/wizard/wizardwelldetail.cfm?usgs_id=380343100560201","name":"23S 33W 10CCDD 01","recordUrl":"https://geohydro.kgs.ku.edu/geohydro/wizard/wizardwelldetail.cfm?usgs_id=380343100560201","period":"2026 monitoring locations"}},{"type":"Feature","id":347,"geometry":{"type":"Point","coordinates":[-101.12109,38.0618]},"properties":{"FID":347,"USGS_ID":"380344101071302","LOCAL_WELL":"23S 35W 12CCC 02","website":"https://geohydro.kgs.ku.edu/geohydro/wizard/wizardwelldetail.cfm?usgs_id=380344101071302","name":"23S 35W 12CCC 02","recordUrl":"https://geohydro.kgs.ku.edu/geohydro/wizard/wizardwelldetail.cfm?usgs_id=380344101071302","period":"2026 monitoring locations"}},{"type":"Feature","id":348,"geometry":{"type":"Point","coordinates":[-98.80076,38.01914]},"properties":{"FID":348,"USGS_ID":"380108098480501","LOCAL_WELL":"23S 13W 30CBB 01","website":"https://geohydro.kgs.ku.edu/geohydro/wizard/wizardwelldetail.cfm?usgs_id=380108098480501","name":"23S 13W 30CBB 01","recordUrl":"https://geohydro.kgs.ku.edu/geohydro/wizard/wizardwelldetail.cfm?usgs_id=380108098480501","period":"2026 monitoring locations"}},{"type":"Feature","id":349,"geometry":{"type":"Point","coordinates":[-102.01707,38.03964]},"properties":{"FID":349,"USGS_ID":"380223102010301","LOCAL_WELL":"23S 43W 23BCB 01","website":"https://geohydro.kgs.ku.edu/geohydro/wizard/wizardwelldetail.cfm?usgs_id=380223102010301","name":"23S 43W 23BCB 01","recordUrl":"https://geohydro.kgs.ku.edu/geohydro/wizard/wizardwelldetail.cfm?usgs_id=380223102010301","period":"2026 monitoring locations"}},{"type":"Feature","id":350,"geometry":{"type":"Point","coordinates":[-99.77121,38.064]},"properties":{"FID":350,"USGS_ID":"380351099461501","LOCAL_WELL":"23S 22W 07DAA 01","website":"https://geohydro.kgs.ku.edu/geohydro/wizard/wizardwelldetail.cfm?usgs_id=380351099461501","name":"23S 22W 07DAA 01","recordUrl":"https://geohydro.kgs.ku.edu/geohydro/wizard/wizardwelldetail.cfm?usgs_id=380351099461501","period":"2026 monitoring locations"}},{"type":"Feature","id":351,"geometry":{"type":"Point","coordinates":[-101.38625,38.08579]},"properties":{"FID":351,"USGS_ID":"380510101231101","LOCAL_WELL":"23S 37W 04ABC 01","website":"https://geohydro.kgs.ku.edu/geohydro/wizard/wizardwelldetail.cfm?usgs_id=380510101231101","name":"23S 37W 04ABC 01","recordUrl":"https://geohydro.kgs.ku.edu/geohydro/wizard/wizardwelldetail.cfm?usgs_id=380510101231101","period":"2026 monitoring locations"}},{"type":"Feature","id":352,"geometry":{"type":"Point","coordinates":[-98.9708,38.08754]},"properties":{"FID":352,"USGS_ID":"380513098580601","LOCAL_WELL":"22S 15W 33DDD 01","website":"https://geohydro.kgs.ku.edu/geohydro/wizard/wizardwelldetail.cfm?usgs_id=380513098580601","name":"22S 15W 33DDD 01","recordUrl":"https://geohydro.kgs.ku.edu/geohydro/wizard/wizardwelldetail.cfm?usgs_id=380513098580601","period":"2026 monitoring locations"}},{"type":"Feature","id":353,"geometry":{"type":"Point","coordinates":[-98.21284,38.08674]},"properties":{"FID":353,"USGS_ID":"380514098124902","LOCAL_WELL":"22S 08W 33CCD 02","website":"https://geohydro.kgs.ku.edu/geohydro/wizard/wizardwelldetail.cfm?usgs_id=380514098124902","name":"22S 08W 33CCD 02","recordUrl":"https://geohydro.kgs.ku.edu/geohydro/wizard/wizardwelldetail.cfm?usgs_id=380514098124902","period":"2026 monitoring locations"}},{"type":"Feature","id":354,"geometry":{"type":"Point","coordinates":[-98.82584,38.0907]},"properties":{"FID":354,"USGS_ID":"380519098492701","LOCAL_WELL":"22S 14W 35DDB 01","website":"https://geohydro.kgs.ku.edu/geohydro/wizard/wizardwelldetail.cfm?usgs_id=380519098492701","name":"22S 14W 35DDB 01","recordUrl":"https://geohydro.kgs.ku.edu/geohydro/wizard/wizardwelldetail.cfm?usgs_id=380519098492701","period":"2026 monitoring locations"}},{"type":"Feature","id":355,"geometry":{"type":"Point","coordinates":[-102.01802,38.0229]},"properties":{"FID":355,"USGS_ID":"380124102010201","LOCAL_WELL":"23S 43W 26BCC 01","website":"https://geohydro.kgs.ku.edu/geohydro/wizard/wizardwelldetail.cfm?usgs_id=380124102010201","name":"23S 43W 26BCC 01","recordUrl":"https://geohydro.kgs.ku.edu/geohydro/wizard/wizardwelldetail.cfm?usgs_id=380124102010201","period":"2026 monitoring locations"}},{"type":"Feature","id":356,"geometry":{"type":"Point","coordinates":[-101.08499,38.0895]},"properties":{"FID":356,"USGS_ID":"380520101050802","LOCAL_WELL":"23S 34W 06AADA02","website":"https://geohydro.kgs.ku.edu/geohydro/wizard/wizardwelldetail.cfm?usgs_id=380520101050802","name":"23S 34W 06AADA02","recordUrl":"https://geohydro.kgs.ku.edu/geohydro/wizard/wizardwelldetail.cfm?usgs_id=380520101050802","period":"2026 monitoring locations"}},{"type":"Feature","id":357,"geometry":{"type":"Point","coordinates":[-99.92029,38.09359]},"properties":{"FID":357,"USGS_ID":"380530099551301","LOCAL_WELL":"22S 24W 35DAC 01","website":"https://geohydro.kgs.ku.edu/geohydro/wizard/wizardwelldetail.cfm?usgs_id=380530099551301","name":"22S 24W 35DAC 01","recordUrl":"https://geohydro.kgs.ku.edu/geohydro/wizard/wizardwelldetail.cfm?usgs_id=380530099551301","period":"2026 monitoring locations"}},{"type":"Feature","id":358,"geometry":{"type":"Point","coordinates":[-99.13703,38.02511]},"properties":{"FID":358,"USGS_ID":"380131099080901","LOCAL_WELL":"23S 17W 25AAC 01","website":"https://geohydro.kgs.ku.edu/geohydro/wizard/wizardwelldetail.cfm?usgs_id=380131099080901","name":"23S 17W 25AAC 01","recordUrl":"https://geohydro.kgs.ku.edu/geohydro/wizard/wizardwelldetail.cfm?usgs_id=380131099080901","period":"2026 monitoring locations"}},{"type":"Feature","id":359,"geometry":{"type":"Point","coordinates":[-100.80034,38.02636]},"properties":{"FID":359,"USGS_ID":"380135100475901","LOCAL_WELL":"23S 32W 26ACC 01","website":"https://geohydro.kgs.ku.edu/geohydro/wizard/wizardwelldetail.cfm?usgs_id=380135100475901","name":"23S 32W 26ACC 01","recordUrl":"https://geohydro.kgs.ku.edu/geohydro/wizard/wizardwelldetail.cfm?usgs_id=380135100475901","period":"2026 monitoring locations"}},{"type":"Feature","id":360,"geometry":{"type":"Point","coordinates":[-100.41896,37.81399]},"properties":{"FID":360,"USGS_ID":"374848100250302","LOCAL_WELL":"26S 28W 06DDB 02","website":"https://geohydro.kgs.ku.edu/geohydro/wizard/wizardwelldetail.cfm?usgs_id=374848100250302","name":"26S 28W 06DDB 02","recordUrl":"https://geohydro.kgs.ku.edu/geohydro/wizard/wizardwelldetail.cfm?usgs_id=374848100250302","period":"2026 monitoring locations"}},{"type":"Feature","id":361,"geometry":{"type":"Point","coordinates":[-98.60093,38.1]},"properties":{"FID":361,"USGS_ID":"380558098355802","LOCAL_WELL":"22S 12W 36BBB 02","website":"https://geohydro.kgs.ku.edu/geohydro/wizard/wizardwelldetail.cfm?usgs_id=380558098355802","name":"22S 12W 36BBB 02","recordUrl":"https://geohydro.kgs.ku.edu/geohydro/wizard/wizardwelldetail.cfm?usgs_id=380558098355802","period":"2026 monitoring locations"}},{"type":"Feature","id":362,"geometry":{"type":"Point","coordinates":[-100.90175,38.09906]},"properties":{"FID":362,"USGS_ID":"380600100535701","LOCAL_WELL":"22S 33W 36BCCC 01","website":"https://geohydro.kgs.ku.edu/geohydro/wizard/wizardwelldetail.cfm?usgs_id=380600100535701","name":"22S 33W 36BCCC 01","recordUrl":"https://geohydro.kgs.ku.edu/geohydro/wizard/wizardwelldetail.cfm?usgs_id=380600100535701","period":"2026 monitoring locations"}},{"type":"Feature","id":363,"geometry":{"type":"Point","coordinates":[-97.6125,38.10055]},"properties":{"FID":363,"USGS_ID":"380601097363601","LOCAL_WELL":"22S 03W 35AAA 01","website":"https://geohydro.kgs.ku.edu/geohydro/wizard/wizardwelldetail.cfm?usgs_id=380601097363601","name":"22S 03W 35AAA 01","recordUrl":"https://geohydro.kgs.ku.edu/geohydro/wizard/wizardwelldetail.cfm?usgs_id=380601097363601","period":"2026 monitoring locations"}},{"type":"Feature","id":364,"geometry":{"type":"Point","coordinates":[-101.08435,38.04695]},"properties":{"FID":364,"USGS_ID":"380253101045501","LOCAL_WELL":"23S 34W 17CCC 01","website":"https://geohydro.kgs.ku.edu/geohydro/wizard/wizardwelldetail.cfm?usgs_id=380253101045501","name":"23S 34W 17CCC 01","recordUrl":"https://geohydro.kgs.ku.edu/geohydro/wizard/wizardwelldetail.cfm?usgs_id=380253101045501","period":"2026 monitoring locations"}},{"type":"Feature","id":365,"geometry":{"type":"Point","coordinates":[-97.68394,38.07232]},"properties":{"FID":365,"USGS_ID":"380423097410101","LOCAL_WELL":"23S 03W 06DDD 01","website":"https://geohydro.kgs.ku.edu/geohydro/wizard/wizardwelldetail.cfm?usgs_id=380423097410101","name":"23S 03W 06DDD 01","recordUrl":"https://geohydro.kgs.ku.edu/geohydro/wizard/wizardwelldetail.cfm?usgs_id=380423097410101","period":"2026 monitoring locations"}},{"type":"Feature","id":366,"geometry":{"type":"Point","coordinates":[-97.88847,38.07374]},"properties":{"FID":366,"USGS_ID":"380423097531701","LOCAL_WELL":"23S 05W 05DDC 01","website":"https://geohydro.kgs.ku.edu/geohydro/wizard/wizardwelldetail.cfm?usgs_id=380423097531701","name":"23S 05W 05DDC 01","recordUrl":"https://geohydro.kgs.ku.edu/geohydro/wizard/wizardwelldetail.cfm?usgs_id=380423097531701","period":"2026 monitoring locations"}},{"type":"Feature","id":367,"geometry":{"type":"Point","coordinates":[-98.8417,38.05119]},"properties":{"FID":367,"USGS_ID":"380301098502501","LOCAL_WELL":"23S 14W 15ADD 01","website":"https://geohydro.kgs.ku.edu/geohydro/wizard/wizardwelldetail.cfm?usgs_id=380301098502501","name":"23S 14W 15ADD 01","recordUrl":"https://geohydro.kgs.ku.edu/geohydro/wizard/wizardwelldetail.cfm?usgs_id=380301098502501","period":"2026 monitoring locations"}},{"type":"Feature","id":368,"geometry":{"type":"Point","coordinates":[-97.53231,38.03201]},"properties":{"FID":368,"USGS_ID":"380146097315501","LOCAL_WELL":"23S 02W 22CCD 01","website":"https://geohydro.kgs.ku.edu/geohydro/wizard/wizardwelldetail.cfm?usgs_id=380146097315501","name":"23S 02W 22CCD 01","recordUrl":"https://geohydro.kgs.ku.edu/geohydro/wizard/wizardwelldetail.cfm?usgs_id=380146097315501","period":"2026 monitoring locations"}},{"type":"Feature","id":369,"geometry":{"type":"Point","coordinates":[-99.84954,38.0769]},"properties":{"FID":369,"USGS_ID":"380432099505701","LOCAL_WELL":"23S 23W 04DCA 01","website":"https://geohydro.kgs.ku.edu/geohydro/wizard/wizardwelldetail.cfm?usgs_id=380432099505701","name":"23S 23W 04DCA 01","recordUrl":"https://geohydro.kgs.ku.edu/geohydro/wizard/wizardwelldetail.cfm?usgs_id=380432099505701","period":"2026 monitoring locations"}},{"type":"Feature","id":370,"geometry":{"type":"Point","coordinates":[-98.33983,38.07538]},"properties":{"FID":370,"USGS_ID":"380435098203301","LOCAL_WELL":"23S 09W 05CBD 01","website":"https://geohydro.kgs.ku.edu/geohydro/wizard/wizardwelldetail.cfm?usgs_id=380435098203301","name":"23S 09W 05CBD 01","recordUrl":"https://geohydro.kgs.ku.edu/geohydro/wizard/wizardwelldetail.cfm?usgs_id=380435098203301","period":"2026 monitoring locations"}},{"type":"Feature","id":371,"geometry":{"type":"Point","coordinates":[-100.70544,38.0763]},"properties":{"FID":371,"USGS_ID":"380435100422401","LOCAL_WELL":"23S 31W 03DCD 01","website":"https://geohydro.kgs.ku.edu/geohydro/wizard/wizardwelldetail.cfm?usgs_id=380435100422401","name":"23S 31W 03DCD 01","recordUrl":"https://geohydro.kgs.ku.edu/geohydro/wizard/wizardwelldetail.cfm?usgs_id=380435100422401","period":"2026 monitoring locations"}},{"type":"Feature","id":372,"geometry":{"type":"Point","coordinates":[-101.37705,38.10171]},"properties":{"FID":372,"USGS_ID":"380606101223501","LOCAL_WELL":"22S 37W 34BBC 01","website":"https://geohydro.kgs.ku.edu/geohydro/wizard/wizardwelldetail.cfm?usgs_id=380606101223501","name":"22S 37W 34BBC 01","recordUrl":"https://geohydro.kgs.ku.edu/geohydro/wizard/wizardwelldetail.cfm?usgs_id=380606101223501","period":"2026 monitoring locations"}},{"type":"Feature","id":373,"geometry":{"type":"Point","coordinates":[-100.55464,38.0307]},"properties":{"FID":373,"USGS_ID":"380146100331301","LOCAL_WELL":"23S 29W 30BBB 01","website":"https://geohydro.kgs.ku.edu/geohydro/wizard/wizardwelldetail.cfm?usgs_id=380146100331301","name":"23S 29W 30BBB 01","recordUrl":"https://geohydro.kgs.ku.edu/geohydro/wizard/wizardwelldetail.cfm?usgs_id=380146100331301","period":"2026 monitoring locations"}},{"type":"Feature","id":374,"geometry":{"type":"Point","coordinates":[-100.20822,38.03046]},"properties":{"FID":374,"USGS_ID":"380149100122201","LOCAL_WELL":"23S 26W 20CCC 01","website":"https://geohydro.kgs.ku.edu/geohydro/wizard/wizardwelldetail.cfm?usgs_id=380149100122201","name":"23S 26W 20CCC 01","recordUrl":"https://geohydro.kgs.ku.edu/geohydro/wizard/wizardwelldetail.cfm?usgs_id=380149100122201","period":"2026 monitoring locations"}},{"type":"Feature","id":375,"geometry":{"type":"Point","coordinates":[-100.37693,38.03066]},"properties":{"FID":375,"USGS_ID":"380149100223801","LOCAL_WELL":"23S 28W 22DCD 01","website":"https://geohydro.kgs.ku.edu/geohydro/wizard/wizardwelldetail.cfm?usgs_id=380149100223801","name":"23S 28W 22DCD 01","recordUrl":"https://geohydro.kgs.ku.edu/geohydro/wizard/wizardwelldetail.cfm?usgs_id=380149100223801","period":"2026 monitoring locations"}},{"type":"Feature","id":376,"geometry":{"type":"Point","coordinates":[-98.31191,38.03175]},"properties":{"FID":376,"USGS_ID":"380151098184301","LOCAL_WELL":"23S 09W 21DDB 01","website":"https://geohydro.kgs.ku.edu/geohydro/wizard/wizardwelldetail.cfm?usgs_id=380151098184301","name":"23S 09W 21DDB 01","recordUrl":"https://geohydro.kgs.ku.edu/geohydro/wizard/wizardwelldetail.cfm?usgs_id=380151098184301","period":"2026 monitoring locations"}},{"type":"Feature","id":377,"geometry":{"type":"Point","coordinates":[-101.12115,38.03155]},"properties":{"FID":377,"USGS_ID":"380153101071303","LOCAL_WELL":"23S 35W 25BBB 03","website":"https://geohydro.kgs.ku.edu/geohydro/wizard/wizardwelldetail.cfm?usgs_id=380153101071303","name":"23S 35W 25BBB 03","recordUrl":"https://geohydro.kgs.ku.edu/geohydro/wizard/wizardwelldetail.cfm?usgs_id=380153101071303","period":"2026 monitoring locations"}},{"type":"Feature","id":378,"geometry":{"type":"Point","coordinates":[-98.23428,38.05375]},"properties":{"FID":378,"USGS_ID":"380316098140901","LOCAL_WELL":"23S 08W 18AAD 01","website":"https://geohydro.kgs.ku.edu/geohydro/wizard/wizardwelldetail.cfm?usgs_id=380316098140901","name":"23S 08W 18AAD 01","recordUrl":"https://geohydro.kgs.ku.edu/geohydro/wizard/wizardwelldetail.cfm?usgs_id=380316098140901","period":"2026 monitoring locations"}},{"type":"Feature","id":379,"geometry":{"type":"Point","coordinates":[-97.61516,38.05411]},"properties":{"FID":379,"USGS_ID":"380318097364301","LOCAL_WELL":"23S 03W 14AAC 01","website":"https://geohydro.kgs.ku.edu/geohydro/wizard/wizardwelldetail.cfm?usgs_id=380318097364301","name":"23S 03W 14AAC 01","recordUrl":"https://geohydro.kgs.ku.edu/geohydro/wizard/wizardwelldetail.cfm?usgs_id=380318097364301","period":"2026 monitoring locations"}},{"type":"Feature","id":380,"geometry":{"type":"Point","coordinates":[-100.61754,38.08208]},"properties":{"FID":380,"USGS_ID":"380446100371901","LOCAL_WELL":"23S 30W 04ACC 01","website":"https://geohydro.kgs.ku.edu/geohydro/wizard/wizardwelldetail.cfm?usgs_id=380446100371901","name":"23S 30W 04ACC 01","recordUrl":"https://geohydro.kgs.ku.edu/geohydro/wizard/wizardwelldetail.cfm?usgs_id=380446100371901","period":"2026 monitoring locations"}},{"type":"Feature","id":381,"geometry":{"type":"Point","coordinates":[-101.05218,38.0328]},"properties":{"FID":381,"USGS_ID":"380201101030101","LOCAL_WELL":"23S 34W 21DDC 01","website":"https://geohydro.kgs.ku.edu/geohydro/wizard/wizardwelldetail.cfm?usgs_id=380201101030101","name":"23S 34W 21DDC 01","recordUrl":"https://geohydro.kgs.ku.edu/geohydro/wizard/wizardwelldetail.cfm?usgs_id=380201101030101","period":"2026 monitoring locations"}},{"type":"Feature","id":382,"geometry":{"type":"Point","coordinates":[-100.66404,38.03413]},"properties":{"FID":382,"USGS_ID":"380202100394701","LOCAL_WELL":"23S 30W 19CCB 01","website":"https://geohydro.kgs.ku.edu/geohydro/wizard/wizardwelldetail.cfm?usgs_id=380202100394701","name":"23S 30W 19CCB 01","recordUrl":"https://geohydro.kgs.ku.edu/geohydro/wizard/wizardwelldetail.cfm?usgs_id=380202100394701","period":"2026 monitoring locations"}},{"type":"Feature","id":383,"geometry":{"type":"Point","coordinates":[-101.28415,38.08138]},"properties":{"FID":383,"USGS_ID":"380452101170901","LOCAL_WELL":"23S 36W 04CBB 01","website":"https://geohydro.kgs.ku.edu/geohydro/wizard/wizardwelldetail.cfm?usgs_id=380452101170901","name":"23S 36W 04CBB 01","recordUrl":"https://geohydro.kgs.ku.edu/geohydro/wizard/wizardwelldetail.cfm?usgs_id=380452101170901","period":"2026 monitoring locations"}},{"type":"Feature","id":384,"geometry":{"type":"Point","coordinates":[-100.81977,38.08204]},"properties":{"FID":384,"USGS_ID":"380455100491001","LOCAL_WELL":"23S 32W 03CAA 01","website":"https://geohydro.kgs.ku.edu/geohydro/wizard/wizardwelldetail.cfm?usgs_id=380455100491001","name":"23S 32W 03CAA 01","recordUrl":"https://geohydro.kgs.ku.edu/geohydro/wizard/wizardwelldetail.cfm?usgs_id=380455100491001","period":"2026 monitoring locations"}},{"type":"Feature","id":385,"geometry":{"type":"Point","coordinates":[-98.63709,38.03619]},"properties":{"FID":385,"USGS_ID":"380208098381001","LOCAL_WELL":"23S 12W 22BCC 01","website":"https://geohydro.kgs.ku.edu/geohydro/wizard/wizardwelldetail.cfm?usgs_id=380208098381001","name":"23S 12W 22BCC 01","recordUrl":"https://geohydro.kgs.ku.edu/geohydro/wizard/wizardwelldetail.cfm?usgs_id=380208098381001","period":"2026 monitoring locations"}},{"type":"Feature","id":386,"geometry":{"type":"Point","coordinates":[-98.44059,38.01684]},"properties":{"FID":386,"USGS_ID":"380057098264301","LOCAL_WELL":"23S 10W 29DCA 01","website":"https://geohydro.kgs.ku.edu/geohydro/wizard/wizardwelldetail.cfm?usgs_id=380057098264301","name":"23S 10W 29DCA 01","recordUrl":"https://geohydro.kgs.ku.edu/geohydro/wizard/wizardwelldetail.cfm?usgs_id=380057098264301","period":"2026 monitoring locations"}},{"type":"Feature","id":387,"geometry":{"type":"Point","coordinates":[-100.26753,38.03551]},"properties":{"FID":387,"USGS_ID":"380208100155501","LOCAL_WELL":"23S 27W 22DAB 01","website":"https://geohydro.kgs.ku.edu/geohydro/wizard/wizardwelldetail.cfm?usgs_id=380208100155501","name":"23S 27W 22DAB 01","recordUrl":"https://geohydro.kgs.ku.edu/geohydro/wizard/wizardwelldetail.cfm?usgs_id=380208100155501","period":"2026 monitoring locations"}},{"type":"Feature","id":388,"geometry":{"type":"Point","coordinates":[-98.52751,38.03632]},"properties":{"FID":388,"USGS_ID":"380209098313501","LOCAL_WELL":"23S 11W 22BCC 01","website":"https://geohydro.kgs.ku.edu/geohydro/wizard/wizardwelldetail.cfm?usgs_id=380209098313501","name":"23S 11W 22BCC 01","recordUrl":"https://geohydro.kgs.ku.edu/geohydro/wizard/wizardwelldetail.cfm?usgs_id=380209098313501","period":"2026 monitoring locations"}},{"type":"Feature","id":389,"geometry":{"type":"Point","coordinates":[-98.78436,38.0604]},"properties":{"FID":389,"USGS_ID":"380333098465901","LOCAL_WELL":"23S 13W 08CCB 01","website":"https://geohydro.kgs.ku.edu/geohydro/wizard/wizardwelldetail.cfm?usgs_id=380333098465901","name":"23S 13W 08CCB 01","recordUrl":"https://geohydro.kgs.ku.edu/geohydro/wizard/wizardwelldetail.cfm?usgs_id=380333098465901","period":"2026 monitoring locations"}},{"type":"Feature","id":390,"geometry":{"type":"Point","coordinates":[-100.74204,38.06096]},"properties":{"FID":390,"USGS_ID":"380333100442901","LOCAL_WELL":"23S 31W 17ABA 01","website":"https://geohydro.kgs.ku.edu/geohydro/wizard/wizardwelldetail.cfm?usgs_id=380333100442901","name":"23S 31W 17ABA 01","recordUrl":"https://geohydro.kgs.ku.edu/geohydro/wizard/wizardwelldetail.cfm?usgs_id=380333100442901","period":"2026 monitoring locations"}},{"type":"Feature","id":391,"geometry":{"type":"Point","coordinates":[-100.22562,38.05926]},"properties":{"FID":391,"USGS_ID":"380335100132701","LOCAL_WELL":"23S 26W 07CCC 01","website":"https://geohydro.kgs.ku.edu/geohydro/wizard/wizardwelldetail.cfm?usgs_id=380335100132701","name":"23S 26W 07CCC 01","recordUrl":"https://geohydro.kgs.ku.edu/geohydro/wizard/wizardwelldetail.cfm?usgs_id=380335100132701","period":"2026 monitoring locations"}},{"type":"Feature","id":392,"geometry":{"type":"Point","coordinates":[-98.91758,38.06184]},"properties":{"FID":392,"USGS_ID":"380338098550101","LOCAL_WELL":"23S 15W 12DDB 01","website":"https://geohydro.kgs.ku.edu/geohydro/wizard/wizardwelldetail.cfm?usgs_id=380338098550101","name":"23S 15W 12DDB 01","recordUrl":"https://geohydro.kgs.ku.edu/geohydro/wizard/wizardwelldetail.cfm?usgs_id=380338098550101","period":"2026 monitoring locations"}},{"type":"Feature","id":393,"geometry":{"type":"Point","coordinates":[-98.36323,38.08606]},"properties":{"FID":393,"USGS_ID":"380507098214903","LOCAL_WELL":"23S 10W 01AAA 03","website":"https://geohydro.kgs.ku.edu/geohydro/wizard/wizardwelldetail.cfm?usgs_id=380507098214903","name":"23S 10W 01AAA 03","recordUrl":"https://geohydro.kgs.ku.edu/geohydro/wizard/wizardwelldetail.cfm?usgs_id=380507098214903","period":"2026 monitoring locations"}},{"type":"Feature","id":394,"geometry":{"type":"Point","coordinates":[-99.29582,38.01957]},"properties":{"FID":394,"USGS_ID":"380105099174801","LOCAL_WELL":"23S 18W 28DAD 01","website":"https://geohydro.kgs.ku.edu/geohydro/wizard/wizardwelldetail.cfm?usgs_id=380105099174801","name":"23S 18W 28DAD 01","recordUrl":"https://geohydro.kgs.ku.edu/geohydro/wizard/wizardwelldetail.cfm?usgs_id=380105099174801","period":"2026 monitoring locations"}},{"type":"Feature","id":395,"geometry":{"type":"Point","coordinates":[-101.91093,38.01899]},"properties":{"FID":395,"USGS_ID":"380105101544101","LOCAL_WELL":"23S 42W 27DDB 01","website":"https://geohydro.kgs.ku.edu/geohydro/wizard/wizardwelldetail.cfm?usgs_id=380105101544101","name":"23S 42W 27DDB 01","recordUrl":"https://geohydro.kgs.ku.edu/geohydro/wizard/wizardwelldetail.cfm?usgs_id=380105101544101","period":"2026 monitoring locations"}},{"type":"Feature","id":396,"geometry":{"type":"Point","coordinates":[-100.98205,37.95191]},"properties":{"FID":396,"USGS_ID":"375706100585702","LOCAL_WELL":"24S 33W 19DBB 02","website":"https://geohydro.kgs.ku.edu/geohydro/wizard/wizardwelldetail.cfm?usgs_id=375706100585702","name":"24S 33W 19DBB 02","recordUrl":"https://geohydro.kgs.ku.edu/geohydro/wizard/wizardwelldetail.cfm?usgs_id=375706100585702","period":"2026 monitoring locations"}},{"type":"Feature","id":397,"geometry":{"type":"Point","coordinates":[-100.21832,38.001]},"properties":{"FID":397,"USGS_ID":"380005100130401","LOCAL_WELL":"23S 26W 31CDD 01","website":"https://geohydro.kgs.ku.edu/geohydro/wizard/wizardwelldetail.cfm?usgs_id=380005100130401","name":"23S 26W 31CDD 01","recordUrl":"https://geohydro.kgs.ku.edu/geohydro/wizard/wizardwelldetail.cfm?usgs_id=380005100130401","period":"2026 monitoring locations"}},{"type":"Feature","id":398,"geometry":{"type":"Point","coordinates":[-100.49113,38.00256]},"properties":{"FID":398,"USGS_ID":"380006100293001","LOCAL_WELL":"23S 29W 34CDD 01","website":"https://geohydro.kgs.ku.edu/geohydro/wizard/wizardwelldetail.cfm?usgs_id=380006100293001","name":"23S 29W 34CDD 01","recordUrl":"https://geohydro.kgs.ku.edu/geohydro/wizard/wizardwelldetail.cfm?usgs_id=380006100293001","period":"2026 monitoring locations"}},{"type":"Feature","id":399,"geometry":{"type":"Point","coordinates":[-100.95415,37.9746]},"properties":{"FID":399,"USGS_ID":"375832100571001","LOCAL_WELL":"24S 33W 09CCD 01","website":"https://geohydro.kgs.ku.edu/geohydro/wizard/wizardwelldetail.cfm?usgs_id=375832100571001","name":"24S 33W 09CCD 01","recordUrl":"https://geohydro.kgs.ku.edu/geohydro/wizard/wizardwelldetail.cfm?usgs_id=375832100571001","period":"2026 monitoring locations"}},{"type":"Feature","id":400,"geometry":{"type":"Point","coordinates":[-100.95418,37.97453]},"properties":{"FID":400,"USGS_ID":"375832100571002","LOCAL_WELL":"24S 33W 09CCD 02","website":"https://geohydro.kgs.ku.edu/geohydro/wizard/wizardwelldetail.cfm?usgs_id=375832100571002","name":"24S 33W 09CCD 02","recordUrl":"https://geohydro.kgs.ku.edu/geohydro/wizard/wizardwelldetail.cfm?usgs_id=375832100571002","period":"2026 monitoring locations"}},{"type":"Feature","id":401,"geometry":{"type":"Point","coordinates":[-100.95417,37.97459]},"properties":{"FID":401,"USGS_ID":"375832100571003","LOCAL_WELL":"24S 33W 09CCD 03","website":"https://geohydro.kgs.ku.edu/geohydro/wizard/wizardwelldetail.cfm?usgs_id=375832100571003","name":"24S 33W 09CCD 03","recordUrl":"https://geohydro.kgs.ku.edu/geohydro/wizard/wizardwelldetail.cfm?usgs_id=375832100571003","period":"2026 monitoring locations"}},{"type":"Feature","id":402,"geometry":{"type":"Point","coordinates":[-101.95863,37.97554]},"properties":{"FID":402,"USGS_ID":"375834101573301","LOCAL_WELL":"24S 42W 08CBD 01","website":"https://geohydro.kgs.ku.edu/geohydro/wizard/wizardwelldetail.cfm?usgs_id=375834101573301","name":"24S 42W 08CBD 01","recordUrl":"https://geohydro.kgs.ku.edu/geohydro/wizard/wizardwelldetail.cfm?usgs_id=375834101573301","period":"2026 monitoring locations"}},{"type":"Feature","id":403,"geometry":{"type":"Point","coordinates":[-100.98835,37.9687]},"properties":{"FID":403,"USGS_ID":"375812100591301","LOCAL_WELL":"24S 33W 18BDB 01","website":"https://geohydro.kgs.ku.edu/geohydro/wizard/wizardwelldetail.cfm?usgs_id=375812100591301","name":"24S 33W 18BDB 01","recordUrl":"https://geohydro.kgs.ku.edu/geohydro/wizard/wizardwelldetail.cfm?usgs_id=375812100591301","period":"2026 monitoring locations"}},{"type":"Feature","id":404,"geometry":{"type":"Point","coordinates":[-100.98835,37.9687]},"properties":{"FID":404,"USGS_ID":"375812100591302","LOCAL_WELL":"24S 33W 18BDB 02","website":"https://geohydro.kgs.ku.edu/geohydro/wizard/wizardwelldetail.cfm?usgs_id=375812100591302","name":"24S 33W 18BDB 02","recordUrl":"https://geohydro.kgs.ku.edu/geohydro/wizard/wizardwelldetail.cfm?usgs_id=375812100591302","period":"2026 monitoring locations"}},{"type":"Feature","id":405,"geometry":{"type":"Point","coordinates":[-98.02323,38.00127]},"properties":{"FID":405,"USGS_ID":"380008098011901","LOCAL_WELL":"23S 06W 31DCB 01","website":"https://geohydro.kgs.ku.edu/geohydro/wizard/wizardwelldetail.cfm?usgs_id=380008098011901","name":"23S 06W 31DCB 01","recordUrl":"https://geohydro.kgs.ku.edu/geohydro/wizard/wizardwelldetail.cfm?usgs_id=380008098011901","period":"2026 monitoring locations"}},{"type":"Feature","id":406,"geometry":{"type":"Point","coordinates":[-99.24501,38.00372]},"properties":{"FID":406,"USGS_ID":"380013099143901","LOCAL_WELL":"23S 18W 36DAC 01","website":"https://geohydro.kgs.ku.edu/geohydro/wizard/wizardwelldetail.cfm?usgs_id=380013099143901","name":"23S 18W 36DAC 01","recordUrl":"https://geohydro.kgs.ku.edu/geohydro/wizard/wizardwelldetail.cfm?usgs_id=380013099143901","period":"2026 monitoring locations"}},{"type":"Feature","id":407,"geometry":{"type":"Point","coordinates":[-101.7604,37.97776]},"properties":{"FID":407,"USGS_ID":"375841101453401","LOCAL_WELL":"24S 40W 07CBB 01","website":"https://geohydro.kgs.ku.edu/geohydro/wizard/wizardwelldetail.cfm?usgs_id=375841101453401","name":"24S 40W 07CBB 01","recordUrl":"https://geohydro.kgs.ku.edu/geohydro/wizard/wizardwelldetail.cfm?usgs_id=375841101453401","period":"2026 monitoring locations"}},{"type":"Feature","id":408,"geometry":{"type":"Point","coordinates":[-99.93185,37.98621]},"properties":{"FID":408,"USGS_ID":"375911099560301","LOCAL_WELL":"24S 24W 02CCC 01","website":"https://geohydro.kgs.ku.edu/geohydro/wizard/wizardwelldetail.cfm?usgs_id=375911099560301","name":"24S 24W 02CCC 01","recordUrl":"https://geohydro.kgs.ku.edu/geohydro/wizard/wizardwelldetail.cfm?usgs_id=375911099560301","period":"2026 monitoring locations"}},{"type":"Feature","id":409,"geometry":{"type":"Point","coordinates":[-99.84466,37.98668]},"properties":{"FID":409,"USGS_ID":"375912099503201","LOCAL_WELL":"24S 23W 03CCC 01","website":"https://geohydro.kgs.ku.edu/geohydro/wizard/wizardwelldetail.cfm?usgs_id=375912099503201","name":"24S 23W 03CCC 01","recordUrl":"https://geohydro.kgs.ku.edu/geohydro/wizard/wizardwelldetail.cfm?usgs_id=375912099503201","period":"2026 monitoring locations"}},{"type":"Feature","id":410,"geometry":{"type":"Point","coordinates":[-101.92667,38.0081]},"properties":{"FID":410,"USGS_ID":"380025101553001","LOCAL_WELL":"23S 42W 34CBB 01","website":"https://geohydro.kgs.ku.edu/geohydro/wizard/wizardwelldetail.cfm?usgs_id=380025101553001","name":"23S 42W 34CBB 01","recordUrl":"https://geohydro.kgs.ku.edu/geohydro/wizard/wizardwelldetail.cfm?usgs_id=380025101553001","period":"2026 monitoring locations"}},{"type":"Feature","id":411,"geometry":{"type":"Point","coordinates":[-98.60024,38.0101]},"properties":{"FID":411,"USGS_ID":"380036098355801","LOCAL_WELL":"23S 12W 36BBC 01","website":"https://geohydro.kgs.ku.edu/geohydro/wizard/wizardwelldetail.cfm?usgs_id=380036098355801","name":"23S 12W 36BBC 01","recordUrl":"https://geohydro.kgs.ku.edu/geohydro/wizard/wizardwelldetail.cfm?usgs_id=380036098355801","period":"2026 monitoring locations"}},{"type":"Feature","id":412,"geometry":{"type":"Point","coordinates":[-99.31857,37.96776]},"properties":{"FID":412,"USGS_ID":"375801099191001","LOCAL_WELL":"24S 18W 17ABD 01","website":"https://geohydro.kgs.ku.edu/geohydro/wizard/wizardwelldetail.cfm?usgs_id=375801099191001","name":"24S 18W 17ABD 01","recordUrl":"https://geohydro.kgs.ku.edu/geohydro/wizard/wizardwelldetail.cfm?usgs_id=375801099191001","period":"2026 monitoring locations"}},{"type":"Feature","id":413,"geometry":{"type":"Point","coordinates":[-100.3823,37.98632]},"properties":{"FID":413,"USGS_ID":"375854100230701","LOCAL_WELL":"24S 28W 10BAA 01","website":"https://geohydro.kgs.ku.edu/geohydro/wizard/wizardwelldetail.cfm?usgs_id=375854100230701","name":"24S 28W 10BAA 01","recordUrl":"https://geohydro.kgs.ku.edu/geohydro/wizard/wizardwelldetail.cfm?usgs_id=375854100230701","period":"2026 monitoring locations"}},{"type":"Feature","id":414,"geometry":{"type":"Point","coordinates":[-101.76206,37.99117]},"properties":{"FID":414,"USGS_ID":"375927101454301","LOCAL_WELL":"24S 41W 01DAD 01","website":"https://geohydro.kgs.ku.edu/geohydro/wizard/wizardwelldetail.cfm?usgs_id=375927101454301","name":"24S 41W 01DAD 01","recordUrl":"https://geohydro.kgs.ku.edu/geohydro/wizard/wizardwelldetail.cfm?usgs_id=375927101454301","period":"2026 monitoring locations"}},{"type":"Feature","id":415,"geometry":{"type":"Point","coordinates":[-98.96213,37.98582]},"properties":{"FID":415,"USGS_ID":"375859098574001","LOCAL_WELL":"24S 15W 10BAB 01","website":"https://geohydro.kgs.ku.edu/geohydro/wizard/wizardwelldetail.cfm?usgs_id=375859098574001","name":"24S 15W 10BAB 01","recordUrl":"https://geohydro.kgs.ku.edu/geohydro/wizard/wizardwelldetail.cfm?usgs_id=375859098574001","period":"2026 monitoring locations"}},{"type":"Feature","id":416,"geometry":{"type":"Point","coordinates":[-100.81465,37.98531]},"properties":{"FID":416,"USGS_ID":"375905100484901","LOCAL_WELL":"24S 32W 10ACA 01","website":"https://geohydro.kgs.ku.edu/geohydro/wizard/wizardwelldetail.cfm?usgs_id=375905100484901","name":"24S 32W 10ACA 01","recordUrl":"https://geohydro.kgs.ku.edu/geohydro/wizard/wizardwelldetail.cfm?usgs_id=375905100484901","period":"2026 monitoring locations"}},{"type":"Feature","id":417,"geometry":{"type":"Point","coordinates":[-100.25393,37.97176]},"properties":{"FID":417,"USGS_ID":"375811100145901","LOCAL_WELL":"24S 27W 14ABB 01","website":"https://geohydro.kgs.ku.edu/geohydro/wizard/wizardwelldetail.cfm?usgs_id=375811100145901","name":"24S 27W 14ABB 01","recordUrl":"https://geohydro.kgs.ku.edu/geohydro/wizard/wizardwelldetail.cfm?usgs_id=375811100145901","period":"2026 monitoring locations"}},{"type":"Feature","id":418,"geometry":{"type":"Point","coordinates":[-99.9913,37.94345]},"properties":{"FID":418,"USGS_ID":"375636099592101","LOCAL_WELL":"24S 24W 20CCC 01","website":"https://geohydro.kgs.ku.edu/geohydro/wizard/wizardwelldetail.cfm?usgs_id=375636099592101","name":"24S 24W 20CCC 01","recordUrl":"https://geohydro.kgs.ku.edu/geohydro/wizard/wizardwelldetail.cfm?usgs_id=375636099592101","period":"2026 monitoring locations"}},{"type":"Feature","id":419,"geometry":{"type":"Point","coordinates":[-98.34835,37.94457]},"properties":{"FID":419,"USGS_ID":"375637098205201","LOCAL_WELL":"24S 09W 19DDB 01","website":"https://geohydro.kgs.ku.edu/geohydro/wizard/wizardwelldetail.cfm?usgs_id=375637098205201","name":"24S 09W 19DDB 01","recordUrl":"https://geohydro.kgs.ku.edu/geohydro/wizard/wizardwelldetail.cfm?usgs_id=375637098205201","period":"2026 monitoring locations"}},{"type":"Feature","id":420,"geometry":{"type":"Point","coordinates":[-101.74286,37.97129]},"properties":{"FID":420,"USGS_ID":"375815101442401","LOCAL_WELL":"24S 40W 17BBB 01","website":"https://geohydro.kgs.ku.edu/geohydro/wizard/wizardwelldetail.cfm?usgs_id=375815101442401","name":"24S 40W 17BBB 01","recordUrl":"https://geohydro.kgs.ku.edu/geohydro/wizard/wizardwelldetail.cfm?usgs_id=375815101442401","period":"2026 monitoring locations"}},{"type":"Feature","id":421,"geometry":{"type":"Point","coordinates":[-97.44945,37.99934]},"properties":{"FID":421,"USGS_ID":"375955097264801","LOCAL_WELL":"24S 01W 05AAB 01","website":"https://geohydro.kgs.ku.edu/geohydro/wizard/wizardwelldetail.cfm?usgs_id=375955097264801","name":"24S 01W 05AAB 01","recordUrl":"https://geohydro.kgs.ku.edu/geohydro/wizard/wizardwelldetail.cfm?usgs_id=375955097264801","period":"2026 monitoring locations"}},{"type":"Feature","id":422,"geometry":{"type":"Point","coordinates":[-97.96215,37.99924]},"properties":{"FID":422,"USGS_ID":"375955097574301","LOCAL_WELL":"24S 06W 03AAB 01","website":"https://geohydro.kgs.ku.edu/geohydro/wizard/wizardwelldetail.cfm?usgs_id=375955097574301","name":"24S 06W 03AAB 01","recordUrl":"https://geohydro.kgs.ku.edu/geohydro/wizard/wizardwelldetail.cfm?usgs_id=375955097574301","period":"2026 monitoring locations"}},{"type":"Feature","id":423,"geometry":{"type":"Point","coordinates":[-98.55017,37.95827]},"properties":{"FID":423,"USGS_ID":"375727098325701","LOCAL_WELL":"24S 11W 17DDB 01","website":"https://geohydro.kgs.ku.edu/geohydro/wizard/wizardwelldetail.cfm?usgs_id=375727098325701","name":"24S 11W 17DDB 01","recordUrl":"https://geohydro.kgs.ku.edu/geohydro/wizard/wizardwelldetail.cfm?usgs_id=375727098325701","period":"2026 monitoring locations"}},{"type":"Feature","id":424,"geometry":{"type":"Point","coordinates":[-100.31823,37.97225]},"properties":{"FID":424,"USGS_ID":"375819100185601","LOCAL_WELL":"24S 27W 08CCC 01","website":"https://geohydro.kgs.ku.edu/geohydro/wizard/wizardwelldetail.cfm?usgs_id=375819100185601","name":"24S 27W 08CCC 01","recordUrl":"https://geohydro.kgs.ku.edu/geohydro/wizard/wizardwelldetail.cfm?usgs_id=375819100185601","period":"2026 monitoring locations"}},{"type":"Feature","id":425,"geometry":{"type":"Point","coordinates":[-101.01155,37.99993]},"properties":{"FID":425,"USGS_ID":"375957101003501","LOCAL_WELL":"24S 34W 01BCBB 01","website":"https://geohydro.kgs.ku.edu/geohydro/wizard/wizardwelldetail.cfm?usgs_id=375957101003501","name":"24S 34W 01BCBB 01","recordUrl":"https://geohydro.kgs.ku.edu/geohydro/wizard/wizardwelldetail.cfm?usgs_id=375957101003501","period":"2026 monitoring locations"}},{"type":"Feature","id":426,"geometry":{"type":"Point","coordinates":[-99.05639,38.00019]},"properties":{"FID":426,"USGS_ID":"375958099032002","LOCAL_WELL":"23S 16W 35CCD 02","website":"https://geohydro.kgs.ku.edu/geohydro/wizard/wizardwelldetail.cfm?usgs_id=375958099032002","name":"23S 16W 35CCD 02","recordUrl":"https://geohydro.kgs.ku.edu/geohydro/wizard/wizardwelldetail.cfm?usgs_id=375958099032002","period":"2026 monitoring locations"}},{"type":"Feature","id":427,"geometry":{"type":"Point","coordinates":[-99.88485,38.0002]},"properties":{"FID":427,"USGS_ID":"375958099530101","LOCAL_WELL":"24S 23W 06AAB 01","website":"https://geohydro.kgs.ku.edu/geohydro/wizard/wizardwelldetail.cfm?usgs_id=375958099530101","name":"24S 23W 06AAB 01","recordUrl":"https://geohydro.kgs.ku.edu/geohydro/wizard/wizardwelldetail.cfm?usgs_id=375958099530101","period":"2026 monitoring locations"}},{"type":"Feature","id":428,"geometry":{"type":"Point","coordinates":[-98.2887,37.99922]},"properties":{"FID":428,"USGS_ID":"380000098171701","LOCAL_WELL":"23S 09W 35CCC 01","website":"https://geohydro.kgs.ku.edu/geohydro/wizard/wizardwelldetail.cfm?usgs_id=380000098171701","name":"23S 09W 35CCC 01","recordUrl":"https://geohydro.kgs.ku.edu/geohydro/wizard/wizardwelldetail.cfm?usgs_id=380000098171701","period":"2026 monitoring locations"}},{"type":"Feature","id":429,"geometry":{"type":"Point","coordinates":[-97.8623,37.97363]},"properties":{"FID":429,"USGS_ID":"375823097514501","LOCAL_WELL":"24S 05W 10CCA 01","website":"https://geohydro.kgs.ku.edu/geohydro/wizard/wizardwelldetail.cfm?usgs_id=375823097514501","name":"24S 05W 10CCA 01","recordUrl":"https://geohydro.kgs.ku.edu/geohydro/wizard/wizardwelldetail.cfm?usgs_id=375823097514501","period":"2026 monitoring locations"}},{"type":"Feature","id":430,"geometry":{"type":"Point","coordinates":[-101.64926,37.9473]},"properties":{"FID":430,"USGS_ID":"375650101390001","LOCAL_WELL":"24S 39W 19CBC 01","website":"https://geohydro.kgs.ku.edu/geohydro/wizard/wizardwelldetail.cfm?usgs_id=375650101390001","name":"24S 39W 19CBC 01","recordUrl":"https://geohydro.kgs.ku.edu/geohydro/wizard/wizardwelldetail.cfm?usgs_id=375650101390001","period":"2026 monitoring locations"}},{"type":"Feature","id":431,"geometry":{"type":"Point","coordinates":[-97.95457,37.94785]},"properties":{"FID":431,"USGS_ID":"375652097571701","LOCAL_WELL":"24S 06W 23CBA 01","website":"https://geohydro.kgs.ku.edu/geohydro/wizard/wizardwelldetail.cfm?usgs_id=375652097571701","name":"24S 06W 23CBA 01","recordUrl":"https://geohydro.kgs.ku.edu/geohydro/wizard/wizardwelldetail.cfm?usgs_id=375652097571701","period":"2026 monitoring locations"}},{"type":"Feature","id":432,"geometry":{"type":"Point","coordinates":[-97.67453,37.99967]},"properties":{"FID":432,"USGS_ID":"380002097401703","LOCAL_WELL":"23S 03W 32DCC 03","website":"https://geohydro.kgs.ku.edu/geohydro/wizard/wizardwelldetail.cfm?usgs_id=380002097401703","name":"23S 03W 32DCC 03","recordUrl":"https://geohydro.kgs.ku.edu/geohydro/wizard/wizardwelldetail.cfm?usgs_id=380002097401703","period":"2026 monitoring locations"}},{"type":"Feature","id":433,"geometry":{"type":"Point","coordinates":[-99.24551,37.96002]},"properties":{"FID":433,"USGS_ID":"375732099144301","LOCAL_WELL":"24S 18W 13DAC 01","website":"https://geohydro.kgs.ku.edu/geohydro/wizard/wizardwelldetail.cfm?usgs_id=375732099144301","name":"24S 18W 13DAC 01","recordUrl":"https://geohydro.kgs.ku.edu/geohydro/wizard/wizardwelldetail.cfm?usgs_id=375732099144301","period":"2026 monitoring locations"}},{"type":"Feature","id":434,"geometry":{"type":"Point","coordinates":[-100.60964,37.95998]},"properties":{"FID":434,"USGS_ID":"375732100363002","LOCAL_WELL":"24S 30W 15CCC 02","website":"https://geohydro.kgs.ku.edu/geohydro/wizard/wizardwelldetail.cfm?usgs_id=375732100363002","name":"24S 30W 15CCC 02","recordUrl":"https://geohydro.kgs.ku.edu/geohydro/wizard/wizardwelldetail.cfm?usgs_id=375732100363002","period":"2026 monitoring locations"}},{"type":"Feature","id":435,"geometry":{"type":"Point","coordinates":[-99.03604,37.97479]},"properties":{"FID":435,"USGS_ID":"375826099022201","LOCAL_WELL":"24S 16W 12CBD 01","website":"https://geohydro.kgs.ku.edu/geohydro/wizard/wizardwelldetail.cfm?usgs_id=375826099022201","name":"24S 16W 12CBD 01","recordUrl":"https://geohydro.kgs.ku.edu/geohydro/wizard/wizardwelldetail.cfm?usgs_id=375826099022201","period":"2026 monitoring locations"}},{"type":"Feature","id":436,"geometry":{"type":"Point","coordinates":[-99.21026,37.94899]},"properties":{"FID":436,"USGS_ID":"375655099123501","LOCAL_WELL":"24S 17W 20ADC 01","website":"https://geohydro.kgs.ku.edu/geohydro/wizard/wizardwelldetail.cfm?usgs_id=375655099123501","name":"24S 17W 20ADC 01","recordUrl":"https://geohydro.kgs.ku.edu/geohydro/wizard/wizardwelldetail.cfm?usgs_id=375655099123501","period":"2026 monitoring locations"}},{"type":"Feature","id":437,"geometry":{"type":"Point","coordinates":[-97.42688,37.94887]},"properties":{"FID":437,"USGS_ID":"375658097252701","LOCAL_WELL":"24S 01W 22BCC 01","website":"https://geohydro.kgs.ku.edu/geohydro/wizard/wizardwelldetail.cfm?usgs_id=375658097252701","name":"24S 01W 22BCC 01","recordUrl":"https://geohydro.kgs.ku.edu/geohydro/wizard/wizardwelldetail.cfm?usgs_id=375658097252701","period":"2026 monitoring locations"}},{"type":"Feature","id":438,"geometry":{"type":"Point","coordinates":[-97.48191,37.94867]},"properties":{"FID":438,"USGS_ID":"375658097284601","LOCAL_WELL":"24S 01W 19BCC 01","website":"https://geohydro.kgs.ku.edu/geohydro/wizard/wizardwelldetail.cfm?usgs_id=375658097284601","name":"24S 01W 19BCC 01","recordUrl":"https://geohydro.kgs.ku.edu/geohydro/wizard/wizardwelldetail.cfm?usgs_id=375658097284601","period":"2026 monitoring locations"}},{"type":"Feature","id":439,"geometry":{"type":"Point","coordinates":[-98.72388,38.00292]},"properties":{"FID":439,"USGS_ID":"380002098433201","LOCAL_WELL":"23S 13W 35CCA 01","website":"https://geohydro.kgs.ku.edu/geohydro/wizard/wizardwelldetail.cfm?usgs_id=380002098433201","name":"23S 13W 35CCA 01","recordUrl":"https://geohydro.kgs.ku.edu/geohydro/wizard/wizardwelldetail.cfm?usgs_id=380002098433201","period":"2026 monitoring locations"}},{"type":"Feature","id":440,"geometry":{"type":"Point","coordinates":[-98.48619,38.00211]},"properties":{"FID":440,"USGS_ID":"380004098291501","LOCAL_WELL":"23S 11W 36CCA 01","website":"https://geohydro.kgs.ku.edu/geohydro/wizard/wizardwelldetail.cfm?usgs_id=380004098291501","name":"23S 11W 36CCA 01","recordUrl":"https://geohydro.kgs.ku.edu/geohydro/wizard/wizardwelldetail.cfm?usgs_id=380004098291501","period":"2026 monitoring locations"}},{"type":"Feature","id":441,"geometry":{"type":"Point","coordinates":[-100.55314,37.96071]},"properties":{"FID":441,"USGS_ID":"375736100331301","LOCAL_WELL":"24S 29W 18CCB 01","website":"https://geohydro.kgs.ku.edu/geohydro/wizard/wizardwelldetail.cfm?usgs_id=375736100331301","name":"24S 29W 18CCB 01","recordUrl":"https://geohydro.kgs.ku.edu/geohydro/wizard/wizardwelldetail.cfm?usgs_id=375736100331301","period":"2026 monitoring locations"}},{"type":"Feature","id":442,"geometry":{"type":"Point","coordinates":[-98.66848,37.96267]},"properties":{"FID":442,"USGS_ID":"375738098400601","LOCAL_WELL":"24S 12W 17CAB 01","website":"https://geohydro.kgs.ku.edu/geohydro/wizard/wizardwelldetail.cfm?usgs_id=375738098400601","name":"24S 12W 17CAB 01","recordUrl":"https://geohydro.kgs.ku.edu/geohydro/wizard/wizardwelldetail.cfm?usgs_id=375738098400601","period":"2026 monitoring locations"}},{"type":"Feature","id":443,"geometry":{"type":"Point","coordinates":[-101.24866,37.95018]},"properties":{"FID":443,"USGS_ID":"375702101145602","LOCAL_WELL":"24S 36W 23CBB 02","website":"https://geohydro.kgs.ku.edu/geohydro/wizard/wizardwelldetail.cfm?usgs_id=375702101145602","name":"24S 36W 23CBB 02","recordUrl":"https://geohydro.kgs.ku.edu/geohydro/wizard/wizardwelldetail.cfm?usgs_id=375702101145602","period":"2026 monitoring locations"}},{"type":"Feature","id":444,"geometry":{"type":"Point","coordinates":[-99.00427,38.21824]},"properties":{"FID":444,"USGS_ID":"381316098595801","LOCAL_WELL":"21S 15W 17CCC 01","website":"https://geohydro.kgs.ku.edu/geohydro/wizard/wizardwelldetail.cfm?usgs_id=381316098595801","name":"21S 15W 17CCC 01","recordUrl":"https://geohydro.kgs.ku.edu/geohydro/wizard/wizardwelldetail.cfm?usgs_id=381316098595801","period":"2026 monitoring locations"}},{"type":"Feature","id":445,"geometry":{"type":"Point","coordinates":[-97.69943,38.2514]},"properties":{"FID":445,"USGS_ID":"381504097415701","LOCAL_WELL":"21S 03W 06CBD 01","website":"https://geohydro.kgs.ku.edu/geohydro/wizard/wizardwelldetail.cfm?usgs_id=381504097415701","name":"21S 03W 06CBD 01","recordUrl":"https://geohydro.kgs.ku.edu/geohydro/wizard/wizardwelldetail.cfm?usgs_id=381504097415701","period":"2026 monitoring locations"}},{"type":"Feature","id":446,"geometry":{"type":"Point","coordinates":[-98.31699,38.28258]},"properties":{"FID":446,"USGS_ID":"381701098190001","LOCAL_WELL":"20S 09W 28ACD 01","website":"https://geohydro.kgs.ku.edu/geohydro/wizard/wizardwelldetail.cfm?usgs_id=381701098190001","name":"20S 09W 28ACD 01","recordUrl":"https://geohydro.kgs.ku.edu/geohydro/wizard/wizardwelldetail.cfm?usgs_id=381701098190001","period":"2026 monitoring locations"}},{"type":"Feature","id":447,"geometry":{"type":"Point","coordinates":[-101.51576,38.28486]},"properties":{"FID":447,"USGS_ID":"381702101305601","LOCAL_WELL":"20S 38W 28DAB 01","website":"https://geohydro.kgs.ku.edu/geohydro/wizard/wizardwelldetail.cfm?usgs_id=381702101305601","name":"20S 38W 28DAB 01","recordUrl":"https://geohydro.kgs.ku.edu/geohydro/wizard/wizardwelldetail.cfm?usgs_id=381702101305601","period":"2026 monitoring locations"}},{"type":"Feature","id":448,"geometry":{"type":"Point","coordinates":[-101.02095,38.22853]},"properties":{"FID":448,"USGS_ID":"381340101010701","LOCAL_WELL":"21S 34W 14DBB 01","website":"https://geohydro.kgs.ku.edu/geohydro/wizard/wizardwelldetail.cfm?usgs_id=381340101010701","name":"21S 34W 14DBB 01","recordUrl":"https://geohydro.kgs.ku.edu/geohydro/wizard/wizardwelldetail.cfm?usgs_id=381340101010701","period":"2026 monitoring locations"}},{"type":"Feature","id":449,"geometry":{"type":"Point","coordinates":[-98.50267,38.28583]},"properties":{"FID":449,"USGS_ID":"381714098300701","LOCAL_WELL":"20S 11W 26AAC 01","website":"https://geohydro.kgs.ku.edu/geohydro/wizard/wizardwelldetail.cfm?usgs_id=381714098300701","name":"20S 11W 26AAC 01","recordUrl":"https://geohydro.kgs.ku.edu/geohydro/wizard/wizardwelldetail.cfm?usgs_id=381714098300701","period":"2026 monitoring locations"}},{"type":"Feature","id":450,"geometry":{"type":"Point","coordinates":[-100.90174,38.28689]},"properties":{"FID":450,"USGS_ID":"381716100540601","LOCAL_WELL":"20S 32W 30BCD 01","website":"https://geohydro.kgs.ku.edu/geohydro/wizard/wizardwelldetail.cfm?usgs_id=381716100540601","name":"20S 32W 30BCD 01","recordUrl":"https://geohydro.kgs.ku.edu/geohydro/wizard/wizardwelldetail.cfm?usgs_id=381716100540601","period":"2026 monitoring locations"}},{"type":"Feature","id":451,"geometry":{"type":"Point","coordinates":[-98.42364,38.28842]},"properties":{"FID":451,"USGS_ID":"381718098251501","LOCAL_WELL":"20S 10W 27BBB 01","website":"https://geohydro.kgs.ku.edu/geohydro/wizard/wizardwelldetail.cfm?usgs_id=381718098251501","name":"20S 10W 27BBB 01","recordUrl":"https://geohydro.kgs.ku.edu/geohydro/wizard/wizardwelldetail.cfm?usgs_id=381718098251501","period":"2026 monitoring locations"}},{"type":"Feature","id":452,"geometry":{"type":"Point","coordinates":[-100.23942,38.32802]},"properties":{"FID":452,"USGS_ID":"381946100141801","LOCAL_WELL":"20S 26W 07BDC 01","website":"https://geohydro.kgs.ku.edu/geohydro/wizard/wizardwelldetail.cfm?usgs_id=381946100141801","name":"20S 26W 07BDC 01","recordUrl":"https://geohydro.kgs.ku.edu/geohydro/wizard/wizardwelldetail.cfm?usgs_id=381946100141801","period":"2026 monitoring locations"}},{"type":"Feature","id":453,"geometry":{"type":"Point","coordinates":[-98.79768,38.26466]},"properties":{"FID":453,"USGS_ID":"381554098474901","LOCAL_WELL":"20S 13W 31D 01","website":"https://geohydro.kgs.ku.edu/geohydro/wizard/wizardwelldetail.cfm?usgs_id=381554098474901","name":"20S 13W 31D 01","recordUrl":"https://geohydro.kgs.ku.edu/geohydro/wizard/wizardwelldetail.cfm?usgs_id=381554098474901","period":"2026 monitoring locations"}},{"type":"Feature","id":454,"geometry":{"type":"Point","coordinates":[-101.02985,38.26497]},"properties":{"FID":454,"USGS_ID":"381557101014701","LOCAL_WELL":"20S 34W 36CCD 01","website":"https://geohydro.kgs.ku.edu/geohydro/wizard/wizardwelldetail.cfm?usgs_id=381557101014701","name":"20S 34W 36CCD 01","recordUrl":"https://geohydro.kgs.ku.edu/geohydro/wizard/wizardwelldetail.cfm?usgs_id=381557101014701","period":"2026 monitoring locations"}},{"type":"Feature","id":455,"geometry":{"type":"Point","coordinates":[-98.92635,38.29217]},"properties":{"FID":455,"USGS_ID":"381739098552101","LOCAL_WELL":"20S 15W 24DBD 01","website":"https://geohydro.kgs.ku.edu/geohydro/wizard/wizardwelldetail.cfm?usgs_id=381739098552101","name":"20S 15W 24DBD 01","recordUrl":"https://geohydro.kgs.ku.edu/geohydro/wizard/wizardwelldetail.cfm?usgs_id=381739098552101","period":"2026 monitoring locations"}},{"type":"Feature","id":456,"geometry":{"type":"Point","coordinates":[-97.63239,38.29614]},"properties":{"FID":456,"USGS_ID":"381747097375101","LOCAL_WELL":"20S 03W 22DAA 01","website":"https://geohydro.kgs.ku.edu/geohydro/wizard/wizardwelldetail.cfm?usgs_id=381747097375101","name":"20S 03W 22DAA 01","recordUrl":"https://geohydro.kgs.ku.edu/geohydro/wizard/wizardwelldetail.cfm?usgs_id=381747097375101","period":"2026 monitoring locations"}},{"type":"Feature","id":457,"geometry":{"type":"Point","coordinates":[-101.06435,38.32264]},"properties":{"FID":457,"USGS_ID":"381920101034501","LOCAL_WELL":"20S 34W 15BAA 01","website":"https://geohydro.kgs.ku.edu/geohydro/wizard/wizardwelldetail.cfm?usgs_id=381920101034501","name":"20S 34W 15BAA 01","recordUrl":"https://geohydro.kgs.ku.edu/geohydro/wizard/wizardwelldetail.cfm?usgs_id=381920101034501","period":"2026 monitoring locations"}},{"type":"Feature","id":458,"geometry":{"type":"Point","coordinates":[-98.2114,38.23528]},"properties":{"FID":458,"USGS_ID":"381411098125601","LOCAL_WELL":"21S 08W 09CBD 01","website":"https://geohydro.kgs.ku.edu/geohydro/wizard/wizardwelldetail.cfm?usgs_id=381411098125601","name":"21S 08W 09CBD 01","recordUrl":"https://geohydro.kgs.ku.edu/geohydro/wizard/wizardwelldetail.cfm?usgs_id=381411098125601","period":"2026 monitoring locations"}},{"type":"Feature","id":459,"geometry":{"type":"Point","coordinates":[-99.73133,38.26975]},"properties":{"FID":459,"USGS_ID":"381609099434801","LOCAL_WELL":"20S 22W 35BCC 01","website":"https://geohydro.kgs.ku.edu/geohydro/wizard/wizardwelldetail.cfm?usgs_id=381609099434801","name":"20S 22W 35BCC 01","recordUrl":"https://geohydro.kgs.ku.edu/geohydro/wizard/wizardwelldetail.cfm?usgs_id=381609099434801","period":"2026 monitoring locations"}},{"type":"Feature","id":460,"geometry":{"type":"Point","coordinates":[-98.94926,38.23981]},"properties":{"FID":460,"USGS_ID":"381419098565201","LOCAL_WELL":"21S 15W 11CBB 01","website":"https://geohydro.kgs.ku.edu/geohydro/wizard/wizardwelldetail.cfm?usgs_id=381419098565201","name":"21S 15W 11CBB 01","recordUrl":"https://geohydro.kgs.ku.edu/geohydro/wizard/wizardwelldetail.cfm?usgs_id=381419098565201","period":"2026 monitoring locations"}},{"type":"Feature","id":461,"geometry":{"type":"Point","coordinates":[-101.64896,38.24049]},"properties":{"FID":461,"USGS_ID":"381422101385501","LOCAL_WELL":"21S 39W 07CBA 01","website":"https://geohydro.kgs.ku.edu/geohydro/wizard/wizardwelldetail.cfm?usgs_id=381422101385501","name":"21S 39W 07CBA 01","recordUrl":"https://geohydro.kgs.ku.edu/geohydro/wizard/wizardwelldetail.cfm?usgs_id=381422101385501","period":"2026 monitoring locations"}},{"type":"Feature","id":462,"geometry":{"type":"Point","coordinates":[-100.91164,38.27044]},"properties":{"FID":462,"USGS_ID":"381611100545501","LOCAL_WELL":"20S 33W 36CAD 01","website":"https://geohydro.kgs.ku.edu/geohydro/wizard/wizardwelldetail.cfm?usgs_id=381611100545501","name":"20S 33W 36CAD 01","recordUrl":"https://geohydro.kgs.ku.edu/geohydro/wizard/wizardwelldetail.cfm?usgs_id=381611100545501","period":"2026 monitoring locations"}},{"type":"Feature","id":463,"geometry":{"type":"Point","coordinates":[-98.97906,38.27002]},"properties":{"FID":463,"USGS_ID":"381614098583801","LOCAL_WELL":"20S 15W 33ADD 01","website":"https://geohydro.kgs.ku.edu/geohydro/wizard/wizardwelldetail.cfm?usgs_id=381614098583801","name":"20S 15W 33ADD 01","recordUrl":"https://geohydro.kgs.ku.edu/geohydro/wizard/wizardwelldetail.cfm?usgs_id=381614098583801","period":"2026 monitoring locations"}},{"type":"Feature","id":464,"geometry":{"type":"Point","coordinates":[-97.42655,38.30392]},"properties":{"FID":464,"USGS_ID":"381813097253201","LOCAL_WELL":"20S 01W 22BBB 01","website":"https://geohydro.kgs.ku.edu/geohydro/wizard/wizardwelldetail.cfm?usgs_id=381813097253201","name":"20S 01W 22BBB 01","recordUrl":"https://geohydro.kgs.ku.edu/geohydro/wizard/wizardwelldetail.cfm?usgs_id=381813097253201","period":"2026 monitoring locations"}},{"type":"Feature","id":465,"geometry":{"type":"Point","coordinates":[-98.18475,38.30277]},"properties":{"FID":465,"USGS_ID":"381813098110101","LOCAL_WELL":"20S 08W 22AAA 01","website":"https://geohydro.kgs.ku.edu/geohydro/wizard/wizardwelldetail.cfm?usgs_id=381813098110101","name":"20S 08W 22AAA 01","recordUrl":"https://geohydro.kgs.ku.edu/geohydro/wizard/wizardwelldetail.cfm?usgs_id=381813098110101","period":"2026 monitoring locations"}},{"type":"Feature","id":466,"geometry":{"type":"Point","coordinates":[-98.58108,38.24627]},"properties":{"FID":466,"USGS_ID":"381444098345101","LOCAL_WELL":"21S 11W 07BBB 01","website":"https://geohydro.kgs.ku.edu/geohydro/wizard/wizardwelldetail.cfm?usgs_id=381444098345101","name":"21S 11W 07BBB 01","recordUrl":"https://geohydro.kgs.ku.edu/geohydro/wizard/wizardwelldetail.cfm?usgs_id=381444098345101","period":"2026 monitoring locations"}},{"type":"Feature","id":467,"geometry":{"type":"Point","coordinates":[-98.275,38.24792]},"properties":{"FID":467,"USGS_ID":"381453098163801","LOCAL_WELL":"21S 09W 02DDA 01","website":"https://geohydro.kgs.ku.edu/geohydro/wizard/wizardwelldetail.cfm?usgs_id=381453098163801","name":"21S 09W 02DDA 01","recordUrl":"https://geohydro.kgs.ku.edu/geohydro/wizard/wizardwelldetail.cfm?usgs_id=381453098163801","period":"2026 monitoring locations"}},{"type":"Feature","id":468,"geometry":{"type":"Point","coordinates":[-98.77926,38.30469]},"properties":{"FID":468,"USGS_ID":"381821098463901","LOCAL_WELL":"20S 13W 17DDC 01","website":"https://geohydro.kgs.ku.edu/geohydro/wizard/wizardwelldetail.cfm?usgs_id=381821098463901","name":"20S 13W 17DDC 01","recordUrl":"https://geohydro.kgs.ku.edu/geohydro/wizard/wizardwelldetail.cfm?usgs_id=381821098463901","period":"2026 monitoring locations"}},{"type":"Feature","id":469,"geometry":{"type":"Point","coordinates":[-100.96614,38.30651]},"properties":{"FID":469,"USGS_ID":"381826100575701","LOCAL_WELL":"20S 33W 21ABA 01","website":"https://geohydro.kgs.ku.edu/geohydro/wizard/wizardwelldetail.cfm?usgs_id=381826100575701","name":"20S 33W 21ABA 01","recordUrl":"https://geohydro.kgs.ku.edu/geohydro/wizard/wizardwelldetail.cfm?usgs_id=381826100575701","period":"2026 monitoring locations"}},{"type":"Feature","id":470,"geometry":{"type":"Point","coordinates":[-98.69255,38.24861]},"properties":{"FID":470,"USGS_ID":"381456098412802","LOCAL_WELL":"21S 12W 06CCB 02","website":"https://geohydro.kgs.ku.edu/geohydro/wizard/wizardwelldetail.cfm?usgs_id=381456098412802","name":"21S 12W 06CCB 02","recordUrl":"https://geohydro.kgs.ku.edu/geohydro/wizard/wizardwelldetail.cfm?usgs_id=381456098412802","period":"2026 monitoring locations"}},{"type":"Feature","id":471,"geometry":{"type":"Point","coordinates":[-100.72481,38.31419]},"properties":{"FID":471,"USGS_ID":"381852100432401","LOCAL_WELL":"20S 31W 15DAB 01","website":"https://geohydro.kgs.ku.edu/geohydro/wizard/wizardwelldetail.cfm?usgs_id=381852100432401","name":"20S 31W 15DAB 01","recordUrl":"https://geohydro.kgs.ku.edu/geohydro/wizard/wizardwelldetail.cfm?usgs_id=381852100432401","period":"2026 monitoring locations"}},{"type":"Feature","id":472,"geometry":{"type":"Point","coordinates":[-101.54495,38.3107]},"properties":{"FID":472,"USGS_ID":"381840101324401","LOCAL_WELL":"20S 38W 17CBD 01","website":"https://geohydro.kgs.ku.edu/geohydro/wizard/wizardwelldetail.cfm?usgs_id=381840101324401","name":"20S 38W 17CBD 01","recordUrl":"https://geohydro.kgs.ku.edu/geohydro/wizard/wizardwelldetail.cfm?usgs_id=381840101324401","period":"2026 monitoring locations"}},{"type":"Feature","id":473,"geometry":{"type":"Point","coordinates":[-100.70114,38.19191]},"properties":{"FID":473,"USGS_ID":"381134100420001","LOCAL_WELL":"21S 31W 26CCC 01","website":"https://geohydro.kgs.ku.edu/geohydro/wizard/wizardwelldetail.cfm?usgs_id=381134100420001","name":"21S 31W 26CCC 01","recordUrl":"https://geohydro.kgs.ku.edu/geohydro/wizard/wizardwelldetail.cfm?usgs_id=381134100420001","period":"2026 monitoring locations"}},{"type":"Feature","id":474,"geometry":{"type":"Point","coordinates":[-97.48604,38.18463]},"properties":{"FID":474,"USGS_ID":"381102097291201","LOCAL_WELL":"21S 02W 36ABD 01","website":"https://geohydro.kgs.ku.edu/geohydro/wizard/wizardwelldetail.cfm?usgs_id=381102097291201","name":"21S 02W 36ABD 01","recordUrl":"https://geohydro.kgs.ku.edu/geohydro/wizard/wizardwelldetail.cfm?usgs_id=381102097291201","period":"2026 monitoring locations"}},{"type":"Feature","id":475,"geometry":{"type":"Point","coordinates":[-98.26598,38.11385]},"properties":{"FID":475,"USGS_ID":"380652098160901","LOCAL_WELL":"22S 09W 25BBA 01","website":"https://geohydro.kgs.ku.edu/geohydro/wizard/wizardwelldetail.cfm?usgs_id=380652098160901","name":"22S 09W 25BBA 01","recordUrl":"https://geohydro.kgs.ku.edu/geohydro/wizard/wizardwelldetail.cfm?usgs_id=380652098160901","period":"2026 monitoring locations"}},{"type":"Feature","id":476,"geometry":{"type":"Point","coordinates":[-97.56947,38.11588]},"properties":{"FID":476,"USGS_ID":"380653097340801","LOCAL_WELL":"22S 02W 29BBA 01","website":"https://geohydro.kgs.ku.edu/geohydro/wizard/wizardwelldetail.cfm?usgs_id=380653097340801","name":"22S 02W 29BBA 01","recordUrl":"https://geohydro.kgs.ku.edu/geohydro/wizard/wizardwelldetail.cfm?usgs_id=380653097340801","period":"2026 monitoring locations"}},{"type":"Feature","id":477,"geometry":{"type":"Point","coordinates":[-99.80506,37.82364]},"properties":{"FID":477,"USGS_ID":"374925099482001","LOCAL_WELL":"26S 23W 02ABB 02","website":"https://geohydro.kgs.ku.edu/geohydro/wizard/wizardwelldetail.cfm?usgs_id=374925099482001","name":"26S 23W 02ABB 02","recordUrl":"https://geohydro.kgs.ku.edu/geohydro/wizard/wizardwelldetail.cfm?usgs_id=374925099482001","period":"2026 monitoring locations"}},{"type":"Feature","id":478,"geometry":{"type":"Point","coordinates":[-99.69688,38.13154]},"properties":{"FID":478,"USGS_ID":"380752099414101","LOCAL_WELL":"22S 22W 13CCC 01","website":"https://geohydro.kgs.ku.edu/geohydro/wizard/wizardwelldetail.cfm?usgs_id=380752099414101","name":"22S 22W 13CCC 01","recordUrl":"https://geohydro.kgs.ku.edu/geohydro/wizard/wizardwelldetail.cfm?usgs_id=380752099414101","period":"2026 monitoring locations"}},{"type":"Feature","id":479,"geometry":{"type":"Point","coordinates":[-98.83478,38.13422]},"properties":{"FID":479,"USGS_ID":"380757098500901","LOCAL_WELL":"22S 14W 14CCA 01","website":"https://geohydro.kgs.ku.edu/geohydro/wizard/wizardwelldetail.cfm?usgs_id=380757098500901","name":"22S 14W 14CCA 01","recordUrl":"https://geohydro.kgs.ku.edu/geohydro/wizard/wizardwelldetail.cfm?usgs_id=380757098500901","period":"2026 monitoring locations"}},{"type":"Feature","id":480,"geometry":{"type":"Point","coordinates":[-98.45455,38.1583]},"properties":{"FID":480,"USGS_ID":"380929098272701","LOCAL_WELL":"22S 10W 08BBB 01","website":"https://geohydro.kgs.ku.edu/geohydro/wizard/wizardwelldetail.cfm?usgs_id=380929098272701","name":"22S 10W 08BBB 01","recordUrl":"https://geohydro.kgs.ku.edu/geohydro/wizard/wizardwelldetail.cfm?usgs_id=380929098272701","period":"2026 monitoring locations"}},{"type":"Feature","id":481,"geometry":{"type":"Point","coordinates":[-98.30294,38.16987]},"properties":{"FID":481,"USGS_ID":"381015098182501","LOCAL_WELL":"22S 09W 03BBD 01","website":"https://geohydro.kgs.ku.edu/geohydro/wizard/wizardwelldetail.cfm?usgs_id=381015098182501","name":"22S 09W 03BBD 01","recordUrl":"https://geohydro.kgs.ku.edu/geohydro/wizard/wizardwelldetail.cfm?usgs_id=381015098182501","period":"2026 monitoring locations"}},{"type":"Feature","id":482,"geometry":{"type":"Point","coordinates":[-99.2232,38.1723]},"properties":{"FID":482,"USGS_ID":"381015099132702","LOCAL_WELL":"22S 17W 05BBC 02","website":"https://geohydro.kgs.ku.edu/geohydro/wizard/wizardwelldetail.cfm?usgs_id=381015099132702","name":"22S 17W 05BBC 02","recordUrl":"https://geohydro.kgs.ku.edu/geohydro/wizard/wizardwelldetail.cfm?usgs_id=381015099132702","period":"2026 monitoring locations"}},{"type":"Feature","id":483,"geometry":{"type":"Point","coordinates":[-100.79264,38.19925]},"properties":{"FID":483,"USGS_ID":"381155100473701","LOCAL_WELL":"21S 32W 26DAA 01","website":"https://geohydro.kgs.ku.edu/geohydro/wizard/wizardwelldetail.cfm?usgs_id=381155100473701","name":"21S 32W 26DAA 01","recordUrl":"https://geohydro.kgs.ku.edu/geohydro/wizard/wizardwelldetail.cfm?usgs_id=381155100473701","period":"2026 monitoring locations"}},{"type":"Feature","id":484,"geometry":{"type":"Point","coordinates":[-99.44246,38.16075]},"properties":{"FID":484,"USGS_ID":"380930099263001","LOCAL_WELL":"22S 19W 07AAA 01","website":"https://geohydro.kgs.ku.edu/geohydro/wizard/wizardwelldetail.cfm?usgs_id=380930099263001","name":"22S 19W 07AAA 01","recordUrl":"https://geohydro.kgs.ku.edu/geohydro/wizard/wizardwelldetail.cfm?usgs_id=380930099263001","period":"2026 monitoring locations"}},{"type":"Feature","id":485,"geometry":{"type":"Point","coordinates":[-98.38956,38.15904]},"properties":{"FID":485,"USGS_ID":"380935098233201","LOCAL_WELL":"22S 10W 02DCC 01","website":"https://geohydro.kgs.ku.edu/geohydro/wizard/wizardwelldetail.cfm?usgs_id=380935098233201","name":"22S 10W 02DCC 01","recordUrl":"https://geohydro.kgs.ku.edu/geohydro/wizard/wizardwelldetail.cfm?usgs_id=380935098233201","period":"2026 monitoring locations"}},{"type":"Feature","id":486,"geometry":{"type":"Point","coordinates":[-99.12804,38.17416]},"properties":{"FID":486,"USGS_ID":"381021099074601","LOCAL_WELL":"22S 16W 06BBA 01","website":"https://geohydro.kgs.ku.edu/geohydro/wizard/wizardwelldetail.cfm?usgs_id=381021099074601","name":"22S 16W 06BBA 01","recordUrl":"https://geohydro.kgs.ku.edu/geohydro/wizard/wizardwelldetail.cfm?usgs_id=381021099074601","period":"2026 monitoring locations"}},{"type":"Feature","id":487,"geometry":{"type":"Point","coordinates":[-98.94935,38.17417]},"properties":{"FID":487,"USGS_ID":"381022098570001","LOCAL_WELL":"22S 15W 03AAA 01","website":"https://geohydro.kgs.ku.edu/geohydro/wizard/wizardwelldetail.cfm?usgs_id=381022098570001","name":"22S 15W 03AAA 01","recordUrl":"https://geohydro.kgs.ku.edu/geohydro/wizard/wizardwelldetail.cfm?usgs_id=381022098570001","period":"2026 monitoring locations"}},{"type":"Feature","id":488,"geometry":{"type":"Point","coordinates":[-101.02962,38.13403]},"properties":{"FID":488,"USGS_ID":"380802101014501","LOCAL_WELL":"22S 34W 23BBBB 01","website":"https://geohydro.kgs.ku.edu/geohydro/wizard/wizardwelldetail.cfm?usgs_id=380802101014501","name":"22S 34W 23BBBB 01","recordUrl":"https://geohydro.kgs.ku.edu/geohydro/wizard/wizardwelldetail.cfm?usgs_id=380802101014501","period":"2026 monitoring locations"}},{"type":"Feature","id":489,"geometry":{"type":"Point","coordinates":[-97.61705,38.1597]},"properties":{"FID":489,"USGS_ID":"380937097365501","LOCAL_WELL":"22S 03W 02DCD 01","website":"https://geohydro.kgs.ku.edu/geohydro/wizard/wizardwelldetail.cfm?usgs_id=380937097365501","name":"22S 03W 02DCD 01","recordUrl":"https://geohydro.kgs.ku.edu/geohydro/wizard/wizardwelldetail.cfm?usgs_id=380937097365501","period":"2026 monitoring locations"}},{"type":"Feature","id":490,"geometry":{"type":"Point","coordinates":[-98.94941,38.17407]},"properties":{"FID":490,"USGS_ID":"381022098570002","LOCAL_WELL":"22S 15W 03AAA 02","website":"https://geohydro.kgs.ku.edu/geohydro/wizard/wizardwelldetail.cfm?usgs_id=381022098570002","name":"22S 15W 03AAA 02","recordUrl":"https://geohydro.kgs.ku.edu/geohydro/wizard/wizardwelldetail.cfm?usgs_id=381022098570002","period":"2026 monitoring locations"}},{"type":"Feature","id":491,"geometry":{"type":"Point","coordinates":[-99.55218,38.20402]},"properties":{"FID":491,"USGS_ID":"381207099325201","LOCAL_WELL":"21S 20W 29BBB 01","website":"https://geohydro.kgs.ku.edu/geohydro/wizard/wizardwelldetail.cfm?usgs_id=381207099325201","name":"21S 20W 29BBB 01","recordUrl":"https://geohydro.kgs.ku.edu/geohydro/wizard/wizardwelldetail.cfm?usgs_id=381207099325201","period":"2026 monitoring locations"}},{"type":"Feature","id":492,"geometry":{"type":"Point","coordinates":[-97.69993,38.28691]},"properties":{"FID":492,"USGS_ID":"381713097415901","LOCAL_WELL":"20S 03W 30BBD 01","website":"https://geohydro.kgs.ku.edu/geohydro/wizard/wizardwelldetail.cfm?usgs_id=381713097415901","name":"20S 03W 30BBD 01","recordUrl":"https://geohydro.kgs.ku.edu/geohydro/wizard/wizardwelldetail.cfm?usgs_id=381713097415901","period":"2026 monitoring locations"}},{"type":"Feature","id":493,"geometry":{"type":"Point","coordinates":[-100.24752,38.13934]},"properties":{"FID":493,"USGS_ID":"380823100144801","LOCAL_WELL":"22S 27W 14ADC 01","website":"https://geohydro.kgs.ku.edu/geohydro/wizard/wizardwelldetail.cfm?usgs_id=380823100144801","name":"22S 27W 14ADC 01","recordUrl":"https://geohydro.kgs.ku.edu/geohydro/wizard/wizardwelldetail.cfm?usgs_id=380823100144801","period":"2026 monitoring locations"}},{"type":"Feature","id":494,"geometry":{"type":"Point","coordinates":[-99.07595,38.16368]},"properties":{"FID":494,"USGS_ID":"380949099043602","LOCAL_WELL":"22S 16W 03CBC 02","website":"https://geohydro.kgs.ku.edu/geohydro/wizard/wizardwelldetail.cfm?usgs_id=380949099043602","name":"22S 16W 03CBC 02","recordUrl":"https://geohydro.kgs.ku.edu/geohydro/wizard/wizardwelldetail.cfm?usgs_id=380949099043602","period":"2026 monitoring locations"}},{"type":"Feature","id":495,"geometry":{"type":"Point","coordinates":[-97.57168,38.16343]},"properties":{"FID":495,"USGS_ID":"380950097340901","LOCAL_WELL":"22S 02W 05CBD 01","website":"https://geohydro.kgs.ku.edu/geohydro/wizard/wizardwelldetail.cfm?usgs_id=380950097340901","name":"22S 02W 05CBD 01","recordUrl":"https://geohydro.kgs.ku.edu/geohydro/wizard/wizardwelldetail.cfm?usgs_id=380950097340901","period":"2026 monitoring locations"}},{"type":"Feature","id":496,"geometry":{"type":"Point","coordinates":[-98.14931,38.20117]},"properties":{"FID":496,"USGS_ID":"381203098090501","LOCAL_WELL":"21S 08W 25ABB 01","website":"https://geohydro.kgs.ku.edu/geohydro/wizard/wizardwelldetail.cfm?usgs_id=381203098090501","name":"21S 08W 25ABB 01","recordUrl":"https://geohydro.kgs.ku.edu/geohydro/wizard/wizardwelldetail.cfm?usgs_id=381203098090501","period":"2026 monitoring locations"}},{"type":"Feature","id":497,"geometry":{"type":"Point","coordinates":[-98.03218,38.1406]},"properties":{"FID":497,"USGS_ID":"380825098015601","LOCAL_WELL":"22S 06W 18BCB 01","website":"https://geohydro.kgs.ku.edu/geohydro/wizard/wizardwelldetail.cfm?usgs_id=380825098015601","name":"22S 06W 18BCB 01","recordUrl":"https://geohydro.kgs.ku.edu/geohydro/wizard/wizardwelldetail.cfm?usgs_id=380825098015601","period":"2026 monitoring locations"}},{"type":"Feature","id":498,"geometry":{"type":"Point","coordinates":[-99.9448,38.1424]},"properties":{"FID":498,"USGS_ID":"380827099564301","LOCAL_WELL":"22S 24W 15BDA 01","website":"https://geohydro.kgs.ku.edu/geohydro/wizard/wizardwelldetail.cfm?usgs_id=380827099564301","name":"22S 24W 15BDA 01","recordUrl":"https://geohydro.kgs.ku.edu/geohydro/wizard/wizardwelldetail.cfm?usgs_id=380827099564301","period":"2026 monitoring locations"}},{"type":"Feature","id":499,"geometry":{"type":"Point","coordinates":[-98.22359,38.18007]},"properties":{"FID":499,"USGS_ID":"381048098133501","LOCAL_WELL":"21S 08W 32DBB 01","website":"https://geohydro.kgs.ku.edu/geohydro/wizard/wizardwelldetail.cfm?usgs_id=381048098133501","name":"21S 08W 32DBB 01","recordUrl":"https://geohydro.kgs.ku.edu/geohydro/wizard/wizardwelldetail.cfm?usgs_id=381048098133501","period":"2026 monitoring locations"}},{"type":"Feature","id":500,"geometry":{"type":"Point","coordinates":[-100.97535,38.20485]},"properties":{"FID":500,"USGS_ID":"381215100582401","LOCAL_WELL":"21S 33W 29BBC 01","website":"https://geohydro.kgs.ku.edu/geohydro/wizard/wizardwelldetail.cfm?usgs_id=381215100582401","name":"21S 33W 29BBC 01","recordUrl":"https://geohydro.kgs.ku.edu/geohydro/wizard/wizardwelldetail.cfm?usgs_id=381215100582401","period":"2026 monitoring locations"}},{"type":"Feature","id":501,"geometry":{"type":"Point","coordinates":[-99.22338,38.14335]},"properties":{"FID":501,"USGS_ID":"380830099133401","LOCAL_WELL":"22S 17W 18AAD 01","website":"https://geohydro.kgs.ku.edu/geohydro/wizard/wizardwelldetail.cfm?usgs_id=380830099133401","name":"22S 17W 18AAD 01","recordUrl":"https://geohydro.kgs.ku.edu/geohydro/wizard/wizardwelldetail.cfm?usgs_id=380830099133401","period":"2026 monitoring locations"}},{"type":"Feature","id":502,"geometry":{"type":"Point","coordinates":[-100.66136,38.1432]},"properties":{"FID":502,"USGS_ID":"380835100393801","LOCAL_WELL":"22S 30W 18BCA 01","website":"https://geohydro.kgs.ku.edu/geohydro/wizard/wizardwelldetail.cfm?usgs_id=380835100393801","name":"22S 30W 18BCA 01","recordUrl":"https://geohydro.kgs.ku.edu/geohydro/wizard/wizardwelldetail.cfm?usgs_id=380835100393801","period":"2026 monitoring locations"}},{"type":"Feature","id":503,"geometry":{"type":"Point","coordinates":[-97.66538,38.1865]},"properties":{"FID":503,"USGS_ID":"381109097395001","LOCAL_WELL":"21S 03W 33BBC 01","website":"https://geohydro.kgs.ku.edu/geohydro/wizard/wizardwelldetail.cfm?usgs_id=381109097395001","name":"21S 03W 33BBC 01","recordUrl":"https://geohydro.kgs.ku.edu/geohydro/wizard/wizardwelldetail.cfm?usgs_id=381109097395001","period":"2026 monitoring locations"}},{"type":"Feature","id":504,"geometry":{"type":"Point","coordinates":[-99.04224,38.13078]},"properties":{"FID":504,"USGS_ID":"380744099023201","LOCAL_WELL":"22S 16W 23AAA 01","website":"https://geohydro.kgs.ku.edu/geohydro/wizard/wizardwelldetail.cfm?usgs_id=380744099023201","name":"22S 16W 23AAA 01","recordUrl":"https://geohydro.kgs.ku.edu/geohydro/wizard/wizardwelldetail.cfm?usgs_id=380744099023201","period":"2026 monitoring locations"}},{"type":"Feature","id":505,"geometry":{"type":"Point","coordinates":[-99.91739,38.10477]},"properties":{"FID":505,"USGS_ID":"380616099550401","LOCAL_WELL":"22S 24W 26DDA 01","website":"https://geohydro.kgs.ku.edu/geohydro/wizard/wizardwelldetail.cfm?usgs_id=380616099550401","name":"22S 24W 26DDA 01","recordUrl":"https://geohydro.kgs.ku.edu/geohydro/wizard/wizardwelldetail.cfm?usgs_id=380616099550401","period":"2026 monitoring locations"}},{"type":"Feature","id":506,"geometry":{"type":"Point","coordinates":[-98.76642,38.10419]},"properties":{"FID":506,"USGS_ID":"380617098460101","LOCAL_WELL":"22S 13W 29DAD 01","website":"https://geohydro.kgs.ku.edu/geohydro/wizard/wizardwelldetail.cfm?usgs_id=380617098460101","name":"22S 13W 29DAD 01","recordUrl":"https://geohydro.kgs.ku.edu/geohydro/wizard/wizardwelldetail.cfm?usgs_id=380617098460101","period":"2026 monitoring locations"}},{"type":"Feature","id":507,"geometry":{"type":"Point","coordinates":[-98.73152,38.18892]},"properties":{"FID":507,"USGS_ID":"381120098434802","LOCAL_WELL":"21S 13W 27DDD 02","website":"https://geohydro.kgs.ku.edu/geohydro/wizard/wizardwelldetail.cfm?usgs_id=381120098434802","name":"21S 13W 27DDD 02","recordUrl":"https://geohydro.kgs.ku.edu/geohydro/wizard/wizardwelldetail.cfm?usgs_id=381120098434802","period":"2026 monitoring locations"}},{"type":"Feature","id":508,"geometry":{"type":"Point","coordinates":[-99.40555,38.19032]},"properties":{"FID":508,"USGS_ID":"381120099241101","LOCAL_WELL":"21S 19W 27CCC 01","website":"https://geohydro.kgs.ku.edu/geohydro/wizard/wizardwelldetail.cfm?usgs_id=381120099241101","name":"21S 19W 27CCC 01","recordUrl":"https://geohydro.kgs.ku.edu/geohydro/wizard/wizardwelldetail.cfm?usgs_id=381120099241101","period":"2026 monitoring locations"}},{"type":"Feature","id":509,"geometry":{"type":"Point","coordinates":[-97.71087,38.1493]},"properties":{"FID":509,"USGS_ID":"380851097424301","LOCAL_WELL":"22S 04W 12CDA 01","website":"https://geohydro.kgs.ku.edu/geohydro/wizard/wizardwelldetail.cfm?usgs_id=380851097424301","name":"22S 04W 12CDA 01","recordUrl":"https://geohydro.kgs.ku.edu/geohydro/wizard/wizardwelldetail.cfm?usgs_id=380851097424301","period":"2026 monitoring locations"}},{"type":"Feature","id":510,"geometry":{"type":"Point","coordinates":[-101.02955,38.10543]},"properties":{"FID":510,"USGS_ID":"380622101014001","LOCAL_WELL":"22S 34W 26CCC 01","website":"https://geohydro.kgs.ku.edu/geohydro/wizard/wizardwelldetail.cfm?usgs_id=380622101014001","name":"22S 34W 26CCC 01","recordUrl":"https://geohydro.kgs.ku.edu/geohydro/wizard/wizardwelldetail.cfm?usgs_id=380622101014001","period":"2026 monitoring locations"}},{"type":"Feature","id":511,"geometry":{"type":"Point","coordinates":[-98.45471,38.10635]},"properties":{"FID":511,"USGS_ID":"380625098273401","LOCAL_WELL":"22S 10W 30DAA 01","website":"https://geohydro.kgs.ku.edu/geohydro/wizard/wizardwelldetail.cfm?usgs_id=380625098273401","name":"22S 10W 30DAA 01","recordUrl":"https://geohydro.kgs.ku.edu/geohydro/wizard/wizardwelldetail.cfm?usgs_id=380625098273401","period":"2026 monitoring locations"}},{"type":"Feature","id":512,"geometry":{"type":"Point","coordinates":[-99.14945,38.11992]},"properties":{"FID":512,"USGS_ID":"380712099090001","LOCAL_WELL":"22S 17W 24CBC 01","website":"https://geohydro.kgs.ku.edu/geohydro/wizard/wizardwelldetail.cfm?usgs_id=380712099090001","name":"22S 17W 24CBC 01","recordUrl":"https://geohydro.kgs.ku.edu/geohydro/wizard/wizardwelldetail.cfm?usgs_id=380712099090001","period":"2026 monitoring locations"}},{"type":"Feature","id":513,"geometry":{"type":"Point","coordinates":[-100.47733,38.53992]},"properties":{"FID":513,"USGS_ID":"383222100283401","LOCAL_WELL":"17S 29W 36BAA 01","website":"https://geohydro.kgs.ku.edu/geohydro/wizard/wizardwelldetail.cfm?usgs_id=383222100283401","name":"17S 29W 36BAA 01","recordUrl":"https://geohydro.kgs.ku.edu/geohydro/wizard/wizardwelldetail.cfm?usgs_id=383222100283401","period":"2026 monitoring locations"}},{"type":"Feature","id":514,"geometry":{"type":"Point","coordinates":[-101.28004,38.48576]},"properties":{"FID":514,"USGS_ID":"382909101164601","LOCAL_WELL":"18S 36W 15DBD 01","website":"https://geohydro.kgs.ku.edu/geohydro/wizard/wizardwelldetail.cfm?usgs_id=382909101164601","name":"18S 36W 15DBD 01","recordUrl":"https://geohydro.kgs.ku.edu/geohydro/wizard/wizardwelldetail.cfm?usgs_id=382909101164601","period":"2026 monitoring locations"}},{"type":"Feature","id":515,"geometry":{"type":"Point","coordinates":[-100.96224,38.51425]},"properties":{"FID":515,"USGS_ID":"383053100573701","LOCAL_WELL":"18S 33W 03CCB 01","website":"https://geohydro.kgs.ku.edu/geohydro/wizard/wizardwelldetail.cfm?usgs_id=383053100573701","name":"18S 33W 03CCB 01","recordUrl":"https://geohydro.kgs.ku.edu/geohydro/wizard/wizardwelldetail.cfm?usgs_id=383053100573701","period":"2026 monitoring locations"}},{"type":"Feature","id":516,"geometry":{"type":"Point","coordinates":[-100.52403,38.51446]},"properties":{"FID":516,"USGS_ID":"383056100311801","LOCAL_WELL":"18S 29W 04DDA 01","website":"https://geohydro.kgs.ku.edu/geohydro/wizard/wizardwelldetail.cfm?usgs_id=383056100311801","name":"18S 29W 04DDA 01","recordUrl":"https://geohydro.kgs.ku.edu/geohydro/wizard/wizardwelldetail.cfm?usgs_id=383056100311801","period":"2026 monitoring locations"}},{"type":"Feature","id":517,"geometry":{"type":"Point","coordinates":[-100.28327,38.53826]},"properties":{"FID":517,"USGS_ID":"383227100165301","LOCAL_WELL":"17S 27W 26CCC 01","website":"https://geohydro.kgs.ku.edu/geohydro/wizard/wizardwelldetail.cfm?usgs_id=383227100165301","name":"17S 27W 26CCC 01","recordUrl":"https://geohydro.kgs.ku.edu/geohydro/wizard/wizardwelldetail.cfm?usgs_id=383227100165301","period":"2026 monitoring locations"}},{"type":"Feature","id":518,"geometry":{"type":"Point","coordinates":[-101.52975,38.53957]},"properties":{"FID":518,"USGS_ID":"383227101314401","LOCAL_WELL":"17S 38W 28CCC 01","website":"https://geohydro.kgs.ku.edu/geohydro/wizard/wizardwelldetail.cfm?usgs_id=383227101314401","name":"17S 38W 28CCC 01","recordUrl":"https://geohydro.kgs.ku.edu/geohydro/wizard/wizardwelldetail.cfm?usgs_id=383227101314401","period":"2026 monitoring locations"}},{"type":"Feature","id":519,"geometry":{"type":"Point","coordinates":[-101.66942,38.46826]},"properties":{"FID":519,"USGS_ID":"382810101400801","LOCAL_WELL":"18S 39W 19CDA 01","website":"https://geohydro.kgs.ku.edu/geohydro/wizard/wizardwelldetail.cfm?usgs_id=382810101400801","name":"18S 39W 19CDA 01","recordUrl":"https://geohydro.kgs.ku.edu/geohydro/wizard/wizardwelldetail.cfm?usgs_id=382810101400801","period":"2026 monitoring locations"}},{"type":"Feature","id":520,"geometry":{"type":"Point","coordinates":[-101.18284,38.54123]},"properties":{"FID":520,"USGS_ID":"383231101105201","LOCAL_WELL":"17S 35W 27CCC 01","website":"https://geohydro.kgs.ku.edu/geohydro/wizard/wizardwelldetail.cfm?usgs_id=383231101105201","name":"17S 35W 27CCC 01","recordUrl":"https://geohydro.kgs.ku.edu/geohydro/wizard/wizardwelldetail.cfm?usgs_id=383231101105201","period":"2026 monitoring locations"}},{"type":"Feature","id":521,"geometry":{"type":"Point","coordinates":[-100.45853,38.49111]},"properties":{"FID":521,"USGS_ID":"382925100271801","LOCAL_WELL":"18S 28W 18ACC 01","website":"https://geohydro.kgs.ku.edu/geohydro/wizard/wizardwelldetail.cfm?usgs_id=382925100271801","name":"18S 28W 18ACC 01","recordUrl":"https://geohydro.kgs.ku.edu/geohydro/wizard/wizardwelldetail.cfm?usgs_id=382925100271801","period":"2026 monitoring locations"}},{"type":"Feature","id":522,"geometry":{"type":"Point","coordinates":[-101.42335,38.54404]},"properties":{"FID":522,"USGS_ID":"383241101250901","LOCAL_WELL":"17S 37W 28CBC 01","website":"https://geohydro.kgs.ku.edu/geohydro/wizard/wizardwelldetail.cfm?usgs_id=383241101250901","name":"17S 37W 28CBC 01","recordUrl":"https://geohydro.kgs.ku.edu/geohydro/wizard/wizardwelldetail.cfm?usgs_id=383241101250901","period":"2026 monitoring locations"}},{"type":"Feature","id":523,"geometry":{"type":"Point","coordinates":[-101.49465,38.51744]},"properties":{"FID":523,"USGS_ID":"383109101293201","LOCAL_WELL":"18S 38W 02BCC 01","website":"https://geohydro.kgs.ku.edu/geohydro/wizard/wizardwelldetail.cfm?usgs_id=383109101293201","name":"18S 38W 02BCC 01","recordUrl":"https://geohydro.kgs.ku.edu/geohydro/wizard/wizardwelldetail.cfm?usgs_id=383109101293201","period":"2026 monitoring locations"}},{"type":"Feature","id":524,"geometry":{"type":"Point","coordinates":[-101.95983,38.54497]},"properties":{"FID":524,"USGS_ID":"383247101573601","LOCAL_WELL":"17S 42W 28DAB 01","website":"https://geohydro.kgs.ku.edu/geohydro/wizard/wizardwelldetail.cfm?usgs_id=383247101573601","name":"17S 42W 28DAB 01","recordUrl":"https://geohydro.kgs.ku.edu/geohydro/wizard/wizardwelldetail.cfm?usgs_id=383247101573601","period":"2026 monitoring locations"}},{"type":"Feature","id":525,"geometry":{"type":"Point","coordinates":[-100.83314,38.49726]},"properties":{"FID":525,"USGS_ID":"382947100495001","LOCAL_WELL":"18S 32W 14BBB 01","website":"https://geohydro.kgs.ku.edu/geohydro/wizard/wizardwelldetail.cfm?usgs_id=382947100495001","name":"18S 32W 14BBB 01","recordUrl":"https://geohydro.kgs.ku.edu/geohydro/wizard/wizardwelldetail.cfm?usgs_id=382947100495001","period":"2026 monitoring locations"}},{"type":"Feature","id":526,"geometry":{"type":"Point","coordinates":[-101.53855,38.47402]},"properties":{"FID":526,"USGS_ID":"382831101321702","LOCAL_WELL":"18S 38W 20ACC 02","website":"https://geohydro.kgs.ku.edu/geohydro/wizard/wizardwelldetail.cfm?usgs_id=382831101321702","name":"18S 38W 20ACC 02","recordUrl":"https://geohydro.kgs.ku.edu/geohydro/wizard/wizardwelldetail.cfm?usgs_id=382831101321702","period":"2026 monitoring locations"}},{"type":"Feature","id":527,"geometry":{"type":"Point","coordinates":[-100.24172,38.52155]},"properties":{"FID":527,"USGS_ID":"383129100142402","LOCAL_WELL":"18S 26W 06BAB 02","website":"https://geohydro.kgs.ku.edu/geohydro/wizard/wizardwelldetail.cfm?usgs_id=383129100142402","name":"18S 26W 06BAB 02","recordUrl":"https://geohydro.kgs.ku.edu/geohydro/wizard/wizardwelldetail.cfm?usgs_id=383129100142402","period":"2026 monitoring locations"}},{"type":"Feature","id":528,"geometry":{"type":"Point","coordinates":[-100.59493,38.52564]},"properties":{"FID":528,"USGS_ID":"383130100354301","LOCAL_WELL":"18S 30W 02AAA 01","website":"https://geohydro.kgs.ku.edu/geohydro/wizard/wizardwelldetail.cfm?usgs_id=383130100354301","name":"18S 30W 02AAA 01","recordUrl":"https://geohydro.kgs.ku.edu/geohydro/wizard/wizardwelldetail.cfm?usgs_id=383130100354301","period":"2026 monitoring locations"}},{"type":"Feature","id":529,"geometry":{"type":"Point","coordinates":[-100.64483,38.52579]},"properties":{"FID":529,"USGS_ID":"383130100383801","LOCAL_WELL":"18S 30W 04BAB 01","website":"https://geohydro.kgs.ku.edu/geohydro/wizard/wizardwelldetail.cfm?usgs_id=383130100383801","name":"18S 30W 04BAB 01","recordUrl":"https://geohydro.kgs.ku.edu/geohydro/wizard/wizardwelldetail.cfm?usgs_id=383130100383801","period":"2026 monitoring locations"}},{"type":"Feature","id":530,"geometry":{"type":"Point","coordinates":[-100.38465,38.55355]},"properties":{"FID":530,"USGS_ID":"383314100225601","LOCAL_WELL":"17S 28W 26ABB 01","website":"https://geohydro.kgs.ku.edu/geohydro/wizard/wizardwelldetail.cfm?usgs_id=383314100225601","name":"17S 28W 26ABB 01","recordUrl":"https://geohydro.kgs.ku.edu/geohydro/wizard/wizardwelldetail.cfm?usgs_id=383314100225601","period":"2026 monitoring locations"}},{"type":"Feature","id":531,"geometry":{"type":"Point","coordinates":[-100.70473,38.47873]},"properties":{"FID":531,"USGS_ID":"382841100420601","LOCAL_WELL":"18S 31W 24BCB 01","website":"https://geohydro.kgs.ku.edu/geohydro/wizard/wizardwelldetail.cfm?usgs_id=382841100420601","name":"18S 31W 24BCB 01","recordUrl":"https://geohydro.kgs.ku.edu/geohydro/wizard/wizardwelldetail.cfm?usgs_id=382841100420601","period":"2026 monitoring locations"}},{"type":"Feature","id":532,"geometry":{"type":"Point","coordinates":[-100.87624,38.49692]},"properties":{"FID":532,"USGS_ID":"382947100522902","LOCAL_WELL":"18S 32W 17ABA 02","website":"https://geohydro.kgs.ku.edu/geohydro/wizard/wizardwelldetail.cfm?usgs_id=382947100522902","name":"18S 32W 17ABA 02","recordUrl":"https://geohydro.kgs.ku.edu/geohydro/wizard/wizardwelldetail.cfm?usgs_id=382947100522902","period":"2026 monitoring locations"}},{"type":"Feature","id":533,"geometry":{"type":"Point","coordinates":[-100.85105,38.55509]},"properties":{"FID":533,"USGS_ID":"383316100505801","LOCAL_WELL":"17S 32W 27BBB 01","website":"https://geohydro.kgs.ku.edu/geohydro/wizard/wizardwelldetail.cfm?usgs_id=383316100505801","name":"17S 32W 27BBB 01","recordUrl":"https://geohydro.kgs.ku.edu/geohydro/wizard/wizardwelldetail.cfm?usgs_id=383316100505801","period":"2026 monitoring locations"}},{"type":"Feature","id":534,"geometry":{"type":"Point","coordinates":[-100.33984,38.55329]},"properties":{"FID":534,"USGS_ID":"383320100201101","LOCAL_WELL":"17S 27W 20CCC 01","website":"https://geohydro.kgs.ku.edu/geohydro/wizard/wizardwelldetail.cfm?usgs_id=383320100201101","name":"17S 27W 20CCC 01","recordUrl":"https://geohydro.kgs.ku.edu/geohydro/wizard/wizardwelldetail.cfm?usgs_id=383320100201101","period":"2026 monitoring locations"}},{"type":"Feature","id":535,"geometry":{"type":"Point","coordinates":[-101.57045,38.47819]},"properties":{"FID":535,"USGS_ID":"382843101341301","LOCAL_WELL":"18S 39W 24AAC 01","website":"https://geohydro.kgs.ku.edu/geohydro/wizard/wizardwelldetail.cfm?usgs_id=382843101341301","name":"18S 39W 24AAC 01","recordUrl":"https://geohydro.kgs.ku.edu/geohydro/wizard/wizardwelldetail.cfm?usgs_id=382843101341301","period":"2026 monitoring locations"}},{"type":"Feature","id":536,"geometry":{"type":"Point","coordinates":[-100.72323,38.52941]},"properties":{"FID":536,"USGS_ID":"383144100431201","LOCAL_WELL":"17S 31W 35CCB 01","website":"https://geohydro.kgs.ku.edu/geohydro/wizard/wizardwelldetail.cfm?usgs_id=383144100431201","name":"17S 31W 35CCB 01","recordUrl":"https://geohydro.kgs.ku.edu/geohydro/wizard/wizardwelldetail.cfm?usgs_id=383144100431201","period":"2026 monitoring locations"}},{"type":"Feature","id":537,"geometry":{"type":"Point","coordinates":[-100.77334,38.50466]},"properties":{"FID":537,"USGS_ID":"383012100461101","LOCAL_WELL":"18S 31W 08CAB 01","website":"https://geohydro.kgs.ku.edu/geohydro/wizard/wizardwelldetail.cfm?usgs_id=383012100461101","name":"18S 31W 08CAB 01","recordUrl":"https://geohydro.kgs.ku.edu/geohydro/wizard/wizardwelldetail.cfm?usgs_id=383012100461101","period":"2026 monitoring locations"}},{"type":"Feature","id":538,"geometry":{"type":"Point","coordinates":[-100.41122,38.53234]},"properties":{"FID":538,"USGS_ID":"383155100243401","LOCAL_WELL":"17S 28W 34CBB 01","website":"https://geohydro.kgs.ku.edu/geohydro/wizard/wizardwelldetail.cfm?usgs_id=383155100243401","name":"17S 28W 34CBB 01","recordUrl":"https://geohydro.kgs.ku.edu/geohydro/wizard/wizardwelldetail.cfm?usgs_id=383155100243401","period":"2026 monitoring locations"}},{"type":"Feature","id":539,"geometry":{"type":"Point","coordinates":[-100.59433,38.48107]},"properties":{"FID":539,"USGS_ID":"382853100354201","LOCAL_WELL":"18S 30W 23AAA 01","website":"https://geohydro.kgs.ku.edu/geohydro/wizard/wizardwelldetail.cfm?usgs_id=382853100354201","name":"18S 30W 23AAA 01","recordUrl":"https://geohydro.kgs.ku.edu/geohydro/wizard/wizardwelldetail.cfm?usgs_id=382853100354201","period":"2026 monitoring locations"}},{"type":"Feature","id":540,"geometry":{"type":"Point","coordinates":[-101.36617,38.533]},"properties":{"FID":540,"USGS_ID":"383202101215201","LOCAL_WELL":"17S 37W 36BCC 01","website":"https://geohydro.kgs.ku.edu/geohydro/wizard/wizardwelldetail.cfm?usgs_id=383202101215201","name":"17S 37W 36BCC 01","recordUrl":"https://geohydro.kgs.ku.edu/geohydro/wizard/wizardwelldetail.cfm?usgs_id=383202101215201","period":"2026 monitoring locations"}},{"type":"Feature","id":541,"geometry":{"type":"Point","coordinates":[-99.58903,38.46525]},"properties":{"FID":541,"USGS_ID":"382749099352001","LOCAL_WELL":"18S 21W 25AAB 01","website":"https://geohydro.kgs.ku.edu/geohydro/wizard/wizardwelldetail.cfm?usgs_id=382749099352001","name":"18S 21W 25AAB 01","recordUrl":"https://geohydro.kgs.ku.edu/geohydro/wizard/wizardwelldetail.cfm?usgs_id=382749099352001","period":"2026 monitoring locations"}},{"type":"Feature","id":542,"geometry":{"type":"Point","coordinates":[-101.35775,38.46426]},"properties":{"FID":542,"USGS_ID":"382753101211901","LOCAL_WELL":"18S 37W 25ABC 01","website":"https://geohydro.kgs.ku.edu/geohydro/wizard/wizardwelldetail.cfm?usgs_id=382753101211901","name":"18S 37W 25ABC 01","recordUrl":"https://geohydro.kgs.ku.edu/geohydro/wizard/wizardwelldetail.cfm?usgs_id=382753101211901","period":"2026 monitoring locations"}},{"type":"Feature","id":543,"geometry":{"type":"Point","coordinates":[-97.77665,38.46416]},"properties":{"FID":543,"USGS_ID":"382755097463301","LOCAL_WELL":"18S 04W 21CCC 01","website":"https://geohydro.kgs.ku.edu/geohydro/wizard/wizardwelldetail.cfm?usgs_id=382755097463301","name":"18S 04W 21CCC 01","recordUrl":"https://geohydro.kgs.ku.edu/geohydro/wizard/wizardwelldetail.cfm?usgs_id=382755097463301","period":"2026 monitoring locations"}},{"type":"Feature","id":544,"geometry":{"type":"Point","coordinates":[-101.67376,38.50682]},"properties":{"FID":544,"USGS_ID":"383028101402701","LOCAL_WELL":"18S 39W 07BBD 01","website":"https://geohydro.kgs.ku.edu/geohydro/wizard/wizardwelldetail.cfm?usgs_id=383028101402701","name":"18S 39W 07BBD 01","recordUrl":"https://geohydro.kgs.ku.edu/geohydro/wizard/wizardwelldetail.cfm?usgs_id=383028101402701","period":"2026 monitoring locations"}},{"type":"Feature","id":545,"geometry":{"type":"Point","coordinates":[-101.15214,38.48315]},"properties":{"FID":545,"USGS_ID":"382902101090301","LOCAL_WELL":"18S 35W 14DCD 01","website":"https://geohydro.kgs.ku.edu/geohydro/wizard/wizardwelldetail.cfm?usgs_id=382902101090301","name":"18S 35W 14DCD 01","recordUrl":"https://geohydro.kgs.ku.edu/geohydro/wizard/wizardwelldetail.cfm?usgs_id=382902101090301","period":"2026 monitoring locations"}},{"type":"Feature","id":546,"geometry":{"type":"Point","coordinates":[-101.21904,38.50828]},"properties":{"FID":546,"USGS_ID":"383033101130402","LOCAL_WELL":"18S 35W 08BBC 02","website":"https://geohydro.kgs.ku.edu/geohydro/wizard/wizardwelldetail.cfm?usgs_id=383033101130402","name":"18S 35W 08BBC 02","recordUrl":"https://geohydro.kgs.ku.edu/geohydro/wizard/wizardwelldetail.cfm?usgs_id=383033101130402","period":"2026 monitoring locations"}},{"type":"Feature","id":547,"geometry":{"type":"Point","coordinates":[-101.78709,38.53822]},"properties":{"FID":547,"USGS_ID":"383220101470801","LOCAL_WELL":"17S 40W 31BBA 01","website":"https://geohydro.kgs.ku.edu/geohydro/wizard/wizardwelldetail.cfm?usgs_id=383220101470801","name":"17S 40W 31BBA 01","recordUrl":"https://geohydro.kgs.ku.edu/geohydro/wizard/wizardwelldetail.cfm?usgs_id=383220101470801","period":"2026 monitoring locations"}},{"type":"Feature","id":548,"geometry":{"type":"Point","coordinates":[-100.92394,38.4676]},"properties":{"FID":548,"USGS_ID":"382803100552301","LOCAL_WELL":"18S 33W 25BBB 01","website":"https://geohydro.kgs.ku.edu/geohydro/wizard/wizardwelldetail.cfm?usgs_id=382803100552301","name":"18S 33W 25BBB 01","recordUrl":"https://geohydro.kgs.ku.edu/geohydro/wizard/wizardwelldetail.cfm?usgs_id=382803100552301","period":"2026 monitoring locations"}},{"type":"Feature","id":549,"geometry":{"type":"Point","coordinates":[-98.82959,38.3584]},"properties":{"FID":549,"USGS_ID":"382137098493201","LOCAL_WELL":"19S 14W 36BBC 01","website":"https://geohydro.kgs.ku.edu/geohydro/wizard/wizardwelldetail.cfm?usgs_id=382137098493201","name":"19S 14W 36BBC 01","recordUrl":"https://geohydro.kgs.ku.edu/geohydro/wizard/wizardwelldetail.cfm?usgs_id=382137098493201","period":"2026 monitoring locations"}},{"type":"Feature","id":550,"geometry":{"type":"Point","coordinates":[-101.89008,36.99803]},"properties":{"FID":550,"USGS_ID":"395949101531901","LOCAL_WELL":"35S 42W 16DCC 01","website":"https://geohydro.kgs.ku.edu/geohydro/wizard/wizardwelldetail.cfm?usgs_id=395949101531901","name":"35S 42W 16DCC 01","recordUrl":"https://geohydro.kgs.ku.edu/geohydro/wizard/wizardwelldetail.cfm?usgs_id=395949101531901","period":"2026 monitoring locations"}},{"type":"Feature","id":551,"geometry":{"type":"Point","coordinates":[-100.10052,38.44852]},"properties":{"FID":551,"USGS_ID":"382656100055901","LOCAL_WELL":"18S 25W 33BBC 01","website":"https://geohydro.kgs.ku.edu/geohydro/wizard/wizardwelldetail.cfm?usgs_id=382656100055901","name":"18S 25W 33BBC 01","recordUrl":"https://geohydro.kgs.ku.edu/geohydro/wizard/wizardwelldetail.cfm?usgs_id=382656100055901","period":"2026 monitoring locations"}},{"type":"Feature","id":552,"geometry":{"type":"Point","coordinates":[-101.38905,38.39374]},"properties":{"FID":552,"USGS_ID":"382337101231301","LOCAL_WELL":"19S 37W 22AAB 01","website":"https://geohydro.kgs.ku.edu/geohydro/wizard/wizardwelldetail.cfm?usgs_id=382337101231301","name":"19S 37W 22AAB 01","recordUrl":"https://geohydro.kgs.ku.edu/geohydro/wizard/wizardwelldetail.cfm?usgs_id=382337101231301","period":"2026 monitoring locations"}},{"type":"Feature","id":553,"geometry":{"type":"Point","coordinates":[-100.87824,38.36236]},"properties":{"FID":553,"USGS_ID":"382144100523501","LOCAL_WELL":"19S 32W 32ACB 01","website":"https://geohydro.kgs.ku.edu/geohydro/wizard/wizardwelldetail.cfm?usgs_id=382144100523501","name":"19S 32W 32ACB 01","recordUrl":"https://geohydro.kgs.ku.edu/geohydro/wizard/wizardwelldetail.cfm?usgs_id=382144100523501","period":"2026 monitoring locations"}},{"type":"Feature","id":554,"geometry":{"type":"Point","coordinates":[-98.7843,38.41689]},"properties":{"FID":554,"USGS_ID":"382506098470501","LOCAL_WELL":"19S 13W 08BAD 01","website":"https://geohydro.kgs.ku.edu/geohydro/wizard/wizardwelldetail.cfm?usgs_id=382506098470501","name":"19S 13W 08BAD 01","recordUrl":"https://geohydro.kgs.ku.edu/geohydro/wizard/wizardwelldetail.cfm?usgs_id=382506098470501","period":"2026 monitoring locations"}},{"type":"Feature","id":555,"geometry":{"type":"Point","coordinates":[-97.66646,38.39998]},"properties":{"FID":555,"USGS_ID":"382406097395501","LOCAL_WELL":"19S 03W 16BCB 01","website":"https://geohydro.kgs.ku.edu/geohydro/wizard/wizardwelldetail.cfm?usgs_id=382406097395501","name":"19S 03W 16BCB 01","recordUrl":"https://geohydro.kgs.ku.edu/geohydro/wizard/wizardwelldetail.cfm?usgs_id=382406097395501","period":"2026 monitoring locations"}},{"type":"Feature","id":556,"geometry":{"type":"Point","coordinates":[-97.74319,38.40243]},"properties":{"FID":556,"USGS_ID":"382413097443601","LOCAL_WELL":"19S 04W 15AAC 01","website":"https://geohydro.kgs.ku.edu/geohydro/wizard/wizardwelldetail.cfm?usgs_id=382413097443601","name":"19S 04W 15AAC 01","recordUrl":"https://geohydro.kgs.ku.edu/geohydro/wizard/wizardwelldetail.cfm?usgs_id=382413097443601","period":"2026 monitoring locations"}},{"type":"Feature","id":557,"geometry":{"type":"Point","coordinates":[-99.82318,38.42492]},"properties":{"FID":557,"USGS_ID":"382526099492301","LOCAL_WELL":"19S 23W 01CCB 01","website":"https://geohydro.kgs.ku.edu/geohydro/wizard/wizardwelldetail.cfm?usgs_id=382526099492301","name":"19S 23W 01CCB 01","recordUrl":"https://geohydro.kgs.ku.edu/geohydro/wizard/wizardwelldetail.cfm?usgs_id=382526099492301","period":"2026 monitoring locations"}},{"type":"Feature","id":558,"geometry":{"type":"Point","coordinates":[-100.75941,38.40556]},"properties":{"FID":558,"USGS_ID":"382419100452801","LOCAL_WELL":"19S 31W 17ADA 01","website":"https://geohydro.kgs.ku.edu/geohydro/wizard/wizardwelldetail.cfm?usgs_id=382419100452801","name":"19S 31W 17ADA 01","recordUrl":"https://geohydro.kgs.ku.edu/geohydro/wizard/wizardwelldetail.cfm?usgs_id=382419100452801","period":"2026 monitoring locations"}},{"type":"Feature","id":559,"geometry":{"type":"Point","coordinates":[-101.21894,38.42359]},"properties":{"FID":559,"USGS_ID":"382526101130201","LOCAL_WELL":"19S 35W 08BBB 01","website":"https://geohydro.kgs.ku.edu/geohydro/wizard/wizardwelldetail.cfm?usgs_id=382526101130201","name":"19S 35W 08BBB 01","recordUrl":"https://geohydro.kgs.ku.edu/geohydro/wizard/wizardwelldetail.cfm?usgs_id=382526101130201","period":"2026 monitoring locations"}},{"type":"Feature","id":560,"geometry":{"type":"Point","coordinates":[-100.90594,38.42811]},"properties":{"FID":560,"USGS_ID":"382539100541601","LOCAL_WELL":"19S 32W 06CCB 01","website":"https://geohydro.kgs.ku.edu/geohydro/wizard/wizardwelldetail.cfm?usgs_id=382539100541601","name":"19S 32W 06CCB 01","recordUrl":"https://geohydro.kgs.ku.edu/geohydro/wizard/wizardwelldetail.cfm?usgs_id=382539100541601","period":"2026 monitoring locations"}},{"type":"Feature","id":561,"geometry":{"type":"Point","coordinates":[-101.28395,38.40902]},"properties":{"FID":561,"USGS_ID":"382431101170201","LOCAL_WELL":"19S 36W 15BAA 01","website":"https://geohydro.kgs.ku.edu/geohydro/wizard/wizardwelldetail.cfm?usgs_id=382431101170201","name":"19S 36W 15BAA 01","recordUrl":"https://geohydro.kgs.ku.edu/geohydro/wizard/wizardwelldetail.cfm?usgs_id=382431101170201","period":"2026 monitoring locations"}},{"type":"Feature","id":562,"geometry":{"type":"Point","coordinates":[-99.89848,38.41334]},"properties":{"FID":562,"USGS_ID":"382447099534801","LOCAL_WELL":"19S 23W 08CBB 01","website":"https://geohydro.kgs.ku.edu/geohydro/wizard/wizardwelldetail.cfm?usgs_id=382447099534801","name":"19S 23W 08CBB 01","recordUrl":"https://geohydro.kgs.ku.edu/geohydro/wizard/wizardwelldetail.cfm?usgs_id=382447099534801","period":"2026 monitoring locations"}},{"type":"Feature","id":563,"geometry":{"type":"Point","coordinates":[-101.00734,38.43141]},"properties":{"FID":563,"USGS_ID":"382552101002001","LOCAL_WELL":"19S 33W 06DBB 01","website":"https://geohydro.kgs.ku.edu/geohydro/wizard/wizardwelldetail.cfm?usgs_id=382552101002001","name":"19S 33W 06DBB 01","recordUrl":"https://geohydro.kgs.ku.edu/geohydro/wizard/wizardwelldetail.cfm?usgs_id=382552101002001","period":"2026 monitoring locations"}},{"type":"Feature","id":564,"geometry":{"type":"Point","coordinates":[-98.85778,38.4489]},"properties":{"FID":564,"USGS_ID":"382704098512701","LOCAL_WELL":"18S 14W 27CDD 01","website":"https://geohydro.kgs.ku.edu/geohydro/wizard/wizardwelldetail.cfm?usgs_id=382704098512701","name":"18S 14W 27CDD 01","recordUrl":"https://geohydro.kgs.ku.edu/geohydro/wizard/wizardwelldetail.cfm?usgs_id=382704098512701","period":"2026 monitoring locations"}},{"type":"Feature","id":565,"geometry":{"type":"Point","coordinates":[-98.99451,38.4512]},"properties":{"FID":565,"USGS_ID":"382704098593803","LOCAL_WELL":"18S 15W 28CCC 03","website":"https://geohydro.kgs.ku.edu/geohydro/wizard/wizardwelldetail.cfm?usgs_id=382704098593803","name":"18S 15W 28CCC 03","recordUrl":"https://geohydro.kgs.ku.edu/geohydro/wizard/wizardwelldetail.cfm?usgs_id=382704098593803","period":"2026 monitoring locations"}},{"type":"Feature","id":566,"geometry":{"type":"Point","coordinates":[-101.07224,38.45153]},"properties":{"FID":566,"USGS_ID":"382704101041301","LOCAL_WELL":"18S 34W 34BBC 01","website":"https://geohydro.kgs.ku.edu/geohydro/wizard/wizardwelldetail.cfm?usgs_id=382704101041301","name":"18S 34W 34BBC 01","recordUrl":"https://geohydro.kgs.ku.edu/geohydro/wizard/wizardwelldetail.cfm?usgs_id=382704101041301","period":"2026 monitoring locations"}},{"type":"Feature","id":567,"geometry":{"type":"Point","coordinates":[-98.91895,38.43239]},"properties":{"FID":567,"USGS_ID":"382601098550102","LOCAL_WELL":"19S 14W 06BBB 02","website":"https://geohydro.kgs.ku.edu/geohydro/wizard/wizardwelldetail.cfm?usgs_id=382601098550102","name":"19S 14W 06BBB 02","recordUrl":"https://geohydro.kgs.ku.edu/geohydro/wizard/wizardwelldetail.cfm?usgs_id=382601098550102","period":"2026 monitoring locations"}},{"type":"Feature","id":568,"geometry":{"type":"Point","coordinates":[-98.51033,38.37269]},"properties":{"FID":568,"USGS_ID":"382225098304401","LOCAL_WELL":"19S 11W 26BDA 01","website":"https://geohydro.kgs.ku.edu/geohydro/wizard/wizardwelldetail.cfm?usgs_id=382225098304401","name":"19S 11W 26BDA 01","recordUrl":"https://geohydro.kgs.ku.edu/geohydro/wizard/wizardwelldetail.cfm?usgs_id=382225098304401","period":"2026 monitoring locations"}},{"type":"Feature","id":569,"geometry":{"type":"Point","coordinates":[-98.59054,38.33516]},"properties":{"FID":569,"USGS_ID":"382004098352101","LOCAL_WELL":"20S 11W 06CCC 01","website":"https://geohydro.kgs.ku.edu/geohydro/wizard/wizardwelldetail.cfm?usgs_id=382004098352101","name":"20S 11W 06CCC 01","recordUrl":"https://geohydro.kgs.ku.edu/geohydro/wizard/wizardwelldetail.cfm?usgs_id=382004098352101","period":"2026 monitoring locations"}},{"type":"Feature","id":570,"geometry":{"type":"Point","coordinates":[-98.76041,38.34984]},"properties":{"FID":570,"USGS_ID":"382104098453301","LOCAL_WELL":"19S 13W 33DDB 01","website":"https://geohydro.kgs.ku.edu/geohydro/wizard/wizardwelldetail.cfm?usgs_id=382104098453301","name":"19S 13W 33DDB 01","recordUrl":"https://geohydro.kgs.ku.edu/geohydro/wizard/wizardwelldetail.cfm?usgs_id=382104098453301","period":"2026 monitoring locations"}},{"type":"Feature","id":571,"geometry":{"type":"Point","coordinates":[-100.97894,38.3368]},"properties":{"FID":571,"USGS_ID":"382013100583901","LOCAL_WELL":"20S 33W 09BBB 01","website":"https://geohydro.kgs.ku.edu/geohydro/wizard/wizardwelldetail.cfm?usgs_id=382013100583901","name":"20S 33W 09BBB 01","recordUrl":"https://geohydro.kgs.ku.edu/geohydro/wizard/wizardwelldetail.cfm?usgs_id=382013100583901","period":"2026 monitoring locations"}},{"type":"Feature","id":572,"geometry":{"type":"Point","coordinates":[-98.63205,38.33732]},"properties":{"FID":572,"USGS_ID":"382018098375001","LOCAL_WELL":"20S 12W 03DAC 01","website":"https://geohydro.kgs.ku.edu/geohydro/wizard/wizardwelldetail.cfm?usgs_id=382018098375001","name":"20S 12W 03DAC 01","recordUrl":"https://geohydro.kgs.ku.edu/geohydro/wizard/wizardwelldetail.cfm?usgs_id=382018098375001","period":"2026 monitoring locations"}},{"type":"Feature","id":573,"geometry":{"type":"Point","coordinates":[-101.13324,38.43838]},"properties":{"FID":573,"USGS_ID":"382618101080501","LOCAL_WELL":"19S 35W 01ABB 01","website":"https://geohydro.kgs.ku.edu/geohydro/wizard/wizardwelldetail.cfm?usgs_id=382618101080501","name":"19S 35W 01ABB 01","recordUrl":"https://geohydro.kgs.ku.edu/geohydro/wizard/wizardwelldetail.cfm?usgs_id=382618101080501","period":"2026 monitoring locations"}},{"type":"Feature","id":574,"geometry":{"type":"Point","coordinates":[-97.45022,38.35165]},"properties":{"FID":574,"USGS_ID":"382110097265601","LOCAL_WELL":"19S 01W 32DAC 01","website":"https://geohydro.kgs.ku.edu/geohydro/wizard/wizardwelldetail.cfm?usgs_id=382110097265601","name":"19S 01W 32DAC 01","recordUrl":"https://geohydro.kgs.ku.edu/geohydro/wizard/wizardwelldetail.cfm?usgs_id=382110097265601","period":"2026 monitoring locations"}},{"type":"Feature","id":575,"geometry":{"type":"Point","coordinates":[-101.1183,38.38106]},"properties":{"FID":575,"USGS_ID":"382255101070001","LOCAL_WELL":"19S 34W 19DCCC 01","website":"https://geohydro.kgs.ku.edu/geohydro/wizard/wizardwelldetail.cfm?usgs_id=382255101070001","name":"19S 34W 19DCCC 01","recordUrl":"https://geohydro.kgs.ku.edu/geohydro/wizard/wizardwelldetail.cfm?usgs_id=382255101070001","period":"2026 monitoring locations"}},{"type":"Feature","id":576,"geometry":{"type":"Point","coordinates":[-101.22034,38.4386]},"properties":{"FID":576,"USGS_ID":"382625101131101","LOCAL_WELL":"18S 35W 31DDD 01","website":"https://geohydro.kgs.ku.edu/geohydro/wizard/wizardwelldetail.cfm?usgs_id=382625101131101","name":"18S 35W 31DDD 01","recordUrl":"https://geohydro.kgs.ku.edu/geohydro/wizard/wizardwelldetail.cfm?usgs_id=382625101131101","period":"2026 monitoring locations"}},{"type":"Feature","id":577,"geometry":{"type":"Point","coordinates":[-99.68828,38.4428]},"properties":{"FID":577,"USGS_ID":"382632099411501","LOCAL_WELL":"18S 21W 31CAA 01","website":"https://geohydro.kgs.ku.edu/geohydro/wizard/wizardwelldetail.cfm?usgs_id=382632099411501","name":"18S 21W 31CAA 01","recordUrl":"https://geohydro.kgs.ku.edu/geohydro/wizard/wizardwelldetail.cfm?usgs_id=382632099411501","period":"2026 monitoring locations"}},{"type":"Feature","id":578,"geometry":{"type":"Point","coordinates":[-101.55664,38.44187]},"properties":{"FID":578,"USGS_ID":"382633101332401","LOCAL_WELL":"18S 38W 31DBC 01","website":"https://geohydro.kgs.ku.edu/geohydro/wizard/wizardwelldetail.cfm?usgs_id=382633101332401","name":"18S 38W 31DBC 01","recordUrl":"https://geohydro.kgs.ku.edu/geohydro/wizard/wizardwelldetail.cfm?usgs_id=382633101332401","period":"2026 monitoring locations"}},{"type":"Feature","id":579,"geometry":{"type":"Point","coordinates":[-101.56715,38.35397]},"properties":{"FID":579,"USGS_ID":"382118101335801","LOCAL_WELL":"19S 38W 31CBC 01","website":"https://geohydro.kgs.ku.edu/geohydro/wizard/wizardwelldetail.cfm?usgs_id=382118101335801","name":"19S 38W 31CBC 01","recordUrl":"https://geohydro.kgs.ku.edu/geohydro/wizard/wizardwelldetail.cfm?usgs_id=382118101335801","period":"2026 monitoring locations"}},{"type":"Feature","id":580,"geometry":{"type":"Point","coordinates":[-98.58202,38.38412]},"properties":{"FID":580,"USGS_ID":"382307098345601","LOCAL_WELL":"19S 11W 19BDD 01","website":"https://geohydro.kgs.ku.edu/geohydro/wizard/wizardwelldetail.cfm?usgs_id=382307098345601","name":"19S 11W 19BDD 01","recordUrl":"https://geohydro.kgs.ku.edu/geohydro/wizard/wizardwelldetail.cfm?usgs_id=382307098345601","period":"2026 monitoring locations"}},{"type":"Feature","id":581,"geometry":{"type":"Point","coordinates":[-101.46184,38.38635]},"properties":{"FID":581,"USGS_ID":"382309101273701","LOCAL_WELL":"19S 38W 24DAB 01","website":"https://geohydro.kgs.ku.edu/geohydro/wizard/wizardwelldetail.cfm?usgs_id=382309101273701","name":"19S 38W 24DAB 01","recordUrl":"https://geohydro.kgs.ku.edu/geohydro/wizard/wizardwelldetail.cfm?usgs_id=382309101273701","period":"2026 monitoring locations"}},{"type":"Feature","id":582,"geometry":{"type":"Point","coordinates":[-99.91991,38.4462]},"properties":{"FID":582,"USGS_ID":"382645099551201","LOCAL_WELL":"18S 24W 36ADB 01","website":"https://geohydro.kgs.ku.edu/geohydro/wizard/wizardwelldetail.cfm?usgs_id=382645099551201","name":"18S 24W 36ADB 01","recordUrl":"https://geohydro.kgs.ku.edu/geohydro/wizard/wizardwelldetail.cfm?usgs_id=382645099551201","period":"2026 monitoring locations"}},{"type":"Feature","id":583,"geometry":{"type":"Point","coordinates":[-101.51724,38.74365]},"properties":{"FID":583,"USGS_ID":"384441101310301","LOCAL_WELL":"15S 38W 14CCD 01","website":"https://geohydro.kgs.ku.edu/geohydro/wizard/wizardwelldetail.cfm?usgs_id=384441101310301","name":"15S 38W 14CCD 01","recordUrl":"https://geohydro.kgs.ku.edu/geohydro/wizard/wizardwelldetail.cfm?usgs_id=384441101310301","period":"2026 monitoring locations"}},{"type":"Feature","id":584,"geometry":{"type":"Point","coordinates":[-101.82208,38.70149]},"properties":{"FID":584,"USGS_ID":"384212101491702","LOCAL_WELL":"15S 41W 36DDB 02","website":"https://geohydro.kgs.ku.edu/geohydro/wizard/wizardwelldetail.cfm?usgs_id=384212101491702","name":"15S 41W 36DDB 02","recordUrl":"https://geohydro.kgs.ku.edu/geohydro/wizard/wizardwelldetail.cfm?usgs_id=384212101491702","period":"2026 monitoring locations"}},{"type":"Feature","id":585,"geometry":{"type":"Point","coordinates":[-101.67001,38.7065]},"properties":{"FID":585,"USGS_ID":"384231101401601","LOCAL_WELL":"15S 39W 32ADD 01","website":"https://geohydro.kgs.ku.edu/geohydro/wizard/wizardwelldetail.cfm?usgs_id=384231101401601","name":"15S 39W 32ADD 01","recordUrl":"https://geohydro.kgs.ku.edu/geohydro/wizard/wizardwelldetail.cfm?usgs_id=384231101401601","period":"2026 monitoring locations"}},{"type":"Feature","id":586,"geometry":{"type":"Point","coordinates":[-101.75523,38.78488]},"properties":{"FID":586,"USGS_ID":"384710101451901","LOCAL_WELL":"15S 40W 03BAB 01","website":"https://geohydro.kgs.ku.edu/geohydro/wizard/wizardwelldetail.cfm?usgs_id=384710101451901","name":"15S 40W 03BAB 01","recordUrl":"https://geohydro.kgs.ku.edu/geohydro/wizard/wizardwelldetail.cfm?usgs_id=384710101451901","period":"2026 monitoring locations"}},{"type":"Feature","id":587,"geometry":{"type":"Point","coordinates":[-101.8258,38.78338]},"properties":{"FID":587,"USGS_ID":"384710101493701","LOCAL_WELL":"15S 41W 01BAA 01","website":"https://geohydro.kgs.ku.edu/geohydro/wizard/wizardwelldetail.cfm?usgs_id=384710101493701","name":"15S 41W 01BAA 01","recordUrl":"https://geohydro.kgs.ku.edu/geohydro/wizard/wizardwelldetail.cfm?usgs_id=384710101493701","period":"2026 monitoring locations"}},{"type":"Feature","id":588,"geometry":{"type":"Point","coordinates":[-101.80874,38.71039]},"properties":{"FID":588,"USGS_ID":"384243101482701","LOCAL_WELL":"15S 40W 31ABC 01","website":"https://geohydro.kgs.ku.edu/geohydro/wizard/wizardwelldetail.cfm?usgs_id=384243101482701","name":"15S 40W 31ABC 01","recordUrl":"https://geohydro.kgs.ku.edu/geohydro/wizard/wizardwelldetail.cfm?usgs_id=384243101482701","period":"2026 monitoring locations"}},{"type":"Feature","id":589,"geometry":{"type":"Point","coordinates":[-101.93006,38.83973]},"properties":{"FID":589,"USGS_ID":"385032101554001","LOCAL_WELL":"14S 42W 13AAD 01","website":"https://geohydro.kgs.ku.edu/geohydro/wizard/wizardwelldetail.cfm?usgs_id=385032101554001","name":"14S 42W 13AAD 01","recordUrl":"https://geohydro.kgs.ku.edu/geohydro/wizard/wizardwelldetail.cfm?usgs_id=385032101554001","period":"2026 monitoring locations"}},{"type":"Feature","id":590,"geometry":{"type":"Point","coordinates":[-99.32009,38.71529]},"properties":{"FID":590,"USGS_ID":"384259099191202","LOCAL_WELL":"15S 18W 27CBC 02","website":"https://geohydro.kgs.ku.edu/geohydro/wizard/wizardwelldetail.cfm?usgs_id=384259099191202","name":"15S 18W 27CBC 02","recordUrl":"https://geohydro.kgs.ku.edu/geohydro/wizard/wizardwelldetail.cfm?usgs_id=384259099191202","period":"2026 monitoring locations"}},{"type":"Feature","id":591,"geometry":{"type":"Point","coordinates":[-101.76969,38.75977]},"properties":{"FID":591,"USGS_ID":"384539101461101","LOCAL_WELL":"15S 40W 09DCB 01","website":"https://geohydro.kgs.ku.edu/geohydro/wizard/wizardwelldetail.cfm?usgs_id=384539101461101","name":"15S 40W 09DCB 01","recordUrl":"https://geohydro.kgs.ku.edu/geohydro/wizard/wizardwelldetail.cfm?usgs_id=384539101461101","period":"2026 monitoring locations"}},{"type":"Feature","id":592,"geometry":{"type":"Point","coordinates":[-99.38893,38.71836]},"properties":{"FID":592,"USGS_ID":"384305099232201","LOCAL_WELL":"15S 19W 25CAB 01","website":"https://geohydro.kgs.ku.edu/geohydro/wizard/wizardwelldetail.cfm?usgs_id=384305099232201","name":"15S 19W 25CAB 01","recordUrl":"https://geohydro.kgs.ku.edu/geohydro/wizard/wizardwelldetail.cfm?usgs_id=384305099232201","period":"2026 monitoring locations"}},{"type":"Feature","id":593,"geometry":{"type":"Point","coordinates":[-101.67794,38.7651]},"properties":{"FID":593,"USGS_ID":"384558101403701","LOCAL_WELL":"15S 39W 08ACC 01","website":"https://geohydro.kgs.ku.edu/geohydro/wizard/wizardwelldetail.cfm?usgs_id=384558101403701","name":"15S 39W 08ACC 01","recordUrl":"https://geohydro.kgs.ku.edu/geohydro/wizard/wizardwelldetail.cfm?usgs_id=384558101403701","period":"2026 monitoring locations"}},{"type":"Feature","id":594,"geometry":{"type":"Point","coordinates":[-100.04953,38.83906]},"properties":{"FID":594,"USGS_ID":"385026100025601","LOCAL_WELL":"14S 25W 13ABC 01","website":"https://geohydro.kgs.ku.edu/geohydro/wizard/wizardwelldetail.cfm?usgs_id=385026100025601","name":"14S 25W 13ABC 01","recordUrl":"https://geohydro.kgs.ku.edu/geohydro/wizard/wizardwelldetail.cfm?usgs_id=385026100025601","period":"2026 monitoring locations"}},{"type":"Feature","id":595,"geometry":{"type":"Point","coordinates":[-101.62297,38.72125]},"properties":{"FID":595,"USGS_ID":"384323101372101","LOCAL_WELL":"15S 39W 26ACC 01","website":"https://geohydro.kgs.ku.edu/geohydro/wizard/wizardwelldetail.cfm?usgs_id=384323101372101","name":"15S 39W 26ACC 01","recordUrl":"https://geohydro.kgs.ku.edu/geohydro/wizard/wizardwelldetail.cfm?usgs_id=384323101372101","period":"2026 monitoring locations"}},{"type":"Feature","id":596,"geometry":{"type":"Point","coordinates":[-101.55742,38.72915]},"properties":{"FID":596,"USGS_ID":"384347101332601","LOCAL_WELL":"15S 38W 21CCC 01","website":"https://geohydro.kgs.ku.edu/geohydro/wizard/wizardwelldetail.cfm?usgs_id=384347101332601","name":"15S 38W 21CCC 01","recordUrl":"https://geohydro.kgs.ku.edu/geohydro/wizard/wizardwelldetail.cfm?usgs_id=384347101332601","period":"2026 monitoring locations"}},{"type":"Feature","id":597,"geometry":{"type":"Point","coordinates":[-101.57554,38.77534]},"properties":{"FID":597,"USGS_ID":"384630101343101","LOCAL_WELL":"15S 38W 05CCB 01","website":"https://geohydro.kgs.ku.edu/geohydro/wizard/wizardwelldetail.cfm?usgs_id=384630101343101","name":"15S 38W 05CCB 01","recordUrl":"https://geohydro.kgs.ku.edu/geohydro/wizard/wizardwelldetail.cfm?usgs_id=384630101343101","period":"2026 monitoring locations"}},{"type":"Feature","id":598,"geometry":{"type":"Point","coordinates":[-101.62692,38.78262]},"properties":{"FID":598,"USGS_ID":"384651101374201","LOCAL_WELL":"15S 39W 02BCA 01","website":"https://geohydro.kgs.ku.edu/geohydro/wizard/wizardwelldetail.cfm?usgs_id=384651101374201","name":"15S 39W 02BCA 01","recordUrl":"https://geohydro.kgs.ku.edu/geohydro/wizard/wizardwelldetail.cfm?usgs_id=384651101374201","period":"2026 monitoring locations"}},{"type":"Feature","id":599,"geometry":{"type":"Point","coordinates":[-101.65907,38.80723]},"properties":{"FID":599,"USGS_ID":"384828101393701","LOCAL_WELL":"14S 39W 28CAA 01","website":"https://geohydro.kgs.ku.edu/geohydro/wizard/wizardwelldetail.cfm?usgs_id=384828101393701","name":"14S 39W 28CAA 01","recordUrl":"https://geohydro.kgs.ku.edu/geohydro/wizard/wizardwelldetail.cfm?usgs_id=384828101393701","period":"2026 monitoring locations"}},{"type":"Feature","id":600,"geometry":{"type":"Point","coordinates":[-101.70392,38.77505]},"properties":{"FID":600,"USGS_ID":"384644101420801","LOCAL_WELL":"15S 39W 06CBC 01","website":"https://geohydro.kgs.ku.edu/geohydro/wizard/wizardwelldetail.cfm?usgs_id=384644101420801","name":"15S 39W 06CBC 01","recordUrl":"https://geohydro.kgs.ku.edu/geohydro/wizard/wizardwelldetail.cfm?usgs_id=384644101420801","period":"2026 monitoring locations"}},{"type":"Feature","id":601,"geometry":{"type":"Point","coordinates":[-101.22434,38.70022]},"properties":{"FID":601,"USGS_ID":"384200101132301","LOCAL_WELL":"16S 35W 06AAB 01","website":"https://geohydro.kgs.ku.edu/geohydro/wizard/wizardwelldetail.cfm?usgs_id=384200101132301","name":"16S 35W 06AAB 01","recordUrl":"https://geohydro.kgs.ku.edu/geohydro/wizard/wizardwelldetail.cfm?usgs_id=384200101132301","period":"2026 monitoring locations"}},{"type":"Feature","id":602,"geometry":{"type":"Point","coordinates":[-101.22934,38.57024]},"properties":{"FID":602,"USGS_ID":"383416101133801","LOCAL_WELL":"17S 35W 18DCC 01","website":"https://geohydro.kgs.ku.edu/geohydro/wizard/wizardwelldetail.cfm?usgs_id=383416101133801","name":"17S 35W 18DCC 01","recordUrl":"https://geohydro.kgs.ku.edu/geohydro/wizard/wizardwelldetail.cfm?usgs_id=383416101133801","period":"2026 monitoring locations"}},{"type":"Feature","id":603,"geometry":{"type":"Point","coordinates":[-101.73358,38.56954]},"properties":{"FID":603,"USGS_ID":"383418101435701","LOCAL_WELL":"17S 40W 15CCB 01","website":"https://geohydro.kgs.ku.edu/geohydro/wizard/wizardwelldetail.cfm?usgs_id=383418101435701","name":"17S 40W 15CCB 01","recordUrl":"https://geohydro.kgs.ku.edu/geohydro/wizard/wizardwelldetail.cfm?usgs_id=383418101435701","period":"2026 monitoring locations"}},{"type":"Feature","id":604,"geometry":{"type":"Point","coordinates":[-101.2384,38.66187]},"properties":{"FID":604,"USGS_ID":"383949101141201","LOCAL_WELL":"16S 35W 18CBB 01","website":"https://geohydro.kgs.ku.edu/geohydro/wizard/wizardwelldetail.cfm?usgs_id=383949101141201","name":"16S 35W 18CBB 01","recordUrl":"https://geohydro.kgs.ku.edu/geohydro/wizard/wizardwelldetail.cfm?usgs_id=383949101141201","period":"2026 monitoring locations"}},{"type":"Feature","id":605,"geometry":{"type":"Point","coordinates":[-101.72442,38.663]},"properties":{"FID":605,"USGS_ID":"383954101432401","LOCAL_WELL":"16S 40W 15ACC 01","website":"https://geohydro.kgs.ku.edu/geohydro/wizard/wizardwelldetail.cfm?usgs_id=383954101432401","name":"16S 40W 15ACC 01","recordUrl":"https://geohydro.kgs.ku.edu/geohydro/wizard/wizardwelldetail.cfm?usgs_id=383954101432401","period":"2026 monitoring locations"}},{"type":"Feature","id":606,"geometry":{"type":"Point","coordinates":[-101.01784,38.65387]},"properties":{"FID":606,"USGS_ID":"383916101005901","LOCAL_WELL":"16S 33W 19BBC 01","website":"https://geohydro.kgs.ku.edu/geohydro/wizard/wizardwelldetail.cfm?usgs_id=383916101005901","name":"16S 33W 19BBC 01","recordUrl":"https://geohydro.kgs.ku.edu/geohydro/wizard/wizardwelldetail.cfm?usgs_id=383916101005901","period":"2026 monitoring locations"}},{"type":"Feature","id":607,"geometry":{"type":"Point","coordinates":[-101.45375,38.6411]},"properties":{"FID":607,"USGS_ID":"383829101270401","LOCAL_WELL":"16S 37W 30BAB 01","website":"https://geohydro.kgs.ku.edu/geohydro/wizard/wizardwelldetail.cfm?usgs_id=383829101270401","name":"16S 37W 30BAB 01","recordUrl":"https://geohydro.kgs.ku.edu/geohydro/wizard/wizardwelldetail.cfm?usgs_id=383829101270401","period":"2026 monitoring locations"}},{"type":"Feature","id":608,"geometry":{"type":"Point","coordinates":[-99.95964,38.66585]},"properties":{"FID":608,"USGS_ID":"384006099574601","LOCAL_WELL":"16S 24W 15ABB 01","website":"https://geohydro.kgs.ku.edu/geohydro/wizard/wizardwelldetail.cfm?usgs_id=384006099574601","name":"16S 24W 15ABB 01","recordUrl":"https://geohydro.kgs.ku.edu/geohydro/wizard/wizardwelldetail.cfm?usgs_id=384006099574601","period":"2026 monitoring locations"}},{"type":"Feature","id":609,"geometry":{"type":"Point","coordinates":[-100.53694,38.62764]},"properties":{"FID":609,"USGS_ID":"383736100320301","LOCAL_WELL":"16S 29W 33BAB 01","website":"https://geohydro.kgs.ku.edu/geohydro/wizard/wizardwelldetail.cfm?usgs_id=383736100320301","name":"16S 29W 33BAB 01","recordUrl":"https://geohydro.kgs.ku.edu/geohydro/wizard/wizardwelldetail.cfm?usgs_id=383736100320301","period":"2026 monitoring locations"}},{"type":"Feature","id":610,"geometry":{"type":"Point","coordinates":[-100.97214,38.62695]},"properties":{"FID":610,"USGS_ID":"383738100582001","LOCAL_WELL":"16S 33W 33BAA 01","website":"https://geohydro.kgs.ku.edu/geohydro/wizard/wizardwelldetail.cfm?usgs_id=383738100582001","name":"16S 33W 33BAA 01","recordUrl":"https://geohydro.kgs.ku.edu/geohydro/wizard/wizardwelldetail.cfm?usgs_id=383738100582001","period":"2026 monitoring locations"}},{"type":"Feature","id":611,"geometry":{"type":"Point","coordinates":[-101.9024,38.63959]},"properties":{"FID":611,"USGS_ID":"383829101540901","LOCAL_WELL":"16S 42W 25AAA 01","website":"https://geohydro.kgs.ku.edu/geohydro/wizard/wizardwelldetail.cfm?usgs_id=383829101540901","name":"16S 42W 25AAA 01","recordUrl":"https://geohydro.kgs.ku.edu/geohydro/wizard/wizardwelldetail.cfm?usgs_id=383829101540901","period":"2026 monitoring locations"}},{"type":"Feature","id":612,"geometry":{"type":"Point","coordinates":[-101.1463,38.64295]},"properties":{"FID":612,"USGS_ID":"383834101084401","LOCAL_WELL":"16S 35W 24CCC 02","website":"https://geohydro.kgs.ku.edu/geohydro/wizard/wizardwelldetail.cfm?usgs_id=383834101084401","name":"16S 35W 24CCC 02","recordUrl":"https://geohydro.kgs.ku.edu/geohydro/wizard/wizardwelldetail.cfm?usgs_id=383834101084401","period":"2026 monitoring locations"}},{"type":"Feature","id":613,"geometry":{"type":"Point","coordinates":[-100.86792,38.66481]},"properties":{"FID":613,"USGS_ID":"384014100515901","LOCAL_WELL":"16S 32W 16BCA 01","website":"https://geohydro.kgs.ku.edu/geohydro/wizard/wizardwelldetail.cfm?usgs_id=384014100515901","name":"16S 32W 16BCA 01","recordUrl":"https://geohydro.kgs.ku.edu/geohydro/wizard/wizardwelldetail.cfm?usgs_id=384014100515901","period":"2026 monitoring locations"}},{"type":"Feature","id":614,"geometry":{"type":"Point","coordinates":[-101.03624,38.66976]},"properties":{"FID":614,"USGS_ID":"384014101020501","LOCAL_WELL":"16S 34W 13BBB 01","website":"https://geohydro.kgs.ku.edu/geohydro/wizard/wizardwelldetail.cfm?usgs_id=384014101020501","name":"16S 34W 13BBB 01","recordUrl":"https://geohydro.kgs.ku.edu/geohydro/wizard/wizardwelldetail.cfm?usgs_id=384014101020501","period":"2026 monitoring locations"}},{"type":"Feature","id":615,"geometry":{"type":"Point","coordinates":[-101.44155,38.67009]},"properties":{"FID":615,"USGS_ID":"384014101261501","LOCAL_WELL":"16S 37W 17BBB 01","website":"https://geohydro.kgs.ku.edu/geohydro/wizard/wizardwelldetail.cfm?usgs_id=384014101261501","name":"16S 37W 17BBB 01","recordUrl":"https://geohydro.kgs.ku.edu/geohydro/wizard/wizardwelldetail.cfm?usgs_id=384014101261501","period":"2026 monitoring locations"}},{"type":"Feature","id":616,"geometry":{"type":"Point","coordinates":[-100.79643,38.62398]},"properties":{"FID":616,"USGS_ID":"383724100474001","LOCAL_WELL":"16S 31W 31BCB 01","website":"https://geohydro.kgs.ku.edu/geohydro/wizard/wizardwelldetail.cfm?usgs_id=383724100474001","name":"16S 31W 31BCB 01","recordUrl":"https://geohydro.kgs.ku.edu/geohydro/wizard/wizardwelldetail.cfm?usgs_id=383724100474001","period":"2026 monitoring locations"}},{"type":"Feature","id":617,"geometry":{"type":"Point","coordinates":[-100.50087,38.62744]},"properties":{"FID":617,"USGS_ID":"383743100295901","LOCAL_WELL":"16S 29W 26CCD 01","website":"https://geohydro.kgs.ku.edu/geohydro/wizard/wizardwelldetail.cfm?usgs_id=383743100295901","name":"16S 29W 26CCD 01","recordUrl":"https://geohydro.kgs.ku.edu/geohydro/wizard/wizardwelldetail.cfm?usgs_id=383743100295901","period":"2026 monitoring locations"}},{"type":"Feature","id":618,"geometry":{"type":"Point","coordinates":[-100.66264,38.62793]},"properties":{"FID":618,"USGS_ID":"383743100393801","LOCAL_WELL":"16S 30W 29CDD 01","website":"https://geohydro.kgs.ku.edu/geohydro/wizard/wizardwelldetail.cfm?usgs_id=383743100393801","name":"16S 30W 29CDD 01","recordUrl":"https://geohydro.kgs.ku.edu/geohydro/wizard/wizardwelldetail.cfm?usgs_id=383743100393801","period":"2026 monitoring locations"}},{"type":"Feature","id":619,"geometry":{"type":"Point","coordinates":[-100.13882,38.64224]},"properties":{"FID":619,"USGS_ID":"383839100081701","LOCAL_WELL":"16S 26W 24DDA 01","website":"https://geohydro.kgs.ku.edu/geohydro/wizard/wizardwelldetail.cfm?usgs_id=383839100081701","name":"16S 26W 24DDA 01","recordUrl":"https://geohydro.kgs.ku.edu/geohydro/wizard/wizardwelldetail.cfm?usgs_id=383839100081701","period":"2026 monitoring locations"}},{"type":"Feature","id":620,"geometry":{"type":"Point","coordinates":[-101.11004,38.6343]},"properties":{"FID":620,"USGS_ID":"383804101062801","LOCAL_WELL":"16S 34W 29CBB 01","website":"https://geohydro.kgs.ku.edu/geohydro/wizard/wizardwelldetail.cfm?usgs_id=383804101062801","name":"16S 34W 29CBB 01","recordUrl":"https://geohydro.kgs.ku.edu/geohydro/wizard/wizardwelldetail.cfm?usgs_id=383804101062801","period":"2026 monitoring locations"}},{"type":"Feature","id":621,"geometry":{"type":"Point","coordinates":[-100.46857,38.59754]},"properties":{"FID":621,"USGS_ID":"383551100275501","LOCAL_WELL":"17S 28W 07BBB 01","website":"https://geohydro.kgs.ku.edu/geohydro/wizard/wizardwelldetail.cfm?usgs_id=383551100275501","name":"17S 28W 07BBB 01","recordUrl":"https://geohydro.kgs.ku.edu/geohydro/wizard/wizardwelldetail.cfm?usgs_id=383551100275501","period":"2026 monitoring locations"}},{"type":"Feature","id":622,"geometry":{"type":"Point","coordinates":[-101.01462,38.59799]},"properties":{"FID":622,"USGS_ID":"383553101004901","LOCAL_WELL":"17S 33W 07BBA 01","website":"https://geohydro.kgs.ku.edu/geohydro/wizard/wizardwelldetail.cfm?usgs_id=383553101004901","name":"17S 33W 07BBA 01","recordUrl":"https://geohydro.kgs.ku.edu/geohydro/wizard/wizardwelldetail.cfm?usgs_id=383553101004901","period":"2026 monitoring locations"}},{"type":"Feature","id":623,"geometry":{"type":"Point","coordinates":[-101.67571,38.59658]},"properties":{"FID":623,"USGS_ID":"383557101402601","LOCAL_WELL":"17S 39W 06CCD 01","website":"https://geohydro.kgs.ku.edu/geohydro/wizard/wizardwelldetail.cfm?usgs_id=383557101402601","name":"17S 39W 06CCD 01","recordUrl":"https://geohydro.kgs.ku.edu/geohydro/wizard/wizardwelldetail.cfm?usgs_id=383557101402601","period":"2026 monitoring locations"}},{"type":"Feature","id":624,"geometry":{"type":"Point","coordinates":[-100.75173,38.59936]},"properties":{"FID":624,"USGS_ID":"383559100445101","LOCAL_WELL":"17S 31W 04DCC 01","website":"https://geohydro.kgs.ku.edu/geohydro/wizard/wizardwelldetail.cfm?usgs_id=383559100445101","name":"17S 31W 04DCC 01","recordUrl":"https://geohydro.kgs.ku.edu/geohydro/wizard/wizardwelldetail.cfm?usgs_id=383559100445101","period":"2026 monitoring locations"}},{"type":"Feature","id":625,"geometry":{"type":"Point","coordinates":[-101.69736,38.63537]},"properties":{"FID":625,"USGS_ID":"383815101415101","LOCAL_WELL":"16S 40W 26ADA 01","website":"https://geohydro.kgs.ku.edu/geohydro/wizard/wizardwelldetail.cfm?usgs_id=383815101415101","name":"16S 40W 26ADA 01","recordUrl":"https://geohydro.kgs.ku.edu/geohydro/wizard/wizardwelldetail.cfm?usgs_id=383815101415101","period":"2026 monitoring locations"}},{"type":"Feature","id":626,"geometry":{"type":"Point","coordinates":[-101.36773,38.64959]},"properties":{"FID":626,"USGS_ID":"383909101215301","LOCAL_WELL":"16S 37W 24BCB 01","website":"https://geohydro.kgs.ku.edu/geohydro/wizard/wizardwelldetail.cfm?usgs_id=383909101215301","name":"16S 37W 24BCB 01","recordUrl":"https://geohydro.kgs.ku.edu/geohydro/wizard/wizardwelldetail.cfm?usgs_id=383909101215301","period":"2026 monitoring locations"}},{"type":"Feature","id":627,"geometry":{"type":"Point","coordinates":[-101.95693,38.65029]},"properties":{"FID":627,"USGS_ID":"383909101572301","LOCAL_WELL":"16S 42W 22BCB 01","website":"https://geohydro.kgs.ku.edu/geohydro/wizard/wizardwelldetail.cfm?usgs_id=383909101572301","name":"16S 42W 22BCB 01","recordUrl":"https://geohydro.kgs.ku.edu/geohydro/wizard/wizardwelldetail.cfm?usgs_id=383909101572301","period":"2026 monitoring locations"}},{"type":"Feature","id":628,"geometry":{"type":"Point","coordinates":[-100.3441,37.67369]},"properties":{"FID":628,"USGS_ID":"374025100203901","LOCAL_WELL":"27S 28W 26ADD 02","website":"https://geohydro.kgs.ku.edu/geohydro/wizard/wizardwelldetail.cfm?usgs_id=374025100203901","name":"27S 28W 26ADD 02","recordUrl":"https://geohydro.kgs.ku.edu/geohydro/wizard/wizardwelldetail.cfm?usgs_id=374025100203901","period":"2026 monitoring locations"}},{"type":"Feature","id":629,"geometry":{"type":"Point","coordinates":[-100.59507,38.60584]},"properties":{"FID":629,"USGS_ID":"383625100353701","LOCAL_WELL":"17S 30W 01BCC 01","website":"https://geohydro.kgs.ku.edu/geohydro/wizard/wizardwelldetail.cfm?usgs_id=383625100353701","name":"17S 30W 01BCC 01","recordUrl":"https://geohydro.kgs.ku.edu/geohydro/wizard/wizardwelldetail.cfm?usgs_id=383625100353701","period":"2026 monitoring locations"}},{"type":"Feature","id":630,"geometry":{"type":"Point","coordinates":[-100.788,38.55876]},"properties":{"FID":630,"USGS_ID":"383328100471201","LOCAL_WELL":"17S 31W 19CDA 01","website":"https://geohydro.kgs.ku.edu/geohydro/wizard/wizardwelldetail.cfm?usgs_id=383328100471201","name":"17S 31W 19CDA 01","recordUrl":"https://geohydro.kgs.ku.edu/geohydro/wizard/wizardwelldetail.cfm?usgs_id=383328100471201","period":"2026 monitoring locations"}},{"type":"Feature","id":631,"geometry":{"type":"Point","coordinates":[-100.93404,38.57929]},"properties":{"FID":631,"USGS_ID":"383448100555801","LOCAL_WELL":"17S 33W 14ACB 01","website":"https://geohydro.kgs.ku.edu/geohydro/wizard/wizardwelldetail.cfm?usgs_id=383448100555801","name":"17S 33W 14ACB 01","recordUrl":"https://geohydro.kgs.ku.edu/geohydro/wizard/wizardwelldetail.cfm?usgs_id=383448100555801","period":"2026 monitoring locations"}},{"type":"Feature","id":632,"geometry":{"type":"Point","coordinates":[-101.50038,38.6071]},"properties":{"FID":632,"USGS_ID":"383630101295701","LOCAL_WELL":"17S 38W 03ACA 01","website":"https://geohydro.kgs.ku.edu/geohydro/wizard/wizardwelldetail.cfm?usgs_id=383630101295701","name":"17S 38W 03ACA 01","recordUrl":"https://geohydro.kgs.ku.edu/geohydro/wizard/wizardwelldetail.cfm?usgs_id=383630101295701","period":"2026 monitoring locations"}},{"type":"Feature","id":633,"geometry":{"type":"Point","coordinates":[-101.6178,38.65499]},"properties":{"FID":633,"USGS_ID":"383927101365401","LOCAL_WELL":"16S 39W 15CDC 01","website":"https://geohydro.kgs.ku.edu/geohydro/wizard/wizardwelldetail.cfm?usgs_id=383927101365401","name":"16S 39W 15CDC 01","recordUrl":"https://geohydro.kgs.ku.edu/geohydro/wizard/wizardwelldetail.cfm?usgs_id=383927101365401","period":"2026 monitoring locations"}},{"type":"Feature","id":634,"geometry":{"type":"Point","coordinates":[-100.41352,38.57924]},"properties":{"FID":634,"USGS_ID":"383452100243601","LOCAL_WELL":"17S 28W 15BBC 01","website":"https://geohydro.kgs.ku.edu/geohydro/wizard/wizardwelldetail.cfm?usgs_id=383452100243601","name":"17S 28W 15BBC 01","recordUrl":"https://geohydro.kgs.ku.edu/geohydro/wizard/wizardwelldetail.cfm?usgs_id=383452100243601","period":"2026 monitoring locations"}},{"type":"Feature","id":635,"geometry":{"type":"Point","coordinates":[-101.15578,38.60925]},"properties":{"FID":635,"USGS_ID":"383639101091301","LOCAL_WELL":"17S 35W 02ABC 01","website":"https://geohydro.kgs.ku.edu/geohydro/wizard/wizardwelldetail.cfm?usgs_id=383639101091301","name":"17S 35W 02ABC 01","recordUrl":"https://geohydro.kgs.ku.edu/geohydro/wizard/wizardwelldetail.cfm?usgs_id=383639101091301","period":"2026 monitoring locations"}},{"type":"Feature","id":636,"geometry":{"type":"Point","coordinates":[-101.59702,38.6113]},"properties":{"FID":636,"USGS_ID":"383643101354101","LOCAL_WELL":"17S 39W 02BAA 01","website":"https://geohydro.kgs.ku.edu/geohydro/wizard/wizardwelldetail.cfm?usgs_id=383643101354101","name":"17S 39W 02BAA 01","recordUrl":"https://geohydro.kgs.ku.edu/geohydro/wizard/wizardwelldetail.cfm?usgs_id=383643101354101","period":"2026 monitoring locations"}},{"type":"Feature","id":637,"geometry":{"type":"Point","coordinates":[-100.87064,38.58435]},"properties":{"FID":637,"USGS_ID":"383501100520601","LOCAL_WELL":"17S 32W 16BBB 01","website":"https://geohydro.kgs.ku.edu/geohydro/wizard/wizardwelldetail.cfm?usgs_id=383501100520601","name":"17S 32W 16BBB 01","recordUrl":"https://geohydro.kgs.ku.edu/geohydro/wizard/wizardwelldetail.cfm?usgs_id=383501100520601","period":"2026 monitoring locations"}},{"type":"Feature","id":638,"geometry":{"type":"Point","coordinates":[-101.61297,38.56617]},"properties":{"FID":638,"USGS_ID":"383405101363901","LOCAL_WELL":"17S 39W 22ABB 01","website":"https://geohydro.kgs.ku.edu/geohydro/wizard/wizardwelldetail.cfm?usgs_id=383405101363901","name":"17S 39W 22ABB 01","recordUrl":"https://geohydro.kgs.ku.edu/geohydro/wizard/wizardwelldetail.cfm?usgs_id=383405101363901","period":"2026 monitoring locations"}},{"type":"Feature","id":639,"geometry":{"type":"Point","coordinates":[-101.53175,38.56732]},"properties":{"FID":639,"USGS_ID":"383406101314401","LOCAL_WELL":"17S 38W 21BBB 01","website":"https://geohydro.kgs.ku.edu/geohydro/wizard/wizardwelldetail.cfm?usgs_id=383406101314401","name":"17S 38W 21BBB 01","recordUrl":"https://geohydro.kgs.ku.edu/geohydro/wizard/wizardwelldetail.cfm?usgs_id=383406101314401","period":"2026 monitoring locations"}},{"type":"Feature","id":640,"geometry":{"type":"Point","coordinates":[-101.29355,38.61345]},"properties":{"FID":640,"USGS_ID":"383652101172902","LOCAL_WELL":"16S 36W 34CCC 02","website":"https://geohydro.kgs.ku.edu/geohydro/wizard/wizardwelldetail.cfm?usgs_id=383652101172902","name":"16S 36W 34CCC 02","recordUrl":"https://geohydro.kgs.ku.edu/geohydro/wizard/wizardwelldetail.cfm?usgs_id=383652101172902","period":"2026 monitoring locations"}},{"type":"Feature","id":641,"geometry":{"type":"Point","coordinates":[-100.66893,38.56953]},"properties":{"FID":641,"USGS_ID":"383407100400201","LOCAL_WELL":"17S 30W 20BBB 01","website":"https://geohydro.kgs.ku.edu/geohydro/wizard/wizardwelldetail.cfm?usgs_id=383407100400201","name":"17S 30W 20BBB 01","recordUrl":"https://geohydro.kgs.ku.edu/geohydro/wizard/wizardwelldetail.cfm?usgs_id=383407100400201","period":"2026 monitoring locations"}},{"type":"Feature","id":642,"geometry":{"type":"Point","coordinates":[-101.96026,39.11638]},"properties":{"FID":642,"USGS_ID":"390657101573901","LOCAL_WELL":"11S 42W 10AAD 01","website":"https://geohydro.kgs.ku.edu/geohydro/wizard/wizardwelldetail.cfm?usgs_id=390657101573901","name":"11S 42W 10AAD 01","recordUrl":"https://geohydro.kgs.ku.edu/geohydro/wizard/wizardwelldetail.cfm?usgs_id=390657101573901","period":"2026 monitoring locations"}},{"type":"Feature","id":643,"geometry":{"type":"Point","coordinates":[-101.15471,39.11675]},"properties":{"FID":643,"USGS_ID":"390702101091101","LOCAL_WELL":"11S 35W 12ABC 01","website":"https://geohydro.kgs.ku.edu/geohydro/wizard/wizardwelldetail.cfm?usgs_id=390702101091101","name":"11S 35W 12ABC 01","recordUrl":"https://geohydro.kgs.ku.edu/geohydro/wizard/wizardwelldetail.cfm?usgs_id=390702101091101","period":"2026 monitoring locations"}},{"type":"Feature","id":644,"geometry":{"type":"Point","coordinates":[-100.73995,39.16232]},"properties":{"FID":644,"USGS_ID":"390940100443201","LOCAL_WELL":"10S 31W 26AAA 01","website":"https://geohydro.kgs.ku.edu/geohydro/wizard/wizardwelldetail.cfm?usgs_id=390940100443201","name":"10S 31W 26AAA 01","recordUrl":"https://geohydro.kgs.ku.edu/geohydro/wizard/wizardwelldetail.cfm?usgs_id=390940100443201","period":"2026 monitoring locations"}},{"type":"Feature","id":645,"geometry":{"type":"Point","coordinates":[-99.66964,39.06026]},"properties":{"FID":645,"USGS_ID":"390341099400601","LOCAL_WELL":"11S 21W 29DDD 01","website":"https://geohydro.kgs.ku.edu/geohydro/wizard/wizardwelldetail.cfm?usgs_id=390341099400601","name":"11S 21W 29DDD 01","recordUrl":"https://geohydro.kgs.ku.edu/geohydro/wizard/wizardwelldetail.cfm?usgs_id=390341099400601","period":"2026 monitoring locations"}},{"type":"Feature","id":646,"geometry":{"type":"Point","coordinates":[-100.70423,39.11869]},"properties":{"FID":646,"USGS_ID":"390704100421401","LOCAL_WELL":"11S 31W 12AAB 01","website":"https://geohydro.kgs.ku.edu/geohydro/wizard/wizardwelldetail.cfm?usgs_id=390704100421401","name":"11S 31W 12AAB 01","recordUrl":"https://geohydro.kgs.ku.edu/geohydro/wizard/wizardwelldetail.cfm?usgs_id=390704100421401","period":"2026 monitoring locations"}},{"type":"Feature","id":647,"geometry":{"type":"Point","coordinates":[-100.21702,39.11893]},"properties":{"FID":647,"USGS_ID":"390709100125401","LOCAL_WELL":"11S 26W 04CDC 01","website":"https://geohydro.kgs.ku.edu/geohydro/wizard/wizardwelldetail.cfm?usgs_id=390709100125401","name":"11S 26W 04CDC 01","recordUrl":"https://geohydro.kgs.ku.edu/geohydro/wizard/wizardwelldetail.cfm?usgs_id=390709100125401","period":"2026 monitoring locations"}},{"type":"Feature","id":648,"geometry":{"type":"Point","coordinates":[-100.90934,39.08969]},"properties":{"FID":648,"USGS_ID":"390521100542901","LOCAL_WELL":"11S 32W 19AAB 01","website":"https://geohydro.kgs.ku.edu/geohydro/wizard/wizardwelldetail.cfm?usgs_id=390521100542901","name":"11S 32W 19AAB 01","recordUrl":"https://geohydro.kgs.ku.edu/geohydro/wizard/wizardwelldetail.cfm?usgs_id=390521100542901","period":"2026 monitoring locations"}},{"type":"Feature","id":649,"geometry":{"type":"Point","coordinates":[-100.53513,39.12369]},"properties":{"FID":649,"USGS_ID":"390723100320801","LOCAL_WELL":"11S 29W 04DAD 01","website":"https://geohydro.kgs.ku.edu/geohydro/wizard/wizardwelldetail.cfm?usgs_id=390723100320801","name":"11S 29W 04DAD 01","recordUrl":"https://geohydro.kgs.ku.edu/geohydro/wizard/wizardwelldetail.cfm?usgs_id=390723100320801","period":"2026 monitoring locations"}},{"type":"Feature","id":650,"geometry":{"type":"Point","coordinates":[-101.05324,39.16581]},"properties":{"FID":650,"USGS_ID":"391001101031001","LOCAL_WELL":"10S 33W 19CBD 01","website":"https://geohydro.kgs.ku.edu/geohydro/wizard/wizardwelldetail.cfm?usgs_id=391001101031001","name":"10S 33W 19CBD 01","recordUrl":"https://geohydro.kgs.ku.edu/geohydro/wizard/wizardwelldetail.cfm?usgs_id=391001101031001","period":"2026 monitoring locations"}},{"type":"Feature","id":651,"geometry":{"type":"Point","coordinates":[-100.31753,39.16773]},"properties":{"FID":651,"USGS_ID":"391005100190401","LOCAL_WELL":"10S 27W 22DBA 01","website":"https://geohydro.kgs.ku.edu/geohydro/wizard/wizardwelldetail.cfm?usgs_id=391005100190401","name":"10S 27W 22DBA 01","recordUrl":"https://geohydro.kgs.ku.edu/geohydro/wizard/wizardwelldetail.cfm?usgs_id=391005100190401","period":"2026 monitoring locations"}},{"type":"Feature","id":652,"geometry":{"type":"Point","coordinates":[-100.58357,39.1693]},"properties":{"FID":652,"USGS_ID":"391006100345201","LOCAL_WELL":"10S 29W 20CAA 01","website":"https://geohydro.kgs.ku.edu/geohydro/wizard/wizardwelldetail.cfm?usgs_id=391006100345201","name":"10S 29W 20CAA 01","recordUrl":"https://geohydro.kgs.ku.edu/geohydro/wizard/wizardwelldetail.cfm?usgs_id=391006100345201","period":"2026 monitoring locations"}},{"type":"Feature","id":653,"geometry":{"type":"Point","coordinates":[-100.66193,39.06919]},"properties":{"FID":653,"USGS_ID":"390402100393801","LOCAL_WELL":"11S 30W 28CBA 01","website":"https://geohydro.kgs.ku.edu/geohydro/wizard/wizardwelldetail.cfm?usgs_id=390402100393801","name":"11S 30W 28CBA 01","recordUrl":"https://geohydro.kgs.ku.edu/geohydro/wizard/wizardwelldetail.cfm?usgs_id=390402100393801","period":"2026 monitoring locations"}},{"type":"Feature","id":654,"geometry":{"type":"Point","coordinates":[-100.82983,39.12674]},"properties":{"FID":654,"USGS_ID":"390738100494401","LOCAL_WELL":"11S 32W 01BCC 01","website":"https://geohydro.kgs.ku.edu/geohydro/wizard/wizardwelldetail.cfm?usgs_id=390738100494401","name":"11S 32W 01BCC 01","recordUrl":"https://geohydro.kgs.ku.edu/geohydro/wizard/wizardwelldetail.cfm?usgs_id=390738100494401","period":"2026 monitoring locations"}},{"type":"Feature","id":655,"geometry":{"type":"Point","coordinates":[-101.10434,39.09124]},"properties":{"FID":655,"USGS_ID":"390537101060901","LOCAL_WELL":"11S 34W 16CDB 01","website":"https://geohydro.kgs.ku.edu/geohydro/wizard/wizardwelldetail.cfm?usgs_id=390537101060901","name":"11S 34W 16CDB 01","recordUrl":"https://geohydro.kgs.ku.edu/geohydro/wizard/wizardwelldetail.cfm?usgs_id=390537101060901","period":"2026 monitoring locations"}},{"type":"Feature","id":656,"geometry":{"type":"Point","coordinates":[-100.97975,39.07101]},"properties":{"FID":656,"USGS_ID":"390417100584901","LOCAL_WELL":"11S 33W 28ADA 01","website":"https://geohydro.kgs.ku.edu/geohydro/wizard/wizardwelldetail.cfm?usgs_id=390417100584901","name":"11S 33W 28ADA 01","recordUrl":"https://geohydro.kgs.ku.edu/geohydro/wizard/wizardwelldetail.cfm?usgs_id=390417100584901","period":"2026 monitoring locations"}},{"type":"Feature","id":657,"geometry":{"type":"Point","coordinates":[-101.88546,39.18068]},"properties":{"FID":657,"USGS_ID":"391052101531101","LOCAL_WELL":"10S 41W 15CAD 01","website":"https://geohydro.kgs.ku.edu/geohydro/wizard/wizardwelldetail.cfm?usgs_id=391052101531101","name":"10S 41W 15CAD 01","recordUrl":"https://geohydro.kgs.ku.edu/geohydro/wizard/wizardwelldetail.cfm?usgs_id=391052101531101","period":"2026 monitoring locations"}},{"type":"Feature","id":658,"geometry":{"type":"Point","coordinates":[-100.08961,39.17457]},"properties":{"FID":658,"USGS_ID":"391031100052901","LOCAL_WELL":"10S 25W 22AAA 01","website":"https://geohydro.kgs.ku.edu/geohydro/wizard/wizardwelldetail.cfm?usgs_id=391031100052901","name":"10S 25W 22AAA 01","recordUrl":"https://geohydro.kgs.ku.edu/geohydro/wizard/wizardwelldetail.cfm?usgs_id=391031100052901","period":"2026 monitoring locations"}},{"type":"Feature","id":659,"geometry":{"type":"Point","coordinates":[-101.96427,39.17659]},"properties":{"FID":659,"USGS_ID":"391032101574801","LOCAL_WELL":"10S 42W 24BAB 01","website":"https://geohydro.kgs.ku.edu/geohydro/wizard/wizardwelldetail.cfm?usgs_id=391032101574801","name":"10S 42W 24BAB 01","recordUrl":"https://geohydro.kgs.ku.edu/geohydro/wizard/wizardwelldetail.cfm?usgs_id=391032101574801","period":"2026 monitoring locations"}},{"type":"Feature","id":660,"geometry":{"type":"Point","coordinates":[-102.03417,39.17664]},"properties":{"FID":660,"USGS_ID":"391032102015501","LOCAL_WELL":"10S 42W 20ABB 01","website":"https://geohydro.kgs.ku.edu/geohydro/wizard/wizardwelldetail.cfm?usgs_id=391032102015501","name":"10S 42W 20ABB 01","recordUrl":"https://geohydro.kgs.ku.edu/geohydro/wizard/wizardwelldetail.cfm?usgs_id=391032102015501","period":"2026 monitoring locations"}},{"type":"Feature","id":661,"geometry":{"type":"Point","coordinates":[-100.39684,39.07543]},"properties":{"FID":661,"USGS_ID":"390427100235101","LOCAL_WELL":"11S 28W 26ABB 01","website":"https://geohydro.kgs.ku.edu/geohydro/wizard/wizardwelldetail.cfm?usgs_id=390427100235101","name":"11S 28W 26ABB 01","recordUrl":"https://geohydro.kgs.ku.edu/geohydro/wizard/wizardwelldetail.cfm?usgs_id=390427100235101","period":"2026 monitoring locations"}},{"type":"Feature","id":662,"geometry":{"type":"Point","coordinates":[-100.63753,39.07599]},"properties":{"FID":662,"USGS_ID":"390428100380701","LOCAL_WELL":"11S 30W 27ABB 01","website":"https://geohydro.kgs.ku.edu/geohydro/wizard/wizardwelldetail.cfm?usgs_id=390428100380701","name":"11S 30W 27ABB 01","recordUrl":"https://geohydro.kgs.ku.edu/geohydro/wizard/wizardwelldetail.cfm?usgs_id=390428100380701","period":"2026 monitoring locations"}},{"type":"Feature","id":663,"geometry":{"type":"Point","coordinates":[-101.35385,39.17886]},"properties":{"FID":663,"USGS_ID":"391043101211101","LOCAL_WELL":"10S 36W 16CCC 01","website":"https://geohydro.kgs.ku.edu/geohydro/wizard/wizardwelldetail.cfm?usgs_id=391043101211101","name":"10S 36W 16CCC 01","recordUrl":"https://geohydro.kgs.ku.edu/geohydro/wizard/wizardwelldetail.cfm?usgs_id=391043101211101","period":"2026 monitoring locations"}},{"type":"Feature","id":664,"geometry":{"type":"Point","coordinates":[-100.92154,39.0465]},"properties":{"FID":664,"USGS_ID":"390252100551301","LOCAL_WELL":"11S 32W 31CCD 01","website":"https://geohydro.kgs.ku.edu/geohydro/wizard/wizardwelldetail.cfm?usgs_id=390252100551301","name":"11S 32W 31CCD 01","recordUrl":"https://geohydro.kgs.ku.edu/geohydro/wizard/wizardwelldetail.cfm?usgs_id=390252100551301","period":"2026 monitoring locations"}},{"type":"Feature","id":665,"geometry":{"type":"Point","coordinates":[-101.09578,39.04714]},"properties":{"FID":665,"USGS_ID":"390254101053801","LOCAL_WELL":"11S 34W 33DDC 01","website":"https://geohydro.kgs.ku.edu/geohydro/wizard/wizardwelldetail.cfm?usgs_id=390254101053801","name":"11S 34W 33DDC 01","recordUrl":"https://geohydro.kgs.ku.edu/geohydro/wizard/wizardwelldetail.cfm?usgs_id=390254101053801","period":"2026 monitoring locations"}},{"type":"Feature","id":666,"geometry":{"type":"Point","coordinates":[-101.51629,39.04951]},"properties":{"FID":666,"USGS_ID":"390254101305402","LOCAL_WELL":"11S 38W 35CCC 02","website":"https://geohydro.kgs.ku.edu/geohydro/wizard/wizardwelldetail.cfm?usgs_id=390254101305402","name":"11S 38W 35CCC 02","recordUrl":"https://geohydro.kgs.ku.edu/geohydro/wizard/wizardwelldetail.cfm?usgs_id=390254101305402","period":"2026 monitoring locations"}},{"type":"Feature","id":667,"geometry":{"type":"Point","coordinates":[-100.26828,39.10336]},"properties":{"FID":667,"USGS_ID":"390611100155701","LOCAL_WELL":"11S 27W 13ABB 01","website":"https://geohydro.kgs.ku.edu/geohydro/wizard/wizardwelldetail.cfm?usgs_id=390611100155701","name":"11S 27W 13ABB 01","recordUrl":"https://geohydro.kgs.ku.edu/geohydro/wizard/wizardwelldetail.cfm?usgs_id=390611100155701","period":"2026 monitoring locations"}},{"type":"Feature","id":668,"geometry":{"type":"Point","coordinates":[-101.03714,39.10321]},"properties":{"FID":668,"USGS_ID":"390615101021601","LOCAL_WELL":"11S 34W 13AAB 01","website":"https://geohydro.kgs.ku.edu/geohydro/wizard/wizardwelldetail.cfm?usgs_id=390615101021601","name":"11S 34W 13AAB 01","recordUrl":"https://geohydro.kgs.ku.edu/geohydro/wizard/wizardwelldetail.cfm?usgs_id=390615101021601","period":"2026 monitoring locations"}},{"type":"Feature","id":669,"geometry":{"type":"Point","coordinates":[-102.00167,39.10404]},"properties":{"FID":669,"USGS_ID":"390618102000301","LOCAL_WELL":"11S 42W 08DDC 01","website":"https://geohydro.kgs.ku.edu/geohydro/wizard/wizardwelldetail.cfm?usgs_id=390618102000301","name":"11S 42W 08DDC 01","recordUrl":"https://geohydro.kgs.ku.edu/geohydro/wizard/wizardwelldetail.cfm?usgs_id=390618102000301","period":"2026 monitoring locations"}},{"type":"Feature","id":670,"geometry":{"type":"Point","coordinates":[-100.75584,38.14881]},"properties":{"FID":670,"USGS_ID":"390856100451901","LOCAL_WELL":"22S 31W 08CCC 01","website":"https://geohydro.kgs.ku.edu/geohydro/wizard/wizardwelldetail.cfm?usgs_id=390856100451901","name":"22S 31W 08CCC 01","recordUrl":"https://geohydro.kgs.ku.edu/geohydro/wizard/wizardwelldetail.cfm?usgs_id=390856100451901","period":"2026 monitoring locations"}},{"type":"Feature","id":671,"geometry":{"type":"Point","coordinates":[-100.61003,39.05467]},"properties":{"FID":671,"USGS_ID":"390310100362801","LOCAL_WELL":"11S 30W 36CBB 01","website":"https://geohydro.kgs.ku.edu/geohydro/wizard/wizardwelldetail.cfm?usgs_id=390310100362801","name":"11S 30W 36CBB 01","recordUrl":"https://geohydro.kgs.ku.edu/geohydro/wizard/wizardwelldetail.cfm?usgs_id=390310100362801","period":"2026 monitoring locations"}},{"type":"Feature","id":672,"geometry":{"type":"Point","coordinates":[-100.27835,39.05494]},"properties":{"FID":672,"USGS_ID":"390316100163201","LOCAL_WELL":"11S 27W 36BCC 01","website":"https://geohydro.kgs.ku.edu/geohydro/wizard/wizardwelldetail.cfm?usgs_id=390316100163201","name":"11S 27W 36BCC 01","recordUrl":"https://geohydro.kgs.ku.edu/geohydro/wizard/wizardwelldetail.cfm?usgs_id=390316100163201","period":"2026 monitoring locations"}},{"type":"Feature","id":673,"geometry":{"type":"Point","coordinates":[-100.73323,39.05472]},"properties":{"FID":673,"USGS_ID":"390317100435701","LOCAL_WELL":"11S 31W 35BDC 01","website":"https://geohydro.kgs.ku.edu/geohydro/wizard/wizardwelldetail.cfm?usgs_id=390317100435701","name":"11S 31W 35BDC 01","recordUrl":"https://geohydro.kgs.ku.edu/geohydro/wizard/wizardwelldetail.cfm?usgs_id=390317100435701","period":"2026 monitoring locations"}},{"type":"Feature","id":674,"geometry":{"type":"Point","coordinates":[-100.91674,39.15114]},"properties":{"FID":674,"USGS_ID":"390901100545201","LOCAL_WELL":"10S 32W 29DCB 01","website":"https://geohydro.kgs.ku.edu/geohydro/wizard/wizardwelldetail.cfm?usgs_id=390901100545201","name":"10S 32W 29DCB 01","recordUrl":"https://geohydro.kgs.ku.edu/geohydro/wizard/wizardwelldetail.cfm?usgs_id=390901100545201","period":"2026 monitoring locations"}},{"type":"Feature","id":675,"geometry":{"type":"Point","coordinates":[-100.97024,39.11309]},"properties":{"FID":675,"USGS_ID":"390646100581301","LOCAL_WELL":"11S 33W 10BDD 01","website":"https://geohydro.kgs.ku.edu/geohydro/wizard/wizardwelldetail.cfm?usgs_id=390646100581301","name":"11S 33W 10BDD 01","recordUrl":"https://geohydro.kgs.ku.edu/geohydro/wizard/wizardwelldetail.cfm?usgs_id=390646100581301","period":"2026 monitoring locations"}},{"type":"Feature","id":676,"geometry":{"type":"Point","coordinates":[-101.90076,39.15503]},"properties":{"FID":676,"USGS_ID":"390921101540201","LOCAL_WELL":"10S 41W 28ACD 01","website":"https://geohydro.kgs.ku.edu/geohydro/wizard/wizardwelldetail.cfm?usgs_id=390921101540201","name":"10S 41W 28ACD 01","recordUrl":"https://geohydro.kgs.ku.edu/geohydro/wizard/wizardwelldetail.cfm?usgs_id=390921101540201","period":"2026 monitoring locations"}},{"type":"Feature","id":677,"geometry":{"type":"Point","coordinates":[-99.74352,39.05779]},"properties":{"FID":677,"USGS_ID":"390334099443101","LOCAL_WELL":"11S 22W 34AAA 01","website":"https://geohydro.kgs.ku.edu/geohydro/wizard/wizardwelldetail.cfm?usgs_id=390334099443101","name":"11S 22W 34AAA 01","recordUrl":"https://geohydro.kgs.ku.edu/geohydro/wizard/wizardwelldetail.cfm?usgs_id=390334099443101","period":"2026 monitoring locations"}},{"type":"Feature","id":678,"geometry":{"type":"Point","coordinates":[-100.81885,39.06152]},"properties":{"FID":678,"USGS_ID":"390336100490501","LOCAL_WELL":"11S 32W 36ABA 01","website":"https://geohydro.kgs.ku.edu/geohydro/wizard/wizardwelldetail.cfm?usgs_id=390336100490501","name":"11S 32W 36ABA 01","recordUrl":"https://geohydro.kgs.ku.edu/geohydro/wizard/wizardwelldetail.cfm?usgs_id=390336100490501","period":"2026 monitoring locations"}},{"type":"Feature","id":679,"geometry":{"type":"Point","coordinates":[-100.46442,39.01732]},"properties":{"FID":679,"USGS_ID":"390106100274501","LOCAL_WELL":"12S 28W 07DDD 01","website":"https://geohydro.kgs.ku.edu/geohydro/wizard/wizardwelldetail.cfm?usgs_id=390106100274501","name":"12S 28W 07DDD 01","recordUrl":"https://geohydro.kgs.ku.edu/geohydro/wizard/wizardwelldetail.cfm?usgs_id=390106100274501","period":"2026 monitoring locations"}},{"type":"Feature","id":680,"geometry":{"type":"Point","coordinates":[-100.31612,39.01972]},"properties":{"FID":680,"USGS_ID":"390113100184501","LOCAL_WELL":"12S 27W 10CCB 01","website":"https://geohydro.kgs.ku.edu/geohydro/wizard/wizardwelldetail.cfm?usgs_id=390113100184501","name":"12S 27W 10CCB 01","recordUrl":"https://geohydro.kgs.ku.edu/geohydro/wizard/wizardwelldetail.cfm?usgs_id=390113100184501","period":"2026 monitoring locations"}},{"type":"Feature","id":681,"geometry":{"type":"Point","coordinates":[-101.35005,38.90729]},"properties":{"FID":681,"USGS_ID":"385421101210001","LOCAL_WELL":"13S 36W 20CCB 01","website":"https://geohydro.kgs.ku.edu/geohydro/wizard/wizardwelldetail.cfm?usgs_id=385421101210001","name":"13S 36W 20CCB 01","recordUrl":"https://geohydro.kgs.ku.edu/geohydro/wizard/wizardwelldetail.cfm?usgs_id=385421101210001","period":"2026 monitoring locations"}},{"type":"Feature","id":682,"geometry":{"type":"Point","coordinates":[-100.24375,38.90627]},"properties":{"FID":682,"USGS_ID":"385423100142501","LOCAL_WELL":"13S 26W 20CBC 01","website":"https://geohydro.kgs.ku.edu/geohydro/wizard/wizardwelldetail.cfm?usgs_id=385423100142501","name":"13S 26W 20CBC 01","recordUrl":"https://geohydro.kgs.ku.edu/geohydro/wizard/wizardwelldetail.cfm?usgs_id=385423100142501","period":"2026 monitoring locations"}},{"type":"Feature","id":683,"geometry":{"type":"Point","coordinates":[-99.7924,39.02944]},"properties":{"FID":683,"USGS_ID":"390149099472801","LOCAL_WELL":"12S 22W 08BAB 01","website":"https://geohydro.kgs.ku.edu/geohydro/wizard/wizardwelldetail.cfm?usgs_id=390149099472801","name":"12S 22W 08BAB 01","recordUrl":"https://geohydro.kgs.ku.edu/geohydro/wizard/wizardwelldetail.cfm?usgs_id=390149099472801","period":"2026 monitoring locations"}},{"type":"Feature","id":684,"geometry":{"type":"Point","coordinates":[-100.16532,39.02419]},"properties":{"FID":684,"USGS_ID":"390131100095701","LOCAL_WELL":"12S 26W 12BCC 01","website":"https://geohydro.kgs.ku.edu/geohydro/wizard/wizardwelldetail.cfm?usgs_id=390131100095701","name":"12S 26W 12BCC 01","recordUrl":"https://geohydro.kgs.ku.edu/geohydro/wizard/wizardwelldetail.cfm?usgs_id=390131100095701","period":"2026 monitoring locations"}},{"type":"Feature","id":685,"geometry":{"type":"Point","coordinates":[-100.53464,39.0294]},"properties":{"FID":685,"USGS_ID":"390139100320301","LOCAL_WELL":"12S 29W 10BBD 01","website":"https://geohydro.kgs.ku.edu/geohydro/wizard/wizardwelldetail.cfm?usgs_id=390139100320301","name":"12S 29W 10BBD 01","recordUrl":"https://geohydro.kgs.ku.edu/geohydro/wizard/wizardwelldetail.cfm?usgs_id=390139100320301","period":"2026 monitoring locations"}},{"type":"Feature","id":686,"geometry":{"type":"Point","coordinates":[-99.66873,39.03072]},"properties":{"FID":686,"USGS_ID":"390156099400802","LOCAL_WELL":"12S 21W 05DDD 01","website":"https://geohydro.kgs.ku.edu/geohydro/wizard/wizardwelldetail.cfm?usgs_id=390156099400802","name":"12S 21W 05DDD 01","recordUrl":"https://geohydro.kgs.ku.edu/geohydro/wizard/wizardwelldetail.cfm?usgs_id=390156099400802","period":"2026 monitoring locations"}},{"type":"Feature","id":687,"geometry":{"type":"Point","coordinates":[-100.74198,39.06924]},"properties":{"FID":687,"USGS_ID":"390409100442901","LOCAL_WELL":"11S 31W 27ADC 01","website":"https://geohydro.kgs.ku.edu/geohydro/wizard/wizardwelldetail.cfm?usgs_id=390409100442901","name":"11S 31W 27ADC 01","recordUrl":"https://geohydro.kgs.ku.edu/geohydro/wizard/wizardwelldetail.cfm?usgs_id=390409100442901","period":"2026 monitoring locations"}},{"type":"Feature","id":688,"geometry":{"type":"Point","coordinates":[-99.9084,38.98645]},"properties":{"FID":688,"USGS_ID":"385919099542601","LOCAL_WELL":"12S 23W 20CCC 01","website":"https://geohydro.kgs.ku.edu/geohydro/wizard/wizardwelldetail.cfm?usgs_id=385919099542601","name":"12S 23W 20CCC 01","recordUrl":"https://geohydro.kgs.ku.edu/geohydro/wizard/wizardwelldetail.cfm?usgs_id=385919099542601","period":"2026 monitoring locations"}},{"type":"Feature","id":689,"geometry":{"type":"Point","coordinates":[-100.32708,38.92332]},"properties":{"FID":689,"USGS_ID":"385529100193001","LOCAL_WELL":"13S 27W 16BDD 01","website":"https://geohydro.kgs.ku.edu/geohydro/wizard/wizardwelldetail.cfm?usgs_id=385529100193001","name":"13S 27W 16BDD 01","recordUrl":"https://geohydro.kgs.ku.edu/geohydro/wizard/wizardwelldetail.cfm?usgs_id=385529100193001","period":"2026 monitoring locations"}},{"type":"Feature","id":690,"geometry":{"type":"Point","coordinates":[-100.40502,38.93072]},"properties":{"FID":690,"USGS_ID":"385532100234301","LOCAL_WELL":"13S 28W 14AC 01","website":"https://geohydro.kgs.ku.edu/geohydro/wizard/wizardwelldetail.cfm?usgs_id=385532100234301","name":"13S 28W 14AC 01","recordUrl":"https://geohydro.kgs.ku.edu/geohydro/wizard/wizardwelldetail.cfm?usgs_id=385532100234301","period":"2026 monitoring locations"}},{"type":"Feature","id":691,"geometry":{"type":"Point","coordinates":[-99.81596,38.99341]},"properties":{"FID":691,"USGS_ID":"385938099485301","LOCAL_WELL":"12S 22W 19CBB 01","website":"https://geohydro.kgs.ku.edu/geohydro/wizard/wizardwelldetail.cfm?usgs_id=385938099485301","name":"12S 22W 19CBB 01","recordUrl":"https://geohydro.kgs.ku.edu/geohydro/wizard/wizardwelldetail.cfm?usgs_id=385938099485301","period":"2026 monitoring locations"}},{"type":"Feature","id":692,"geometry":{"type":"Point","coordinates":[-100.16474,38.99286]},"properties":{"FID":692,"USGS_ID":"385941100095001","LOCAL_WELL":"12S 26W 24CBA 01","website":"https://geohydro.kgs.ku.edu/geohydro/wizard/wizardwelldetail.cfm?usgs_id=385941100095001","name":"12S 26W 24CBA 01","recordUrl":"https://geohydro.kgs.ku.edu/geohydro/wizard/wizardwelldetail.cfm?usgs_id=385941100095001","period":"2026 monitoring locations"}},{"type":"Feature","id":693,"geometry":{"type":"Point","coordinates":[-100.67704,38.94251]},"properties":{"FID":693,"USGS_ID":"385635100402501","LOCAL_WELL":"13S 30W 08ABC 01","website":"https://geohydro.kgs.ku.edu/geohydro/wizard/wizardwelldetail.cfm?usgs_id=385635100402501","name":"13S 30W 08ABC 01","recordUrl":"https://geohydro.kgs.ku.edu/geohydro/wizard/wizardwelldetail.cfm?usgs_id=385635100402501","period":"2026 monitoring locations"}},{"type":"Feature","id":694,"geometry":{"type":"Point","coordinates":[-100.27944,39.00326]},"properties":{"FID":694,"USGS_ID":"390014100164201","LOCAL_WELL":"12S 27W 14DDD 01","website":"https://geohydro.kgs.ku.edu/geohydro/wizard/wizardwelldetail.cfm?usgs_id=390014100164201","name":"12S 27W 14DDD 01","recordUrl":"https://geohydro.kgs.ku.edu/geohydro/wizard/wizardwelldetail.cfm?usgs_id=390014100164201","period":"2026 monitoring locations"}},{"type":"Feature","id":695,"geometry":{"type":"Point","coordinates":[-99.35381,38.88614]},"properties":{"FID":695,"USGS_ID":"385313099211601","LOCAL_WELL":"13S 18W 29CCC 01","website":"https://geohydro.kgs.ku.edu/geohydro/wizard/wizardwelldetail.cfm?usgs_id=385313099211601","name":"13S 18W 29CCC 01","recordUrl":"https://geohydro.kgs.ku.edu/geohydro/wizard/wizardwelldetail.cfm?usgs_id=385313099211601","period":"2026 monitoring locations"}},{"type":"Feature","id":696,"geometry":{"type":"Point","coordinates":[-99.26246,38.854]},"properties":{"FID":696,"USGS_ID":"385115099155401","LOCAL_WELL":"14S 18W 12AAD 01","website":"https://geohydro.kgs.ku.edu/geohydro/wizard/wizardwelldetail.cfm?usgs_id=385115099155401","name":"14S 18W 12AAD 01","recordUrl":"https://geohydro.kgs.ku.edu/geohydro/wizard/wizardwelldetail.cfm?usgs_id=385115099155401","period":"2026 monitoring locations"}},{"type":"Feature","id":697,"geometry":{"type":"Point","coordinates":[-101.66662,38.88697]},"properties":{"FID":697,"USGS_ID":"385314101395701","LOCAL_WELL":"13S 39W 33BBB 01","website":"https://geohydro.kgs.ku.edu/geohydro/wizard/wizardwelldetail.cfm?usgs_id=385314101395701","name":"13S 39W 33BBB 01","recordUrl":"https://geohydro.kgs.ku.edu/geohydro/wizard/wizardwelldetail.cfm?usgs_id=385314101395701","period":"2026 monitoring locations"}},{"type":"Feature","id":698,"geometry":{"type":"Point","coordinates":[-101.97323,38.85711]},"properties":{"FID":698,"USGS_ID":"385130101584201","LOCAL_WELL":"14S 42W 10BAA 01","website":"https://geohydro.kgs.ku.edu/geohydro/wizard/wizardwelldetail.cfm?usgs_id=385130101584201","name":"14S 42W 10BAA 01","recordUrl":"https://geohydro.kgs.ku.edu/geohydro/wizard/wizardwelldetail.cfm?usgs_id=385130101584201","period":"2026 monitoring locations"}},{"type":"Feature","id":699,"geometry":{"type":"Point","coordinates":[-100.87512,39.01393]},"properties":{"FID":699,"USGS_ID":"390048100522701","LOCAL_WELL":"12S 32W 16ACA 01","website":"https://geohydro.kgs.ku.edu/geohydro/wizard/wizardwelldetail.cfm?usgs_id=390048100522701","name":"12S 32W 16ACA 01","recordUrl":"https://geohydro.kgs.ku.edu/geohydro/wizard/wizardwelldetail.cfm?usgs_id=390048100522701","period":"2026 monitoring locations"}},{"type":"Feature","id":700,"geometry":{"type":"Point","coordinates":[-100.02763,39.45811]},"properties":{"FID":700,"USGS_ID":"392729100013501","LOCAL_WELL":"07S 24W 08CBA 01","website":"https://geohydro.kgs.ku.edu/geohydro/wizard/wizardwelldetail.cfm?usgs_id=392729100013501","name":"07S 24W 08CBA 01","recordUrl":"https://geohydro.kgs.ku.edu/geohydro/wizard/wizardwelldetail.cfm?usgs_id=392729100013501","period":"2026 monitoring locations"}},{"type":"Feature","id":701,"geometry":{"type":"Point","coordinates":[-100.70133,39.45919]},"properties":{"FID":701,"USGS_ID":"392729100420601","LOCAL_WELL":"07S 30W 08CBB 01","website":"https://geohydro.kgs.ku.edu/geohydro/wizard/wizardwelldetail.cfm?usgs_id=392729100420601","name":"07S 30W 08CBB 01","recordUrl":"https://geohydro.kgs.ku.edu/geohydro/wizard/wizardwelldetail.cfm?usgs_id=392729100420601","period":"2026 monitoring locations"}},{"type":"Feature","id":702,"geometry":{"type":"Point","coordinates":[-102.04297,39.45793]},"properties":{"FID":702,"USGS_ID":"392730102022801","LOCAL_WELL":"07S 42W 07DAA 01","website":"https://geohydro.kgs.ku.edu/geohydro/wizard/wizardwelldetail.cfm?usgs_id=392730102022801","name":"07S 42W 07DAA 01","recordUrl":"https://geohydro.kgs.ku.edu/geohydro/wizard/wizardwelldetail.cfm?usgs_id=392730102022801","period":"2026 monitoring locations"}},{"type":"Feature","id":703,"geometry":{"type":"Point","coordinates":[-100.90644,39.40511]},"properties":{"FID":703,"USGS_ID":"392414100541201","LOCAL_WELL":"07S 32W 33BCB 01","website":"https://geohydro.kgs.ku.edu/geohydro/wizard/wizardwelldetail.cfm?usgs_id=392414100541201","name":"07S 32W 33BCB 01","recordUrl":"https://geohydro.kgs.ku.edu/geohydro/wizard/wizardwelldetail.cfm?usgs_id=392414100541201","period":"2026 monitoring locations"}},{"type":"Feature","id":704,"geometry":{"type":"Point","coordinates":[-100.53977,39.45925]},"properties":{"FID":704,"USGS_ID":"392735100321201","LOCAL_WELL":"07S 29W 10ADC 01","website":"https://geohydro.kgs.ku.edu/geohydro/wizard/wizardwelldetail.cfm?usgs_id=392735100321201","name":"07S 29W 10ADC 01","recordUrl":"https://geohydro.kgs.ku.edu/geohydro/wizard/wizardwelldetail.cfm?usgs_id=392735100321201","period":"2026 monitoring locations"}},{"type":"Feature","id":705,"geometry":{"type":"Point","coordinates":[-100.64559,39.36855]},"properties":{"FID":705,"USGS_ID":"392210100384601","LOCAL_WELL":"08S 30W 11CBC 01","website":"https://geohydro.kgs.ku.edu/geohydro/wizard/wizardwelldetail.cfm?usgs_id=392210100384601","name":"08S 30W 11CBC 01","recordUrl":"https://geohydro.kgs.ku.edu/geohydro/wizard/wizardwelldetail.cfm?usgs_id=392210100384601","period":"2026 monitoring locations"}},{"type":"Feature","id":706,"geometry":{"type":"Point","coordinates":[-100.83614,39.36928]},"properties":{"FID":706,"USGS_ID":"392210100502301","LOCAL_WELL":"08S 32W 12DBC 01","website":"https://geohydro.kgs.ku.edu/geohydro/wizard/wizardwelldetail.cfm?usgs_id=392210100502301","name":"08S 32W 12DBC 01","recordUrl":"https://geohydro.kgs.ku.edu/geohydro/wizard/wizardwelldetail.cfm?usgs_id=392210100502301","period":"2026 monitoring locations"}},{"type":"Feature","id":707,"geometry":{"type":"Point","coordinates":[-100.40453,39.37219]},"properties":{"FID":707,"USGS_ID":"392215100242101","LOCAL_WELL":"08S 28W 11DAA 01","website":"https://geohydro.kgs.ku.edu/geohydro/wizard/wizardwelldetail.cfm?usgs_id=392215100242101","name":"08S 28W 11DAA 01","recordUrl":"https://geohydro.kgs.ku.edu/geohydro/wizard/wizardwelldetail.cfm?usgs_id=392215100242101","period":"2026 monitoring locations"}},{"type":"Feature","id":708,"geometry":{"type":"Point","coordinates":[-100.27472,39.43286]},"properties":{"FID":708,"USGS_ID":"392604100162101","LOCAL_WELL":"07S 26W 19BBC 01","website":"https://geohydro.kgs.ku.edu/geohydro/wizard/wizardwelldetail.cfm?usgs_id=392604100162101","name":"07S 26W 19BBC 01","recordUrl":"https://geohydro.kgs.ku.edu/geohydro/wizard/wizardwelldetail.cfm?usgs_id=392604100162101","period":"2026 monitoring locations"}},{"type":"Feature","id":709,"geometry":{"type":"Point","coordinates":[-100.93237,39.46123]},"properties":{"FID":709,"USGS_ID":"392736100554301","LOCAL_WELL":"07S 32W 07ACA 01","website":"https://geohydro.kgs.ku.edu/geohydro/wizard/wizardwelldetail.cfm?usgs_id=392736100554301","name":"07S 32W 07ACA 01","recordUrl":"https://geohydro.kgs.ku.edu/geohydro/wizard/wizardwelldetail.cfm?usgs_id=392736100554301","period":"2026 monitoring locations"}},{"type":"Feature","id":710,"geometry":{"type":"Point","coordinates":[-101.73246,39.37279]},"properties":{"FID":710,"USGS_ID":"392218101435301","LOCAL_WELL":"08S 40W 12DBA 01","website":"https://geohydro.kgs.ku.edu/geohydro/wizard/wizardwelldetail.cfm?usgs_id=392218101435301","name":"08S 40W 12DBA 01","recordUrl":"https://geohydro.kgs.ku.edu/geohydro/wizard/wizardwelldetail.cfm?usgs_id=392218101435301","period":"2026 monitoring locations"}},{"type":"Feature","id":711,"geometry":{"type":"Point","coordinates":[-99.82584,39.43753]},"properties":{"FID":711,"USGS_ID":"392611099493301","LOCAL_WELL":"07S 22W 19BBB 01","website":"https://geohydro.kgs.ku.edu/geohydro/wizard/wizardwelldetail.cfm?usgs_id=392611099493301","name":"07S 22W 19BBB 01","recordUrl":"https://geohydro.kgs.ku.edu/geohydro/wizard/wizardwelldetail.cfm?usgs_id=392611099493301","period":"2026 monitoring locations"}},{"type":"Feature","id":712,"geometry":{"type":"Point","coordinates":[-100.17611,39.46155]},"properties":{"FID":712,"USGS_ID":"392742100102601","LOCAL_WELL":"07S 26W 12BDB 01","website":"https://geohydro.kgs.ku.edu/geohydro/wizard/wizardwelldetail.cfm?usgs_id=392742100102601","name":"07S 26W 12BDB 01","recordUrl":"https://geohydro.kgs.ku.edu/geohydro/wizard/wizardwelldetail.cfm?usgs_id=392742100102601","period":"2026 monitoring locations"}},{"type":"Feature","id":713,"geometry":{"type":"Point","coordinates":[-100.39173,39.40784]},"properties":{"FID":713,"USGS_ID":"392426100233001","LOCAL_WELL":"07S 28W 36ABA 01","website":"https://geohydro.kgs.ku.edu/geohydro/wizard/wizardwelldetail.cfm?usgs_id=392426100233001","name":"07S 28W 36ABA 01","recordUrl":"https://geohydro.kgs.ku.edu/geohydro/wizard/wizardwelldetail.cfm?usgs_id=392426100233001","period":"2026 monitoring locations"}},{"type":"Feature","id":714,"geometry":{"type":"Point","coordinates":[-101.74076,39.4091]},"properties":{"FID":714,"USGS_ID":"392429101441801","LOCAL_WELL":"07S 40W 36BAB 01","website":"https://geohydro.kgs.ku.edu/geohydro/wizard/wizardwelldetail.cfm?usgs_id=392429101441801","name":"07S 40W 36BAB 01","recordUrl":"https://geohydro.kgs.ku.edu/geohydro/wizard/wizardwelldetail.cfm?usgs_id=392429101441801","period":"2026 monitoring locations"}},{"type":"Feature","id":715,"geometry":{"type":"Point","coordinates":[-101.76236,39.40802]},"properties":{"FID":715,"USGS_ID":"392429101454201","LOCAL_WELL":"07S 40W 35BBB 01","website":"https://geohydro.kgs.ku.edu/geohydro/wizard/wizardwelldetail.cfm?usgs_id=392429101454201","name":"07S 40W 35BBB 01","recordUrl":"https://geohydro.kgs.ku.edu/geohydro/wizard/wizardwelldetail.cfm?usgs_id=392429101454201","period":"2026 monitoring locations"}},{"type":"Feature","id":716,"geometry":{"type":"Point","coordinates":[-100.06902,39.43644]},"properties":{"FID":716,"USGS_ID":"392611100040901","LOCAL_WELL":"07S 25W 24BBB 01","website":"https://geohydro.kgs.ku.edu/geohydro/wizard/wizardwelldetail.cfm?usgs_id=392611100040901","name":"07S 25W 24BBB 01","recordUrl":"https://geohydro.kgs.ku.edu/geohydro/wizard/wizardwelldetail.cfm?usgs_id=392611100040901","period":"2026 monitoring locations"}},{"type":"Feature","id":717,"geometry":{"type":"Point","coordinates":[-101.04714,39.46166]},"properties":{"FID":717,"USGS_ID":"392743101024401","LOCAL_WELL":"07S 33W 07BDA 01","website":"https://geohydro.kgs.ku.edu/geohydro/wizard/wizardwelldetail.cfm?usgs_id=392743101024401","name":"07S 33W 07BDA 01","recordUrl":"https://geohydro.kgs.ku.edu/geohydro/wizard/wizardwelldetail.cfm?usgs_id=392743101024401","period":"2026 monitoring locations"}},{"type":"Feature","id":718,"geometry":{"type":"Point","coordinates":[-101.94757,39.4616]},"properties":{"FID":718,"USGS_ID":"392744101564801","LOCAL_WELL":"07S 41W 07BCB 01","website":"https://geohydro.kgs.ku.edu/geohydro/wizard/wizardwelldetail.cfm?usgs_id=392744101564801","name":"07S 41W 07BCB 01","recordUrl":"https://geohydro.kgs.ku.edu/geohydro/wizard/wizardwelldetail.cfm?usgs_id=392744101564801","period":"2026 monitoring locations"}},{"type":"Feature","id":719,"geometry":{"type":"Point","coordinates":[-99.18545,39.43734]},"properties":{"FID":719,"USGS_ID":"392618099110701","LOCAL_WELL":"07S 17W 14CDD 01","website":"https://geohydro.kgs.ku.edu/geohydro/wizard/wizardwelldetail.cfm?usgs_id=392618099110701","name":"07S 17W 14CDD 01","recordUrl":"https://geohydro.kgs.ku.edu/geohydro/wizard/wizardwelldetail.cfm?usgs_id=392618099110701","period":"2026 monitoring locations"}},{"type":"Feature","id":720,"geometry":{"type":"Point","coordinates":[-101.61886,39.4674]},"properties":{"FID":720,"USGS_ID":"392804101371001","LOCAL_WELL":"07S 39W 01DCD 01","website":"https://geohydro.kgs.ku.edu/geohydro/wizard/wizardwelldetail.cfm?usgs_id=392804101371001","name":"07S 39W 01DCD 01","recordUrl":"https://geohydro.kgs.ku.edu/geohydro/wizard/wizardwelldetail.cfm?usgs_id=392804101371001","period":"2026 monitoring locations"}},{"type":"Feature","id":721,"geometry":{"type":"Point","coordinates":[-100.72573,39.47019]},"properties":{"FID":721,"USGS_ID":"392809100433901","LOCAL_WELL":"07S 31W 01DCA 01","website":"https://geohydro.kgs.ku.edu/geohydro/wizard/wizardwelldetail.cfm?usgs_id=392809100433901","name":"07S 31W 01DCA 01","recordUrl":"https://geohydro.kgs.ku.edu/geohydro/wizard/wizardwelldetail.cfm?usgs_id=392809100433901","period":"2026 monitoring locations"}},{"type":"Feature","id":722,"geometry":{"type":"Point","coordinates":[-100.93654,39.37963]},"properties":{"FID":722,"USGS_ID":"392243100560301","LOCAL_WELL":"08S 32W 07BAA 01","website":"https://geohydro.kgs.ku.edu/geohydro/wizard/wizardwelldetail.cfm?usgs_id=392243100560301","name":"08S 32W 07BAA 01","recordUrl":"https://geohydro.kgs.ku.edu/geohydro/wizard/wizardwelldetail.cfm?usgs_id=392243100560301","period":"2026 monitoring locations"}},{"type":"Feature","id":723,"geometry":{"type":"Point","coordinates":[-100.54366,39.4136]},"properties":{"FID":723,"USGS_ID":"392446100322901","LOCAL_WELL":"07S 29W 27DBC 01","website":"https://geohydro.kgs.ku.edu/geohydro/wizard/wizardwelldetail.cfm?usgs_id=392446100322901","name":"07S 29W 27DBC 01","recordUrl":"https://geohydro.kgs.ku.edu/geohydro/wizard/wizardwelldetail.cfm?usgs_id=392446100322901","period":"2026 monitoring locations"}},{"type":"Feature","id":724,"geometry":{"type":"Point","coordinates":[-101.37095,39.43946]},"properties":{"FID":724,"USGS_ID":"392620101221101","LOCAL_WELL":"07S 36W 17CCC 01","website":"https://geohydro.kgs.ku.edu/geohydro/wizard/wizardwelldetail.cfm?usgs_id=392620101221101","name":"07S 36W 17CCC 01","recordUrl":"https://geohydro.kgs.ku.edu/geohydro/wizard/wizardwelldetail.cfm?usgs_id=392620101221101","period":"2026 monitoring locations"}},{"type":"Feature","id":725,"geometry":{"type":"Point","coordinates":[-99.76942,39.46377]},"properties":{"FID":725,"USGS_ID":"392749099461001","LOCAL_WELL":"07S 22W 10BBC 01","website":"https://geohydro.kgs.ku.edu/geohydro/wizard/wizardwelldetail.cfm?usgs_id=392749099461001","name":"07S 22W 10BBC 01","recordUrl":"https://geohydro.kgs.ku.edu/geohydro/wizard/wizardwelldetail.cfm?usgs_id=392749099461001","period":"2026 monitoring locations"}},{"type":"Feature","id":726,"geometry":{"type":"Point","coordinates":[-100.76814,39.37994]},"properties":{"FID":726,"USGS_ID":"392249100461301","LOCAL_WELL":"08S 31W 03CDD 01","website":"https://geohydro.kgs.ku.edu/geohydro/wizard/wizardwelldetail.cfm?usgs_id=392249100461301","name":"08S 31W 03CDD 01","recordUrl":"https://geohydro.kgs.ku.edu/geohydro/wizard/wizardwelldetail.cfm?usgs_id=392249100461301","period":"2026 monitoring locations"}},{"type":"Feature","id":727,"geometry":{"type":"Point","coordinates":[-101.24165,39.38118]},"properties":{"FID":727,"USGS_ID":"392252101142201","LOCAL_WELL":"08S 35W 04CCC 01","website":"https://geohydro.kgs.ku.edu/geohydro/wizard/wizardwelldetail.cfm?usgs_id=392252101142201","name":"08S 35W 04CCC 01","recordUrl":"https://geohydro.kgs.ku.edu/geohydro/wizard/wizardwelldetail.cfm?usgs_id=392252101142201","period":"2026 monitoring locations"}},{"type":"Feature","id":728,"geometry":{"type":"Point","coordinates":[-101.08014,39.41262]},"properties":{"FID":728,"USGS_ID":"392448101044301","LOCAL_WELL":"07S 34W 26DBD 01","website":"https://geohydro.kgs.ku.edu/geohydro/wizard/wizardwelldetail.cfm?usgs_id=392448101044301","name":"07S 34W 26DBD 01","recordUrl":"https://geohydro.kgs.ku.edu/geohydro/wizard/wizardwelldetail.cfm?usgs_id=392448101044301","period":"2026 monitoring locations"}},{"type":"Feature","id":729,"geometry":{"type":"Point","coordinates":[-100.23152,39.41301]},"properties":{"FID":729,"USGS_ID":"392452100134601","LOCAL_WELL":"07S 26W 28CAB 01","website":"https://geohydro.kgs.ku.edu/geohydro/wizard/wizardwelldetail.cfm?usgs_id=392452100134601","name":"07S 26W 28CAB 01","recordUrl":"https://geohydro.kgs.ku.edu/geohydro/wizard/wizardwelldetail.cfm?usgs_id=392452100134601","period":"2026 monitoring locations"}},{"type":"Feature","id":730,"geometry":{"type":"Point","coordinates":[-101.90237,39.41427]},"properties":{"FID":730,"USGS_ID":"392454101540201","LOCAL_WELL":"07S 41W 28DBB 01","website":"https://geohydro.kgs.ku.edu/geohydro/wizard/wizardwelldetail.cfm?usgs_id=392454101540201","name":"07S 41W 28DBB 01","recordUrl":"https://geohydro.kgs.ku.edu/geohydro/wizard/wizardwelldetail.cfm?usgs_id=392454101540201","period":"2026 monitoring locations"}},{"type":"Feature","id":731,"geometry":{"type":"Point","coordinates":[-100.83824,39.44296]},"properties":{"FID":731,"USGS_ID":"392631100501201","LOCAL_WELL":"07S 32W 13DBD 01","website":"https://geohydro.kgs.ku.edu/geohydro/wizard/wizardwelldetail.cfm?usgs_id=392631100501201","name":"07S 32W 13DBD 01","recordUrl":"https://geohydro.kgs.ku.edu/geohydro/wizard/wizardwelldetail.cfm?usgs_id=392631100501201","period":"2026 monitoring locations"}},{"type":"Feature","id":732,"geometry":{"type":"Point","coordinates":[-101.68846,39.46707]},"properties":{"FID":732,"USGS_ID":"392758101411201","LOCAL_WELL":"07S 39W 09BBB 01","website":"https://geohydro.kgs.ku.edu/geohydro/wizard/wizardwelldetail.cfm?usgs_id=392758101411201","name":"07S 39W 09BBB 01","recordUrl":"https://geohydro.kgs.ku.edu/geohydro/wizard/wizardwelldetail.cfm?usgs_id=392758101411201","period":"2026 monitoring locations"}},{"type":"Feature","id":733,"geometry":{"type":"Point","coordinates":[-102.0457,39.38355]},"properties":{"FID":733,"USGS_ID":"392257102025301","LOCAL_WELL":"08S 42W 06DAC 01","website":"https://geohydro.kgs.ku.edu/geohydro/wizard/wizardwelldetail.cfm?usgs_id=392257102025301","name":"08S 42W 06DAC 01","recordUrl":"https://geohydro.kgs.ku.edu/geohydro/wizard/wizardwelldetail.cfm?usgs_id=392257102025301","period":"2026 monitoring locations"}},{"type":"Feature","id":734,"geometry":{"type":"Point","coordinates":[-101.16505,39.38611]},"properties":{"FID":734,"USGS_ID":"392303101095401","LOCAL_WELL":"08S 34W 06CBC 01","website":"https://geohydro.kgs.ku.edu/geohydro/wizard/wizardwelldetail.cfm?usgs_id=392303101095401","name":"08S 34W 06CBC 01","recordUrl":"https://geohydro.kgs.ku.edu/geohydro/wizard/wizardwelldetail.cfm?usgs_id=392303101095401","period":"2026 monitoring locations"}},{"type":"Feature","id":735,"geometry":{"type":"Point","coordinates":[-101.56036,39.41678]},"properties":{"FID":735,"USGS_ID":"392456101333201","LOCAL_WELL":"07S 38W 28DAA 01","website":"https://geohydro.kgs.ku.edu/geohydro/wizard/wizardwelldetail.cfm?usgs_id=392456101333201","name":"07S 38W 28DAA 01","recordUrl":"https://geohydro.kgs.ku.edu/geohydro/wizard/wizardwelldetail.cfm?usgs_id=392456101333201","period":"2026 monitoring locations"}},{"type":"Feature","id":736,"geometry":{"type":"Point","coordinates":[-101.66548,39.41677]},"properties":{"FID":736,"USGS_ID":"392502101394901","LOCAL_WELL":"07S 39W 27BDC 01","website":"https://geohydro.kgs.ku.edu/geohydro/wizard/wizardwelldetail.cfm?usgs_id=392502101394901","name":"07S 39W 27BDC 01","recordUrl":"https://geohydro.kgs.ku.edu/geohydro/wizard/wizardwelldetail.cfm?usgs_id=392502101394901","period":"2026 monitoring locations"}},{"type":"Feature","id":737,"geometry":{"type":"Point","coordinates":[-101.48385,39.47023]},"properties":{"FID":737,"USGS_ID":"392811101285301","LOCAL_WELL":"07S 37W 05CCB 01","website":"https://geohydro.kgs.ku.edu/geohydro/wizard/wizardwelldetail.cfm?usgs_id=392811101285301","name":"07S 37W 05CCB 01","recordUrl":"https://geohydro.kgs.ku.edu/geohydro/wizard/wizardwelldetail.cfm?usgs_id=392811101285301","period":"2026 monitoring locations"}},{"type":"Feature","id":738,"geometry":{"type":"Point","coordinates":[-101.43145,39.39051]},"properties":{"FID":738,"USGS_ID":"392324101255101","LOCAL_WELL":"08S 37W 03ADB 01","website":"https://geohydro.kgs.ku.edu/geohydro/wizard/wizardwelldetail.cfm?usgs_id=392324101255101","name":"08S 37W 03ADB 01","recordUrl":"https://geohydro.kgs.ku.edu/geohydro/wizard/wizardwelldetail.cfm?usgs_id=392324101255101","period":"2026 monitoring locations"}},{"type":"Feature","id":739,"geometry":{"type":"Point","coordinates":[-100.18302,39.35574]},"properties":{"FID":739,"USGS_ID":"392123100105401","LOCAL_WELL":"08S 26W 14DAA 01","website":"https://geohydro.kgs.ku.edu/geohydro/wizard/wizardwelldetail.cfm?usgs_id=392123100105401","name":"08S 26W 14DAA 01","recordUrl":"https://geohydro.kgs.ku.edu/geohydro/wizard/wizardwelldetail.cfm?usgs_id=392123100105401","period":"2026 monitoring locations"}},{"type":"Feature","id":740,"geometry":{"type":"Point","coordinates":[-100.36923,39.35638]},"properties":{"FID":740,"USGS_ID":"392123100220601","LOCAL_WELL":"08S 27W 18DAA 01","website":"https://geohydro.kgs.ku.edu/geohydro/wizard/wizardwelldetail.cfm?usgs_id=392123100220601","name":"08S 27W 18DAA 01","recordUrl":"https://geohydro.kgs.ku.edu/geohydro/wizard/wizardwelldetail.cfm?usgs_id=392123100220601","period":"2026 monitoring locations"}},{"type":"Feature","id":741,"geometry":{"type":"Point","coordinates":[-101.06783,39.3922]},"properties":{"FID":741,"USGS_ID":"392329101040201","LOCAL_WELL":"08S 34W 01BAC 01","website":"https://geohydro.kgs.ku.edu/geohydro/wizard/wizardwelldetail.cfm?usgs_id=392329101040201","name":"08S 34W 01BAC 01","recordUrl":"https://geohydro.kgs.ku.edu/geohydro/wizard/wizardwelldetail.cfm?usgs_id=392329101040201","period":"2026 monitoring locations"}},{"type":"Feature","id":742,"geometry":{"type":"Point","coordinates":[-98.66432,39.42299]},"properties":{"FID":742,"USGS_ID":"392518098393601","LOCAL_WELL":"07S 12W 28ABA 01","website":"https://geohydro.kgs.ku.edu/geohydro/wizard/wizardwelldetail.cfm?usgs_id=392518098393601","name":"07S 12W 28ABA 01","recordUrl":"https://geohydro.kgs.ku.edu/geohydro/wizard/wizardwelldetail.cfm?usgs_id=392518098393601","period":"2026 monitoring locations"}},{"type":"Feature","id":743,"geometry":{"type":"Point","coordinates":[-100.59513,39.42268]},"properties":{"FID":743,"USGS_ID":"392519100354201","LOCAL_WELL":"07S 29W 30ABA 01","website":"https://geohydro.kgs.ku.edu/geohydro/wizard/wizardwelldetail.cfm?usgs_id=392519100354201","name":"07S 29W 30ABA 01","recordUrl":"https://geohydro.kgs.ku.edu/geohydro/wizard/wizardwelldetail.cfm?usgs_id=392519100354201","period":"2026 monitoring locations"}},{"type":"Feature","id":744,"geometry":{"type":"Point","coordinates":[-101.05534,39.42309]},"properties":{"FID":744,"USGS_ID":"392520101031901","LOCAL_WELL":"07S 34W 25AAA 01","website":"https://geohydro.kgs.ku.edu/geohydro/wizard/wizardwelldetail.cfm?usgs_id=392520101031901","name":"07S 34W 25AAA 01","recordUrl":"https://geohydro.kgs.ku.edu/geohydro/wizard/wizardwelldetail.cfm?usgs_id=392520101031901","period":"2026 monitoring locations"}},{"type":"Feature","id":745,"geometry":{"type":"Point","coordinates":[-101.98957,39.42283]},"properties":{"FID":745,"USGS_ID":"392520101591901","LOCAL_WELL":"07S 42W 27AAB 01","website":"https://geohydro.kgs.ku.edu/geohydro/wizard/wizardwelldetail.cfm?usgs_id=392520101591901","name":"07S 42W 27AAB 01","recordUrl":"https://geohydro.kgs.ku.edu/geohydro/wizard/wizardwelldetail.cfm?usgs_id=392520101591901","period":"2026 monitoring locations"}},{"type":"Feature","id":746,"geometry":{"type":"Point","coordinates":[-101.81586,39.42265]},"properties":{"FID":746,"USGS_ID":"392521101485501","LOCAL_WELL":"07S 40W 29BBA 01","website":"https://geohydro.kgs.ku.edu/geohydro/wizard/wizardwelldetail.cfm?usgs_id=392521101485501","name":"07S 40W 29BBA 01","recordUrl":"https://geohydro.kgs.ku.edu/geohydro/wizard/wizardwelldetail.cfm?usgs_id=392521101485501","period":"2026 monitoring locations"}},{"type":"Feature","id":747,"geometry":{"type":"Point","coordinates":[-100.10742,39.39284]},"properties":{"FID":747,"USGS_ID":"392340100063401","LOCAL_WELL":"07S 25W 33DDD 01","website":"https://geohydro.kgs.ku.edu/geohydro/wizard/wizardwelldetail.cfm?usgs_id=392340100063401","name":"07S 25W 33DDD 01","recordUrl":"https://geohydro.kgs.ku.edu/geohydro/wizard/wizardwelldetail.cfm?usgs_id=392340100063401","period":"2026 monitoring locations"}},{"type":"Feature","id":748,"geometry":{"type":"Point","coordinates":[-101.29682,39.44999]},"properties":{"FID":748,"USGS_ID":"392659101174201","LOCAL_WELL":"07S 36W 13BBC 01","website":"https://geohydro.kgs.ku.edu/geohydro/wizard/wizardwelldetail.cfm?usgs_id=392659101174201","name":"07S 36W 13BBC 01","recordUrl":"https://geohydro.kgs.ku.edu/geohydro/wizard/wizardwelldetail.cfm?usgs_id=392659101174201","period":"2026 monitoring locations"}},{"type":"Feature","id":749,"geometry":{"type":"Point","coordinates":[-100.31532,39.42749]},"properties":{"FID":749,"USGS_ID":"392538100185201","LOCAL_WELL":"07S 27W 22DAC 01","website":"https://geohydro.kgs.ku.edu/geohydro/wizard/wizardwelldetail.cfm?usgs_id=392538100185201","name":"07S 27W 22DAC 01","recordUrl":"https://geohydro.kgs.ku.edu/geohydro/wizard/wizardwelldetail.cfm?usgs_id=392538100185201","period":"2026 monitoring locations"}},{"type":"Feature","id":750,"geometry":{"type":"Point","coordinates":[-100.46953,39.45201]},"properties":{"FID":750,"USGS_ID":"392709100280601","LOCAL_WELL":"07S 28W 08DCC 01","website":"https://geohydro.kgs.ku.edu/geohydro/wizard/wizardwelldetail.cfm?usgs_id=392709100280601","name":"07S 28W 08DCC 01","recordUrl":"https://geohydro.kgs.ku.edu/geohydro/wizard/wizardwelldetail.cfm?usgs_id=392709100280601","period":"2026 monitoring locations"}},{"type":"Feature","id":751,"geometry":{"type":"Point","coordinates":[-98.9898,39.45169]},"properties":{"FID":751,"USGS_ID":"392710098591901","LOCAL_WELL":"07S 15W 10CCC 01","website":"https://geohydro.kgs.ku.edu/geohydro/wizard/wizardwelldetail.cfm?usgs_id=392710098591901","name":"07S 15W 10CCC 01","recordUrl":"https://geohydro.kgs.ku.edu/geohydro/wizard/wizardwelldetail.cfm?usgs_id=392710098591901","period":"2026 monitoring locations"}},{"type":"Feature","id":752,"geometry":{"type":"Point","coordinates":[-99.6864,39.36504]},"properties":{"FID":752,"USGS_ID":"392151099410501","LOCAL_WELL":"08S 21W 17ABB 01","website":"https://geohydro.kgs.ku.edu/geohydro/wizard/wizardwelldetail.cfm?usgs_id=392151099410501","name":"08S 21W 17ABB 01","recordUrl":"https://geohydro.kgs.ku.edu/geohydro/wizard/wizardwelldetail.cfm?usgs_id=392151099410501","period":"2026 monitoring locations"}},{"type":"Feature","id":753,"geometry":{"type":"Point","coordinates":[-101.24125,39.45368]},"properties":{"FID":753,"USGS_ID":"392712101142001","LOCAL_WELL":"07S 35W 09CCC 01","website":"https://geohydro.kgs.ku.edu/geohydro/wizard/wizardwelldetail.cfm?usgs_id=392712101142001","name":"07S 35W 09CCC 01","recordUrl":"https://geohydro.kgs.ku.edu/geohydro/wizard/wizardwelldetail.cfm?usgs_id=392712101142001","period":"2026 monitoring locations"}},{"type":"Feature","id":754,"geometry":{"type":"Point","coordinates":[-100.29892,39.36588]},"properties":{"FID":754,"USGS_ID":"392156100175401","LOCAL_WELL":"08S 27W 11DCD 01","website":"https://geohydro.kgs.ku.edu/geohydro/wizard/wizardwelldetail.cfm?usgs_id=392156100175401","name":"08S 27W 11DCD 01","recordUrl":"https://geohydro.kgs.ku.edu/geohydro/wizard/wizardwelldetail.cfm?usgs_id=392156100175401","period":"2026 monitoring locations"}},{"type":"Feature","id":755,"geometry":{"type":"Point","coordinates":[-100.21922,39.26183]},"properties":{"FID":755,"USGS_ID":"391544100130001","LOCAL_WELL":"09S 26W 22BBB 01","website":"https://geohydro.kgs.ku.edu/geohydro/wizard/wizardwelldetail.cfm?usgs_id=391544100130001","name":"09S 26W 22BBB 01","recordUrl":"https://geohydro.kgs.ku.edu/geohydro/wizard/wizardwelldetail.cfm?usgs_id=391544100130001","period":"2026 monitoring locations"}},{"type":"Feature","id":756,"geometry":{"type":"Point","coordinates":[-99.98929,39.26231]},"properties":{"FID":756,"USGS_ID":"391545099590901","LOCAL_WELL":"09S 24W 22BAA 01","website":"https://geohydro.kgs.ku.edu/geohydro/wizard/wizardwelldetail.cfm?usgs_id=391545099590901","name":"09S 24W 22BAA 01","recordUrl":"https://geohydro.kgs.ku.edu/geohydro/wizard/wizardwelldetail.cfm?usgs_id=391545099590901","period":"2026 monitoring locations"}},{"type":"Feature","id":757,"geometry":{"type":"Point","coordinates":[-100.07022,39.26249]},"properties":{"FID":757,"USGS_ID":"391551100041901","LOCAL_WELL":"09S 25W 14DDD 01","website":"https://geohydro.kgs.ku.edu/geohydro/wizard/wizardwelldetail.cfm?usgs_id=391551100041901","name":"09S 25W 14DDD 01","recordUrl":"https://geohydro.kgs.ku.edu/geohydro/wizard/wizardwelldetail.cfm?usgs_id=391551100041901","period":"2026 monitoring locations"}},{"type":"Feature","id":758,"geometry":{"type":"Point","coordinates":[-100.81414,39.26369]},"properties":{"FID":758,"USGS_ID":"391552100485901","LOCAL_WELL":"09S 31W 17CCC 01","website":"https://geohydro.kgs.ku.edu/geohydro/wizard/wizardwelldetail.cfm?usgs_id=391552100485901","name":"09S 31W 17CCC 01","recordUrl":"https://geohydro.kgs.ku.edu/geohydro/wizard/wizardwelldetail.cfm?usgs_id=391552100485901","period":"2026 monitoring locations"}},{"type":"Feature","id":759,"geometry":{"type":"Point","coordinates":[-100.86256,39.20564]},"properties":{"FID":759,"USGS_ID":"391217100514101","LOCAL_WELL":"10S 32W 11BAA 01","website":"https://geohydro.kgs.ku.edu/geohydro/wizard/wizardwelldetail.cfm?usgs_id=391217100514101","name":"10S 32W 11BAA 01","recordUrl":"https://geohydro.kgs.ku.edu/geohydro/wizard/wizardwelldetail.cfm?usgs_id=391217100514101","period":"2026 monitoring locations"}},{"type":"Feature","id":760,"geometry":{"type":"Point","coordinates":[-100.97624,39.20544]},"properties":{"FID":760,"USGS_ID":"391217100583201","LOCAL_WELL":"10S 33W 11BAB 01","website":"https://geohydro.kgs.ku.edu/geohydro/wizard/wizardwelldetail.cfm?usgs_id=391217100583201","name":"10S 33W 11BAB 01","recordUrl":"https://geohydro.kgs.ku.edu/geohydro/wizard/wizardwelldetail.cfm?usgs_id=391217100583201","period":"2026 monitoring locations"}},{"type":"Feature","id":761,"geometry":{"type":"Point","coordinates":[-100.80494,39.33773]},"properties":{"FID":761,"USGS_ID":"392013100483101","LOCAL_WELL":"08S 31W 20CDD 01","website":"https://geohydro.kgs.ku.edu/geohydro/wizard/wizardwelldetail.cfm?usgs_id=392013100483101","name":"08S 31W 20CDD 01","recordUrl":"https://geohydro.kgs.ku.edu/geohydro/wizard/wizardwelldetail.cfm?usgs_id=392013100483101","period":"2026 monitoring locations"}},{"type":"Feature","id":762,"geometry":{"type":"Point","coordinates":[-101.46545,39.33763]},"properties":{"FID":762,"USGS_ID":"392016101274901","LOCAL_WELL":"08S 37W 21CCC 01","website":"https://geohydro.kgs.ku.edu/geohydro/wizard/wizardwelldetail.cfm?usgs_id=392016101274901","name":"08S 37W 21CCC 01","recordUrl":"https://geohydro.kgs.ku.edu/geohydro/wizard/wizardwelldetail.cfm?usgs_id=392016101274901","period":"2026 monitoring locations"}},{"type":"Feature","id":763,"geometry":{"type":"Point","coordinates":[-101.52135,39.27281]},"properties":{"FID":763,"USGS_ID":"391622101311101","LOCAL_WELL":"09S 38W 13BCC 01","website":"https://geohydro.kgs.ku.edu/geohydro/wizard/wizardwelldetail.cfm?usgs_id=391622101311101","name":"09S 38W 13BCC 01","recordUrl":"https://geohydro.kgs.ku.edu/geohydro/wizard/wizardwelldetail.cfm?usgs_id=391622101311101","period":"2026 monitoring locations"}},{"type":"Feature","id":764,"geometry":{"type":"Point","coordinates":[-101.73996,39.26433]},"properties":{"FID":764,"USGS_ID":"391553101442101","LOCAL_WELL":"09S 40W 13CDC 01","website":"https://geohydro.kgs.ku.edu/geohydro/wizard/wizardwelldetail.cfm?usgs_id=391553101442101","name":"09S 40W 13CDC 01","recordUrl":"https://geohydro.kgs.ku.edu/geohydro/wizard/wizardwelldetail.cfm?usgs_id=391553101442101","period":"2026 monitoring locations"}},{"type":"Feature","id":765,"geometry":{"type":"Point","coordinates":[-101.08794,39.33989]},"properties":{"FID":765,"USGS_ID":"392027101051901","LOCAL_WELL":"08S 34W 23CBD 01","website":"https://geohydro.kgs.ku.edu/geohydro/wizard/wizardwelldetail.cfm?usgs_id=392027101051901","name":"08S 34W 23CBD 01","recordUrl":"https://geohydro.kgs.ku.edu/geohydro/wizard/wizardwelldetail.cfm?usgs_id=392027101051901","period":"2026 monitoring locations"}},{"type":"Feature","id":766,"geometry":{"type":"Point","coordinates":[-101.87486,39.27466]},"properties":{"FID":766,"USGS_ID":"391632101522601","LOCAL_WELL":"09S 41W 14BBC 01","website":"https://geohydro.kgs.ku.edu/geohydro/wizard/wizardwelldetail.cfm?usgs_id=391632101522601","name":"09S 41W 14BBC 01","recordUrl":"https://geohydro.kgs.ku.edu/geohydro/wizard/wizardwelldetail.cfm?usgs_id=391632101522601","period":"2026 monitoring locations"}},{"type":"Feature","id":767,"geometry":{"type":"Point","coordinates":[-100.58463,39.27771]},"properties":{"FID":767,"USGS_ID":"391637100345901","LOCAL_WELL":"09S 29W 17BAB 01","website":"https://geohydro.kgs.ku.edu/geohydro/wizard/wizardwelldetail.cfm?usgs_id=391637100345901","name":"09S 29W 17BAB 01","recordUrl":"https://geohydro.kgs.ku.edu/geohydro/wizard/wizardwelldetail.cfm?usgs_id=391637100345901","period":"2026 monitoring locations"}},{"type":"Feature","id":768,"geometry":{"type":"Point","coordinates":[-102.04697,39.30758]},"properties":{"FID":768,"USGS_ID":"391828102024901","LOCAL_WELL":"08S 42W 31DCD 01","website":"https://geohydro.kgs.ku.edu/geohydro/wizard/wizardwelldetail.cfm?usgs_id=391828102024901","name":"08S 42W 31DCD 01","recordUrl":"https://geohydro.kgs.ku.edu/geohydro/wizard/wizardwelldetail.cfm?usgs_id=391828102024901","period":"2026 monitoring locations"}},{"type":"Feature","id":769,"geometry":{"type":"Point","coordinates":[-101.05604,39.28761]},"properties":{"FID":769,"USGS_ID":"391718101032301","LOCAL_WELL":"09S 34W 12ADA 01","website":"https://geohydro.kgs.ku.edu/geohydro/wizard/wizardwelldetail.cfm?usgs_id=391718101032301","name":"09S 34W 12ADA 01","recordUrl":"https://geohydro.kgs.ku.edu/geohydro/wizard/wizardwelldetail.cfm?usgs_id=391718101032301","period":"2026 monitoring locations"}},{"type":"Feature","id":770,"geometry":{"type":"Point","coordinates":[-100.99042,39.29048]},"properties":{"FID":770,"USGS_ID":"391724100592801","LOCAL_WELL":"09S 33W 10BAD 01","website":"https://geohydro.kgs.ku.edu/geohydro/wizard/wizardwelldetail.cfm?usgs_id=391724100592801","name":"09S 33W 10BAD 01","recordUrl":"https://geohydro.kgs.ku.edu/geohydro/wizard/wizardwelldetail.cfm?usgs_id=391724100592801","period":"2026 monitoring locations"}},{"type":"Feature","id":771,"geometry":{"type":"Point","coordinates":[-99.96739,39.34214]},"properties":{"FID":771,"USGS_ID":"392038099575401","LOCAL_WELL":"08S 24W 23ACC 01","website":"https://geohydro.kgs.ku.edu/geohydro/wizard/wizardwelldetail.cfm?usgs_id=392038099575401","name":"08S 24W 23ACC 01","recordUrl":"https://geohydro.kgs.ku.edu/geohydro/wizard/wizardwelldetail.cfm?usgs_id=392038099575401","period":"2026 monitoring locations"}},{"type":"Feature","id":772,"geometry":{"type":"Point","coordinates":[-100.31167,39.31211]},"properties":{"FID":772,"USGS_ID":"391847100183701","LOCAL_WELL":"08S 27W 35CBB 01","website":"https://geohydro.kgs.ku.edu/geohydro/wizard/wizardwelldetail.cfm?usgs_id=391847100183701","name":"08S 27W 35CBB 01","recordUrl":"https://geohydro.kgs.ku.edu/geohydro/wizard/wizardwelldetail.cfm?usgs_id=391847100183701","period":"2026 monitoring locations"}},{"type":"Feature","id":773,"geometry":{"type":"Point","coordinates":[-101.77772,39.29274]},"properties":{"FID":773,"USGS_ID":"391731101464401","LOCAL_WELL":"09S 40W 10BBA 01","website":"https://geohydro.kgs.ku.edu/geohydro/wizard/wizardwelldetail.cfm?usgs_id=391731101464401","name":"09S 40W 10BBA 01","recordUrl":"https://geohydro.kgs.ku.edu/geohydro/wizard/wizardwelldetail.cfm?usgs_id=391731101464401","period":"2026 monitoring locations"}},{"type":"Feature","id":774,"geometry":{"type":"Point","coordinates":[-101.98987,39.35448]},"properties":{"FID":774,"USGS_ID":"392112101592101","LOCAL_WELL":"08S 42W 15DDB 01","website":"https://geohydro.kgs.ku.edu/geohydro/wizard/wizardwelldetail.cfm?usgs_id=392112101592101","name":"08S 42W 15DDB 01","recordUrl":"https://geohydro.kgs.ku.edu/geohydro/wizard/wizardwelldetail.cfm?usgs_id=392112101592101","period":"2026 monitoring locations"}},{"type":"Feature","id":775,"geometry":{"type":"Point","coordinates":[-101.81246,39.35351]},"properties":{"FID":775,"USGS_ID":"392113101484901","LOCAL_WELL":"08S 40W 17CDB 01","website":"https://geohydro.kgs.ku.edu/geohydro/wizard/wizardwelldetail.cfm?usgs_id=392113101484901","name":"08S 40W 17CDB 01","recordUrl":"https://geohydro.kgs.ku.edu/geohydro/wizard/wizardwelldetail.cfm?usgs_id=392113101484901","period":"2026 monitoring locations"}},{"type":"Feature","id":776,"geometry":{"type":"Point","coordinates":[-100.96344,39.23128]},"properties":{"FID":776,"USGS_ID":"391355100574901","LOCAL_WELL":"09S 33W 35AAD 01","website":"https://geohydro.kgs.ku.edu/geohydro/wizard/wizardwelldetail.cfm?usgs_id=391355100574901","name":"09S 33W 35AAD 01","recordUrl":"https://geohydro.kgs.ku.edu/geohydro/wizard/wizardwelldetail.cfm?usgs_id=391355100574901","period":"2026 monitoring locations"}},{"type":"Feature","id":777,"geometry":{"type":"Point","coordinates":[-100.37612,39.23426]},"properties":{"FID":777,"USGS_ID":"391400100223301","LOCAL_WELL":"09S 27W 31ABB 01","website":"https://geohydro.kgs.ku.edu/geohydro/wizard/wizardwelldetail.cfm?usgs_id=391400100223301","name":"09S 27W 31ABB 01","recordUrl":"https://geohydro.kgs.ku.edu/geohydro/wizard/wizardwelldetail.cfm?usgs_id=391400100223301","period":"2026 monitoring locations"}},{"type":"Feature","id":778,"geometry":{"type":"Point","coordinates":[-101.38645,39.31716]},"properties":{"FID":778,"USGS_ID":"391858101231301","LOCAL_WELL":"08S 36W 31BCD 01","website":"https://geohydro.kgs.ku.edu/geohydro/wizard/wizardwelldetail.cfm?usgs_id=391858101231301","name":"08S 36W 31BCD 01","recordUrl":"https://geohydro.kgs.ku.edu/geohydro/wizard/wizardwelldetail.cfm?usgs_id=391858101231301","period":"2026 monitoring locations"}},{"type":"Feature","id":779,"geometry":{"type":"Point","coordinates":[-101.92147,39.29406]},"properties":{"FID":779,"USGS_ID":"391737101551301","LOCAL_WELL":"09S 41W 05DCC 01","website":"https://geohydro.kgs.ku.edu/geohydro/wizard/wizardwelldetail.cfm?usgs_id=391737101551301","name":"09S 41W 05DCC 01","recordUrl":"https://geohydro.kgs.ku.edu/geohydro/wizard/wizardwelldetail.cfm?usgs_id=391737101551301","period":"2026 monitoring locations"}},{"type":"Feature","id":780,"geometry":{"type":"Point","coordinates":[-100.64703,39.23411]},"properties":{"FID":780,"USGS_ID":"391401100384601","LOCAL_WELL":"09S 30W 35BBB 01","website":"https://geohydro.kgs.ku.edu/geohydro/wizard/wizardwelldetail.cfm?usgs_id=391401100384601","name":"09S 30W 35BBB 01","recordUrl":"https://geohydro.kgs.ku.edu/geohydro/wizard/wizardwelldetail.cfm?usgs_id=391401100384601","period":"2026 monitoring locations"}},{"type":"Feature","id":781,"geometry":{"type":"Point","coordinates":[-100.72483,39.23339]},"properties":{"FID":781,"USGS_ID":"391401100433101","LOCAL_WELL":"09S 31W 36AAB 01","website":"https://geohydro.kgs.ku.edu/geohydro/wizard/wizardwelldetail.cfm?usgs_id=391401100433101","name":"09S 31W 36AAB 01","recordUrl":"https://geohydro.kgs.ku.edu/geohydro/wizard/wizardwelldetail.cfm?usgs_id=391401100433101","period":"2026 monitoring locations"}},{"type":"Feature","id":782,"geometry":{"type":"Point","coordinates":[-101.97757,39.23389]},"properties":{"FID":782,"USGS_ID":"391401101583501","LOCAL_WELL":"09S 42W 35ABB 01","website":"https://geohydro.kgs.ku.edu/geohydro/wizard/wizardwelldetail.cfm?usgs_id=391401101583501","name":"09S 42W 35ABB 01","recordUrl":"https://geohydro.kgs.ku.edu/geohydro/wizard/wizardwelldetail.cfm?usgs_id=391401101583501","period":"2026 monitoring locations"}},{"type":"Feature","id":783,"geometry":{"type":"Point","coordinates":[-100.34561,39.31772]},"properties":{"FID":783,"USGS_ID":"391906100204301","LOCAL_WELL":"08S 27W 33BBD 01","website":"https://geohydro.kgs.ku.edu/geohydro/wizard/wizardwelldetail.cfm?usgs_id=391906100204301","name":"08S 27W 33BBD 01","recordUrl":"https://geohydro.kgs.ku.edu/geohydro/wizard/wizardwelldetail.cfm?usgs_id=391906100204301","period":"2026 monitoring locations"}},{"type":"Feature","id":784,"geometry":{"type":"Point","coordinates":[-100.99944,39.31808]},"properties":{"FID":784,"USGS_ID":"391908100595301","LOCAL_WELL":"08S 33W 34BBC 01","website":"https://geohydro.kgs.ku.edu/geohydro/wizard/wizardwelldetail.cfm?usgs_id=391908100595301","name":"08S 33W 34BBC 01","recordUrl":"https://geohydro.kgs.ku.edu/geohydro/wizard/wizardwelldetail.cfm?usgs_id=391908100595301","period":"2026 monitoring locations"}},{"type":"Feature","id":785,"geometry":{"type":"Point","coordinates":[-101.50705,39.35164]},"properties":{"FID":785,"USGS_ID":"392101101302001","LOCAL_WELL":"08S 38W 24AAB 01","website":"https://geohydro.kgs.ku.edu/geohydro/wizard/wizardwelldetail.cfm?usgs_id=392101101302001","name":"08S 38W 24AAB 01","recordUrl":"https://geohydro.kgs.ku.edu/geohydro/wizard/wizardwelldetail.cfm?usgs_id=392101101302001","period":"2026 monitoring locations"}},{"type":"Feature","id":786,"geometry":{"type":"Point","coordinates":[-101.96797,39.27828]},"properties":{"FID":786,"USGS_ID":"391638101580901","LOCAL_WELL":"09S 42W 14AAA 01","website":"https://geohydro.kgs.ku.edu/geohydro/wizard/wizardwelldetail.cfm?usgs_id=391638101580901","name":"09S 42W 14AAA 01","recordUrl":"https://geohydro.kgs.ku.edu/geohydro/wizard/wizardwelldetail.cfm?usgs_id=391638101580901","period":"2026 monitoring locations"}},{"type":"Feature","id":787,"geometry":{"type":"Point","coordinates":[-101.13734,39.27866]},"properties":{"FID":787,"USGS_ID":"391639101080801","LOCAL_WELL":"09S 34W 17ABA 01","website":"https://geohydro.kgs.ku.edu/geohydro/wizard/wizardwelldetail.cfm?usgs_id=391639101080801","name":"09S 34W 17ABA 01","recordUrl":"https://geohydro.kgs.ku.edu/geohydro/wizard/wizardwelldetail.cfm?usgs_id=391639101080801","period":"2026 monitoring locations"}},{"type":"Feature","id":788,"geometry":{"type":"Point","coordinates":[-101.61956,39.30061]},"properties":{"FID":788,"USGS_ID":"391758101371201","LOCAL_WELL":"09S 39W 01DBA 01","website":"https://geohydro.kgs.ku.edu/geohydro/wizard/wizardwelldetail.cfm?usgs_id=391758101371201","name":"09S 39W 01DBA 01","recordUrl":"https://geohydro.kgs.ku.edu/geohydro/wizard/wizardwelldetail.cfm?usgs_id=391758101371201","period":"2026 monitoring locations"}},{"type":"Feature","id":789,"geometry":{"type":"Point","coordinates":[-100.46003,39.30089]},"properties":{"FID":789,"USGS_ID":"391801100273801","LOCAL_WELL":"09S 28W 04BCC 01","website":"https://geohydro.kgs.ku.edu/geohydro/wizard/wizardwelldetail.cfm?usgs_id=391801100273801","name":"09S 28W 04BCC 01","recordUrl":"https://geohydro.kgs.ku.edu/geohydro/wizard/wizardwelldetail.cfm?usgs_id=391801100273801","period":"2026 monitoring locations"}},{"type":"Feature","id":790,"geometry":{"type":"Point","coordinates":[-100.29222,39.27816]},"properties":{"FID":790,"USGS_ID":"391643100173001","LOCAL_WELL":"09S 27W 12CCC 01","website":"https://geohydro.kgs.ku.edu/geohydro/wizard/wizardwelldetail.cfm?usgs_id=391643100173001","name":"09S 27W 12CCC 01","recordUrl":"https://geohydro.kgs.ku.edu/geohydro/wizard/wizardwelldetail.cfm?usgs_id=391643100173001","period":"2026 monitoring locations"}},{"type":"Feature","id":791,"geometry":{"type":"Point","coordinates":[-100.06422,39.34849]},"properties":{"FID":791,"USGS_ID":"392058100035201","LOCAL_WELL":"08S 25W 24BAB 01","website":"https://geohydro.kgs.ku.edu/geohydro/wizard/wizardwelldetail.cfm?usgs_id=392058100035201","name":"08S 25W 24BAB 01","recordUrl":"https://geohydro.kgs.ku.edu/geohydro/wizard/wizardwelldetail.cfm?usgs_id=392058100035201","period":"2026 monitoring locations"}},{"type":"Feature","id":792,"geometry":{"type":"Point","coordinates":[-101.67026,39.28269]},"properties":{"FID":792,"USGS_ID":"391652101400901","LOCAL_WELL":"09S 39W 10CCB 01","website":"https://geohydro.kgs.ku.edu/geohydro/wizard/wizardwelldetail.cfm?usgs_id=391652101400901","name":"09S 39W 10CCB 01","recordUrl":"https://geohydro.kgs.ku.edu/geohydro/wizard/wizardwelldetail.cfm?usgs_id=391652101400901","period":"2026 monitoring locations"}},{"type":"Feature","id":793,"geometry":{"type":"Point","coordinates":[-101.48965,39.28294]},"properties":{"FID":793,"USGS_ID":"391654101291401","LOCAL_WELL":"09S 37W 07DDB 01","website":"https://geohydro.kgs.ku.edu/geohydro/wizard/wizardwelldetail.cfm?usgs_id=391654101291401","name":"09S 37W 07DDB 01","recordUrl":"https://geohydro.kgs.ku.edu/geohydro/wizard/wizardwelldetail.cfm?usgs_id=391654101291401","period":"2026 monitoring locations"}},{"type":"Feature","id":794,"geometry":{"type":"Point","coordinates":[-100.53613,39.30673]},"properties":{"FID":794,"USGS_ID":"391821100320601","LOCAL_WELL":"09S 29W 03AAA 01","website":"https://geohydro.kgs.ku.edu/geohydro/wizard/wizardwelldetail.cfm?usgs_id=391821100320601","name":"09S 29W 03AAA 01","recordUrl":"https://geohydro.kgs.ku.edu/geohydro/wizard/wizardwelldetail.cfm?usgs_id=391821100320601","period":"2026 monitoring locations"}},{"type":"Feature","id":795,"geometry":{"type":"Point","coordinates":[-100.87104,39.30581]},"properties":{"FID":795,"USGS_ID":"391822100521201","LOCAL_WELL":"09S 32W 03AAA 01","website":"https://geohydro.kgs.ku.edu/geohydro/wizard/wizardwelldetail.cfm?usgs_id=391822100521201","name":"09S 32W 03AAA 01","recordUrl":"https://geohydro.kgs.ku.edu/geohydro/wizard/wizardwelldetail.cfm?usgs_id=391822100521201","period":"2026 monitoring locations"}},{"type":"Feature","id":796,"geometry":{"type":"Point","coordinates":[-100.22771,39.34975]},"properties":{"FID":796,"USGS_ID":"392104100133901","LOCAL_WELL":"08S 26W 16CDD 01","website":"https://geohydro.kgs.ku.edu/geohydro/wizard/wizardwelldetail.cfm?usgs_id=392104100133901","name":"08S 26W 16CDD 01","recordUrl":"https://geohydro.kgs.ku.edu/geohydro/wizard/wizardwelldetail.cfm?usgs_id=392104100133901","period":"2026 monitoring locations"}},{"type":"Feature","id":797,"geometry":{"type":"Point","coordinates":[-99.82078,39.35196]},"properties":{"FID":797,"USGS_ID":"392105099491801","LOCAL_WELL":"08S 22W 18CDC 01","website":"https://geohydro.kgs.ku.edu/geohydro/wizard/wizardwelldetail.cfm?usgs_id=392105099491801","name":"08S 22W 18CDC 01","recordUrl":"https://geohydro.kgs.ku.edu/geohydro/wizard/wizardwelldetail.cfm?usgs_id=392105099491801","period":"2026 monitoring locations"}},{"type":"Feature","id":798,"geometry":{"type":"Point","coordinates":[-101.58866,39.35213]},"properties":{"FID":798,"USGS_ID":"392109101351401","LOCAL_WELL":"08S 38W 17CDD 01","website":"https://geohydro.kgs.ku.edu/geohydro/wizard/wizardwelldetail.cfm?usgs_id=392109101351401","name":"08S 38W 17CDD 01","recordUrl":"https://geohydro.kgs.ku.edu/geohydro/wizard/wizardwelldetail.cfm?usgs_id=392109101351401","period":"2026 monitoring locations"}},{"type":"Feature","id":799,"geometry":{"type":"Point","coordinates":[-100.88504,39.24191]},"properties":{"FID":799,"USGS_ID":"391434100530301","LOCAL_WELL":"09S 32W 27BCD 01","website":"https://geohydro.kgs.ku.edu/geohydro/wizard/wizardwelldetail.cfm?usgs_id=391434100530301","name":"09S 32W 27BCD 01","recordUrl":"https://geohydro.kgs.ku.edu/geohydro/wizard/wizardwelldetail.cfm?usgs_id=391434100530301","period":"2026 monitoring locations"}},{"type":"Feature","id":800,"geometry":{"type":"Point","coordinates":[-100.0708,39.22618]},"properties":{"FID":800,"USGS_ID":"391340100041901","LOCAL_WELL":"09S 25W 35ADD 01","website":"https://geohydro.kgs.ku.edu/geohydro/wizard/wizardwelldetail.cfm?usgs_id=391340100041901","name":"09S 25W 35ADD 01","recordUrl":"https://geohydro.kgs.ku.edu/geohydro/wizard/wizardwelldetail.cfm?usgs_id=391340100041901","period":"2026 monitoring locations"}},{"type":"Feature","id":801,"geometry":{"type":"Point","coordinates":[-101.92747,39.35789]},"properties":{"FID":801,"USGS_ID":"392125101553601","LOCAL_WELL":"08S 41W 17CBA 01","website":"https://geohydro.kgs.ku.edu/geohydro/wizard/wizardwelldetail.cfm?usgs_id=392125101553601","name":"08S 41W 17CBA 01","recordUrl":"https://geohydro.kgs.ku.edu/geohydro/wizard/wizardwelldetail.cfm?usgs_id=392125101553601","period":"2026 monitoring locations"}},{"type":"Feature","id":802,"geometry":{"type":"Point","coordinates":[-101.33425,39.35816]},"properties":{"FID":802,"USGS_ID":"392127101195901","LOCAL_WELL":"08S 36W 15CBB 01","website":"https://geohydro.kgs.ku.edu/geohydro/wizard/wizardwelldetail.cfm?usgs_id=392127101195901","name":"08S 36W 15CBB 01","recordUrl":"https://geohydro.kgs.ku.edu/geohydro/wizard/wizardwelldetail.cfm?usgs_id=392127101195901","period":"2026 monitoring locations"}},{"type":"Feature","id":803,"geometry":{"type":"Point","coordinates":[-101.23211,39.20714]},"properties":{"FID":803,"USGS_ID":"391221101135301","LOCAL_WELL":"10S 35W 09ABB 01","website":"https://geohydro.kgs.ku.edu/geohydro/wizard/wizardwelldetail.cfm?usgs_id=391221101135301","name":"10S 35W 09ABB 01","recordUrl":"https://geohydro.kgs.ku.edu/geohydro/wizard/wizardwelldetail.cfm?usgs_id=391221101135301","period":"2026 monitoring locations"}},{"type":"Feature","id":804,"geometry":{"type":"Point","coordinates":[-100.51793,39.20563]},"properties":{"FID":804,"USGS_ID":"391222100310301","LOCAL_WELL":"10S 29W 02DDD 01","website":"https://geohydro.kgs.ku.edu/geohydro/wizard/wizardwelldetail.cfm?usgs_id=391222100310301","name":"10S 29W 02DDD 01","recordUrl":"https://geohydro.kgs.ku.edu/geohydro/wizard/wizardwelldetail.cfm?usgs_id=391222100310301","period":"2026 monitoring locations"}},{"type":"Feature","id":805,"geometry":{"type":"Point","coordinates":[-100.46422,39.2083]},"properties":{"FID":805,"USGS_ID":"391229100275701","LOCAL_WELL":"10S 28W 05DDB 01","website":"https://geohydro.kgs.ku.edu/geohydro/wizard/wizardwelldetail.cfm?usgs_id=391229100275701","name":"10S 28W 05DDB 01","recordUrl":"https://geohydro.kgs.ku.edu/geohydro/wizard/wizardwelldetail.cfm?usgs_id=391229100275701","period":"2026 monitoring locations"}},{"type":"Feature","id":806,"geometry":{"type":"Point","coordinates":[-100.44523,39.36163]},"properties":{"FID":806,"USGS_ID":"392143100264501","LOCAL_WELL":"08S 28W 16AAC 01","website":"https://geohydro.kgs.ku.edu/geohydro/wizard/wizardwelldetail.cfm?usgs_id=392143100264501","name":"08S 28W 16AAC 01","recordUrl":"https://geohydro.kgs.ku.edu/geohydro/wizard/wizardwelldetail.cfm?usgs_id=392143100264501","period":"2026 monitoring locations"}},{"type":"Feature","id":807,"geometry":{"type":"Point","coordinates":[-99.86404,39.24746]},"properties":{"FID":807,"USGS_ID":"391451099512701","LOCAL_WELL":"09S 23W 26BAA 01","website":"https://geohydro.kgs.ku.edu/geohydro/wizard/wizardwelldetail.cfm?usgs_id=391451099512701","name":"09S 23W 26BAA 01","recordUrl":"https://geohydro.kgs.ku.edu/geohydro/wizard/wizardwelldetail.cfm?usgs_id=391451099512701","period":"2026 monitoring locations"}},{"type":"Feature","id":808,"geometry":{"type":"Point","coordinates":[-101.81956,39.24908]},"properties":{"FID":808,"USGS_ID":"391454101490901","LOCAL_WELL":"09S 40W 29BBB 01","website":"https://geohydro.kgs.ku.edu/geohydro/wizard/wizardwelldetail.cfm?usgs_id=391454101490901","name":"09S 40W 29BBB 01","recordUrl":"https://geohydro.kgs.ku.edu/geohydro/wizard/wizardwelldetail.cfm?usgs_id=391454101490901","period":"2026 monitoring locations"}},{"type":"Feature","id":809,"geometry":{"type":"Point","coordinates":[-100.68503,39.19133]},"properties":{"FID":809,"USGS_ID":"391131100410801","LOCAL_WELL":"10S 30W 08DDD 01","website":"https://geohydro.kgs.ku.edu/geohydro/wizard/wizardwelldetail.cfm?usgs_id=391131100410801","name":"10S 30W 08DDD 01","recordUrl":"https://geohydro.kgs.ku.edu/geohydro/wizard/wizardwelldetail.cfm?usgs_id=391131100410801","period":"2026 monitoring locations"}},{"type":"Feature","id":810,"geometry":{"type":"Point","coordinates":[-101.47455,39.32293]},"properties":{"FID":810,"USGS_ID":"391917101282301","LOCAL_WELL":"08S 37W 32ABB 01","website":"https://geohydro.kgs.ku.edu/geohydro/wizard/wizardwelldetail.cfm?usgs_id=391917101282301","name":"08S 37W 32ABB 01","recordUrl":"https://geohydro.kgs.ku.edu/geohydro/wizard/wizardwelldetail.cfm?usgs_id=391917101282301","period":"2026 monitoring locations"}},{"type":"Feature","id":811,"geometry":{"type":"Point","coordinates":[-101.14854,39.32269]},"properties":{"FID":811,"USGS_ID":"391922101084901","LOCAL_WELL":"08S 34W 29CCC 01","website":"https://geohydro.kgs.ku.edu/geohydro/wizard/wizardwelldetail.cfm?usgs_id=391922101084901","name":"08S 34W 29CCC 01","recordUrl":"https://geohydro.kgs.ku.edu/geohydro/wizard/wizardwelldetail.cfm?usgs_id=391922101084901","period":"2026 monitoring locations"}},{"type":"Feature","id":812,"geometry":{"type":"Point","coordinates":[-101.76616,39.19964]},"properties":{"FID":812,"USGS_ID":"391158101460401","LOCAL_WELL":"10S 40W 10ADC 01","website":"https://geohydro.kgs.ku.edu/geohydro/wizard/wizardwelldetail.cfm?usgs_id=391158101460401","name":"10S 40W 10ADC 01","recordUrl":"https://geohydro.kgs.ku.edu/geohydro/wizard/wizardwelldetail.cfm?usgs_id=391158101460401","period":"2026 monitoring locations"}},{"type":"Feature","id":813,"geometry":{"type":"Point","coordinates":[-101.85516,39.33429]},"properties":{"FID":813,"USGS_ID":"392000101511701","LOCAL_WELL":"08S 41W 25BBC 01","website":"https://geohydro.kgs.ku.edu/geohydro/wizard/wizardwelldetail.cfm?usgs_id=392000101511701","name":"08S 41W 25BBC 01","recordUrl":"https://geohydro.kgs.ku.edu/geohydro/wizard/wizardwelldetail.cfm?usgs_id=392000101511701","period":"2026 monitoring locations"}},{"type":"Feature","id":814,"geometry":{"type":"Point","coordinates":[-100.61003,39.20106]},"properties":{"FID":814,"USGS_ID":"391204100364101","LOCAL_WELL":"10S 30W 12ADA 01","website":"https://geohydro.kgs.ku.edu/geohydro/wizard/wizardwelldetail.cfm?usgs_id=391204100364101","name":"10S 30W 12ADA 01","recordUrl":"https://geohydro.kgs.ku.edu/geohydro/wizard/wizardwelldetail.cfm?usgs_id=391204100364101","period":"2026 monitoring locations"}},{"type":"Feature","id":815,"geometry":{"type":"Point","coordinates":[-100.16507,39.20127]},"properties":{"FID":815,"USGS_ID":"391209100095401","LOCAL_WELL":"10S 26W 12AAD 01","website":"https://geohydro.kgs.ku.edu/geohydro/wizard/wizardwelldetail.cfm?usgs_id=391209100095401","name":"10S 26W 12AAD 01","recordUrl":"https://geohydro.kgs.ku.edu/geohydro/wizard/wizardwelldetail.cfm?usgs_id=391209100095401","period":"2026 monitoring locations"}},{"type":"Feature","id":816,"geometry":{"type":"Point","coordinates":[-101.94221,39.66992]},"properties":{"FID":816,"USGS_ID":"394014101563601","LOCAL_WELL":"04S 41W 29DCD 01","website":"https://geohydro.kgs.ku.edu/geohydro/wizard/wizardwelldetail.cfm?usgs_id=394014101563601","name":"04S 41W 29DCD 01","recordUrl":"https://geohydro.kgs.ku.edu/geohydro/wizard/wizardwelldetail.cfm?usgs_id=394014101563601","period":"2026 monitoring locations"}},{"type":"Feature","id":817,"geometry":{"type":"Point","coordinates":[-100.44253,39.71157]},"properties":{"FID":817,"USGS_ID":"394241100263201","LOCAL_WELL":"04S 28W 15AAA 01","website":"https://geohydro.kgs.ku.edu/geohydro/wizard/wizardwelldetail.cfm?usgs_id=394241100263201","name":"04S 28W 15AAA 01","recordUrl":"https://geohydro.kgs.ku.edu/geohydro/wizard/wizardwelldetail.cfm?usgs_id=394241100263201","period":"2026 monitoring locations"}},{"type":"Feature","id":818,"geometry":{"type":"Point","coordinates":[-100.68483,39.61343]},"properties":{"FID":818,"USGS_ID":"393651100410001","LOCAL_WELL":"05S 30W 15CCB 01","website":"https://geohydro.kgs.ku.edu/geohydro/wizard/wizardwelldetail.cfm?usgs_id=393651100410001","name":"05S 30W 15CCB 01","recordUrl":"https://geohydro.kgs.ku.edu/geohydro/wizard/wizardwelldetail.cfm?usgs_id=393651100410001","period":"2026 monitoring locations"}},{"type":"Feature","id":819,"geometry":{"type":"Point","coordinates":[-101.41815,39.67225]},"properties":{"FID":819,"USGS_ID":"394020101250801","LOCAL_WELL":"04S 37W 25DCA 01","website":"https://geohydro.kgs.ku.edu/geohydro/wizard/wizardwelldetail.cfm?usgs_id=394020101250801","name":"04S 37W 25DCA 01","recordUrl":"https://geohydro.kgs.ku.edu/geohydro/wizard/wizardwelldetail.cfm?usgs_id=394020101250801","period":"2026 monitoring locations"}},{"type":"Feature","id":820,"geometry":{"type":"Point","coordinates":[-100.25522,39.71218]},"properties":{"FID":820,"USGS_ID":"394248100150801","LOCAL_WELL":"04S 26W 08DDD 01","website":"https://geohydro.kgs.ku.edu/geohydro/wizard/wizardwelldetail.cfm?usgs_id=394248100150801","name":"04S 26W 08DDD 01","recordUrl":"https://geohydro.kgs.ku.edu/geohydro/wizard/wizardwelldetail.cfm?usgs_id=394248100150801","period":"2026 monitoring locations"}},{"type":"Feature","id":821,"geometry":{"type":"Point","coordinates":[-101.45975,39.61925]},"properties":{"FID":821,"USGS_ID":"393704101273301","LOCAL_WELL":"05S 37W 15DBB 01","website":"https://geohydro.kgs.ku.edu/geohydro/wizard/wizardwelldetail.cfm?usgs_id=393704101273301","name":"05S 37W 15DBB 01","recordUrl":"https://geohydro.kgs.ku.edu/geohydro/wizard/wizardwelldetail.cfm?usgs_id=393704101273301","period":"2026 monitoring locations"}},{"type":"Feature","id":822,"geometry":{"type":"Point","coordinates":[-99.9962,39.61809]},"properties":{"FID":822,"USGS_ID":"393709099594501","LOCAL_WELL":"05S 24W 14BDC 01","website":"https://geohydro.kgs.ku.edu/geohydro/wizard/wizardwelldetail.cfm?usgs_id=393709099594501","name":"05S 24W 14BDC 01","recordUrl":"https://geohydro.kgs.ku.edu/geohydro/wizard/wizardwelldetail.cfm?usgs_id=393709099594501","period":"2026 monitoring locations"}},{"type":"Feature","id":823,"geometry":{"type":"Point","coordinates":[-100.42453,39.6202]},"properties":{"FID":823,"USGS_ID":"393709100252601","LOCAL_WELL":"05S 28W 14ADD 01","website":"https://geohydro.kgs.ku.edu/geohydro/wizard/wizardwelldetail.cfm?usgs_id=393709100252601","name":"05S 28W 14ADD 01","recordUrl":"https://geohydro.kgs.ku.edu/geohydro/wizard/wizardwelldetail.cfm?usgs_id=393709100252601","period":"2026 monitoring locations"}},{"type":"Feature","id":824,"geometry":{"type":"Point","coordinates":[-101.73156,39.64733]},"properties":{"FID":824,"USGS_ID":"393849101440101","LOCAL_WELL":"05S 39W 06DAA 01","website":"https://geohydro.kgs.ku.edu/geohydro/wizard/wizardwelldetail.cfm?usgs_id=393849101440101","name":"05S 39W 06DAA 01","recordUrl":"https://geohydro.kgs.ku.edu/geohydro/wizard/wizardwelldetail.cfm?usgs_id=393849101440101","period":"2026 monitoring locations"}},{"type":"Feature","id":825,"geometry":{"type":"Point","coordinates":[-101.77303,39.67684]},"properties":{"FID":825,"USGS_ID":"394034101462301","LOCAL_WELL":"04S 40W 26DAB 01","website":"https://geohydro.kgs.ku.edu/geohydro/wizard/wizardwelldetail.cfm?usgs_id=394034101462301","name":"04S 40W 26DAB 01","recordUrl":"https://geohydro.kgs.ku.edu/geohydro/wizard/wizardwelldetail.cfm?usgs_id=394034101462301","period":"2026 monitoring locations"}},{"type":"Feature","id":826,"geometry":{"type":"Point","coordinates":[-101.84896,39.62197]},"properties":{"FID":826,"USGS_ID":"393719101505501","LOCAL_WELL":"05S 40W 18ADB 01","website":"https://geohydro.kgs.ku.edu/geohydro/wizard/wizardwelldetail.cfm?usgs_id=393719101505501","name":"05S 40W 18ADB 01","recordUrl":"https://geohydro.kgs.ku.edu/geohydro/wizard/wizardwelldetail.cfm?usgs_id=393719101505501","period":"2026 monitoring locations"}},{"type":"Feature","id":827,"geometry":{"type":"Point","coordinates":[-101.88527,39.67797]},"properties":{"FID":827,"USGS_ID":"394047101525102","LOCAL_WELL":"04S 41W 25BCB 02","website":"https://geohydro.kgs.ku.edu/geohydro/wizard/wizardwelldetail.cfm?usgs_id=394047101525102","name":"04S 41W 25BCB 02","recordUrl":"https://geohydro.kgs.ku.edu/geohydro/wizard/wizardwelldetail.cfm?usgs_id=394047101525102","period":"2026 monitoring locations"}},{"type":"Feature","id":828,"geometry":{"type":"Point","coordinates":[-102.01237,39.73623]},"properties":{"FID":828,"USGS_ID":"394409102003501","LOCAL_WELL":"04S 42W 02BCC 01","website":"https://geohydro.kgs.ku.edu/geohydro/wizard/wizardwelldetail.cfm?usgs_id=394409102003501","name":"04S 42W 02BCC 01","recordUrl":"https://geohydro.kgs.ku.edu/geohydro/wizard/wizardwelldetail.cfm?usgs_id=394409102003501","period":"2026 monitoring locations"}},{"type":"Feature","id":829,"geometry":{"type":"Point","coordinates":[-99.4238,39.65455]},"properties":{"FID":829,"USGS_ID":"393922099253001","LOCAL_WELL":"04S 19W 35DDD 01","website":"https://geohydro.kgs.ku.edu/geohydro/wizard/wizardwelldetail.cfm?usgs_id=393922099253001","name":"04S 19W 35DDD 01","recordUrl":"https://geohydro.kgs.ku.edu/geohydro/wizard/wizardwelldetail.cfm?usgs_id=393922099253001","period":"2026 monitoring locations"}},{"type":"Feature","id":830,"geometry":{"type":"Point","coordinates":[-101.15015,39.65982]},"properties":{"FID":830,"USGS_ID":"393933101090001","LOCAL_WELL":"04S 34W 33CBC 01","website":"https://geohydro.kgs.ku.edu/geohydro/wizard/wizardwelldetail.cfm?usgs_id=393933101090001","name":"04S 34W 33CBC 01","recordUrl":"https://geohydro.kgs.ku.edu/geohydro/wizard/wizardwelldetail.cfm?usgs_id=393933101090001","period":"2026 monitoring locations"}},{"type":"Feature","id":831,"geometry":{"type":"Point","coordinates":[-102.03593,39.65317]},"properties":{"FID":831,"USGS_ID":"393915102015701","LOCAL_WELL":"05S 42W 04AAB 01","website":"https://geohydro.kgs.ku.edu/geohydro/wizard/wizardwelldetail.cfm?usgs_id=393915102015701","name":"05S 42W 04AAB 01","recordUrl":"https://geohydro.kgs.ku.edu/geohydro/wizard/wizardwelldetail.cfm?usgs_id=393915102015701","period":"2026 monitoring locations"}},{"type":"Feature","id":832,"geometry":{"type":"Point","coordinates":[-101.33519,39.69139]},"properties":{"FID":832,"USGS_ID":"394125101201301","LOCAL_WELL":"04S 36W 23CBB 01","website":"https://geohydro.kgs.ku.edu/geohydro/wizard/wizardwelldetail.cfm?usgs_id=394125101201301","name":"04S 36W 23CBB 01","recordUrl":"https://geohydro.kgs.ku.edu/geohydro/wizard/wizardwelldetail.cfm?usgs_id=394125101201301","period":"2026 monitoring locations"}},{"type":"Feature","id":833,"geometry":{"type":"Point","coordinates":[-100.28023,39.6855]},"properties":{"FID":833,"USGS_ID":"394110100163301","LOCAL_WELL":"04S 26W 19DCA 01","website":"https://geohydro.kgs.ku.edu/geohydro/wizard/wizardwelldetail.cfm?usgs_id=394110100163301","name":"04S 26W 19DCA 01","recordUrl":"https://geohydro.kgs.ku.edu/geohydro/wizard/wizardwelldetail.cfm?usgs_id=394110100163301","period":"2026 monitoring locations"}},{"type":"Feature","id":834,"geometry":{"type":"Point","coordinates":[-101.32314,39.68764]},"properties":{"FID":834,"USGS_ID":"394112101193101","LOCAL_WELL":"04S 36W 23DCA 01","website":"https://geohydro.kgs.ku.edu/geohydro/wizard/wizardwelldetail.cfm?usgs_id=394112101193101","name":"04S 36W 23DCA 01","recordUrl":"https://geohydro.kgs.ku.edu/geohydro/wizard/wizardwelldetail.cfm?usgs_id=394112101193101","period":"2026 monitoring locations"}},{"type":"Feature","id":835,"geometry":{"type":"Point","coordinates":[-101.58406,39.69277]},"properties":{"FID":835,"USGS_ID":"394132101351201","LOCAL_WELL":"04S 38W 21ADC 01","website":"https://geohydro.kgs.ku.edu/geohydro/wizard/wizardwelldetail.cfm?usgs_id=394132101351201","name":"04S 38W 21ADC 01","recordUrl":"https://geohydro.kgs.ku.edu/geohydro/wizard/wizardwelldetail.cfm?usgs_id=394132101351201","period":"2026 monitoring locations"}},{"type":"Feature","id":836,"geometry":{"type":"Point","coordinates":[-101.07317,39.69288]},"properties":{"FID":836,"USGS_ID":"394138101042901","LOCAL_WELL":"04S 33W 19BCB 01","website":"https://geohydro.kgs.ku.edu/geohydro/wizard/wizardwelldetail.cfm?usgs_id=394138101042901","name":"04S 33W 19BCB 01","recordUrl":"https://geohydro.kgs.ku.edu/geohydro/wizard/wizardwelldetail.cfm?usgs_id=394138101042901","period":"2026 monitoring locations"}},{"type":"Feature","id":837,"geometry":{"type":"Point","coordinates":[-101.00944,39.72523]},"properties":{"FID":837,"USGS_ID":"394328101003401","LOCAL_WELL":"04S 33W 10ABC 01","website":"https://geohydro.kgs.ku.edu/geohydro/wizard/wizardwelldetail.cfm?usgs_id=394328101003401","name":"04S 33W 10ABC 01","recordUrl":"https://geohydro.kgs.ku.edu/geohydro/wizard/wizardwelldetail.cfm?usgs_id=394328101003401","period":"2026 monitoring locations"}},{"type":"Feature","id":838,"geometry":{"type":"Point","coordinates":[-100.77884,39.62856]},"properties":{"FID":838,"USGS_ID":"393742100464301","LOCAL_WELL":"05S 31W 10DDA 01","website":"https://geohydro.kgs.ku.edu/geohydro/wizard/wizardwelldetail.cfm?usgs_id=393742100464301","name":"05S 31W 10DDA 01","recordUrl":"https://geohydro.kgs.ku.edu/geohydro/wizard/wizardwelldetail.cfm?usgs_id=393742100464301","period":"2026 monitoring locations"}},{"type":"Feature","id":839,"geometry":{"type":"Point","coordinates":[-101.67436,39.63065]},"properties":{"FID":839,"USGS_ID":"393751101403601","LOCAL_WELL":"05S 39W 11CBC 01","website":"https://geohydro.kgs.ku.edu/geohydro/wizard/wizardwelldetail.cfm?usgs_id=393751101403601","name":"05S 39W 11CBC 01","recordUrl":"https://geohydro.kgs.ku.edu/geohydro/wizard/wizardwelldetail.cfm?usgs_id=393751101403601","period":"2026 monitoring locations"}},{"type":"Feature","id":840,"geometry":{"type":"Point","coordinates":[-101.59353,39.73822]},"properties":{"FID":840,"USGS_ID":"394421101354501","LOCAL_WELL":"04S 38W 04BAC 01","website":"https://geohydro.kgs.ku.edu/geohydro/wizard/wizardwelldetail.cfm?usgs_id=394421101354501","name":"04S 38W 04BAC 01","recordUrl":"https://geohydro.kgs.ku.edu/geohydro/wizard/wizardwelldetail.cfm?usgs_id=394421101354501","period":"2026 monitoring locations"}},{"type":"Feature","id":841,"geometry":{"type":"Point","coordinates":[-101.37193,39.6069]},"properties":{"FID":841,"USGS_ID":"393619101222101","LOCAL_WELL":"05S 36W 21BCD 01","website":"https://geohydro.kgs.ku.edu/geohydro/wizard/wizardwelldetail.cfm?usgs_id=393619101222101","name":"05S 36W 21BCD 01","recordUrl":"https://geohydro.kgs.ku.edu/geohydro/wizard/wizardwelldetail.cfm?usgs_id=393619101222101","period":"2026 monitoring locations"}},{"type":"Feature","id":842,"geometry":{"type":"Point","coordinates":[-101.88127,39.69858]},"properties":{"FID":842,"USGS_ID":"394152101525901","LOCAL_WELL":"04S 41W 23AAA 01","website":"https://geohydro.kgs.ku.edu/geohydro/wizard/wizardwelldetail.cfm?usgs_id=394152101525901","name":"04S 41W 23AAA 01","recordUrl":"https://geohydro.kgs.ku.edu/geohydro/wizard/wizardwelldetail.cfm?usgs_id=394152101525901","period":"2026 monitoring locations"}},{"type":"Feature","id":843,"geometry":{"type":"Point","coordinates":[-101.57246,39.60737]},"properties":{"FID":843,"USGS_ID":"393625101342401","LOCAL_WELL":"05S 38W 22ACB 01","website":"https://geohydro.kgs.ku.edu/geohydro/wizard/wizardwelldetail.cfm?usgs_id=393625101342401","name":"05S 38W 22ACB 01","recordUrl":"https://geohydro.kgs.ku.edu/geohydro/wizard/wizardwelldetail.cfm?usgs_id=393625101342401","period":"2026 monitoring locations"}},{"type":"Feature","id":844,"geometry":{"type":"Point","coordinates":[-100.51513,39.63711]},"properties":{"FID":844,"USGS_ID":"393814100305401","LOCAL_WELL":"05S 28W 07BBC 01","website":"https://geohydro.kgs.ku.edu/geohydro/wizard/wizardwelldetail.cfm?usgs_id=393814100305401","name":"05S 28W 07BBC 01","recordUrl":"https://geohydro.kgs.ku.edu/geohydro/wizard/wizardwelldetail.cfm?usgs_id=393814100305401","period":"2026 monitoring locations"}},{"type":"Feature","id":845,"geometry":{"type":"Point","coordinates":[-102.04567,39.69845]},"properties":{"FID":845,"USGS_ID":"394159102022201","LOCAL_WELL":"04S 42W 16CCD 01","website":"https://geohydro.kgs.ku.edu/geohydro/wizard/wizardwelldetail.cfm?usgs_id=394159102022201","name":"04S 42W 16CCD 01","recordUrl":"https://geohydro.kgs.ku.edu/geohydro/wizard/wizardwelldetail.cfm?usgs_id=394159102022201","period":"2026 monitoring locations"}},{"type":"Feature","id":846,"geometry":{"type":"Point","coordinates":[-101.69036,39.70098]},"properties":{"FID":846,"USGS_ID":"394205101413101","LOCAL_WELL":"04S 39W 15CCA 01","website":"https://geohydro.kgs.ku.edu/geohydro/wizard/wizardwelldetail.cfm?usgs_id=394205101413101","name":"04S 39W 15CCA 01","recordUrl":"https://geohydro.kgs.ku.edu/geohydro/wizard/wizardwelldetail.cfm?usgs_id=394205101413101","period":"2026 monitoring locations"}},{"type":"Feature","id":847,"geometry":{"type":"Point","coordinates":[-100.37183,39.70196]},"properties":{"FID":847,"USGS_ID":"394208100221101","LOCAL_WELL":"04S 27W 17DAC 01","website":"https://geohydro.kgs.ku.edu/geohydro/wizard/wizardwelldetail.cfm?usgs_id=394208100221101","name":"04S 27W 17DAC 01","recordUrl":"https://geohydro.kgs.ku.edu/geohydro/wizard/wizardwelldetail.cfm?usgs_id=394208100221101","period":"2026 monitoring locations"}},{"type":"Feature","id":848,"geometry":{"type":"Point","coordinates":[-100.46053,39.63937]},"properties":{"FID":848,"USGS_ID":"393820100273201","LOCAL_WELL":"05S 28W 10BBB 01","website":"https://geohydro.kgs.ku.edu/geohydro/wizard/wizardwelldetail.cfm?usgs_id=393820100273201","name":"05S 28W 10BBB 01","recordUrl":"https://geohydro.kgs.ku.edu/geohydro/wizard/wizardwelldetail.cfm?usgs_id=393820100273201","period":"2026 monitoring locations"}},{"type":"Feature","id":849,"geometry":{"type":"Point","coordinates":[-100.3662,39.66862]},"properties":{"FID":849,"USGS_ID":"394005100215501","LOCAL_WELL":"04S 27W 33BBB 01","website":"https://geohydro.kgs.ku.edu/geohydro/wizard/wizardwelldetail.cfm?usgs_id=394005100215501","name":"04S 27W 33BBB 01","recordUrl":"https://geohydro.kgs.ku.edu/geohydro/wizard/wizardwelldetail.cfm?usgs_id=394005100215501","period":"2026 monitoring locations"}},{"type":"Feature","id":850,"geometry":{"type":"Point","coordinates":[-101.91957,39.70487]},"properties":{"FID":850,"USGS_ID":"394218101551201","LOCAL_WELL":"04S 41W 16DAA 01","website":"https://geohydro.kgs.ku.edu/geohydro/wizard/wizardwelldetail.cfm?usgs_id=394218101551201","name":"04S 41W 16DAA 01","recordUrl":"https://geohydro.kgs.ku.edu/geohydro/wizard/wizardwelldetail.cfm?usgs_id=394218101551201","period":"2026 monitoring locations"}},{"type":"Feature","id":851,"geometry":{"type":"Point","coordinates":[-99.84846,39.6104]},"properties":{"FID":851,"USGS_ID":"393643099505401","LOCAL_WELL":"05S 22W 18CCD 01","website":"https://geohydro.kgs.ku.edu/geohydro/wizard/wizardwelldetail.cfm?usgs_id=393643099505401","name":"05S 22W 18CCD 01","recordUrl":"https://geohydro.kgs.ku.edu/geohydro/wizard/wizardwelldetail.cfm?usgs_id=393643099505401","period":"2026 monitoring locations"}},{"type":"Feature","id":852,"geometry":{"type":"Point","coordinates":[-100.49943,39.66946]},"properties":{"FID":852,"USGS_ID":"394011100295401","LOCAL_WELL":"04S 28W 30DDD 01","website":"https://geohydro.kgs.ku.edu/geohydro/wizard/wizardwelldetail.cfm?usgs_id=394011100295401","name":"04S 28W 30DDD 01","recordUrl":"https://geohydro.kgs.ku.edu/geohydro/wizard/wizardwelldetail.cfm?usgs_id=394011100295401","period":"2026 monitoring locations"}},{"type":"Feature","id":853,"geometry":{"type":"Point","coordinates":[-100.80217,39.71044]},"properties":{"FID":853,"USGS_ID":"394236100480601","LOCAL_WELL":"04S 31W 16ABD 01","website":"https://geohydro.kgs.ku.edu/geohydro/wizard/wizardwelldetail.cfm?usgs_id=394236100480601","name":"04S 31W 16ABD 01","recordUrl":"https://geohydro.kgs.ku.edu/geohydro/wizard/wizardwelldetail.cfm?usgs_id=394236100480601","period":"2026 monitoring locations"}},{"type":"Feature","id":854,"geometry":{"type":"Point","coordinates":[-101.49085,39.71048]},"properties":{"FID":854,"USGS_ID":"394237101292901","LOCAL_WELL":"04S 37W 17AAC 01","website":"https://geohydro.kgs.ku.edu/geohydro/wizard/wizardwelldetail.cfm?usgs_id=394237101292901","name":"04S 37W 17AAC 01","recordUrl":"https://geohydro.kgs.ku.edu/geohydro/wizard/wizardwelldetail.cfm?usgs_id=394237101292901","period":"2026 monitoring locations"}},{"type":"Feature","id":855,"geometry":{"type":"Point","coordinates":[-100.88184,39.61158]},"properties":{"FID":855,"USGS_ID":"393644100525501","LOCAL_WELL":"05S 32W 14CDD 01","website":"https://geohydro.kgs.ku.edu/geohydro/wizard/wizardwelldetail.cfm?usgs_id=393644100525501","name":"05S 32W 14CDD 01","recordUrl":"https://geohydro.kgs.ku.edu/geohydro/wizard/wizardwelldetail.cfm?usgs_id=393644100525501","period":"2026 monitoring locations"}},{"type":"Feature","id":856,"geometry":{"type":"Point","coordinates":[-102.00327,39.61188]},"properties":{"FID":856,"USGS_ID":"393645102000401","LOCAL_WELL":"05S 42W 14DCC 01","website":"https://geohydro.kgs.ku.edu/geohydro/wizard/wizardwelldetail.cfm?usgs_id=393645102000401","name":"05S 42W 14DCC 01","recordUrl":"https://geohydro.kgs.ku.edu/geohydro/wizard/wizardwelldetail.cfm?usgs_id=393645102000401","period":"2026 monitoring locations"}},{"type":"Feature","id":857,"geometry":{"type":"Point","coordinates":[-100.19942,39.58417]},"properties":{"FID":857,"USGS_ID":"393505100115901","LOCAL_WELL":"05S 26W 26DDA 01","website":"https://geohydro.kgs.ku.edu/geohydro/wizard/wizardwelldetail.cfm?usgs_id=393505100115901","name":"05S 26W 26DDA 01","recordUrl":"https://geohydro.kgs.ku.edu/geohydro/wizard/wizardwelldetail.cfm?usgs_id=393505100115901","period":"2026 monitoring locations"}},{"type":"Feature","id":858,"geometry":{"type":"Point","coordinates":[-100.19942,39.50171]},"properties":{"FID":858,"USGS_ID":"393005100114801","LOCAL_WELL":"06S 26W 26CBB 01","website":"https://geohydro.kgs.ku.edu/geohydro/wizard/wizardwelldetail.cfm?usgs_id=393005100114801","name":"06S 26W 26CBB 01","recordUrl":"https://geohydro.kgs.ku.edu/geohydro/wizard/wizardwelldetail.cfm?usgs_id=393005100114801","period":"2026 monitoring locations"}},{"type":"Feature","id":859,"geometry":{"type":"Point","coordinates":[-99.8433,39.53898]},"properties":{"FID":859,"USGS_ID":"393216099503801","LOCAL_WELL":"06S 23W 13BBB 01","website":"https://geohydro.kgs.ku.edu/geohydro/wizard/wizardwelldetail.cfm?usgs_id=393216099503801","name":"06S 23W 13BBB 01","recordUrl":"https://geohydro.kgs.ku.edu/geohydro/wizard/wizardwelldetail.cfm?usgs_id=393216099503801","period":"2026 monitoring locations"}},{"type":"Feature","id":860,"geometry":{"type":"Point","coordinates":[-99.95696,39.53804]},"properties":{"FID":860,"USGS_ID":"393216099572401","LOCAL_WELL":"06S 24W 14AAA 01","website":"https://geohydro.kgs.ku.edu/geohydro/wizard/wizardwelldetail.cfm?usgs_id=393216099572401","name":"06S 24W 14AAA 01","recordUrl":"https://geohydro.kgs.ku.edu/geohydro/wizard/wizardwelldetail.cfm?usgs_id=393216099572401","period":"2026 monitoring locations"}},{"type":"Feature","id":861,"geometry":{"type":"Point","coordinates":[-100.61763,39.53826]},"properties":{"FID":861,"USGS_ID":"393216100371301","LOCAL_WELL":"06S 30W 13BAA 01","website":"https://geohydro.kgs.ku.edu/geohydro/wizard/wizardwelldetail.cfm?usgs_id=393216100371301","name":"06S 30W 13BAA 01","recordUrl":"https://geohydro.kgs.ku.edu/geohydro/wizard/wizardwelldetail.cfm?usgs_id=393216100371301","period":"2026 monitoring locations"}},{"type":"Feature","id":862,"geometry":{"type":"Point","coordinates":[-100.50423,39.52401]},"properties":{"FID":862,"USGS_ID":"393123100301401","LOCAL_WELL":"06S 29W 24ABB 01","website":"https://geohydro.kgs.ku.edu/geohydro/wizard/wizardwelldetail.cfm?usgs_id=393123100301401","name":"06S 29W 24ABB 01","recordUrl":"https://geohydro.kgs.ku.edu/geohydro/wizard/wizardwelldetail.cfm?usgs_id=393123100301401","period":"2026 monitoring locations"}},{"type":"Feature","id":863,"geometry":{"type":"Point","coordinates":[-100.82044,39.52474]},"properties":{"FID":863,"USGS_ID":"393127100490701","LOCAL_WELL":"06S 31W 19ABA 01","website":"https://geohydro.kgs.ku.edu/geohydro/wizard/wizardwelldetail.cfm?usgs_id=393127100490701","name":"06S 31W 19ABA 01","recordUrl":"https://geohydro.kgs.ku.edu/geohydro/wizard/wizardwelldetail.cfm?usgs_id=393127100490701","period":"2026 monitoring locations"}},{"type":"Feature","id":864,"geometry":{"type":"Point","coordinates":[-101.64966,39.58602]},"properties":{"FID":864,"USGS_ID":"393508101390801","LOCAL_WELL":"05S 39W 25CDA 01","website":"https://geohydro.kgs.ku.edu/geohydro/wizard/wizardwelldetail.cfm?usgs_id=393508101390801","name":"05S 39W 25CDA 01","recordUrl":"https://geohydro.kgs.ku.edu/geohydro/wizard/wizardwelldetail.cfm?usgs_id=393508101390801","period":"2026 monitoring locations"}},{"type":"Feature","id":865,"geometry":{"type":"Point","coordinates":[-101.19375,39.50748]},"properties":{"FID":865,"USGS_ID":"393020101113101","LOCAL_WELL":"06S 35W 26ACB 01","website":"https://geohydro.kgs.ku.edu/geohydro/wizard/wizardwelldetail.cfm?usgs_id=393020101113101","name":"06S 35W 26ACB 01","recordUrl":"https://geohydro.kgs.ku.edu/geohydro/wizard/wizardwelldetail.cfm?usgs_id=393020101113101","period":"2026 monitoring locations"}},{"type":"Feature","id":866,"geometry":{"type":"Point","coordinates":[-100.06922,39.53824]},"properties":{"FID":866,"USGS_ID":"393223100040801","LOCAL_WELL":"06S 25W 12CCC 01","website":"https://geohydro.kgs.ku.edu/geohydro/wizard/wizardwelldetail.cfm?usgs_id=393223100040801","name":"06S 25W 12CCC 01","recordUrl":"https://geohydro.kgs.ku.edu/geohydro/wizard/wizardwelldetail.cfm?usgs_id=393223100040801","period":"2026 monitoring locations"}},{"type":"Feature","id":867,"geometry":{"type":"Point","coordinates":[-101.08234,39.54039]},"properties":{"FID":867,"USGS_ID":"393223101045601","LOCAL_WELL":"06S 34W 11CDD 01","website":"https://geohydro.kgs.ku.edu/geohydro/wizard/wizardwelldetail.cfm?usgs_id=393223101045601","name":"06S 34W 11CDD 01","recordUrl":"https://geohydro.kgs.ku.edu/geohydro/wizard/wizardwelldetail.cfm?usgs_id=393223101045601","period":"2026 monitoring locations"}},{"type":"Feature","id":868,"geometry":{"type":"Point","coordinates":[-100.35293,39.54161]},"properties":{"FID":868,"USGS_ID":"393228100211301","LOCAL_WELL":"06S 27W 08DCA 01","website":"https://geohydro.kgs.ku.edu/geohydro/wizard/wizardwelldetail.cfm?usgs_id=393228100211301","name":"06S 27W 08DCA 01","recordUrl":"https://geohydro.kgs.ku.edu/geohydro/wizard/wizardwelldetail.cfm?usgs_id=393228100211301","period":"2026 monitoring locations"}},{"type":"Feature","id":869,"geometry":{"type":"Point","coordinates":[-101.29146,39.55854]},"properties":{"FID":869,"USGS_ID":"393329101172201","LOCAL_WELL":"06S 36W 01CAC 01","website":"https://geohydro.kgs.ku.edu/geohydro/wizard/wizardwelldetail.cfm?usgs_id=393329101172201","name":"06S 36W 01CAC 01","recordUrl":"https://geohydro.kgs.ku.edu/geohydro/wizard/wizardwelldetail.cfm?usgs_id=393329101172201","period":"2026 monitoring locations"}},{"type":"Feature","id":870,"geometry":{"type":"Point","coordinates":[-100.36673,39.55941]},"properties":{"FID":870,"USGS_ID":"393334100215501","LOCAL_WELL":"06S 27W 05CBB 01","website":"https://geohydro.kgs.ku.edu/geohydro/wizard/wizardwelldetail.cfm?usgs_id=393334100215501","name":"06S 27W 05CBB 01","recordUrl":"https://geohydro.kgs.ku.edu/geohydro/wizard/wizardwelldetail.cfm?usgs_id=393334100215501","period":"2026 monitoring locations"}},{"type":"Feature","id":871,"geometry":{"type":"Point","coordinates":[-101.30085,39.58778]},"properties":{"FID":871,"USGS_ID":"393513101180001","LOCAL_WELL":"05S 35W 30CBC 01","website":"https://geohydro.kgs.ku.edu/geohydro/wizard/wizardwelldetail.cfm?usgs_id=393513101180001","name":"05S 35W 30CBC 01","recordUrl":"https://geohydro.kgs.ku.edu/geohydro/wizard/wizardwelldetail.cfm?usgs_id=393513101180001","period":"2026 monitoring locations"}},{"type":"Feature","id":872,"geometry":{"type":"Point","coordinates":[-100.54383,39.54269]},"properties":{"FID":872,"USGS_ID":"393235100322701","LOCAL_WELL":"06S 29W 10DBC 01","website":"https://geohydro.kgs.ku.edu/geohydro/wizard/wizardwelldetail.cfm?usgs_id=393235100322701","name":"06S 29W 10DBC 01","recordUrl":"https://geohydro.kgs.ku.edu/geohydro/wizard/wizardwelldetail.cfm?usgs_id=393235100322701","period":"2026 monitoring locations"}},{"type":"Feature","id":873,"geometry":{"type":"Point","coordinates":[-100.84964,39.54413]},"properties":{"FID":873,"USGS_ID":"393236100505101","LOCAL_WELL":"06S 32W 12CBC 01","website":"https://geohydro.kgs.ku.edu/geohydro/wizard/wizardwelldetail.cfm?usgs_id=393236100505101","name":"06S 32W 12CBC 01","recordUrl":"https://geohydro.kgs.ku.edu/geohydro/wizard/wizardwelldetail.cfm?usgs_id=393236100505101","period":"2026 monitoring locations"}},{"type":"Feature","id":874,"geometry":{"type":"Point","coordinates":[-100.76184,39.56224]},"properties":{"FID":874,"USGS_ID":"393348100454501","LOCAL_WELL":"06S 31W 03ADB 01","website":"https://geohydro.kgs.ku.edu/geohydro/wizard/wizardwelldetail.cfm?usgs_id=393348100454501","name":"06S 31W 03ADB 01","recordUrl":"https://geohydro.kgs.ku.edu/geohydro/wizard/wizardwelldetail.cfm?usgs_id=393348100454501","period":"2026 monitoring locations"}},{"type":"Feature","id":875,"geometry":{"type":"Point","coordinates":[-100.27993,39.50889]},"properties":{"FID":875,"USGS_ID":"393031100164601","LOCAL_WELL":"06S 27W 25ABA 01","website":"https://geohydro.kgs.ku.edu/geohydro/wizard/wizardwelldetail.cfm?usgs_id=393031100164601","name":"06S 27W 25ABA 01","recordUrl":"https://geohydro.kgs.ku.edu/geohydro/wizard/wizardwelldetail.cfm?usgs_id=393031100164601","period":"2026 monitoring locations"}},{"type":"Feature","id":876,"geometry":{"type":"Point","coordinates":[-100.0065,39.50903]},"properties":{"FID":876,"USGS_ID":"393032100002001","LOCAL_WELL":"06S 24W 28BAB 01","website":"https://geohydro.kgs.ku.edu/geohydro/wizard/wizardwelldetail.cfm?usgs_id=393032100002001","name":"06S 24W 28BAB 01","recordUrl":"https://geohydro.kgs.ku.edu/geohydro/wizard/wizardwelldetail.cfm?usgs_id=393032100002001","period":"2026 monitoring locations"}},{"type":"Feature","id":877,"geometry":{"type":"Point","coordinates":[-101.30395,39.54841]},"properties":{"FID":877,"USGS_ID":"393250101181301","LOCAL_WELL":"06S 36W 11ACC 01","website":"https://geohydro.kgs.ku.edu/geohydro/wizard/wizardwelldetail.cfm?usgs_id=393250101181301","name":"06S 36W 11ACC 01","recordUrl":"https://geohydro.kgs.ku.edu/geohydro/wizard/wizardwelldetail.cfm?usgs_id=393250101181301","period":"2026 monitoring locations"}},{"type":"Feature","id":878,"geometry":{"type":"Point","coordinates":[-101.05064,39.59163]},"properties":{"FID":878,"USGS_ID":"393533101030001","LOCAL_WELL":"05S 33W 29BDA 01","website":"https://geohydro.kgs.ku.edu/geohydro/wizard/wizardwelldetail.cfm?usgs_id=393533101030001","name":"05S 33W 29BDA 01","recordUrl":"https://geohydro.kgs.ku.edu/geohydro/wizard/wizardwelldetail.cfm?usgs_id=393533101030001","period":"2026 monitoring locations"}},{"type":"Feature","id":879,"geometry":{"type":"Point","coordinates":[-99.708,39.51058]},"properties":{"FID":879,"USGS_ID":"393039099423702","LOCAL_WELL":"06S 21W 19CDC 02","website":"https://geohydro.kgs.ku.edu/geohydro/wizard/wizardwelldetail.cfm?usgs_id=393039099423702","name":"06S 21W 19CDC 02","recordUrl":"https://geohydro.kgs.ku.edu/geohydro/wizard/wizardwelldetail.cfm?usgs_id=393039099423702","period":"2026 monitoring locations"}},{"type":"Feature","id":880,"geometry":{"type":"Point","coordinates":[-100.96112,39.51201]},"properties":{"FID":880,"USGS_ID":"393039100574201","LOCAL_WELL":"06S 33W 23DDD 01","website":"https://geohydro.kgs.ku.edu/geohydro/wizard/wizardwelldetail.cfm?usgs_id=393039100574201","name":"06S 33W 23DDD 01","recordUrl":"https://geohydro.kgs.ku.edu/geohydro/wizard/wizardwelldetail.cfm?usgs_id=393039100574201","period":"2026 monitoring locations"}},{"type":"Feature","id":881,"geometry":{"type":"Point","coordinates":[-101.99437,39.5102]},"properties":{"FID":881,"USGS_ID":"393040101593201","LOCAL_WELL":"06S 42W 22DCC 01","website":"https://geohydro.kgs.ku.edu/geohydro/wizard/wizardwelldetail.cfm?usgs_id=393040101593201","name":"06S 42W 22DCC 01","recordUrl":"https://geohydro.kgs.ku.edu/geohydro/wizard/wizardwelldetail.cfm?usgs_id=393040101593201","period":"2026 monitoring locations"}},{"type":"Feature","id":882,"geometry":{"type":"Point","coordinates":[-101.56025,39.55262]},"properties":{"FID":882,"USGS_ID":"393304101334601","LOCAL_WELL":"06S 38W 09ABD 01","website":"https://geohydro.kgs.ku.edu/geohydro/wizard/wizardwelldetail.cfm?usgs_id=393304101334601","name":"06S 38W 09ABD 01","recordUrl":"https://geohydro.kgs.ku.edu/geohydro/wizard/wizardwelldetail.cfm?usgs_id=393304101334601","period":"2026 monitoring locations"}},{"type":"Feature","id":883,"geometry":{"type":"Point","coordinates":[-101.76656,39.55045]},"properties":{"FID":883,"USGS_ID":"393304101455501","LOCAL_WELL":"06S 40W 10AAC 01","website":"https://geohydro.kgs.ku.edu/geohydro/wizard/wizardwelldetail.cfm?usgs_id=393304101455501","name":"06S 40W 10AAC 01","recordUrl":"https://geohydro.kgs.ku.edu/geohydro/wizard/wizardwelldetail.cfm?usgs_id=393304101455501","period":"2026 monitoring locations"}},{"type":"Feature","id":884,"geometry":{"type":"Point","coordinates":[-101.05354,39.55331]},"properties":{"FID":884,"USGS_ID":"393309101030601","LOCAL_WELL":"06S 33W 07BBB 01","website":"https://geohydro.kgs.ku.edu/geohydro/wizard/wizardwelldetail.cfm?usgs_id=393309101030601","name":"06S 33W 07BBB 01","recordUrl":"https://geohydro.kgs.ku.edu/geohydro/wizard/wizardwelldetail.cfm?usgs_id=393309101030601","period":"2026 monitoring locations"}},{"type":"Feature","id":885,"geometry":{"type":"Point","coordinates":[-101.38915,39.55475]},"properties":{"FID":885,"USGS_ID":"393310101231501","LOCAL_WELL":"06S 36W 07BBB 01","website":"https://geohydro.kgs.ku.edu/geohydro/wizard/wizardwelldetail.cfm?usgs_id=393310101231501","name":"06S 36W 07BBB 01","recordUrl":"https://geohydro.kgs.ku.edu/geohydro/wizard/wizardwelldetail.cfm?usgs_id=393310101231501","period":"2026 monitoring locations"}},{"type":"Feature","id":886,"geometry":{"type":"Point","coordinates":[-101.49735,39.55457]},"properties":{"FID":886,"USGS_ID":"393310101295101","LOCAL_WELL":"06S 37W 07BBA 01","website":"https://geohydro.kgs.ku.edu/geohydro/wizard/wizardwelldetail.cfm?usgs_id=393310101295101","name":"06S 37W 07BBA 01","recordUrl":"https://geohydro.kgs.ku.edu/geohydro/wizard/wizardwelldetail.cfm?usgs_id=393310101295101","period":"2026 monitoring locations"}},{"type":"Feature","id":887,"geometry":{"type":"Point","coordinates":[-101.80226,39.59738]},"properties":{"FID":887,"USGS_ID":"393547101481501","LOCAL_WELL":"05S 40W 27BBA 01","website":"https://geohydro.kgs.ku.edu/geohydro/wizard/wizardwelldetail.cfm?usgs_id=393547101481501","name":"05S 40W 27BBA 01","recordUrl":"https://geohydro.kgs.ku.edu/geohydro/wizard/wizardwelldetail.cfm?usgs_id=393547101481501","period":"2026 monitoring locations"}},{"type":"Feature","id":888,"geometry":{"type":"Point","coordinates":[-101.19355,39.55495]},"properties":{"FID":888,"USGS_ID":"393316101113801","LOCAL_WELL":"06S 35W 02CDD 01","website":"https://geohydro.kgs.ku.edu/geohydro/wizard/wizardwelldetail.cfm?usgs_id=393316101113801","name":"06S 35W 02CDD 01","recordUrl":"https://geohydro.kgs.ku.edu/geohydro/wizard/wizardwelldetail.cfm?usgs_id=393316101113801","period":"2026 monitoring locations"}},{"type":"Feature","id":889,"geometry":{"type":"Point","coordinates":[-100.24582,39.56892]},"properties":{"FID":889,"USGS_ID":"393407100143101","LOCAL_WELL":"05S 26W 33DCC 01","website":"https://geohydro.kgs.ku.edu/geohydro/wizard/wizardwelldetail.cfm?usgs_id=393407100143101","name":"05S 26W 33DCC 01","recordUrl":"https://geohydro.kgs.ku.edu/geohydro/wizard/wizardwelldetail.cfm?usgs_id=393407100143101","period":"2026 monitoring locations"}},{"type":"Feature","id":890,"geometry":{"type":"Point","coordinates":[-100.57293,39.60316]},"properties":{"FID":890,"USGS_ID":"393610100341701","LOCAL_WELL":"05S 29W 22CBB 01","website":"https://geohydro.kgs.ku.edu/geohydro/wizard/wizardwelldetail.cfm?usgs_id=393610100341701","name":"05S 29W 22CBB 01","recordUrl":"https://geohydro.kgs.ku.edu/geohydro/wizard/wizardwelldetail.cfm?usgs_id=393610100341701","period":"2026 monitoring locations"}},{"type":"Feature","id":891,"geometry":{"type":"Point","coordinates":[-100.64213,39.52518]},"properties":{"FID":891,"USGS_ID":"393131100383701","LOCAL_WELL":"06S 30W 14CCD 01","website":"https://geohydro.kgs.ku.edu/geohydro/wizard/wizardwelldetail.cfm?usgs_id=393131100383701","name":"06S 30W 14CCD 01","recordUrl":"https://geohydro.kgs.ku.edu/geohydro/wizard/wizardwelldetail.cfm?usgs_id=393131100383701","period":"2026 monitoring locations"}},{"type":"Feature","id":892,"geometry":{"type":"Point","coordinates":[-101.45515,39.52598]},"properties":{"FID":892,"USGS_ID":"393132101272001","LOCAL_WELL":"06S 37W 16CDD 01","website":"https://geohydro.kgs.ku.edu/geohydro/wizard/wizardwelldetail.cfm?usgs_id=393132101272001","name":"06S 37W 16CDD 01","recordUrl":"https://geohydro.kgs.ku.edu/geohydro/wizard/wizardwelldetail.cfm?usgs_id=393132101272001","period":"2026 monitoring locations"}},{"type":"Feature","id":893,"geometry":{"type":"Point","coordinates":[-99.91519,39.52739]},"properties":{"FID":893,"USGS_ID":"393137099550001","LOCAL_WELL":"06S 23W 17CCA 01","website":"https://geohydro.kgs.ku.edu/geohydro/wizard/wizardwelldetail.cfm?usgs_id=393137099550001","name":"06S 23W 17CCA 01","recordUrl":"https://geohydro.kgs.ku.edu/geohydro/wizard/wizardwelldetail.cfm?usgs_id=393137099550001","period":"2026 monitoring locations"}},{"type":"Feature","id":894,"geometry":{"type":"Point","coordinates":[-101.82316,39.47743]},"properties":{"FID":894,"USGS_ID":"392836101491801","LOCAL_WELL":"07S 40W 06ADB 01","website":"https://geohydro.kgs.ku.edu/geohydro/wizard/wizardwelldetail.cfm?usgs_id=392836101491801","name":"07S 40W 06ADB 01","recordUrl":"https://geohydro.kgs.ku.edu/geohydro/wizard/wizardwelldetail.cfm?usgs_id=392836101491801","period":"2026 monitoring locations"}},{"type":"Feature","id":895,"geometry":{"type":"Point","coordinates":[-100.66593,39.57872]},"properties":{"FID":895,"USGS_ID":"393440100395501","LOCAL_WELL":"05S 30W 35BCB 01","website":"https://geohydro.kgs.ku.edu/geohydro/wizard/wizardwelldetail.cfm?usgs_id=393440100395501","name":"05S 30W 35BCB 01","recordUrl":"https://geohydro.kgs.ku.edu/geohydro/wizard/wizardwelldetail.cfm?usgs_id=393440100395501","period":"2026 monitoring locations"}},{"type":"Feature","id":896,"geometry":{"type":"Point","coordinates":[-101.14745,39.53127]},"properties":{"FID":896,"USGS_ID":"393144101084301","LOCAL_WELL":"06S 34W 17CBC 01","website":"https://geohydro.kgs.ku.edu/geohydro/wizard/wizardwelldetail.cfm?usgs_id=393144101084301","name":"06S 34W 17CBC 01","recordUrl":"https://geohydro.kgs.ku.edu/geohydro/wizard/wizardwelldetail.cfm?usgs_id=393144101084301","period":"2026 monitoring locations"}},{"type":"Feature","id":897,"geometry":{"type":"Point","coordinates":[-101.46375,39.47876]},"properties":{"FID":897,"USGS_ID":"392843101274601","LOCAL_WELL":"07S 37W 04BBC 01","website":"https://geohydro.kgs.ku.edu/geohydro/wizard/wizardwelldetail.cfm?usgs_id=392843101274601","name":"07S 37W 04BBC 01","recordUrl":"https://geohydro.kgs.ku.edu/geohydro/wizard/wizardwelldetail.cfm?usgs_id=392843101274601","period":"2026 monitoring locations"}},{"type":"Feature","id":898,"geometry":{"type":"Point","coordinates":[-100.92021,39.49624]},"properties":{"FID":898,"USGS_ID":"392946100550001","LOCAL_WELL":"06S 32W 29CDC 01","website":"https://geohydro.kgs.ku.edu/geohydro/wizard/wizardwelldetail.cfm?usgs_id=392946100550001","name":"06S 32W 29CDC 01","recordUrl":"https://geohydro.kgs.ku.edu/geohydro/wizard/wizardwelldetail.cfm?usgs_id=392946100550001","period":"2026 monitoring locations"}},{"type":"Feature","id":899,"geometry":{"type":"Point","coordinates":[-101.82746,39.49618]},"properties":{"FID":899,"USGS_ID":"392948101493301","LOCAL_WELL":"06S 40W 30DCC 01","website":"https://geohydro.kgs.ku.edu/geohydro/wizard/wizardwelldetail.cfm?usgs_id=392948101493301","name":"06S 40W 30DCC 01","recordUrl":"https://geohydro.kgs.ku.edu/geohydro/wizard/wizardwelldetail.cfm?usgs_id=392948101493301","period":"2026 monitoring locations"}},{"type":"Feature","id":900,"geometry":{"type":"Point","coordinates":[-101.60066,39.52932]},"properties":{"FID":900,"USGS_ID":"393146101360101","LOCAL_WELL":"06S 38W 18DBD 01","website":"https://geohydro.kgs.ku.edu/geohydro/wizard/wizardwelldetail.cfm?usgs_id=393146101360101","name":"06S 38W 18DBD 01","recordUrl":"https://geohydro.kgs.ku.edu/geohydro/wizard/wizardwelldetail.cfm?usgs_id=393146101360101","period":"2026 monitoring locations"}},{"type":"Feature","id":901,"geometry":{"type":"Point","coordinates":[-101.74346,39.53018]},"properties":{"FID":901,"USGS_ID":"393146101443201","LOCAL_WELL":"06S 40W 13CBC 01","website":"https://geohydro.kgs.ku.edu/geohydro/wizard/wizardwelldetail.cfm?usgs_id=393146101443201","name":"06S 40W 13CBC 01","recordUrl":"https://geohydro.kgs.ku.edu/geohydro/wizard/wizardwelldetail.cfm?usgs_id=393146101443201","period":"2026 monitoring locations"}},{"type":"Feature","id":902,"geometry":{"type":"Point","coordinates":[-100.58913,39.48069]},"properties":{"FID":902,"USGS_ID":"392848100351301","LOCAL_WELL":"07S 29W 05BBB 01","website":"https://geohydro.kgs.ku.edu/geohydro/wizard/wizardwelldetail.cfm?usgs_id=392848100351301","name":"07S 29W 05BBB 01","recordUrl":"https://geohydro.kgs.ku.edu/geohydro/wizard/wizardwelldetail.cfm?usgs_id=392848100351301","period":"2026 monitoring locations"}},{"type":"Feature","id":903,"geometry":{"type":"Point","coordinates":[-100.45201,39.49829]},"properties":{"FID":903,"USGS_ID":"392952100270001","LOCAL_WELL":"06S 28W 28CDA 01","website":"https://geohydro.kgs.ku.edu/geohydro/wizard/wizardwelldetail.cfm?usgs_id=392952100270001","name":"06S 28W 28CDA 01","recordUrl":"https://geohydro.kgs.ku.edu/geohydro/wizard/wizardwelldetail.cfm?usgs_id=392952100270001","period":"2026 monitoring locations"}},{"type":"Feature","id":904,"geometry":{"type":"Point","coordinates":[-101.38055,39.50026]},"properties":{"FID":904,"USGS_ID":"392955101224301","LOCAL_WELL":"06S 36W 30DCB 01","website":"https://geohydro.kgs.ku.edu/geohydro/wizard/wizardwelldetail.cfm?usgs_id=392955101224301","name":"06S 36W 30DCB 01","recordUrl":"https://geohydro.kgs.ku.edu/geohydro/wizard/wizardwelldetail.cfm?usgs_id=392955101224301","period":"2026 monitoring locations"}},{"type":"Feature","id":905,"geometry":{"type":"Point","coordinates":[-100.79264,39.48173]},"properties":{"FID":905,"USGS_ID":"392854100473701","LOCAL_WELL":"06S 31W 33CCD 01","website":"https://geohydro.kgs.ku.edu/geohydro/wizard/wizardwelldetail.cfm?usgs_id=392854100473701","name":"06S 31W 33CCD 01","recordUrl":"https://geohydro.kgs.ku.edu/geohydro/wizard/wizardwelldetail.cfm?usgs_id=392854100473701","period":"2026 monitoring locations"}},{"type":"Feature","id":906,"geometry":{"type":"Point","coordinates":[-100.12417,39.49963]},"properties":{"FID":906,"USGS_ID":"392959100073201","LOCAL_WELL":"06S 25W 28CBC 01","website":"https://geohydro.kgs.ku.edu/geohydro/wizard/wizardwelldetail.cfm?usgs_id=392959100073201","name":"06S 25W 28CBC 01","recordUrl":"https://geohydro.kgs.ku.edu/geohydro/wizard/wizardwelldetail.cfm?usgs_id=392959100073201","period":"2026 monitoring locations"}},{"type":"Feature","id":907,"geometry":{"type":"Point","coordinates":[-101.87927,39.49978]},"properties":{"FID":907,"USGS_ID":"393001101524301","LOCAL_WELL":"06S 41W 27DBD 01","website":"https://geohydro.kgs.ku.edu/geohydro/wizard/wizardwelldetail.cfm?usgs_id=393001101524301","name":"06S 41W 27DBD 01","recordUrl":"https://geohydro.kgs.ku.edu/geohydro/wizard/wizardwelldetail.cfm?usgs_id=393001101524301","period":"2026 monitoring locations"}},{"type":"Feature","id":908,"geometry":{"type":"Point","coordinates":[-101.32005,39.48563]},"properties":{"FID":908,"USGS_ID":"392903101190501","LOCAL_WELL":"06S 36W 34DDB 01","website":"https://geohydro.kgs.ku.edu/geohydro/wizard/wizardwelldetail.cfm?usgs_id=392903101190501","name":"06S 36W 34DDB 01","recordUrl":"https://geohydro.kgs.ku.edu/geohydro/wizard/wizardwelldetail.cfm?usgs_id=392903101190501","period":"2026 monitoring locations"}},{"type":"Feature","id":909,"geometry":{"type":"Point","coordinates":[-101.60616,39.97545]},"properties":{"FID":909,"USGS_ID":"395829101362501","LOCAL_WELL":"01S 38W 08DCC 01","website":"https://geohydro.kgs.ku.edu/geohydro/wizard/wizardwelldetail.cfm?usgs_id=395829101362501","name":"01S 38W 08DCC 01","recordUrl":"https://geohydro.kgs.ku.edu/geohydro/wizard/wizardwelldetail.cfm?usgs_id=395829101362501","period":"2026 monitoring locations"}},{"type":"Feature","id":910,"geometry":{"type":"Point","coordinates":[-101.65426,39.93512]},"properties":{"FID":910,"USGS_ID":"395606101391601","LOCAL_WELL":"01S 39W 25CBC 01","website":"https://geohydro.kgs.ku.edu/geohydro/wizard/wizardwelldetail.cfm?usgs_id=395606101391601","name":"01S 39W 25CBC 01","recordUrl":"https://geohydro.kgs.ku.edu/geohydro/wizard/wizardwelldetail.cfm?usgs_id=395606101391601","period":"2026 monitoring locations"}},{"type":"Feature","id":911,"geometry":{"type":"Point","coordinates":[-100.09412,39.94359]},"properties":{"FID":911,"USGS_ID":"395634100053201","LOCAL_WELL":"01S 25W 25BBB 01","website":"https://geohydro.kgs.ku.edu/geohydro/wizard/wizardwelldetail.cfm?usgs_id=395634100053201","name":"01S 25W 25BBB 01","recordUrl":"https://geohydro.kgs.ku.edu/geohydro/wizard/wizardwelldetail.cfm?usgs_id=395634100053201","period":"2026 monitoring locations"}},{"type":"Feature","id":912,"geometry":{"type":"Point","coordinates":[-101.55595,39.9884]},"properties":{"FID":912,"USGS_ID":"395921101331801","LOCAL_WELL":"01S 38W 02CDC 01","website":"https://geohydro.kgs.ku.edu/geohydro/wizard/wizardwelldetail.cfm?usgs_id=395921101331801","name":"01S 38W 02CDC 01","recordUrl":"https://geohydro.kgs.ku.edu/geohydro/wizard/wizardwelldetail.cfm?usgs_id=395921101331801","period":"2026 monitoring locations"}},{"type":"Feature","id":913,"geometry":{"type":"Point","coordinates":[-100.55521,39.99094]},"properties":{"FID":913,"USGS_ID":"395925100331901","LOCAL_WELL":"01S 29W 03DDB 01","website":"https://geohydro.kgs.ku.edu/geohydro/wizard/wizardwelldetail.cfm?usgs_id=395925100331901","name":"01S 29W 03DDB 01","recordUrl":"https://geohydro.kgs.ku.edu/geohydro/wizard/wizardwelldetail.cfm?usgs_id=395925100331901","period":"2026 monitoring locations"}},{"type":"Feature","id":914,"geometry":{"type":"Point","coordinates":[-101.83096,39.76905]},"properties":{"FID":914,"USGS_ID":"394607101495502","LOCAL_WELL":"03S 40W 29ABC 02","website":"https://geohydro.kgs.ku.edu/geohydro/wizard/wizardwelldetail.cfm?usgs_id=394607101495502","name":"03S 40W 29ABC 02","recordUrl":"https://geohydro.kgs.ku.edu/geohydro/wizard/wizardwelldetail.cfm?usgs_id=394607101495502","period":"2026 monitoring locations"}},{"type":"Feature","id":915,"geometry":{"type":"Point","coordinates":[-101.34076,37.77587]},"properties":{"FID":915,"USGS_ID":"374638101203801","LOCAL_WELL":"26S 37W 23BBC 01","website":"https://geohydro.kgs.ku.edu/geohydro/wizard/wizardwelldetail.cfm?usgs_id=374638101203801","name":"26S 37W 23BBC 01","recordUrl":"https://geohydro.kgs.ku.edu/geohydro/wizard/wizardwelldetail.cfm?usgs_id=374638101203801","period":"2026 monitoring locations"}},{"type":"Feature","id":916,"geometry":{"type":"Point","coordinates":[-100.75144,37.38485]},"properties":{"FID":916,"USGS_ID":"372306100446001","LOCAL_WELL":"31S 32W 01ABC 01","website":"https://geohydro.kgs.ku.edu/geohydro/wizard/wizardwelldetail.cfm?usgs_id=372306100446001","name":"31S 32W 01ABC 01","recordUrl":"https://geohydro.kgs.ku.edu/geohydro/wizard/wizardwelldetail.cfm?usgs_id=372306100446001","period":"2026 monitoring locations"}},{"type":"Feature","id":917,"geometry":{"type":"Point","coordinates":[-100.36352,39.25241]},"properties":{"FID":917,"USGS_ID":"391512100245301","LOCAL_WELL":"09S 27W 20CBD 01","website":"https://geohydro.kgs.ku.edu/geohydro/wizard/wizardwelldetail.cfm?usgs_id=391512100245301","name":"09S 27W 20CBD 01","recordUrl":"https://geohydro.kgs.ku.edu/geohydro/wizard/wizardwelldetail.cfm?usgs_id=391512100245301","period":"2026 monitoring locations"}},{"type":"Feature","id":918,"geometry":{"type":"Point","coordinates":[-100.43823,39.27124]},"properties":{"FID":918,"USGS_ID":"391612100261901","LOCAL_WELL":"09S 28W 15CBA 01","website":"https://geohydro.kgs.ku.edu/geohydro/wizard/wizardwelldetail.cfm?usgs_id=391612100261901","name":"09S 28W 15CBA 01","recordUrl":"https://geohydro.kgs.ku.edu/geohydro/wizard/wizardwelldetail.cfm?usgs_id=391612100261901","period":"2026 monitoring locations"}},{"type":"Feature","id":919,"geometry":{"type":"Point","coordinates":[-101.77419,37.51955]},"properties":{"FID":919,"USGS_ID":"373113101462601","LOCAL_WELL":"29S 41W 14CDC 01","website":"https://geohydro.kgs.ku.edu/geohydro/wizard/wizardwelldetail.cfm?usgs_id=373113101462601","name":"29S 41W 14CDC 01","recordUrl":"https://geohydro.kgs.ku.edu/geohydro/wizard/wizardwelldetail.cfm?usgs_id=373113101462601","period":"2026 monitoring locations"}},{"type":"Feature","id":920,"geometry":{"type":"Point","coordinates":[-101.52285,38.69742]},"properties":{"FID":920,"USGS_ID":"384149101311701","LOCAL_WELL":"16S 38W 04ABC 01","website":"https://geohydro.kgs.ku.edu/geohydro/wizard/wizardwelldetail.cfm?usgs_id=384149101311701","name":"16S 38W 04ABC 01","recordUrl":"https://geohydro.kgs.ku.edu/geohydro/wizard/wizardwelldetail.cfm?usgs_id=384149101311701","period":"2026 monitoring locations"}},{"type":"Feature","id":921,"geometry":{"type":"Point","coordinates":[-100.34252,39.1117]},"properties":{"FID":921,"USGS_ID":"390639100202901","LOCAL_WELL":"11S 27W 08DBB 01","website":"https://geohydro.kgs.ku.edu/geohydro/wizard/wizardwelldetail.cfm?usgs_id=390639100202901","name":"11S 27W 08DBB 01","recordUrl":"https://geohydro.kgs.ku.edu/geohydro/wizard/wizardwelldetail.cfm?usgs_id=390639100202901","period":"2026 monitoring locations"}},{"type":"Feature","id":922,"geometry":{"type":"Point","coordinates":[-100.50653,39.38666]},"properties":{"FID":922,"USGS_ID":"392316100302601","LOCAL_WELL":"08S 29W 01BDD 01","website":"https://geohydro.kgs.ku.edu/geohydro/wizard/wizardwelldetail.cfm?usgs_id=392316100302601","name":"08S 29W 01BDD 01","recordUrl":"https://geohydro.kgs.ku.edu/geohydro/wizard/wizardwelldetail.cfm?usgs_id=392316100302601","period":"2026 monitoring locations"}},{"type":"Feature","id":923,"geometry":{"type":"Point","coordinates":[-100.45603,39.51834]},"properties":{"FID":923,"USGS_ID":"393104100272301","LOCAL_WELL":"06S 28W 21BCD 01","website":"https://geohydro.kgs.ku.edu/geohydro/wizard/wizardwelldetail.cfm?usgs_id=393104100272301","name":"06S 28W 21BCD 01","recordUrl":"https://geohydro.kgs.ku.edu/geohydro/wizard/wizardwelldetail.cfm?usgs_id=393104100272301","period":"2026 monitoring locations"}},{"type":"Feature","id":924,"geometry":{"type":"Point","coordinates":[-101.7489,38.73482]},"properties":{"FID":924,"USGS_ID":"384408101444801","LOCAL_WELL":"15S 40W 22ADC 01","website":"https://geohydro.kgs.ku.edu/geohydro/wizard/wizardwelldetail.cfm?usgs_id=384408101444801","name":"15S 40W 22ADC 01","recordUrl":"https://geohydro.kgs.ku.edu/geohydro/wizard/wizardwelldetail.cfm?usgs_id=384408101444801","period":"2026 monitoring locations"}},{"type":"Feature","id":925,"geometry":{"type":"Point","coordinates":[-98.06795,37.72614]},"properties":{"FID":925,"USGS_ID":"374332098040102","LOCAL_WELL":"27S 07W 03ADC 02","website":"https://geohydro.kgs.ku.edu/geohydro/wizard/wizardwelldetail.cfm?usgs_id=374332098040102","name":"27S 07W 03ADC 02","recordUrl":"https://geohydro.kgs.ku.edu/geohydro/wizard/wizardwelldetail.cfm?usgs_id=374332098040102","period":"2026 monitoring locations"}},{"type":"Feature","id":926,"geometry":{"type":"Point","coordinates":[-100.73014,38.01873]},"properties":{"FID":926,"USGS_ID":"380106100434402","LOCAL_WELL":"23S 31W 28CDD 02","website":"https://geohydro.kgs.ku.edu/geohydro/wizard/wizardwelldetail.cfm?usgs_id=380106100434402","name":"23S 31W 28CDD 02","recordUrl":"https://geohydro.kgs.ku.edu/geohydro/wizard/wizardwelldetail.cfm?usgs_id=380106100434402","period":"2026 monitoring locations"}},{"type":"Feature","id":927,"geometry":{"type":"Point","coordinates":[-100.92945,38.01488]},"properties":{"FID":927,"USGS_ID":"380056100554001","LOCAL_WELL":"23S 33W 34ABC 01","website":"https://geohydro.kgs.ku.edu/geohydro/wizard/wizardwelldetail.cfm?usgs_id=380056100554001","name":"23S 33W 34ABC 01","recordUrl":"https://geohydro.kgs.ku.edu/geohydro/wizard/wizardwelldetail.cfm?usgs_id=380056100554001","period":"2026 monitoring locations"}},{"type":"Feature","id":928,"geometry":{"type":"Point","coordinates":[-101.36025,37.43739]},"properties":{"FID":928,"USGS_ID":"372616101213801","LOCAL_WELL":"30S 37W 15CBB 01","website":"https://geohydro.kgs.ku.edu/geohydro/wizard/wizardwelldetail.cfm?usgs_id=372616101213801","name":"30S 37W 15CBB 01","recordUrl":"https://geohydro.kgs.ku.edu/geohydro/wizard/wizardwelldetail.cfm?usgs_id=372616101213801","period":"2026 monitoring locations"}},{"type":"Feature","id":929,"geometry":{"type":"Point","coordinates":[-100.63414,37.53415]},"properties":{"FID":929,"USGS_ID":"373209100035801","LOCAL_WELL":"29S 30W 08CCB 01","website":"https://geohydro.kgs.ku.edu/geohydro/wizard/wizardwelldetail.cfm?usgs_id=373209100035801","name":"29S 30W 08CCB 01","recordUrl":"https://geohydro.kgs.ku.edu/geohydro/wizard/wizardwelldetail.cfm?usgs_id=373209100035801","period":"2026 monitoring locations"}},{"type":"Feature","id":930,"geometry":{"type":"Point","coordinates":[-101.61012,37.30128]},"properties":{"FID":930,"USGS_ID":"371801101363101","LOCAL_WELL":"32S 39W 06BBB 01","website":"https://geohydro.kgs.ku.edu/geohydro/wizard/wizardwelldetail.cfm?usgs_id=371801101363101","name":"32S 39W 06BBB 01","recordUrl":"https://geohydro.kgs.ku.edu/geohydro/wizard/wizardwelldetail.cfm?usgs_id=371801101363101","period":"2026 monitoring locations"}},{"type":"Feature","id":931,"geometry":{"type":"Point","coordinates":[-101.42895,37.27878]},"properties":{"FID":931,"USGS_ID":"371641101254101","LOCAL_WELL":"32S 38W 11CBB 01","website":"https://geohydro.kgs.ku.edu/geohydro/wizard/wizardwelldetail.cfm?usgs_id=371641101254101","name":"32S 38W 11CBB 01","recordUrl":"https://geohydro.kgs.ku.edu/geohydro/wizard/wizardwelldetail.cfm?usgs_id=371641101254101","period":"2026 monitoring locations"}},{"type":"Feature","id":932,"geometry":{"type":"Point","coordinates":[-101.54715,37.37555]},"properties":{"FID":932,"USGS_ID":"372236101324601","LOCAL_WELL":"31S 39W 03DCC 01","website":"https://geohydro.kgs.ku.edu/geohydro/wizard/wizardwelldetail.cfm?usgs_id=372236101324601","name":"31S 39W 03DCC 01","recordUrl":"https://geohydro.kgs.ku.edu/geohydro/wizard/wizardwelldetail.cfm?usgs_id=372236101324601","period":"2026 monitoring locations"}},{"type":"Feature","id":933,"geometry":{"type":"Point","coordinates":[-100.77854,37.27121]},"properties":{"FID":933,"USGS_ID":"371615100463702","LOCAL_WELL":"32S 32W 14BBB 02","website":"https://geohydro.kgs.ku.edu/geohydro/wizard/wizardwelldetail.cfm?usgs_id=371615100463702","name":"32S 32W 14BBB 02","recordUrl":"https://geohydro.kgs.ku.edu/geohydro/wizard/wizardwelldetail.cfm?usgs_id=371615100463702","period":"2026 monitoring locations"}},{"type":"Feature","id":934,"geometry":{"type":"Point","coordinates":[-100.36283,37.36853]},"properties":{"FID":934,"USGS_ID":"372200100214002","LOCAL_WELL":"31S 28W 10BCB 02","website":"https://geohydro.kgs.ku.edu/geohydro/wizard/wizardwelldetail.cfm?usgs_id=372200100214002","name":"31S 28W 10BCB 02","recordUrl":"https://geohydro.kgs.ku.edu/geohydro/wizard/wizardwelldetail.cfm?usgs_id=372200100214002","period":"2026 monitoring locations"}},{"type":"Feature","id":935,"geometry":{"type":"Point","coordinates":[-98.33912,37.879]},"properties":{"FID":935,"USGS_ID":"375247098202401","LOCAL_WELL":"25S 09W 17B 01","website":"https://geohydro.kgs.ku.edu/geohydro/wizard/wizardwelldetail.cfm?usgs_id=375247098202401","name":"25S 09W 17B 01","recordUrl":"https://geohydro.kgs.ku.edu/geohydro/wizard/wizardwelldetail.cfm?usgs_id=375247098202401","period":"2026 monitoring locations"}},{"type":"Feature","id":936,"geometry":{"type":"Point","coordinates":[-100.32444,39.94323]},"properties":{"FID":936,"USGS_ID":"395636100192601","LOCAL_WELL":"01S 27W 26BBA 01","website":"https://geohydro.kgs.ku.edu/geohydro/wizard/wizardwelldetail.cfm?usgs_id=395636100192601","name":"01S 27W 26BBA 01","recordUrl":"https://geohydro.kgs.ku.edu/geohydro/wizard/wizardwelldetail.cfm?usgs_id=395636100192601","period":"2026 monitoring locations"}},{"type":"Feature","id":937,"geometry":{"type":"Point","coordinates":[-99.98184,39.96752]},"properties":{"FID":937,"USGS_ID":"395806099584801","LOCAL_WELL":"01S 24W 13BCB 01","website":"https://geohydro.kgs.ku.edu/geohydro/wizard/wizardwelldetail.cfm?usgs_id=395806099584801","name":"01S 24W 13BCB 01","recordUrl":"https://geohydro.kgs.ku.edu/geohydro/wizard/wizardwelldetail.cfm?usgs_id=395806099584801","period":"2026 monitoring locations"}},{"type":"Feature","id":938,"geometry":{"type":"Point","coordinates":[-101.20255,39.77741]},"properties":{"FID":938,"USGS_ID":"394637101122001","LOCAL_WELL":"03S 35W 24CBB 01","website":"https://geohydro.kgs.ku.edu/geohydro/wizard/wizardwelldetail.cfm?usgs_id=394637101122001","name":"03S 35W 24CBB 01","recordUrl":"https://geohydro.kgs.ku.edu/geohydro/wizard/wizardwelldetail.cfm?usgs_id=394637101122001","period":"2026 monitoring locations"}},{"type":"Feature","id":939,"geometry":{"type":"Point","coordinates":[-101.59756,39.82367]},"properties":{"FID":939,"USGS_ID":"394921101355801","LOCAL_WELL":"03S 38W 04BCC 01","website":"https://geohydro.kgs.ku.edu/geohydro/wizard/wizardwelldetail.cfm?usgs_id=394921101355801","name":"03S 38W 04BCC 01","recordUrl":"https://geohydro.kgs.ku.edu/geohydro/wizard/wizardwelldetail.cfm?usgs_id=394921101355801","period":"2026 monitoring locations"}},{"type":"Feature","id":940,"geometry":{"type":"Point","coordinates":[-101.30677,39.84314]},"properties":{"FID":940,"USGS_ID":"395033101183701","LOCAL_WELL":"02S 36W 36BAA 01","website":"https://geohydro.kgs.ku.edu/geohydro/wizard/wizardwelldetail.cfm?usgs_id=395033101183701","name":"02S 36W 36BAA 01","recordUrl":"https://geohydro.kgs.ku.edu/geohydro/wizard/wizardwelldetail.cfm?usgs_id=395033101183701","period":"2026 monitoring locations"}},{"type":"Feature","id":941,"geometry":{"type":"Point","coordinates":[-100.40893,39.88597]},"properties":{"FID":941,"USGS_ID":"395307100243001","LOCAL_WELL":"02S 28W 13ABA 01","website":"https://geohydro.kgs.ku.edu/geohydro/wizard/wizardwelldetail.cfm?usgs_id=395307100243001","name":"02S 28W 13ABA 01","recordUrl":"https://geohydro.kgs.ku.edu/geohydro/wizard/wizardwelldetail.cfm?usgs_id=395307100243001","period":"2026 monitoring locations"}},{"type":"Feature","id":942,"geometry":{"type":"Point","coordinates":[-99.80468,39.84288]},"properties":{"FID":942,"USGS_ID":"395037099480701","LOCAL_WELL":"02S 22W 28DCC 01","website":"https://geohydro.kgs.ku.edu/geohydro/wizard/wizardwelldetail.cfm?usgs_id=395037099480701","name":"02S 22W 28DCC 01","recordUrl":"https://geohydro.kgs.ku.edu/geohydro/wizard/wizardwelldetail.cfm?usgs_id=395037099480701","period":"2026 monitoring locations"}},{"type":"Feature","id":943,"geometry":{"type":"Point","coordinates":[-100.99054,39.84286]},"properties":{"FID":943,"USGS_ID":"395038100592301","LOCAL_WELL":"02S 33W 26DCC 01","website":"https://geohydro.kgs.ku.edu/geohydro/wizard/wizardwelldetail.cfm?usgs_id=395038100592301","name":"02S 33W 26DCC 01","recordUrl":"https://geohydro.kgs.ku.edu/geohydro/wizard/wizardwelldetail.cfm?usgs_id=395038100592301","period":"2026 monitoring locations"}},{"type":"Feature","id":944,"geometry":{"type":"Point","coordinates":[-101.51835,39.78107]},"properties":{"FID":944,"USGS_ID":"394658101312601","LOCAL_WELL":"03S 37W 19BBC 01","website":"https://geohydro.kgs.ku.edu/geohydro/wizard/wizardwelldetail.cfm?usgs_id=394658101312601","name":"03S 37W 19BBC 01","recordUrl":"https://geohydro.kgs.ku.edu/geohydro/wizard/wizardwelldetail.cfm?usgs_id=394658101312601","period":"2026 monitoring locations"}},{"type":"Feature","id":945,"geometry":{"type":"Point","coordinates":[-99.70211,39.82944]},"properties":{"FID":945,"USGS_ID":"394945099420101","LOCAL_WELL":"02S 21W 33CCC 01","website":"https://geohydro.kgs.ku.edu/geohydro/wizard/wizardwelldetail.cfm?usgs_id=394945099420101","name":"02S 21W 33CCC 01","recordUrl":"https://geohydro.kgs.ku.edu/geohydro/wizard/wizardwelldetail.cfm?usgs_id=394945099420101","period":"2026 monitoring locations"}},{"type":"Feature","id":946,"geometry":{"type":"Point","coordinates":[-101.47565,39.83015]},"properties":{"FID":946,"USGS_ID":"394947101283501","LOCAL_WELL":"02S 37W 33DCC 01","website":"https://geohydro.kgs.ku.edu/geohydro/wizard/wizardwelldetail.cfm?usgs_id=394947101283501","name":"02S 37W 33DCC 01","recordUrl":"https://geohydro.kgs.ku.edu/geohydro/wizard/wizardwelldetail.cfm?usgs_id=394947101283501","period":"2026 monitoring locations"}},{"type":"Feature","id":947,"geometry":{"type":"Point","coordinates":[-100.10082,39.8325]},"properties":{"FID":947,"USGS_ID":"394957100054501","LOCAL_WELL":"02S 25W 35DBD 01","website":"https://geohydro.kgs.ku.edu/geohydro/wizard/wizardwelldetail.cfm?usgs_id=394957100054501","name":"02S 25W 35DBD 01","recordUrl":"https://geohydro.kgs.ku.edu/geohydro/wizard/wizardwelldetail.cfm?usgs_id=394957100054501","period":"2026 monitoring locations"}},{"type":"Feature","id":948,"geometry":{"type":"Point","coordinates":[-101.11415,39.82753]},"properties":{"FID":948,"USGS_ID":"394940101071501","LOCAL_WELL":"03S 34W 03ABB 01","website":"https://geohydro.kgs.ku.edu/geohydro/wizard/wizardwelldetail.cfm?usgs_id=394940101071501","name":"03S 34W 03ABB 01","recordUrl":"https://geohydro.kgs.ku.edu/geohydro/wizard/wizardwelldetail.cfm?usgs_id=394940101071501","period":"2026 monitoring locations"}},{"type":"Feature","id":949,"geometry":{"type":"Point","coordinates":[-101.55992,39.84768]},"properties":{"FID":949,"USGS_ID":"395052101334901","LOCAL_WELL":"02S 38W 27DAD 01","website":"https://geohydro.kgs.ku.edu/geohydro/wizard/wizardwelldetail.cfm?usgs_id=395052101334901","name":"02S 38W 27DAD 01","recordUrl":"https://geohydro.kgs.ku.edu/geohydro/wizard/wizardwelldetail.cfm?usgs_id=395052101334901","period":"2026 monitoring locations"}},{"type":"Feature","id":950,"geometry":{"type":"Point","coordinates":[-101.8106,39.85066]},"properties":{"FID":950,"USGS_ID":"395100101484301","LOCAL_WELL":"02S 40W 28DBA 01","website":"https://geohydro.kgs.ku.edu/geohydro/wizard/wizardwelldetail.cfm?usgs_id=395100101484301","name":"02S 40W 28DBA 01","recordUrl":"https://geohydro.kgs.ku.edu/geohydro/wizard/wizardwelldetail.cfm?usgs_id=395100101484301","period":"2026 monitoring locations"}},{"type":"Feature","id":951,"geometry":{"type":"Point","coordinates":[-101.92597,39.8329]},"properties":{"FID":951,"USGS_ID":"395001101553501","LOCAL_WELL":"02S 41W 33DBC 01","website":"https://geohydro.kgs.ku.edu/geohydro/wizard/wizardwelldetail.cfm?usgs_id=395001101553501","name":"02S 41W 33DBC 01","recordUrl":"https://geohydro.kgs.ku.edu/geohydro/wizard/wizardwelldetail.cfm?usgs_id=395001101553501","period":"2026 monitoring locations"}},{"type":"Feature","id":952,"geometry":{"type":"Point","coordinates":[-100.21402,39.89944]},"properties":{"FID":952,"USGS_ID":"395358100124001","LOCAL_WELL":"02S 26W 11BBA 01","website":"https://geohydro.kgs.ku.edu/geohydro/wizard/wizardwelldetail.cfm?usgs_id=395358100124001","name":"02S 26W 11BBA 01","recordUrl":"https://geohydro.kgs.ku.edu/geohydro/wizard/wizardwelldetail.cfm?usgs_id=395358100124001","period":"2026 monitoring locations"}},{"type":"Feature","id":953,"geometry":{"type":"Point","coordinates":[-100.59813,39.78713]},"properties":{"FID":953,"USGS_ID":"394715100355501","LOCAL_WELL":"03S 29W 17DCB 01","website":"https://geohydro.kgs.ku.edu/geohydro/wizard/wizardwelldetail.cfm?usgs_id=394715100355501","name":"03S 29W 17DCB 01","recordUrl":"https://geohydro.kgs.ku.edu/geohydro/wizard/wizardwelldetail.cfm?usgs_id=394715100355501","period":"2026 monitoring locations"}},{"type":"Feature","id":954,"geometry":{"type":"Point","coordinates":[-101.94138,39.85441]},"properties":{"FID":954,"USGS_ID":"395120101562401","LOCAL_WELL":"02S 41W 29AAC 01","website":"https://geohydro.kgs.ku.edu/geohydro/wizard/wizardwelldetail.cfm?usgs_id=395120101562401","name":"02S 41W 29AAC 01","recordUrl":"https://geohydro.kgs.ku.edu/geohydro/wizard/wizardwelldetail.cfm?usgs_id=395120101562401","period":"2026 monitoring locations"}},{"type":"Feature","id":955,"geometry":{"type":"Point","coordinates":[-99.64834,39.90386]},"properties":{"FID":955,"USGS_ID":"395412099385701","LOCAL_WELL":"02S 21W 02DDB 01","website":"https://geohydro.kgs.ku.edu/geohydro/wizard/wizardwelldetail.cfm?usgs_id=395412099385701","name":"02S 21W 02DDB 01","recordUrl":"https://geohydro.kgs.ku.edu/geohydro/wizard/wizardwelldetail.cfm?usgs_id=395412099385701","period":"2026 monitoring locations"}},{"type":"Feature","id":956,"geometry":{"type":"Point","coordinates":[-101.33485,39.79303]},"properties":{"FID":956,"USGS_ID":"394730101201001","LOCAL_WELL":"03S 36W 14CBB 01","website":"https://geohydro.kgs.ku.edu/geohydro/wizard/wizardwelldetail.cfm?usgs_id=394730101201001","name":"03S 36W 14CBB 01","recordUrl":"https://geohydro.kgs.ku.edu/geohydro/wizard/wizardwelldetail.cfm?usgs_id=394730101201001","period":"2026 monitoring locations"}},{"type":"Feature","id":957,"geometry":{"type":"Point","coordinates":[-100.09702,39.88572]},"properties":{"FID":957,"USGS_ID":"395306100054301","LOCAL_WELL":"02S 25W 14AAA 01","website":"https://geohydro.kgs.ku.edu/geohydro/wizard/wizardwelldetail.cfm?usgs_id=395306100054301","name":"02S 25W 14AAA 01","recordUrl":"https://geohydro.kgs.ku.edu/geohydro/wizard/wizardwelldetail.cfm?usgs_id=395306100054301","period":"2026 monitoring locations"}},{"type":"Feature","id":958,"geometry":{"type":"Point","coordinates":[-101.40058,39.83921]},"properties":{"FID":958,"USGS_ID":"395020101241301","LOCAL_WELL":"02S 36W 31BDA 01","website":"https://geohydro.kgs.ku.edu/geohydro/wizard/wizardwelldetail.cfm?usgs_id=395020101241301","name":"02S 36W 31BDA 01","recordUrl":"https://geohydro.kgs.ku.edu/geohydro/wizard/wizardwelldetail.cfm?usgs_id=395020101241301","period":"2026 monitoring locations"}},{"type":"Feature","id":959,"geometry":{"type":"Point","coordinates":[-101.84216,39.84007]},"properties":{"FID":959,"USGS_ID":"395021101503301","LOCAL_WELL":"02S 40W 32BCB 01","website":"https://geohydro.kgs.ku.edu/geohydro/wizard/wizardwelldetail.cfm?usgs_id=395021101503301","name":"02S 40W 32BCB 01","recordUrl":"https://geohydro.kgs.ku.edu/geohydro/wizard/wizardwelldetail.cfm?usgs_id=395021101503301","period":"2026 monitoring locations"}},{"type":"Feature","id":960,"geometry":{"type":"Point","coordinates":[-100.93144,39.85856]},"properties":{"FID":960,"USGS_ID":"395130100555301","LOCAL_WELL":"02S 32W 20DCD 01","website":"https://geohydro.kgs.ku.edu/geohydro/wizard/wizardwelldetail.cfm?usgs_id=395130100555301","name":"02S 32W 20DCD 01","recordUrl":"https://geohydro.kgs.ku.edu/geohydro/wizard/wizardwelldetail.cfm?usgs_id=395130100555301","period":"2026 monitoring locations"}},{"type":"Feature","id":961,"geometry":{"type":"Point","coordinates":[-101.29725,39.79184]},"properties":{"FID":961,"USGS_ID":"394740101175601","LOCAL_WELL":"03S 35W 18CBB 01","website":"https://geohydro.kgs.ku.edu/geohydro/wizard/wizardwelldetail.cfm?usgs_id=394740101175601","name":"03S 35W 18CBB 01","recordUrl":"https://geohydro.kgs.ku.edu/geohydro/wizard/wizardwelldetail.cfm?usgs_id=394740101175601","period":"2026 monitoring locations"}},{"type":"Feature","id":962,"geometry":{"type":"Point","coordinates":[-101.04974,39.79953]},"properties":{"FID":962,"USGS_ID":"394802101030301","LOCAL_WELL":"03S 33W 08CDC 01","website":"https://geohydro.kgs.ku.edu/geohydro/wizard/wizardwelldetail.cfm?usgs_id=394802101030301","name":"03S 33W 08CDC 01","recordUrl":"https://geohydro.kgs.ku.edu/geohydro/wizard/wizardwelldetail.cfm?usgs_id=394802101030301","period":"2026 monitoring locations"}},{"type":"Feature","id":963,"geometry":{"type":"Point","coordinates":[-99.88913,39.87109]},"properties":{"FID":963,"USGS_ID":"395214099532101","LOCAL_WELL":"02S 23W 22AAA 01","website":"https://geohydro.kgs.ku.edu/geohydro/wizard/wizardwelldetail.cfm?usgs_id=395214099532101","name":"02S 23W 22AAA 01","recordUrl":"https://geohydro.kgs.ku.edu/geohydro/wizard/wizardwelldetail.cfm?usgs_id=395214099532101","period":"2026 monitoring locations"}},{"type":"Feature","id":964,"geometry":{"type":"Point","coordinates":[-101.39117,39.78587]},"properties":{"FID":964,"USGS_ID":"394711101233201","LOCAL_WELL":"03S 36W 17CCC 01","website":"https://geohydro.kgs.ku.edu/geohydro/wizard/wizardwelldetail.cfm?usgs_id=394711101233201","name":"03S 36W 17CCC 01","recordUrl":"https://geohydro.kgs.ku.edu/geohydro/wizard/wizardwelldetail.cfm?usgs_id=394711101233201","period":"2026 monitoring locations"}},{"type":"Feature","id":965,"geometry":{"type":"Point","coordinates":[-100.61593,39.7418]},"properties":{"FID":965,"USGS_ID":"394432100370401","LOCAL_WELL":"03S 29W 31DCC 01","website":"https://geohydro.kgs.ku.edu/geohydro/wizard/wizardwelldetail.cfm?usgs_id=394432100370401","name":"03S 29W 31DCC 01","recordUrl":"https://geohydro.kgs.ku.edu/geohydro/wizard/wizardwelldetail.cfm?usgs_id=394432100370401","period":"2026 monitoring locations"}},{"type":"Feature","id":966,"geometry":{"type":"Point","coordinates":[-100.49463,39.75034]},"properties":{"FID":966,"USGS_ID":"394504100293601","LOCAL_WELL":"03S 28W 32BCA 01","website":"https://geohydro.kgs.ku.edu/geohydro/wizard/wizardwelldetail.cfm?usgs_id=394504100293601","name":"03S 28W 32BCA 01","recordUrl":"https://geohydro.kgs.ku.edu/geohydro/wizard/wizardwelldetail.cfm?usgs_id=394504100293601","period":"2026 monitoring locations"}},{"type":"Feature","id":967,"geometry":{"type":"Point","coordinates":[-101.41395,39.75305]},"properties":{"FID":967,"USGS_ID":"394507101245701","LOCAL_WELL":"03S 37W 36ADB 01","website":"https://geohydro.kgs.ku.edu/geohydro/wizard/wizardwelldetail.cfm?usgs_id=394507101245701","name":"03S 37W 36ADB 01","recordUrl":"https://geohydro.kgs.ku.edu/geohydro/wizard/wizardwelldetail.cfm?usgs_id=394507101245701","period":"2026 monitoring locations"}},{"type":"Feature","id":968,"geometry":{"type":"Point","coordinates":[-100.66324,39.77001]},"properties":{"FID":968,"USGS_ID":"394610100395001","LOCAL_WELL":"03S 30W 26BBB 01","website":"https://geohydro.kgs.ku.edu/geohydro/wizard/wizardwelldetail.cfm?usgs_id=394610100395001","name":"03S 30W 26BBB 01","recordUrl":"https://geohydro.kgs.ku.edu/geohydro/wizard/wizardwelldetail.cfm?usgs_id=394610100395001","period":"2026 monitoring locations"}},{"type":"Feature","id":969,"geometry":{"type":"Point","coordinates":[-101.54135,39.7709]},"properties":{"FID":969,"USGS_ID":"394612101323501","LOCAL_WELL":"03S 38W 25BBB 01","website":"https://geohydro.kgs.ku.edu/geohydro/wizard/wizardwelldetail.cfm?usgs_id=394612101323501","name":"03S 38W 25BBB 01","recordUrl":"https://geohydro.kgs.ku.edu/geohydro/wizard/wizardwelldetail.cfm?usgs_id=394612101323501","period":"2026 monitoring locations"}},{"type":"Feature","id":970,"geometry":{"type":"Point","coordinates":[-101.72416,39.75137]},"properties":{"FID":970,"USGS_ID":"394507101433401","LOCAL_WELL":"03S 39W 32BDB 01","website":"https://geohydro.kgs.ku.edu/geohydro/wizard/wizardwelldetail.cfm?usgs_id=394507101433401","name":"03S 39W 32BDB 01","recordUrl":"https://geohydro.kgs.ku.edu/geohydro/wizard/wizardwelldetail.cfm?usgs_id=394507101433401","period":"2026 monitoring locations"}},{"type":"Feature","id":971,"geometry":{"type":"Point","coordinates":[-100.13421,39.75278]},"properties":{"FID":971,"USGS_ID":"394511100080101","LOCAL_WELL":"03S 25W 33AAD 01","website":"https://geohydro.kgs.ku.edu/geohydro/wizard/wizardwelldetail.cfm?usgs_id=394511100080101","name":"03S 25W 33AAD 01","recordUrl":"https://geohydro.kgs.ku.edu/geohydro/wizard/wizardwelldetail.cfm?usgs_id=394511100080101","period":"2026 monitoring locations"}},{"type":"Feature","id":972,"geometry":{"type":"Point","coordinates":[-101.46675,39.77172]},"properties":{"FID":972,"USGS_ID":"394619101281101","LOCAL_WELL":"03S 37W 21DDD 01","website":"https://geohydro.kgs.ku.edu/geohydro/wizard/wizardwelldetail.cfm?usgs_id=394619101281101","name":"03S 37W 21DDD 01","recordUrl":"https://geohydro.kgs.ku.edu/geohydro/wizard/wizardwelldetail.cfm?usgs_id=394619101281101","period":"2026 monitoring locations"}},{"type":"Feature","id":973,"geometry":{"type":"Point","coordinates":[-101.63656,39.77312]},"properties":{"FID":973,"USGS_ID":"394619101382601","LOCAL_WELL":"03S 39W 24DDD 01","website":"https://geohydro.kgs.ku.edu/geohydro/wizard/wizardwelldetail.cfm?usgs_id=394619101382601","name":"03S 39W 24DDD 01","recordUrl":"https://geohydro.kgs.ku.edu/geohydro/wizard/wizardwelldetail.cfm?usgs_id=394619101382601","period":"2026 monitoring locations"}},{"type":"Feature","id":974,"geometry":{"type":"Point","coordinates":[-101.70856,39.81457]},"properties":{"FID":974,"USGS_ID":"394856101424201","LOCAL_WELL":"03S 39W 04CCC 01","website":"https://geohydro.kgs.ku.edu/geohydro/wizard/wizardwelldetail.cfm?usgs_id=394856101424201","name":"03S 39W 04CCC 01","recordUrl":"https://geohydro.kgs.ku.edu/geohydro/wizard/wizardwelldetail.cfm?usgs_id=394856101424201","period":"2026 monitoring locations"}},{"type":"Feature","id":975,"geometry":{"type":"Point","coordinates":[-101.77326,39.75362]},"properties":{"FID":975,"USGS_ID":"394514101463001","LOCAL_WELL":"03S 40W 35AAC 01","website":"https://geohydro.kgs.ku.edu/geohydro/wizard/wizardwelldetail.cfm?usgs_id=394514101463001","name":"03S 40W 35AAC 01","recordUrl":"https://geohydro.kgs.ku.edu/geohydro/wizard/wizardwelldetail.cfm?usgs_id=394514101463001","period":"2026 monitoring locations"}},{"type":"Feature","id":976,"geometry":{"type":"Point","coordinates":[-100.66524,39.91526]},"properties":{"FID":976,"USGS_ID":"395458100395501","LOCAL_WELL":"01S 30W 34DDD 01","website":"https://geohydro.kgs.ku.edu/geohydro/wizard/wizardwelldetail.cfm?usgs_id=395458100395501","name":"01S 30W 34DDD 01","recordUrl":"https://geohydro.kgs.ku.edu/geohydro/wizard/wizardwelldetail.cfm?usgs_id=395458100395501","period":"2026 monitoring locations"}},{"type":"Feature","id":977,"geometry":{"type":"Point","coordinates":[-101.3634,39.77541]},"properties":{"FID":977,"USGS_ID":"394632101215201","LOCAL_WELL":"03S 36W 21DBC 01","website":"https://geohydro.kgs.ku.edu/geohydro/wizard/wizardwelldetail.cfm?usgs_id=394632101215201","name":"03S 36W 21DBC 01","recordUrl":"https://geohydro.kgs.ku.edu/geohydro/wizard/wizardwelldetail.cfm?usgs_id=394632101215201","period":"2026 monitoring locations"}},{"type":"Feature","id":978,"geometry":{"type":"Point","coordinates":[-101.71396,39.77458]},"properties":{"FID":978,"USGS_ID":"394632101430001","LOCAL_WELL":"03S 39W 20DAC 01","website":"https://geohydro.kgs.ku.edu/geohydro/wizard/wizardwelldetail.cfm?usgs_id=394632101430001","name":"03S 39W 20DAC 01","recordUrl":"https://geohydro.kgs.ku.edu/geohydro/wizard/wizardwelldetail.cfm?usgs_id=394632101430001","period":"2026 monitoring locations"}},{"type":"Feature","id":979,"geometry":{"type":"Point","coordinates":[-100.50543,39.81589]},"properties":{"FID":979,"USGS_ID":"394859100301701","LOCAL_WELL":"03S 28W 06DCB 01","website":"https://geohydro.kgs.ku.edu/geohydro/wizard/wizardwelldetail.cfm?usgs_id=394859100301701","name":"03S 28W 06DCB 01","recordUrl":"https://geohydro.kgs.ku.edu/geohydro/wizard/wizardwelldetail.cfm?usgs_id=394859100301701","period":"2026 monitoring locations"}},{"type":"Feature","id":980,"geometry":{"type":"Point","coordinates":[-101.92787,39.7554]},"properties":{"FID":980,"USGS_ID":"394521101553601","LOCAL_WELL":"03S 41W 33ABB 01","website":"https://geohydro.kgs.ku.edu/geohydro/wizard/wizardwelldetail.cfm?usgs_id=394521101553601","name":"03S 41W 33ABB 01","recordUrl":"https://geohydro.kgs.ku.edu/geohydro/wizard/wizardwelldetail.cfm?usgs_id=394521101553601","period":"2026 monitoring locations"}},{"type":"Feature","id":981,"geometry":{"type":"Point","coordinates":[-100.42618,37.66515]},"properties":{"FID":981,"USGS_ID":"373954100253501","LOCAL_WELL":"27S 28W 30CDD 01","website":"https://geohydro.kgs.ku.edu/geohydro/wizard/wizardwelldetail.cfm?usgs_id=373954100253501","name":"27S 28W 30CDD 01","recordUrl":"https://geohydro.kgs.ku.edu/geohydro/wizard/wizardwelldetail.cfm?usgs_id=373954100253501","period":"2026 monitoring locations"}},{"type":"Feature","id":982,"geometry":{"type":"Point","coordinates":[-100.94368,37.49977]},"properties":{"FID":982,"USGS_ID":"372959100563701","LOCAL_WELL":"29S 33W 28BCB 02","website":"https://geohydro.kgs.ku.edu/geohydro/wizard/wizardwelldetail.cfm?usgs_id=372959100563701","name":"29S 33W 28BCB 02","recordUrl":"https://geohydro.kgs.ku.edu/geohydro/wizard/wizardwelldetail.cfm?usgs_id=372959100563701","period":"2026 monitoring locations"}},{"type":"Feature","id":983,"geometry":{"type":"Point","coordinates":[-100.73948,39.72807]},"properties":{"FID":983,"USGS_ID":"394341100442001","LOCAL_WELL":"04S 30W 06CCC 02","website":"https://geohydro.kgs.ku.edu/geohydro/wizard/wizardwelldetail.cfm?usgs_id=394341100442001","name":"04S 30W 06CCC 02","recordUrl":"https://geohydro.kgs.ku.edu/geohydro/wizard/wizardwelldetail.cfm?usgs_id=394341100442001","period":"2026 monitoring locations"}},{"type":"Feature","id":984,"geometry":{"type":"Point","coordinates":[-97.74649,38.28058]},"properties":{"FID":984,"USGS_ID":"381649097443602","LOCAL_WELL":"20S 04W 27DBD 01","website":"https://geohydro.kgs.ku.edu/geohydro/wizard/wizardwelldetail.cfm?usgs_id=381649097443602","name":"20S 04W 27DBD 01","recordUrl":"https://geohydro.kgs.ku.edu/geohydro/wizard/wizardwelldetail.cfm?usgs_id=381649097443602","period":"2026 monitoring locations"}},{"type":"Feature","id":985,"geometry":{"type":"Point","coordinates":[-98.67897,38.06379]},"properties":{"FID":985,"USGS_ID":"380340098404602","LOCAL_WELL":"23S 12W 07DBD 02","website":"https://geohydro.kgs.ku.edu/geohydro/wizard/wizardwelldetail.cfm?usgs_id=380340098404602","name":"23S 12W 07DBD 02","recordUrl":"https://geohydro.kgs.ku.edu/geohydro/wizard/wizardwelldetail.cfm?usgs_id=380340098404602","period":"2026 monitoring locations"}},{"type":"Feature","id":986,"geometry":{"type":"Point","coordinates":[-99.65147,39.65543]},"properties":{"FID":986,"USGS_ID":"393920099390501","LOCAL_WELL":"04S 21W 35DDC 01","website":"https://geohydro.kgs.ku.edu/geohydro/wizard/wizardwelldetail.cfm?usgs_id=393920099390501","name":"04S 21W 35DDC 01","recordUrl":"https://geohydro.kgs.ku.edu/geohydro/wizard/wizardwelldetail.cfm?usgs_id=393920099390501","period":"2026 monitoring locations"}},{"type":"Feature","id":987,"geometry":{"type":"Point","coordinates":[-101.13896,37.97987]},"properties":{"FID":987,"USGS_ID":"375847101081801","LOCAL_WELL":"24S 35W 11CBC 01","website":"https://geohydro.kgs.ku.edu/geohydro/wizard/wizardwelldetail.cfm?usgs_id=375847101081801","name":"24S 35W 11CBC 01","recordUrl":"https://geohydro.kgs.ku.edu/geohydro/wizard/wizardwelldetail.cfm?usgs_id=375847101081801","period":"2026 monitoring locations"}},{"type":"Feature","id":988,"geometry":{"type":"Point","coordinates":[-101.48471,37.68576]},"properties":{"FID":988,"USGS_ID":"374112101285601","LOCAL_WELL":"27S 38W 21BCC 01","website":"https://geohydro.kgs.ku.edu/geohydro/wizard/wizardwelldetail.cfm?usgs_id=374112101285601","name":"27S 38W 21BCC 01","recordUrl":"https://geohydro.kgs.ku.edu/geohydro/wizard/wizardwelldetail.cfm?usgs_id=374112101285601","period":"2026 monitoring locations"}},{"type":"Feature","id":989,"geometry":{"type":"Point","coordinates":[-100.72419,37.4526]},"properties":{"FID":989,"USGS_ID":"372707100432601","LOCAL_WELL":"30S 31W 09CBB 01","website":"https://geohydro.kgs.ku.edu/geohydro/wizard/wizardwelldetail.cfm?usgs_id=372707100432601","name":"30S 31W 09CBB 01","recordUrl":"https://geohydro.kgs.ku.edu/geohydro/wizard/wizardwelldetail.cfm?usgs_id=372707100432601","period":"2026 monitoring locations"}},{"type":"Feature","id":990,"geometry":{"type":"Point","coordinates":[-100.34406,37.67371]},"properties":{"FID":990,"USGS_ID":"374022100203601","LOCAL_WELL":"27S 28W 26ADD 01","website":"https://geohydro.kgs.ku.edu/geohydro/wizard/wizardwelldetail.cfm?usgs_id=374022100203601","name":"27S 28W 26ADD 01","recordUrl":"https://geohydro.kgs.ku.edu/geohydro/wizard/wizardwelldetail.cfm?usgs_id=374022100203601","period":"2026 monitoring locations"}},{"type":"Feature","id":991,"geometry":{"type":"Point","coordinates":[-99.05379,38.05842]},"properties":{"FID":991,"USGS_ID":"380328099031202","LOCAL_WELL":"23S 16W 11CDC 02","website":"https://geohydro.kgs.ku.edu/geohydro/wizard/wizardwelldetail.cfm?usgs_id=380328099031202","name":"23S 16W 11CDC 02","recordUrl":"https://geohydro.kgs.ku.edu/geohydro/wizard/wizardwelldetail.cfm?usgs_id=380328099031202","period":"2026 monitoring locations"}},{"type":"Feature","id":992,"geometry":{"type":"Point","coordinates":[-101.91148,38.67577]},"properties":{"FID":992,"USGS_ID":"384033101544101","LOCAL_WELL":"16S 42W 12CAA 01","website":"https://geohydro.kgs.ku.edu/geohydro/wizard/wizardwelldetail.cfm?usgs_id=384033101544101","name":"16S 42W 12CAA 01","recordUrl":"https://geohydro.kgs.ku.edu/geohydro/wizard/wizardwelldetail.cfm?usgs_id=384033101544101","period":"2026 monitoring locations"}},{"type":"Feature","id":993,"geometry":{"type":"Point","coordinates":[-100.46178,37.24222]},"properties":{"FID":993,"USGS_ID":"372422100274201","LOCAL_WELL":"32S 29W 22DCC 01","website":"https://geohydro.kgs.ku.edu/geohydro/wizard/wizardwelldetail.cfm?usgs_id=372422100274201","name":"32S 29W 22DCC 01","recordUrl":"https://geohydro.kgs.ku.edu/geohydro/wizard/wizardwelldetail.cfm?usgs_id=372422100274201","period":"2026 monitoring locations"}},{"type":"Feature","id":994,"geometry":{"type":"Point","coordinates":[-100.49305,38.47233]},"properties":{"FID":994,"USGS_ID":"382520100293501","LOCAL_WELL":"18S 29W 23DBC 01","website":"https://geohydro.kgs.ku.edu/geohydro/wizard/wizardwelldetail.cfm?usgs_id=382520100293501","name":"18S 29W 23DBC 01","recordUrl":"https://geohydro.kgs.ku.edu/geohydro/wizard/wizardwelldetail.cfm?usgs_id=382520100293501","period":"2026 monitoring locations"}},{"type":"Feature","id":995,"geometry":{"type":"Point","coordinates":[-100.91041,38.03219]},"properties":{"FID":995,"USGS_ID":"380156100543801","LOCAL_WELL":"23S 33W 26ABB 02","website":"https://geohydro.kgs.ku.edu/geohydro/wizard/wizardwelldetail.cfm?usgs_id=380156100543801","name":"23S 33W 26ABB 02","recordUrl":"https://geohydro.kgs.ku.edu/geohydro/wizard/wizardwelldetail.cfm?usgs_id=380156100543801","period":"2026 monitoring locations"}},{"type":"Feature","id":996,"geometry":{"type":"Point","coordinates":[-98.73998,37.78446]},"properties":{"FID":996,"USGS_ID":"374703098442402","LOCAL_WELL":"26S 13W 16DAA 02","website":"https://geohydro.kgs.ku.edu/geohydro/wizard/wizardwelldetail.cfm?usgs_id=374703098442402","name":"26S 13W 16DAA 02","recordUrl":"https://geohydro.kgs.ku.edu/geohydro/wizard/wizardwelldetail.cfm?usgs_id=374703098442402","period":"2026 monitoring locations"}},{"type":"Feature","id":997,"geometry":{"type":"Point","coordinates":[-99.47197,37.67126]},"properties":{"FID":997,"USGS_ID":"374001099282202","LOCAL_WELL":"27S 20W 26ABD 02","website":"https://geohydro.kgs.ku.edu/geohydro/wizard/wizardwelldetail.cfm?usgs_id=374001099282202","name":"27S 20W 26ABD 02","recordUrl":"https://geohydro.kgs.ku.edu/geohydro/wizard/wizardwelldetail.cfm?usgs_id=374001099282202","period":"2026 monitoring locations"}},{"type":"Feature","id":998,"geometry":{"type":"Point","coordinates":[-100.65346,37.8131]},"properties":{"FID":998,"USGS_ID":"374847100391201","LOCAL_WELL":"26S 31W 01DDA 02","website":"https://geohydro.kgs.ku.edu/geohydro/wizard/wizardwelldetail.cfm?usgs_id=374847100391201","name":"26S 31W 01DDA 02","recordUrl":"https://geohydro.kgs.ku.edu/geohydro/wizard/wizardwelldetail.cfm?usgs_id=374847100391201","period":"2026 monitoring locations"}},{"type":"Feature","id":999,"geometry":{"type":"Point","coordinates":[-101.26691,37.55924]},"properties":{"FID":999,"USGS_ID":"373336101160201","LOCAL_WELL":"29S 36W 04BAC 01","website":"https://geohydro.kgs.ku.edu/geohydro/wizard/wizardwelldetail.cfm?usgs_id=373336101160201","name":"29S 36W 04BAC 01","recordUrl":"https://geohydro.kgs.ku.edu/geohydro/wizard/wizardwelldetail.cfm?usgs_id=373336101160201","period":"2026 monitoring locations"}},{"type":"Feature","id":1000,"geometry":{"type":"Point","coordinates":[-101.82566,37.1141]},"properties":{"FID":1000,"USGS_ID":"370651101493001","LOCAL_WELL":"34S 41W 06CCA 01","website":"https://geohydro.kgs.ku.edu/geohydro/wizard/wizardwelldetail.cfm?usgs_id=370651101493001","name":"34S 41W 06CCA 01","recordUrl":"https://geohydro.kgs.ku.edu/geohydro/wizard/wizardwelldetail.cfm?usgs_id=370651101493001","period":"2026 monitoring locations"}},{"type":"Feature","id":1001,"geometry":{"type":"Point","coordinates":[-102.03449,37.71675]},"properties":{"FID":1001,"USGS_ID":"374259102020401","LOCAL_WELL":"27S 43W 09CBB 01","website":"https://geohydro.kgs.ku.edu/geohydro/wizard/wizardwelldetail.cfm?usgs_id=374259102020401","name":"27S 43W 09CBB 01","recordUrl":"https://geohydro.kgs.ku.edu/geohydro/wizard/wizardwelldetail.cfm?usgs_id=374259102020401","period":"2026 monitoring locations"}},{"type":"Feature","id":1002,"geometry":{"type":"Point","coordinates":[-101.97068,37.65096]},"properties":{"FID":1002,"USGS_ID":"373903101581501","LOCAL_WELL":"28S 43W 01BAA 01","website":"https://geohydro.kgs.ku.edu/geohydro/wizard/wizardwelldetail.cfm?usgs_id=373903101581501","name":"28S 43W 01BAA 01","recordUrl":"https://geohydro.kgs.ku.edu/geohydro/wizard/wizardwelldetail.cfm?usgs_id=373903101581501","period":"2026 monitoring locations"}},{"type":"Feature","id":1003,"geometry":{"type":"Point","coordinates":[-101.45616,37.06948]},"properties":{"FID":1003,"USGS_ID":"370410101272201","LOCAL_WELL":"34S 38W 21DCCB 01","website":"https://geohydro.kgs.ku.edu/geohydro/wizard/wizardwelldetail.cfm?usgs_id=370410101272201","name":"34S 38W 21DCCB 01","recordUrl":"https://geohydro.kgs.ku.edu/geohydro/wizard/wizardwelldetail.cfm?usgs_id=370410101272201","period":"2026 monitoring locations"}},{"type":"Feature","id":1004,"geometry":{"type":"Point","coordinates":[-101.13901,37.32965]},"properties":{"FID":1004,"USGS_ID":"371947101082101","LOCAL_WELL":"31S 35W 21CCC 01","website":"https://geohydro.kgs.ku.edu/geohydro/wizard/wizardwelldetail.cfm?usgs_id=371947101082101","name":"31S 35W 21CCC 01","recordUrl":"https://geohydro.kgs.ku.edu/geohydro/wizard/wizardwelldetail.cfm?usgs_id=371947101082101","period":"2026 monitoring locations"}},{"type":"Feature","id":1005,"geometry":{"type":"Point","coordinates":[-100.6066,37.46658]},"properties":{"FID":1005,"USGS_ID":"372760100362401","LOCAL_WELL":"30S 30W 04DBB 01","website":"https://geohydro.kgs.ku.edu/geohydro/wizard/wizardwelldetail.cfm?usgs_id=372760100362401","name":"30S 30W 04DBB 01","recordUrl":"https://geohydro.kgs.ku.edu/geohydro/wizard/wizardwelldetail.cfm?usgs_id=372760100362401","period":"2026 monitoring locations"}},{"type":"Feature","id":1006,"geometry":{"type":"Point","coordinates":[-100.98469,39.7018]},"properties":{"FID":1006,"USGS_ID":"394206100590401","LOCAL_WELL":"04S 33W 14DAC 01","website":"https://geohydro.kgs.ku.edu/geohydro/wizard/wizardwelldetail.cfm?usgs_id=394206100590401","name":"04S 33W 14DAC 01","recordUrl":"https://geohydro.kgs.ku.edu/geohydro/wizard/wizardwelldetail.cfm?usgs_id=394206100590401","period":"2026 monitoring locations"}},{"type":"Feature","id":1007,"geometry":{"type":"Point","coordinates":[-102.04392,38.04335]},"properties":{"FID":1007,"USGS_ID":"380236102023801","LOCAL_WELL":"23S 43W 21ABA 03","website":"https://geohydro.kgs.ku.edu/geohydro/wizard/wizardwelldetail.cfm?usgs_id=380236102023801","name":"23S 43W 21ABA 03","recordUrl":"https://geohydro.kgs.ku.edu/geohydro/wizard/wizardwelldetail.cfm?usgs_id=380236102023801","period":"2026 monitoring locations"}},{"type":"Feature","id":1008,"geometry":{"type":"Point","coordinates":[-101.77788,37.14028]},"properties":{"FID":1008,"USGS_ID":"370823101464001","LOCAL_WELL":"33S 41W 33AAC 01","website":"https://geohydro.kgs.ku.edu/geohydro/wizard/wizardwelldetail.cfm?usgs_id=370823101464001","name":"33S 41W 33AAC 01","recordUrl":"https://geohydro.kgs.ku.edu/geohydro/wizard/wizardwelldetail.cfm?usgs_id=370823101464001","period":"2026 monitoring locations"}},{"type":"Feature","id":1009,"geometry":{"type":"Point","coordinates":[-101.294,38.64088]},"properties":{"FID":1009,"USGS_ID":"383825101173801","LOCAL_WELL":"16S 36W 27BBB 02","website":"https://geohydro.kgs.ku.edu/geohydro/wizard/wizardwelldetail.cfm?usgs_id=383825101173801","name":"16S 36W 27BBB 02","recordUrl":"https://geohydro.kgs.ku.edu/geohydro/wizard/wizardwelldetail.cfm?usgs_id=383825101173801","period":"2026 monitoring locations"}},{"type":"Feature","id":1010,"geometry":{"type":"Point","coordinates":[-102.00994,38.79062]},"properties":{"FID":1010,"USGS_ID":"384726102003601","LOCAL_WELL":"14S 42W 32DBB 01","website":"https://geohydro.kgs.ku.edu/geohydro/wizard/wizardwelldetail.cfm?usgs_id=384726102003601","name":"14S 42W 32DBB 01","recordUrl":"https://geohydro.kgs.ku.edu/geohydro/wizard/wizardwelldetail.cfm?usgs_id=384726102003601","period":"2026 monitoring locations"}},{"type":"Feature","id":1011,"geometry":{"type":"Point","coordinates":[-101.24668,39.25433]},"properties":{"FID":1011,"USGS_ID":"391516101144801","LOCAL_WELL":"09S 35W 20DCA 01","website":"https://geohydro.kgs.ku.edu/geohydro/wizard/wizardwelldetail.cfm?usgs_id=391516101144801","name":"09S 35W 20DCA 01","recordUrl":"https://geohydro.kgs.ku.edu/geohydro/wizard/wizardwelldetail.cfm?usgs_id=391516101144801","period":"2026 monitoring locations"}},{"type":"Feature","id":1012,"geometry":{"type":"Point","coordinates":[-97.61389,38.24314]},"properties":{"FID":1012,"USGS_ID":"381435097365301","LOCAL_WELL":"21S 03W 11AAC 01","website":"https://geohydro.kgs.ku.edu/geohydro/wizard/wizardwelldetail.cfm?usgs_id=381435097365301","name":"21S 03W 11AAC 01","recordUrl":"https://geohydro.kgs.ku.edu/geohydro/wizard/wizardwelldetail.cfm?usgs_id=381435097365301","period":"2026 monitoring locations"}},{"type":"Feature","id":1013,"geometry":{"type":"Point","coordinates":[-100.79723,37.84017]},"properties":{"FID":1013,"USGS_ID":"375024100475101","LOCAL_WELL":"25S 32W 35ACA 01","website":"https://geohydro.kgs.ku.edu/geohydro/wizard/wizardwelldetail.cfm?usgs_id=375024100475101","name":"25S 32W 35ACA 01","recordUrl":"https://geohydro.kgs.ku.edu/geohydro/wizard/wizardwelldetail.cfm?usgs_id=375024100475101","period":"2026 monitoring locations"}},{"type":"Feature","id":1014,"geometry":{"type":"Point","coordinates":[-98.86174,38.29026]},"properties":{"FID":1014,"USGS_ID":"381725098514101","LOCAL_WELL":"20S 14W 22CDC 01","website":"https://geohydro.kgs.ku.edu/geohydro/wizard/wizardwelldetail.cfm?usgs_id=381725098514101","name":"20S 14W 22CDC 01","recordUrl":"https://geohydro.kgs.ku.edu/geohydro/wizard/wizardwelldetail.cfm?usgs_id=381725098514101","period":"2026 monitoring locations"}},{"type":"Feature","id":1015,"geometry":{"type":"Point","coordinates":[-99.41392,37.79021]},"properties":{"FID":1015,"USGS_ID":"374658099244302","LOCAL_WELL":"26S 19W 16BCB 02","website":"https://geohydro.kgs.ku.edu/geohydro/wizard/wizardwelldetail.cfm?usgs_id=374658099244302","name":"26S 19W 16BCB 02","recordUrl":"https://geohydro.kgs.ku.edu/geohydro/wizard/wizardwelldetail.cfm?usgs_id=374658099244302","period":"2026 monitoring locations"}},{"type":"Feature","id":1016,"geometry":{"type":"Point","coordinates":[-101.0082,39.81395]},"properties":{"FID":1016,"USGS_ID":"394854101003102","LOCAL_WELL":"03S 33W 03DCC 02","website":"https://geohydro.kgs.ku.edu/geohydro/wizard/wizardwelldetail.cfm?usgs_id=394854101003102","name":"03S 33W 03DCC 02","recordUrl":"https://geohydro.kgs.ku.edu/geohydro/wizard/wizardwelldetail.cfm?usgs_id=394854101003102","period":"2026 monitoring locations"}},{"type":"Feature","id":1017,"geometry":{"type":"Point","coordinates":[-101.17596,37.97448]},"properties":{"FID":1017,"USGS_ID":"375828101103102","LOCAL_WELL":"24S 35W 09CCC 02","website":"https://geohydro.kgs.ku.edu/geohydro/wizard/wizardwelldetail.cfm?usgs_id=375828101103102","name":"24S 35W 09CCC 02","recordUrl":"https://geohydro.kgs.ku.edu/geohydro/wizard/wizardwelldetail.cfm?usgs_id=375828101103102","period":"2026 monitoring locations"}},{"type":"Feature","id":1018,"geometry":{"type":"Point","coordinates":[-101.63092,39.93768]},"properties":{"FID":1018,"USGS_ID":"395619101375202","LOCAL_WELL":"01S 38W 30CAB 01","website":"https://geohydro.kgs.ku.edu/geohydro/wizard/wizardwelldetail.cfm?usgs_id=395619101375202","name":"01S 38W 30CAB 01","recordUrl":"https://geohydro.kgs.ku.edu/geohydro/wizard/wizardwelldetail.cfm?usgs_id=395619101375202","period":"2026 monitoring locations"}},{"type":"Feature","id":1019,"geometry":{"type":"Point","coordinates":[-100.51197,37.15885]},"properties":{"FID":1019,"USGS_ID":"370938100304101","LOCAL_WELL":"33S 29W 19D 01","website":"https://geohydro.kgs.ku.edu/geohydro/wizard/wizardwelldetail.cfm?usgs_id=370938100304101","name":"33S 29W 19D 01","recordUrl":"https://geohydro.kgs.ku.edu/geohydro/wizard/wizardwelldetail.cfm?usgs_id=370938100304101","period":"2026 monitoring locations"}},{"type":"Feature","id":1020,"geometry":{"type":"Point","coordinates":[-100.4994,37.05202]},"properties":{"FID":1020,"USGS_ID":"370307100295701","LOCAL_WELL":"34S 29W 32BA 01","website":"https://geohydro.kgs.ku.edu/geohydro/wizard/wizardwelldetail.cfm?usgs_id=370307100295701","name":"34S 29W 32BA 01","recordUrl":"https://geohydro.kgs.ku.edu/geohydro/wizard/wizardwelldetail.cfm?usgs_id=370307100295701","period":"2026 monitoring locations"}},{"type":"Feature","id":1021,"geometry":{"type":"Point","coordinates":[-100.96564,38.10299]},"properties":{"FID":1021,"USGS_ID":"380609100575201","LOCAL_WELL":"22S 33W 32ABC 01","website":"https://geohydro.kgs.ku.edu/geohydro/wizard/wizardwelldetail.cfm?usgs_id=380609100575201","name":"22S 33W 32ABC 01","recordUrl":"https://geohydro.kgs.ku.edu/geohydro/wizard/wizardwelldetail.cfm?usgs_id=380609100575201","period":"2026 monitoring locations"}},{"type":"Feature","id":1022,"geometry":{"type":"Point","coordinates":[-100.59695,37.35542]},"properties":{"FID":1022,"USGS_ID":"372117100354702","LOCAL_WELL":"31S 30W 16BCD 01","website":"https://geohydro.kgs.ku.edu/geohydro/wizard/wizardwelldetail.cfm?usgs_id=372117100354702","name":"31S 30W 16BCD 01","recordUrl":"https://geohydro.kgs.ku.edu/geohydro/wizard/wizardwelldetail.cfm?usgs_id=372117100354702","period":"2026 monitoring locations"}},{"type":"Feature","id":1023,"geometry":{"type":"Point","coordinates":[-99.71567,39.97559]},"properties":{"FID":1023,"USGS_ID":"395832099425401","LOCAL_WELL":"01S 21W 08CCD 01","website":"https://geohydro.kgs.ku.edu/geohydro/wizard/wizardwelldetail.cfm?usgs_id=395832099425401","name":"01S 21W 08CCD 01","recordUrl":"https://geohydro.kgs.ku.edu/geohydro/wizard/wizardwelldetail.cfm?usgs_id=395832099425401","period":"2026 monitoring locations"}},{"type":"Feature","id":1024,"geometry":{"type":"Point","coordinates":[-101.87131,38.82718]},"properties":{"FID":1024,"USGS_ID":"384937101521501","LOCAL_WELL":"14S 41W 22BBC 02","website":"https://geohydro.kgs.ku.edu/geohydro/wizard/wizardwelldetail.cfm?usgs_id=384937101521501","name":"14S 41W 22BBC 02","recordUrl":"https://geohydro.kgs.ku.edu/geohydro/wizard/wizardwelldetail.cfm?usgs_id=384937101521501","period":"2026 monitoring locations"}},{"type":"Feature","id":1025,"geometry":{"type":"Point","coordinates":[-101.66326,37.03978]},"properties":{"FID":1025,"USGS_ID":"370224101394603","LOCAL_WELL":"35S 40W 03BBB 03","website":"https://geohydro.kgs.ku.edu/geohydro/wizard/wizardwelldetail.cfm?usgs_id=370224101394603","name":"35S 40W 03BBB 03","recordUrl":"https://geohydro.kgs.ku.edu/geohydro/wizard/wizardwelldetail.cfm?usgs_id=370224101394603","period":"2026 monitoring locations"}},{"type":"Feature","id":1026,"geometry":{"type":"Point","coordinates":[-100.70628,39.33609]},"properties":{"FID":1026,"USGS_ID":"392009100422301","LOCAL_WELL":"08S 30W 30AAB 01","website":"https://geohydro.kgs.ku.edu/geohydro/wizard/wizardwelldetail.cfm?usgs_id=392009100422301","name":"08S 30W 30AAB 01","recordUrl":"https://geohydro.kgs.ku.edu/geohydro/wizard/wizardwelldetail.cfm?usgs_id=392009100422301","period":"2026 monitoring locations"}},{"type":"Feature","id":1027,"geometry":{"type":"Point","coordinates":[-101.65569,39.84926]},"properties":{"FID":1027,"USGS_ID":"395100101391901","LOCAL_WELL":"02S 39W 26DAA 01","website":"https://geohydro.kgs.ku.edu/geohydro/wizard/wizardwelldetail.cfm?usgs_id=395100101391901","name":"02S 39W 26DAA 01","recordUrl":"https://geohydro.kgs.ku.edu/geohydro/wizard/wizardwelldetail.cfm?usgs_id=395100101391901","period":"2026 monitoring locations"}},{"type":"Feature","id":1028,"geometry":{"type":"Point","coordinates":[-100.45907,39.97044]},"properties":{"FID":1028,"USGS_ID":"395813100272801","LOCAL_WELL":"01S 28W 15BBC 01","website":"https://geohydro.kgs.ku.edu/geohydro/wizard/wizardwelldetail.cfm?usgs_id=395813100272801","name":"01S 28W 15BBC 01","recordUrl":"https://geohydro.kgs.ku.edu/geohydro/wizard/wizardwelldetail.cfm?usgs_id=395813100272801","period":"2026 monitoring locations"}},{"type":"Feature","id":1029,"geometry":{"type":"Point","coordinates":[-100.36596,39.96838]},"properties":{"FID":1029,"USGS_ID":"395807100215901","LOCAL_WELL":"01S 27W 17ADA 01","website":"https://geohydro.kgs.ku.edu/geohydro/wizard/wizardwelldetail.cfm?usgs_id=395807100215901","name":"01S 27W 17ADA 01","recordUrl":"https://geohydro.kgs.ku.edu/geohydro/wizard/wizardwelldetail.cfm?usgs_id=395807100215901","period":"2026 monitoring locations"}},{"type":"Feature","id":1030,"geometry":{"type":"Point","coordinates":[-100.67847,39.81972]},"properties":{"FID":1030,"USGS_ID":"394913100404001","LOCAL_WELL":"03S 30W 03CAB 01","website":"https://geohydro.kgs.ku.edu/geohydro/wizard/wizardwelldetail.cfm?usgs_id=394913100404001","name":"03S 30W 03CAB 01","recordUrl":"https://geohydro.kgs.ku.edu/geohydro/wizard/wizardwelldetail.cfm?usgs_id=394913100404001","period":"2026 monitoring locations"}},{"type":"Feature","id":1031,"geometry":{"type":"Point","coordinates":[-100.71641,39.94455]},"properties":{"FID":1031,"USGS_ID":"395642100425401","LOCAL_WELL":"01S 30W 20CDC 01","website":"https://geohydro.kgs.ku.edu/geohydro/wizard/wizardwelldetail.cfm?usgs_id=395642100425401","name":"01S 30W 20CDC 01","recordUrl":"https://geohydro.kgs.ku.edu/geohydro/wizard/wizardwelldetail.cfm?usgs_id=395642100425401","period":"2026 monitoring locations"}},{"type":"Feature","id":1032,"geometry":{"type":"Point","coordinates":[-99.79721,39.23311]},"properties":{"FID":1032,"USGS_ID":"391400099474801","LOCAL_WELL":"09S 22W 32ABAA 01","website":"https://geohydro.kgs.ku.edu/geohydro/wizard/wizardwelldetail.cfm?usgs_id=391400099474801","name":"09S 22W 32ABAA 01","recordUrl":"https://geohydro.kgs.ku.edu/geohydro/wizard/wizardwelldetail.cfm?usgs_id=391400099474801","period":"2026 monitoring locations"}},{"type":"Feature","id":1033,"geometry":{"type":"Point","coordinates":[-101.56153,37.43172]},"properties":{"FID":1033,"USGS_ID":"372550101333802","LOCAL_WELL":"30S 39W 23BBB 02","website":"https://geohydro.kgs.ku.edu/geohydro/wizard/wizardwelldetail.cfm?usgs_id=372550101333802","name":"30S 39W 23BBB 02","recordUrl":"https://geohydro.kgs.ku.edu/geohydro/wizard/wizardwelldetail.cfm?usgs_id=372550101333802","period":"2026 monitoring locations"}},{"type":"Feature","id":1034,"geometry":{"type":"Point","coordinates":[-101.82071,37.74147]},"properties":{"FID":1034,"USGS_ID":"374421101490902","LOCAL_WELL":"26S 41W 32DAC 01","website":"https://geohydro.kgs.ku.edu/geohydro/wizard/wizardwelldetail.cfm?usgs_id=374421101490902","name":"26S 41W 32DAC 01","recordUrl":"https://geohydro.kgs.ku.edu/geohydro/wizard/wizardwelldetail.cfm?usgs_id=374421101490902","period":"2026 monitoring locations"}},{"type":"Feature","id":1035,"geometry":{"type":"Point","coordinates":[-98.23615,37.54934]},"properties":{"FID":1035,"USGS_ID":"373252098141902","LOCAL_WELL":"29S 08W 06DBC 01","website":"https://geohydro.kgs.ku.edu/geohydro/wizard/wizardwelldetail.cfm?usgs_id=373252098141902","name":"29S 08W 06DBC 01","recordUrl":"https://geohydro.kgs.ku.edu/geohydro/wizard/wizardwelldetail.cfm?usgs_id=373252098141902","period":"2026 monitoring locations"}},{"type":"Feature","id":1036,"geometry":{"type":"Point","coordinates":[-100.95175,38.0186]},"properties":{"FID":1036,"USGS_ID":"380109100570202","LOCAL_WELL":"23S 33W 28CDC 02","website":"https://geohydro.kgs.ku.edu/geohydro/wizard/wizardwelldetail.cfm?usgs_id=380109100570202","name":"23S 33W 28CDC 02","recordUrl":"https://geohydro.kgs.ku.edu/geohydro/wizard/wizardwelldetail.cfm?usgs_id=380109100570202","period":"2026 monitoring locations"}},{"type":"Feature","id":1037,"geometry":{"type":"Point","coordinates":[-101.0542,39.21717]},"properties":{"FID":1037,"USGS_ID":"391302101031501","LOCAL_WELL":"10S 33W 06BBC 02","website":"https://geohydro.kgs.ku.edu/geohydro/wizard/wizardwelldetail.cfm?usgs_id=391302101031501","name":"10S 33W 06BBC 02","recordUrl":"https://geohydro.kgs.ku.edu/geohydro/wizard/wizardwelldetail.cfm?usgs_id=391302101031501","period":"2026 monitoring locations"}},{"type":"Feature","id":1038,"geometry":{"type":"Point","coordinates":[-98.56631,37.69619]},"properties":{"FID":1038,"USGS_ID":"374147098950301","LOCAL_WELL":"27S 11W 18CAA 01","website":"https://geohydro.kgs.ku.edu/geohydro/wizard/wizardwelldetail.cfm?usgs_id=374147098950301","name":"27S 11W 18CAA 01","recordUrl":"https://geohydro.kgs.ku.edu/geohydro/wizard/wizardwelldetail.cfm?usgs_id=374147098950301","period":"2026 monitoring locations"}},{"type":"Feature","id":1039,"geometry":{"type":"Point","coordinates":[-101.8957,38.01813]},"properties":{"FID":1039,"USGS_ID":"380105101534402","LOCAL_WELL":"23S 42W 26DCA 02","website":"https://geohydro.kgs.ku.edu/geohydro/wizard/wizardwelldetail.cfm?usgs_id=380105101534402","name":"23S 42W 26DCA 02","recordUrl":"https://geohydro.kgs.ku.edu/geohydro/wizard/wizardwelldetail.cfm?usgs_id=380105101534402","period":"2026 monitoring locations"}},{"type":"Feature","id":1040,"geometry":{"type":"Point","coordinates":[-101.66996,39.35183]},"properties":{"FID":1040,"USGS_ID":"392106101401201","LOCAL_WELL":"08S 39W 15CCC 02","website":"https://geohydro.kgs.ku.edu/geohydro/wizard/wizardwelldetail.cfm?usgs_id=392106101401201","name":"08S 39W 15CCC 02","recordUrl":"https://geohydro.kgs.ku.edu/geohydro/wizard/wizardwelldetail.cfm?usgs_id=392106101401201","period":"2026 monitoring locations"}},{"type":"Feature","id":1041,"geometry":{"type":"Point","coordinates":[-99.97817,39.19804]},"properties":{"FID":1041,"USGS_ID":"391153099584301","LOCAL_WELL":"10S 24W 10ADD 01","website":"https://geohydro.kgs.ku.edu/geohydro/wizard/wizardwelldetail.cfm?usgs_id=391153099584301","name":"10S 24W 10ADD 01","recordUrl":"https://geohydro.kgs.ku.edu/geohydro/wizard/wizardwelldetail.cfm?usgs_id=391153099584301","period":"2026 monitoring locations"}},{"type":"Feature","id":1042,"geometry":{"type":"Point","coordinates":[-99.96831,39.1627]},"properties":{"FID":1042,"USGS_ID":"390943099580101","LOCAL_WELL":"10S 24W 23DCC 01","website":"https://geohydro.kgs.ku.edu/geohydro/wizard/wizardwelldetail.cfm?usgs_id=390943099580101","name":"10S 24W 23DCC 01","recordUrl":"https://geohydro.kgs.ku.edu/geohydro/wizard/wizardwelldetail.cfm?usgs_id=390943099580101","period":"2026 monitoring locations"}},{"type":"Feature","id":1043,"geometry":{"type":"Point","coordinates":[-100.14162,39.24782]},"properties":{"FID":1043,"USGS_ID":"391450100083601","LOCAL_WELL":"09S 25W 29BBB 01","website":"https://geohydro.kgs.ku.edu/geohydro/wizard/wizardwelldetail.cfm?usgs_id=391450100083601","name":"09S 25W 29BBB 01","recordUrl":"https://geohydro.kgs.ku.edu/geohydro/wizard/wizardwelldetail.cfm?usgs_id=391450100083601","period":"2026 monitoring locations"}},{"type":"Feature","id":1044,"geometry":{"type":"Point","coordinates":[-99.65952,39.48142]},"properties":{"FID":1044,"USGS_ID":"392855099393101","LOCAL_WELL":"06S 21W 33DDD 01","website":"https://geohydro.kgs.ku.edu/geohydro/wizard/wizardwelldetail.cfm?usgs_id=392855099393101","name":"06S 21W 33DDD 01","recordUrl":"https://geohydro.kgs.ku.edu/geohydro/wizard/wizardwelldetail.cfm?usgs_id=392855099393101","period":"2026 monitoring locations"}},{"type":"Feature","id":1045,"geometry":{"type":"Point","coordinates":[-99.65363,39.23438]},"properties":{"FID":1045,"USGS_ID":"391401099391001","LOCAL_WELL":"09S 21W 34BAA 01","website":"https://geohydro.kgs.ku.edu/geohydro/wizard/wizardwelldetail.cfm?usgs_id=391401099391001","name":"09S 21W 34BAA 01","recordUrl":"https://geohydro.kgs.ku.edu/geohydro/wizard/wizardwelldetail.cfm?usgs_id=391401099391001","period":"2026 monitoring locations"}},{"type":"Feature","id":1046,"geometry":{"type":"Point","coordinates":[-100.37741,39.01632]},"properties":{"FID":1046,"USGS_ID":"390100100223701","LOCAL_WELL":"12S 28W 13ABA 01","website":"https://geohydro.kgs.ku.edu/geohydro/wizard/wizardwelldetail.cfm?usgs_id=390100100223701","name":"12S 28W 13ABA 01","recordUrl":"https://geohydro.kgs.ku.edu/geohydro/wizard/wizardwelldetail.cfm?usgs_id=390100100223701","period":"2026 monitoring locations"}},{"type":"Feature","id":1047,"geometry":{"type":"Point","coordinates":[-100.8344,38.96571]},"properties":{"FID":1047,"USGS_ID":"385800100500001","LOCAL_WELL":"12S 32W 35DAA 01","website":"https://geohydro.kgs.ku.edu/geohydro/wizard/wizardwelldetail.cfm?usgs_id=385800100500001","name":"12S 32W 35DAA 01","recordUrl":"https://geohydro.kgs.ku.edu/geohydro/wizard/wizardwelldetail.cfm?usgs_id=385800100500001","period":"2026 monitoring locations"}},{"type":"Feature","id":1048,"geometry":{"type":"Point","coordinates":[-99.80338,39.91473]},"properties":{"FID":1048,"USGS_ID":"395455099481101","LOCAL_WELL":"01S 22W 33DCC 01","website":"https://geohydro.kgs.ku.edu/geohydro/wizard/wizardwelldetail.cfm?usgs_id=395455099481101","name":"01S 22W 33DCC 01","recordUrl":"https://geohydro.kgs.ku.edu/geohydro/wizard/wizardwelldetail.cfm?usgs_id=395455099481101","period":"2026 monitoring locations"}},{"type":"Feature","id":1049,"geometry":{"type":"Point","coordinates":[-99.69949,39.9294]},"properties":{"FID":1049,"USGS_ID":"395548099415301","LOCAL_WELL":"01S 21W 28CCD 01","website":"https://geohydro.kgs.ku.edu/geohydro/wizard/wizardwelldetail.cfm?usgs_id=395548099415301","name":"01S 21W 28CCD 01","recordUrl":"https://geohydro.kgs.ku.edu/geohydro/wizard/wizardwelldetail.cfm?usgs_id=395548099415301","period":"2026 monitoring locations"}},{"type":"Feature","id":1050,"geometry":{"type":"Point","coordinates":[-99.63853,39.83485]},"properties":{"FID":1050,"USGS_ID":"395004099381401","LOCAL_WELL":"02S 21W 36CAA 01","website":"https://geohydro.kgs.ku.edu/geohydro/wizard/wizardwelldetail.cfm?usgs_id=395004099381401","name":"02S 21W 36CAA 01","recordUrl":"https://geohydro.kgs.ku.edu/geohydro/wizard/wizardwelldetail.cfm?usgs_id=395004099381401","period":"2026 monitoring locations"}},{"type":"Feature","id":1051,"geometry":{"type":"Point","coordinates":[-99.86508,39.83919]},"properties":{"FID":1051,"USGS_ID":"395022099515001","LOCAL_WELL":"02S 23W 36BAC 01","website":"https://geohydro.kgs.ku.edu/geohydro/wizard/wizardwelldetail.cfm?usgs_id=395022099515001","name":"02S 23W 36BAC 01","recordUrl":"https://geohydro.kgs.ku.edu/geohydro/wizard/wizardwelldetail.cfm?usgs_id=395022099515001","period":"2026 monitoring locations"}},{"type":"Feature","id":1052,"geometry":{"type":"Point","coordinates":[-99.71068,39.75596]},"properties":{"FID":1052,"USGS_ID":"394523099423801","LOCAL_WELL":"03S 21W 29DCC 01","website":"https://geohydro.kgs.ku.edu/geohydro/wizard/wizardwelldetail.cfm?usgs_id=394523099423801","name":"03S 21W 29DCC 01","recordUrl":"https://geohydro.kgs.ku.edu/geohydro/wizard/wizardwelldetail.cfm?usgs_id=394523099423801","period":"2026 monitoring locations"}},{"type":"Feature","id":1053,"geometry":{"type":"Point","coordinates":[-99.62812,39.58946]},"properties":{"FID":1053,"USGS_ID":"393524099375201","LOCAL_WELL":"05S 21W 25ADC 01","website":"https://geohydro.kgs.ku.edu/geohydro/wizard/wizardwelldetail.cfm?usgs_id=393524099375201","name":"05S 21W 25ADC 01","recordUrl":"https://geohydro.kgs.ku.edu/geohydro/wizard/wizardwelldetail.cfm?usgs_id=393524099375201","period":"2026 monitoring locations"}},{"type":"Feature","id":1054,"geometry":{"type":"Point","coordinates":[-100.05817,39.59599]},"properties":{"FID":1054,"USGS_ID":"393549100032401","LOCAL_WELL":"05S 24W 20CCC 01","website":"https://geohydro.kgs.ku.edu/geohydro/wizard/wizardwelldetail.cfm?usgs_id=393549100032401","name":"05S 24W 20CCC 01","recordUrl":"https://geohydro.kgs.ku.edu/geohydro/wizard/wizardwelldetail.cfm?usgs_id=393549100032401","period":"2026 monitoring locations"}},{"type":"Feature","id":1055,"geometry":{"type":"Point","coordinates":[-100.14219,39.58226]},"properties":{"FID":1055,"USGS_ID":"393457100083101","LOCAL_WELL":"05S 25W 28DCC 01","website":"https://geohydro.kgs.ku.edu/geohydro/wizard/wizardwelldetail.cfm?usgs_id=393457100083101","name":"05S 25W 28DCC 01","recordUrl":"https://geohydro.kgs.ku.edu/geohydro/wizard/wizardwelldetail.cfm?usgs_id=393457100083101","period":"2026 monitoring locations"}},{"type":"Feature","id":1056,"geometry":{"type":"Point","coordinates":[-100.14312,39.68231]},"properties":{"FID":1056,"USGS_ID":"394054100083801","LOCAL_WELL":"04S 25W 28BAA 01","website":"https://geohydro.kgs.ku.edu/geohydro/wizard/wizardwelldetail.cfm?usgs_id=394054100083801","name":"04S 25W 28BAA 01","recordUrl":"https://geohydro.kgs.ku.edu/geohydro/wizard/wizardwelldetail.cfm?usgs_id=394054100083801","period":"2026 monitoring locations"}},{"type":"Feature","id":1057,"geometry":{"type":"Point","coordinates":[-99.93326,39.90279]},"properties":{"FID":1057,"USGS_ID":"395404099562901","LOCAL_WELL":"02S 23W 05DCA 01","website":"https://geohydro.kgs.ku.edu/geohydro/wizard/wizardwelldetail.cfm?usgs_id=395404099562901","name":"02S 23W 05DCA 01","recordUrl":"https://geohydro.kgs.ku.edu/geohydro/wizard/wizardwelldetail.cfm?usgs_id=395404099562901","period":"2026 monitoring locations"}},{"type":"Feature","id":1058,"geometry":{"type":"Point","coordinates":[-99.94887,39.68625]},"properties":{"FID":1058,"USGS_ID":"394108099565801","LOCAL_WELL":"04S 23W 19DDB 01","website":"https://geohydro.kgs.ku.edu/geohydro/wizard/wizardwelldetail.cfm?usgs_id=394108099565801","name":"04S 23W 19DDB 01","recordUrl":"https://geohydro.kgs.ku.edu/geohydro/wizard/wizardwelldetail.cfm?usgs_id=394108099565801","period":"2026 monitoring locations"}},{"type":"Feature","id":1059,"geometry":{"type":"Point","coordinates":[-99.39454,39.99527]},"properties":{"FID":1059,"USGS_ID":"395944099234201","LOCAL_WELL":"01S 18W 06BDD 01","website":"https://geohydro.kgs.ku.edu/geohydro/wizard/wizardwelldetail.cfm?usgs_id=395944099234201","name":"01S 18W 06BDD 01","recordUrl":"https://geohydro.kgs.ku.edu/geohydro/wizard/wizardwelldetail.cfm?usgs_id=395944099234201","period":"2026 monitoring locations"}},{"type":"Feature","id":1060,"geometry":{"type":"Point","coordinates":[-99.55094,39.99065]},"properties":{"FID":1060,"USGS_ID":"395925099326001","LOCAL_WELL":"01S 20W 02CCB 01","website":"https://geohydro.kgs.ku.edu/geohydro/wizard/wizardwelldetail.cfm?usgs_id=395925099326001","name":"01S 20W 02CCB 01","recordUrl":"https://geohydro.kgs.ku.edu/geohydro/wizard/wizardwelldetail.cfm?usgs_id=395925099326001","period":"2026 monitoring locations"}},{"type":"Feature","id":1061,"geometry":{"type":"Point","coordinates":[-99.59847,39.92566]},"properties":{"FID":1061,"USGS_ID":"395530099355101","LOCAL_WELL":"01S 20W 32ACB 01","website":"https://geohydro.kgs.ku.edu/geohydro/wizard/wizardwelldetail.cfm?usgs_id=395530099355101","name":"01S 20W 32ACB 01","recordUrl":"https://geohydro.kgs.ku.edu/geohydro/wizard/wizardwelldetail.cfm?usgs_id=395530099355101","period":"2026 monitoring locations"}},{"type":"Feature","id":1062,"geometry":{"type":"Point","coordinates":[-99.58306,39.85024]},"properties":{"FID":1062,"USGS_ID":"395103099345401","LOCAL_WELL":"02S 20W 28BDD 01","website":"https://geohydro.kgs.ku.edu/geohydro/wizard/wizardwelldetail.cfm?usgs_id=395103099345401","name":"02S 20W 28BDD 01","recordUrl":"https://geohydro.kgs.ku.edu/geohydro/wizard/wizardwelldetail.cfm?usgs_id=395103099345401","period":"2026 monitoring locations"}},{"type":"Feature","id":1063,"geometry":{"type":"Point","coordinates":[-99.47607,39.90056]},"properties":{"FID":1063,"USGS_ID":"395359099283601","LOCAL_WELL":"02S 19W 09BBB 01","website":"https://geohydro.kgs.ku.edu/geohydro/wizard/wizardwelldetail.cfm?usgs_id=395359099283601","name":"02S 19W 09BBB 01","recordUrl":"https://geohydro.kgs.ku.edu/geohydro/wizard/wizardwelldetail.cfm?usgs_id=395359099283601","period":"2026 monitoring locations"}},{"type":"Feature","id":1064,"geometry":{"type":"Point","coordinates":[-99.40224,39.91316]},"properties":{"FID":1064,"USGS_ID":"395445099240501","LOCAL_WELL":"02S 18W 06BBC 01","website":"https://geohydro.kgs.ku.edu/geohydro/wizard/wizardwelldetail.cfm?usgs_id=395445099240501","name":"02S 18W 06BBC 01","recordUrl":"https://geohydro.kgs.ku.edu/geohydro/wizard/wizardwelldetail.cfm?usgs_id=395445099240501","period":"2026 monitoring locations"}},{"type":"Feature","id":1065,"geometry":{"type":"Point","coordinates":[-99.33331,39.91549]},"properties":{"FID":1065,"USGS_ID":"395457099200201","LOCAL_WELL":"01S 18W 34DCD 01","website":"https://geohydro.kgs.ku.edu/geohydro/wizard/wizardwelldetail.cfm?usgs_id=395457099200201","name":"01S 18W 34DCD 01","recordUrl":"https://geohydro.kgs.ku.edu/geohydro/wizard/wizardwelldetail.cfm?usgs_id=395457099200201","period":"2026 monitoring locations"}},{"type":"Feature","id":1066,"geometry":{"type":"Point","coordinates":[-99.27287,39.92917]},"properties":{"FID":1066,"USGS_ID":"395542099162501","LOCAL_WELL":"01S 17W 31AAA 01","website":"https://geohydro.kgs.ku.edu/geohydro/wizard/wizardwelldetail.cfm?usgs_id=395542099162501","name":"01S 17W 31AAA 01","recordUrl":"https://geohydro.kgs.ku.edu/geohydro/wizard/wizardwelldetail.cfm?usgs_id=395542099162501","period":"2026 monitoring locations"}},{"type":"Feature","id":1067,"geometry":{"type":"Point","coordinates":[-99.23561,39.94421]},"properties":{"FID":1067,"USGS_ID":"395641099141101","LOCAL_WELL":"01S 17W 21DDD 01","website":"https://geohydro.kgs.ku.edu/geohydro/wizard/wizardwelldetail.cfm?usgs_id=395641099141101","name":"01S 17W 21DDD 01","recordUrl":"https://geohydro.kgs.ku.edu/geohydro/wizard/wizardwelldetail.cfm?usgs_id=395641099141101","period":"2026 monitoring locations"}},{"type":"Feature","id":1068,"geometry":{"type":"Point","coordinates":[-99.11133,39.98738]},"properties":{"FID":1068,"USGS_ID":"395914099063601","LOCAL_WELL":"01S 16W 10ABA 01","website":"https://geohydro.kgs.ku.edu/geohydro/wizard/wizardwelldetail.cfm?usgs_id=395914099063601","name":"01S 16W 10ABA 01","recordUrl":"https://geohydro.kgs.ku.edu/geohydro/wizard/wizardwelldetail.cfm?usgs_id=395914099063601","period":"2026 monitoring locations"}},{"type":"Feature","id":1069,"geometry":{"type":"Point","coordinates":[-101.33545,39.89765]},"properties":{"FID":1069,"USGS_ID":"395353101200501","LOCAL_WELL":"02S 36W 11BBCC 01","website":"https://geohydro.kgs.ku.edu/geohydro/wizard/wizardwelldetail.cfm?usgs_id=395353101200501","name":"02S 36W 11BBCC 01","recordUrl":"https://geohydro.kgs.ku.edu/geohydro/wizard/wizardwelldetail.cfm?usgs_id=395353101200501","period":"2026 monitoring locations"}},{"type":"Feature","id":1070,"geometry":{"type":"Point","coordinates":[-101.20405,39.94575]},"properties":{"FID":1070,"USGS_ID":"395648101120501","LOCAL_WELL":"01S 35W 24CCA 01","website":"https://geohydro.kgs.ku.edu/geohydro/wizard/wizardwelldetail.cfm?usgs_id=395648101120501","name":"01S 35W 24CCA 01","recordUrl":"https://geohydro.kgs.ku.edu/geohydro/wizard/wizardwelldetail.cfm?usgs_id=395648101120501","period":"2026 monitoring locations"}},{"type":"Feature","id":1071,"geometry":{"type":"Point","coordinates":[-100.96345,39.94828]},"properties":{"FID":1071,"USGS_ID":"395654100574501","LOCAL_WELL":"01S 33W 24DADD 01","website":"https://geohydro.kgs.ku.edu/geohydro/wizard/wizardwelldetail.cfm?usgs_id=395654100574501","name":"01S 33W 24DADD 01","recordUrl":"https://geohydro.kgs.ku.edu/geohydro/wizard/wizardwelldetail.cfm?usgs_id=395654100574501","period":"2026 monitoring locations"}},{"type":"Feature","id":1072,"geometry":{"type":"Point","coordinates":[-100.85723,39.88243]},"properties":{"FID":1072,"USGS_ID":"395256100512301","LOCAL_WELL":"02S 32W 13ACAA 01","website":"https://geohydro.kgs.ku.edu/geohydro/wizard/wizardwelldetail.cfm?usgs_id=395256100512301","name":"02S 32W 13ACAA 01","recordUrl":"https://geohydro.kgs.ku.edu/geohydro/wizard/wizardwelldetail.cfm?usgs_id=395256100512301","period":"2026 monitoring locations"}},{"type":"Feature","id":1073,"geometry":{"type":"Point","coordinates":[-99.47132,39.53745]},"properties":{"FID":1073,"USGS_ID":"393217099281201","LOCAL_WELL":"06S 19W 17BBB 01","website":"https://geohydro.kgs.ku.edu/geohydro/wizard/wizardwelldetail.cfm?usgs_id=393217099281201","name":"06S 19W 17BBB 01","recordUrl":"https://geohydro.kgs.ku.edu/geohydro/wizard/wizardwelldetail.cfm?usgs_id=393217099281201","period":"2026 monitoring locations"}},{"type":"Feature","id":1074,"geometry":{"type":"Point","coordinates":[-99.23313,39.23252]},"properties":{"FID":1074,"USGS_ID":"391354099135401","LOCAL_WELL":"09S 17W 33BBC 01","website":"https://geohydro.kgs.ku.edu/geohydro/wizard/wizardwelldetail.cfm?usgs_id=391354099135401","name":"09S 17W 33BBC 01","recordUrl":"https://geohydro.kgs.ku.edu/geohydro/wizard/wizardwelldetail.cfm?usgs_id=391354099135401","period":"2026 monitoring locations"}},{"type":"Feature","id":1075,"geometry":{"type":"Point","coordinates":[-99.45688,39.22011]},"properties":{"FID":1075,"USGS_ID":"391315099272601","LOCAL_WELL":"09S 19W 32DDD 01","website":"https://geohydro.kgs.ku.edu/geohydro/wizard/wizardwelldetail.cfm?usgs_id=391315099272601","name":"09S 19W 32DDD 01","recordUrl":"https://geohydro.kgs.ku.edu/geohydro/wizard/wizardwelldetail.cfm?usgs_id=391315099272601","period":"2026 monitoring locations"}},{"type":"Feature","id":1076,"geometry":{"type":"Point","coordinates":[-99.56887,39.23294]},"properties":{"FID":1076,"USGS_ID":"391401099340901","LOCAL_WELL":"09S 20W 32AAA 01","website":"https://geohydro.kgs.ku.edu/geohydro/wizard/wizardwelldetail.cfm?usgs_id=391401099340901","name":"09S 20W 32AAA 01","recordUrl":"https://geohydro.kgs.ku.edu/geohydro/wizard/wizardwelldetail.cfm?usgs_id=391401099340901","period":"2026 monitoring locations"}},{"type":"Feature","id":1077,"geometry":{"type":"Point","coordinates":[-99.64954,39.04436]},"properties":{"FID":1077,"USGS_ID":"390304099385901","LOCAL_WELL":"11S 21W 33DAA 01","website":"https://geohydro.kgs.ku.edu/geohydro/wizard/wizardwelldetail.cfm?usgs_id=390304099385901","name":"11S 21W 33DAA 01","recordUrl":"https://geohydro.kgs.ku.edu/geohydro/wizard/wizardwelldetail.cfm?usgs_id=390304099385901","period":"2026 monitoring locations"}},{"type":"Feature","id":1078,"geometry":{"type":"Point","coordinates":[-100.01663,39.07438]},"properties":{"FID":1078,"USGS_ID":"390429100010401","LOCAL_WELL":"11S 24W 20CCC 01","website":"https://geohydro.kgs.ku.edu/geohydro/wizard/wizardwelldetail.cfm?usgs_id=390429100010401","name":"11S 24W 20CCC 01","recordUrl":"https://geohydro.kgs.ku.edu/geohydro/wizard/wizardwelldetail.cfm?usgs_id=390429100010401","period":"2026 monitoring locations"}},{"type":"Feature","id":1079,"geometry":{"type":"Point","coordinates":[-99.98426,38.98744]},"properties":{"FID":1079,"USGS_ID":"385915099590201","LOCAL_WELL":"12S 24W 21DDD 01","website":"https://geohydro.kgs.ku.edu/geohydro/wizard/wizardwelldetail.cfm?usgs_id=385915099590201","name":"12S 24W 21DDD 01","recordUrl":"https://geohydro.kgs.ku.edu/geohydro/wizard/wizardwelldetail.cfm?usgs_id=385915099590201","period":"2026 monitoring locations"}},{"type":"Feature","id":1080,"geometry":{"type":"Point","coordinates":[-99.82035,38.91315]},"properties":{"FID":1080,"USGS_ID":"385447099491301","LOCAL_WELL":"13S 23W 24AAB 01","website":"https://geohydro.kgs.ku.edu/geohydro/wizard/wizardwelldetail.cfm?usgs_id=385447099491301","name":"13S 23W 24AAB 01","recordUrl":"https://geohydro.kgs.ku.edu/geohydro/wizard/wizardwelldetail.cfm?usgs_id=385447099491301","period":"2026 monitoring locations"}},{"type":"Feature","id":1081,"geometry":{"type":"Point","coordinates":[-99.73992,38.99305]},"properties":{"FID":1081,"USGS_ID":"385951099435201","LOCAL_WELL":"12S 22W 23ABC 01","website":"https://geohydro.kgs.ku.edu/geohydro/wizard/wizardwelldetail.cfm?usgs_id=385951099435201","name":"12S 22W 23ABC 01","recordUrl":"https://geohydro.kgs.ku.edu/geohydro/wizard/wizardwelldetail.cfm?usgs_id=385951099435201","period":"2026 monitoring locations"}},{"type":"Feature","id":1082,"geometry":{"type":"Point","coordinates":[-99.70476,39.03936]},"properties":{"FID":1082,"USGS_ID":"390213099421101","LOCAL_WELL":"12S 21W 06CBB 01","website":"https://geohydro.kgs.ku.edu/geohydro/wizard/wizardwelldetail.cfm?usgs_id=390213099421101","name":"12S 21W 06CBB 01","recordUrl":"https://geohydro.kgs.ku.edu/geohydro/wizard/wizardwelldetail.cfm?usgs_id=390213099421101","period":"2026 monitoring locations"}},{"type":"Feature","id":1083,"geometry":{"type":"Point","coordinates":[-99.66857,39.04469]},"properties":{"FID":1083,"USGS_ID":"390238099400701","LOCAL_WELL":"12S 21W 05AAA 01","website":"https://geohydro.kgs.ku.edu/geohydro/wizard/wizardwelldetail.cfm?usgs_id=390238099400701","name":"12S 21W 05AAA 01","recordUrl":"https://geohydro.kgs.ku.edu/geohydro/wizard/wizardwelldetail.cfm?usgs_id=390238099400701","period":"2026 monitoring locations"}},{"type":"Feature","id":1084,"geometry":{"type":"Point","coordinates":[-99.67153,39.0161]},"properties":{"FID":1084,"USGS_ID":"390060099400801","LOCAL_WELL":"12S 21W 08DDD 01","website":"https://geohydro.kgs.ku.edu/geohydro/wizard/wizardwelldetail.cfm?usgs_id=390060099400801","name":"12S 21W 08DDD 01","recordUrl":"https://geohydro.kgs.ku.edu/geohydro/wizard/wizardwelldetail.cfm?usgs_id=390060099400801","period":"2026 monitoring locations"}},{"type":"Feature","id":1085,"geometry":{"type":"Point","coordinates":[-101.36546,37.56221]},"properties":{"FID":1085,"USGS_ID":"373346101215801","LOCAL_WELL":"28S 37W 33DDC 01","website":"https://geohydro.kgs.ku.edu/geohydro/wizard/wizardwelldetail.cfm?usgs_id=373346101215801","name":"28S 37W 33DDC 01","recordUrl":"https://geohydro.kgs.ku.edu/geohydro/wizard/wizardwelldetail.cfm?usgs_id=373346101215801","period":"2026 monitoring locations"}},{"type":"Feature","id":1086,"geometry":{"type":"Point","coordinates":[-100.97088,39.55417]},"properties":{"FID":1086,"USGS_ID":"393315100581701","LOCAL_WELL":"06S 33W 02CDD 01","website":"https://geohydro.kgs.ku.edu/geohydro/wizard/wizardwelldetail.cfm?usgs_id=393315100581701","name":"06S 33W 02CDD 01","recordUrl":"https://geohydro.kgs.ku.edu/geohydro/wizard/wizardwelldetail.cfm?usgs_id=393315100581701","period":"2026 monitoring locations"}},{"type":"Feature","id":1087,"geometry":{"type":"Point","coordinates":[-100.87697,37.95171]},"properties":{"FID":1087,"USGS_ID":"375708100523801","LOCAL_WELL":"24S 32W 19CAB 01","website":"https://geohydro.kgs.ku.edu/geohydro/wizard/wizardwelldetail.cfm?usgs_id=375708100523801","name":"24S 32W 19CAB 01","recordUrl":"https://geohydro.kgs.ku.edu/geohydro/wizard/wizardwelldetail.cfm?usgs_id=375708100523801","period":"2026 monitoring locations"}},{"type":"Feature","id":1088,"geometry":{"type":"Point","coordinates":[-99.67142,37.77672]},"properties":{"FID":1088,"USGS_ID":"374634099401501","LOCAL_WELL":"26S 22W 24AAB 01","website":"https://geohydro.kgs.ku.edu/geohydro/wizard/wizardwelldetail.cfm?usgs_id=374634099401501","name":"26S 22W 24AAB 01","recordUrl":"https://geohydro.kgs.ku.edu/geohydro/wizard/wizardwelldetail.cfm?usgs_id=374634099401501","period":"2026 monitoring locations"}},{"type":"Feature","id":1089,"geometry":{"type":"Point","coordinates":[-99.91532,39.4476]},"properties":{"FID":1089,"USGS_ID":"392651099545501","LOCAL_WELL":"07S 23W 17BBD 01","website":"https://geohydro.kgs.ku.edu/geohydro/wizard/wizardwelldetail.cfm?usgs_id=392651099545501","name":"07S 23W 17BBD 01","recordUrl":"https://geohydro.kgs.ku.edu/geohydro/wizard/wizardwelldetail.cfm?usgs_id=392651099545501","period":"2026 monitoring locations"}},{"type":"Feature","id":1090,"geometry":{"type":"Point","coordinates":[-98.46455,38.409]},"properties":{"FID":1090,"USGS_ID":"382432098275201","LOCAL_WELL":"19S 10W 07DDB 01","website":"https://geohydro.kgs.ku.edu/geohydro/wizard/wizardwelldetail.cfm?usgs_id=382432098275201","name":"19S 10W 07DDB 01","recordUrl":"https://geohydro.kgs.ku.edu/geohydro/wizard/wizardwelldetail.cfm?usgs_id=382432098275201","period":"2026 monitoring locations"}},{"type":"Feature","id":1091,"geometry":{"type":"Point","coordinates":[-101.50061,37.01031]},"properties":{"FID":1091,"USGS_ID":"370037101300201","LOCAL_WELL":"35S 38W 07CCC 01","website":"https://geohydro.kgs.ku.edu/geohydro/wizard/wizardwelldetail.cfm?usgs_id=370037101300201","name":"35S 38W 07CCC 01","recordUrl":"https://geohydro.kgs.ku.edu/geohydro/wizard/wizardwelldetail.cfm?usgs_id=370037101300201","period":"2026 monitoring locations"}},{"type":"Feature","id":1092,"geometry":{"type":"Point","coordinates":[-100.66481,37.65702]},"properties":{"FID":1092,"USGS_ID":"373925100395301","LOCAL_WELL":"27S 31W 36BDC 01","website":"https://geohydro.kgs.ku.edu/geohydro/wizard/wizardwelldetail.cfm?usgs_id=373925100395301","name":"27S 31W 36BDC 01","recordUrl":"https://geohydro.kgs.ku.edu/geohydro/wizard/wizardwelldetail.cfm?usgs_id=373925100395301","period":"2026 monitoring locations"}},{"type":"Feature","id":1093,"geometry":{"type":"Point","coordinates":[-101.01851,39.23453]},"properties":{"FID":1093,"USGS_ID":"383132100543101","LOCAL_WELL":"09S 33W 33BBB 01","website":"https://geohydro.kgs.ku.edu/geohydro/wizard/wizardwelldetail.cfm?usgs_id=383132100543101","name":"09S 33W 33BBB 01","recordUrl":"https://geohydro.kgs.ku.edu/geohydro/wizard/wizardwelldetail.cfm?usgs_id=383132100543101","period":"2026 monitoring locations"}},{"type":"Feature","id":1094,"geometry":{"type":"Point","coordinates":[-100.90871,38.52561]},"properties":{"FID":1094,"USGS_ID":"391404101010701","LOCAL_WELL":"18S 33W 01AAA 01","website":"https://geohydro.kgs.ku.edu/geohydro/wizard/wizardwelldetail.cfm?usgs_id=391404101010701","name":"18S 33W 01AAA 01","recordUrl":"https://geohydro.kgs.ku.edu/geohydro/wizard/wizardwelldetail.cfm?usgs_id=391404101010701","period":"2026 monitoring locations"}},{"type":"Feature","id":1095,"geometry":{"type":"Point","coordinates":[-101.72543,39.25142]},"properties":{"FID":1095,"USGS_ID":"391505101433101","LOCAL_WELL":"09S 39W 19CCC 02","website":"https://geohydro.kgs.ku.edu/geohydro/wizard/wizardwelldetail.cfm?usgs_id=391505101433101","name":"09S 39W 19CCC 02","recordUrl":"https://geohydro.kgs.ku.edu/geohydro/wizard/wizardwelldetail.cfm?usgs_id=391505101433101","period":"2026 monitoring locations"}},{"type":"Feature","id":1096,"geometry":{"type":"Point","coordinates":[-101.49571,39.87282]},"properties":{"FID":1096,"USGS_ID":"395222101294401","LOCAL_WELL":"02S 37W 17CDD 01","website":"https://geohydro.kgs.ku.edu/geohydro/wizard/wizardwelldetail.cfm?usgs_id=395222101294401","name":"02S 37W 17CDD 01","recordUrl":"https://geohydro.kgs.ku.edu/geohydro/wizard/wizardwelldetail.cfm?usgs_id=395222101294401","period":"2026 monitoring locations"}},{"type":"Feature","id":1097,"geometry":{"type":"Point","coordinates":[-100.97841,37.62748]},"properties":{"FID":1097,"USGS_ID":"373739100584201","LOCAL_WELL":"28S 33W 07CBB 01","website":"https://geohydro.kgs.ku.edu/geohydro/wizard/wizardwelldetail.cfm?usgs_id=373739100584201","name":"28S 33W 07CBB 01","recordUrl":"https://geohydro.kgs.ku.edu/geohydro/wizard/wizardwelldetail.cfm?usgs_id=373739100584201","period":"2026 monitoring locations"}},{"type":"Feature","id":1098,"geometry":{"type":"Point","coordinates":[-101.91949,39.57552]},"properties":{"FID":1098,"USGS_ID":"393429101550401","LOCAL_WELL":"05S 41W 34CBB 01","website":"https://geohydro.kgs.ku.edu/geohydro/wizard/wizardwelldetail.cfm?usgs_id=393429101550401","name":"05S 41W 34CBB 01","recordUrl":"https://geohydro.kgs.ku.edu/geohydro/wizard/wizardwelldetail.cfm?usgs_id=393429101550401","period":"2026 monitoring locations"}},{"type":"Feature","id":1099,"geometry":{"type":"Point","coordinates":[-101.34984,37.63021]},"properties":{"FID":1099,"USGS_ID":"373748101205501","LOCAL_WELL":"28S 37W 10ADB 01","website":"https://geohydro.kgs.ku.edu/geohydro/wizard/wizardwelldetail.cfm?usgs_id=373748101205501","name":"28S 37W 10ADB 01","recordUrl":"https://geohydro.kgs.ku.edu/geohydro/wizard/wizardwelldetail.cfm?usgs_id=373748101205501","period":"2026 monitoring locations"}},{"type":"Feature","id":1100,"geometry":{"type":"Point","coordinates":[-101.22575,39.62647]},"properties":{"FID":1100,"USGS_ID":"393738101132801","LOCAL_WELL":"05S 35W 11CCC 01","website":"https://geohydro.kgs.ku.edu/geohydro/wizard/wizardwelldetail.cfm?usgs_id=393738101132801","name":"05S 35W 11CCC 01","recordUrl":"https://geohydro.kgs.ku.edu/geohydro/wizard/wizardwelldetail.cfm?usgs_id=393738101132801","period":"2026 monitoring locations"}},{"type":"Feature","id":1101,"geometry":{"type":"Point","coordinates":[-100.7944,37.40206]},"properties":{"FID":1101,"USGS_ID":"372405100473901","LOCAL_WELL":"30S 32W 35BBA 01","website":"https://geohydro.kgs.ku.edu/geohydro/wizard/wizardwelldetail.cfm?usgs_id=372405100473901","name":"30S 32W 35BBA 01","recordUrl":"https://geohydro.kgs.ku.edu/geohydro/wizard/wizardwelldetail.cfm?usgs_id=372405100473901","period":"2026 monitoring locations"}},{"type":"Feature","id":1102,"geometry":{"type":"Point","coordinates":[-101.03818,38.072]},"properties":{"FID":1102,"USGS_ID":"380417101021301","LOCAL_WELL":"23S 34W 10ACB 01","website":"https://geohydro.kgs.ku.edu/geohydro/wizard/wizardwelldetail.cfm?usgs_id=380417101021301","name":"23S 34W 10ACB 01","recordUrl":"https://geohydro.kgs.ku.edu/geohydro/wizard/wizardwelldetail.cfm?usgs_id=380417101021301","period":"2026 monitoring locations"}},{"type":"Feature","id":1103,"geometry":{"type":"Point","coordinates":[-100.64578,39.58744]},"properties":{"FID":1103,"USGS_ID":"393523100383301","LOCAL_WELL":"05S 30W 25BBC 01","website":"https://geohydro.kgs.ku.edu/geohydro/wizard/wizardwelldetail.cfm?usgs_id=393523100383301","name":"05S 30W 25BBC 01","recordUrl":"https://geohydro.kgs.ku.edu/geohydro/wizard/wizardwelldetail.cfm?usgs_id=393523100383301","period":"2026 monitoring locations"}},{"type":"Feature","id":1104,"geometry":{"type":"Point","coordinates":[-100.72519,37.53885]},"properties":{"FID":1104,"USGS_ID":"373222100432601","LOCAL_WELL":"29S 31W 09CBB 01","website":"https://geohydro.kgs.ku.edu/geohydro/wizard/wizardwelldetail.cfm?usgs_id=373222100432601","name":"29S 31W 09CBB 01","recordUrl":"https://geohydro.kgs.ku.edu/geohydro/wizard/wizardwelldetail.cfm?usgs_id=373222100432601","period":"2026 monitoring locations"}},{"type":"Feature","id":1105,"geometry":{"type":"Point","coordinates":[-101.23756,38.54576]},"properties":{"FID":1105,"USGS_ID":"383247101141301","LOCAL_WELL":"17S 35W 30CBB 02","website":"https://geohydro.kgs.ku.edu/geohydro/wizard/wizardwelldetail.cfm?usgs_id=383247101141301","name":"17S 35W 30CBB 02","recordUrl":"https://geohydro.kgs.ku.edu/geohydro/wizard/wizardwelldetail.cfm?usgs_id=383247101141301","period":"2026 monitoring locations"}},{"type":"Feature","id":1106,"geometry":{"type":"Point","coordinates":[-98.12276,38.03612]},"properties":{"FID":1106,"USGS_ID":"380210098072201","LOCAL_WELL":"23S 07W 20BCC 01","website":"https://geohydro.kgs.ku.edu/geohydro/wizard/wizardwelldetail.cfm?usgs_id=380210098072201","name":"23S 07W 20BCC 01","recordUrl":"https://geohydro.kgs.ku.edu/geohydro/wizard/wizardwelldetail.cfm?usgs_id=380210098072201","period":"2026 monitoring locations"}},{"type":"Feature","id":1107,"geometry":{"type":"Point","coordinates":[-101.12995,39.45292]},"properties":{"FID":1107,"USGS_ID":"392713101074901","LOCAL_WELL":"07S 34W 08DDD 01","website":"https://geohydro.kgs.ku.edu/geohydro/wizard/wizardwelldetail.cfm?usgs_id=392713101074901","name":"07S 34W 08DDD 01","recordUrl":"https://geohydro.kgs.ku.edu/geohydro/wizard/wizardwelldetail.cfm?usgs_id=392713101074901","period":"2026 monitoring locations"}},{"type":"Feature","id":1108,"geometry":{"type":"Point","coordinates":[-101.50948,37.3296]},"properties":{"FID":1108,"USGS_ID":"371945101303401","LOCAL_WELL":"31S 39W 25ABB 01","website":"https://geohydro.kgs.ku.edu/geohydro/wizard/wizardwelldetail.cfm?usgs_id=371945101303401","name":"31S 39W 25ABB 01","recordUrl":"https://geohydro.kgs.ku.edu/geohydro/wizard/wizardwelldetail.cfm?usgs_id=371945101303401","period":"2026 monitoring locations"}},{"type":"Feature","id":1109,"geometry":{"type":"Point","coordinates":[-100.3733,39.45896]},"properties":{"FID":1109,"USGS_ID":"392745100221901","LOCAL_WELL":"07S 27W 07A 01","website":"https://geohydro.kgs.ku.edu/geohydro/wizard/wizardwelldetail.cfm?usgs_id=392745100221901","name":"07S 27W 07A 01","recordUrl":"https://geohydro.kgs.ku.edu/geohydro/wizard/wizardwelldetail.cfm?usgs_id=392745100221901","period":"2026 monitoring locations"}},{"type":"Feature","id":1110,"geometry":{"type":"Point","coordinates":[-97.92196,38.00182]},"properties":{"FID":1110,"USGS_ID":"380007097551401","LOCAL_WELL":"23S 05W 31CCB 01","website":"https://geohydro.kgs.ku.edu/geohydro/wizard/wizardwelldetail.cfm?usgs_id=380007097551401","name":"23S 05W 31CCB 01","recordUrl":"https://geohydro.kgs.ku.edu/geohydro/wizard/wizardwelldetail.cfm?usgs_id=380007097551401","period":"2026 monitoring locations"}},{"type":"Feature","id":1111,"geometry":{"type":"Point","coordinates":[-101.0711,37.96333]},"properties":{"FID":1111,"USGS_ID":"375749101041801","LOCAL_WELL":"24S 34W 17DCA 01","website":"https://geohydro.kgs.ku.edu/geohydro/wizard/wizardwelldetail.cfm?usgs_id=375749101041801","name":"24S 34W 17DCA 01","recordUrl":"https://geohydro.kgs.ku.edu/geohydro/wizard/wizardwelldetail.cfm?usgs_id=375749101041801","period":"2026 monitoring locations"}},{"type":"Feature","id":1112,"geometry":{"type":"Point","coordinates":[-100.69525,39.37987]},"properties":{"FID":1112,"USGS_ID":"392249100413701","LOCAL_WELL":"08S 30W 05CDD 01","website":"https://geohydro.kgs.ku.edu/geohydro/wizard/wizardwelldetail.cfm?usgs_id=392249100413701","name":"08S 30W 05CDD 01","recordUrl":"https://geohydro.kgs.ku.edu/geohydro/wizard/wizardwelldetail.cfm?usgs_id=392249100413701","period":"2026 monitoring locations"}},{"type":"Feature","id":1113,"geometry":{"type":"Point","coordinates":[-101.25177,39.72482]},"properties":{"FID":1113,"USGS_ID":"394333101145701","LOCAL_WELL":"04S 35W 09AB 01","website":"https://geohydro.kgs.ku.edu/geohydro/wizard/wizardwelldetail.cfm?usgs_id=394333101145701","name":"04S 35W 09AB 01","recordUrl":"https://geohydro.kgs.ku.edu/geohydro/wizard/wizardwelldetail.cfm?usgs_id=394333101145701","period":"2026 monitoring locations"}},{"type":"Feature","id":1114,"geometry":{"type":"Point","coordinates":[-101.15581,39.72711]},"properties":{"FID":1114,"USGS_ID":"394336101091801","LOCAL_WELL":"04S 34W 08ABA 02","website":"https://geohydro.kgs.ku.edu/geohydro/wizard/wizardwelldetail.cfm?usgs_id=394336101091801","name":"04S 34W 08ABA 02","recordUrl":"https://geohydro.kgs.ku.edu/geohydro/wizard/wizardwelldetail.cfm?usgs_id=394336101091801","period":"2026 monitoring locations"}},{"type":"Feature","id":1115,"geometry":{"type":"Point","coordinates":[-100.75269,39.53614]},"properties":{"FID":1115,"USGS_ID":"393207100451301","LOCAL_WELL":"06S 31W 14BCA 01","website":"https://geohydro.kgs.ku.edu/geohydro/wizard/wizardwelldetail.cfm?usgs_id=393207100451301","name":"06S 31W 14BCA 01","recordUrl":"https://geohydro.kgs.ku.edu/geohydro/wizard/wizardwelldetail.cfm?usgs_id=393207100451301","period":"2026 monitoring locations"}},{"type":"Feature","id":1116,"geometry":{"type":"Point","coordinates":[-100.91009,39.31434]},"properties":{"FID":1116,"USGS_ID":"391849100543201","LOCAL_WELL":"08S 32W 32DAA 01","website":"https://geohydro.kgs.ku.edu/geohydro/wizard/wizardwelldetail.cfm?usgs_id=391849100543201","name":"08S 32W 32DAA 01","recordUrl":"https://geohydro.kgs.ku.edu/geohydro/wizard/wizardwelldetail.cfm?usgs_id=391849100543201","period":"2026 monitoring locations"}},{"type":"Feature","id":1117,"geometry":{"type":"Point","coordinates":[-100.72402,37.88353]},"properties":{"FID":1117,"USGS_ID":"375257100432901","LOCAL_WELL":"25S 31W 16ACA 01","website":"https://geohydro.kgs.ku.edu/geohydro/wizard/wizardwelldetail.cfm?usgs_id=375257100432901","name":"25S 31W 16ACA 01","recordUrl":"https://geohydro.kgs.ku.edu/geohydro/wizard/wizardwelldetail.cfm?usgs_id=375257100432901","period":"2026 monitoring locations"}},{"type":"Feature","id":1118,"geometry":{"type":"Point","coordinates":[-101.08387,37.39871]},"properties":{"FID":1118,"USGS_ID":"372352101046001","LOCAL_WELL":"30S 34W 31BDB 01","website":"https://geohydro.kgs.ku.edu/geohydro/wizard/wizardwelldetail.cfm?usgs_id=372352101046001","name":"30S 34W 31BDB 01","recordUrl":"https://geohydro.kgs.ku.edu/geohydro/wizard/wizardwelldetail.cfm?usgs_id=372352101046001","period":"2026 monitoring locations"}},{"type":"Feature","id":1119,"geometry":{"type":"Point","coordinates":[-101.05663,37.32203]},"properties":{"FID":1119,"USGS_ID":"371916101031901","LOCAL_WELL":"31S 34W 30DBA 01","website":"https://geohydro.kgs.ku.edu/geohydro/wizard/wizardwelldetail.cfm?usgs_id=371916101031901","name":"31S 34W 30DBA 01","recordUrl":"https://geohydro.kgs.ku.edu/geohydro/wizard/wizardwelldetail.cfm?usgs_id=371916101031901","period":"2026 monitoring locations"}},{"type":"Feature","id":1120,"geometry":{"type":"Point","coordinates":[-100.80715,37.31916]},"properties":{"FID":1120,"USGS_ID":"371907100481601","LOCAL_WELL":"31S 32W 28DCA 01","website":"https://geohydro.kgs.ku.edu/geohydro/wizard/wizardwelldetail.cfm?usgs_id=371907100481601","name":"31S 32W 28DCA 01","recordUrl":"https://geohydro.kgs.ku.edu/geohydro/wizard/wizardwelldetail.cfm?usgs_id=371907100481601","period":"2026 monitoring locations"}},{"type":"Feature","id":1121,"geometry":{"type":"Point","coordinates":[-98.18482,38.0427]},"properties":{"FID":1121,"USGS_ID":"380229098110801","LOCAL_WELL":"23S 08W 22AB 01","website":"https://geohydro.kgs.ku.edu/geohydro/wizard/wizardwelldetail.cfm?usgs_id=380229098110801","name":"23S 08W 22AB 01","recordUrl":"https://geohydro.kgs.ku.edu/geohydro/wizard/wizardwelldetail.cfm?usgs_id=380229098110801","period":"2026 monitoring locations"}},{"type":"Feature","id":1122,"geometry":{"type":"Point","coordinates":[-100.76937,39.28721]},"properties":{"FID":1122,"USGS_ID":"391711100460701","LOCAL_WELL":"09S 31W 10BDD 01","website":"https://geohydro.kgs.ku.edu/geohydro/wizard/wizardwelldetail.cfm?usgs_id=391711100460701","name":"09S 31W 10BDD 01","recordUrl":"https://geohydro.kgs.ku.edu/geohydro/wizard/wizardwelldetail.cfm?usgs_id=391711100460701","period":"2026 monitoring locations"}},{"type":"Feature","id":1123,"geometry":{"type":"Point","coordinates":[-98.70642,38.14925]},"properties":{"FID":1123,"USGS_ID":"380855098421602","LOCAL_WELL":"22S 13W 12CAC 02","website":"https://geohydro.kgs.ku.edu/geohydro/wizard/wizardwelldetail.cfm?usgs_id=380855098421602","name":"22S 13W 12CAC 02","recordUrl":"https://geohydro.kgs.ku.edu/geohydro/wizard/wizardwelldetail.cfm?usgs_id=380855098421602","period":"2026 monitoring locations"}},{"type":"Feature","id":1124,"geometry":{"type":"Point","coordinates":[-98.6548,38.36562]},"properties":{"FID":1124,"USGS_ID":"382202098391202","LOCAL_WELL":"19S 12W 28DBC 02","website":"https://geohydro.kgs.ku.edu/geohydro/wizard/wizardwelldetail.cfm?usgs_id=382202098391202","name":"19S 12W 28DBC 02","recordUrl":"https://geohydro.kgs.ku.edu/geohydro/wizard/wizardwelldetail.cfm?usgs_id=382202098391202","period":"2026 monitoring locations"}},{"type":"Feature","id":1125,"geometry":{"type":"Point","coordinates":[-99.18251,38.11465]},"properties":{"FID":1125,"USGS_ID":"380648099105801","LOCAL_WELL":"22S 17W 27BBD 01","website":"https://geohydro.kgs.ku.edu/geohydro/wizard/wizardwelldetail.cfm?usgs_id=380648099105801","name":"22S 17W 27BBD 01","recordUrl":"https://geohydro.kgs.ku.edu/geohydro/wizard/wizardwelldetail.cfm?usgs_id=380648099105801","period":"2026 monitoring locations"}},{"type":"Feature","id":1126,"geometry":{"type":"Point","coordinates":[-100.18003,37.46713]},"properties":{"FID":1126,"USGS_ID":"372802100104801","LOCAL_WELL":"30S 26W 04CBB 02","website":"https://geohydro.kgs.ku.edu/geohydro/wizard/wizardwelldetail.cfm?usgs_id=372802100104801","name":"30S 26W 04CBB 02","recordUrl":"https://geohydro.kgs.ku.edu/geohydro/wizard/wizardwelldetail.cfm?usgs_id=372802100104801","period":"2026 monitoring locations"}},{"type":"Feature","id":1127,"geometry":{"type":"Point","coordinates":[-101.90646,37.80872]},"properties":{"FID":1127,"USGS_ID":"374826101541404","LOCAL_WELL":"26S 42W 10BBB 04","website":"https://geohydro.kgs.ku.edu/geohydro/wizard/wizardwelldetail.cfm?usgs_id=374826101541404","name":"26S 42W 10BBB 04","recordUrl":"https://geohydro.kgs.ku.edu/geohydro/wizard/wizardwelldetail.cfm?usgs_id=374826101541404","period":"2026 monitoring locations"}},{"type":"Feature","id":1128,"geometry":{"type":"Point","coordinates":[-101.08211,38.57892]},"properties":{"FID":1128,"USGS_ID":"383448101044802","LOCAL_WELL":"17S 34W 16ACB 02","website":"https://geohydro.kgs.ku.edu/geohydro/wizard/wizardwelldetail.cfm?usgs_id=383448101044802","name":"17S 34W 16ACB 02","recordUrl":"https://geohydro.kgs.ku.edu/geohydro/wizard/wizardwelldetail.cfm?usgs_id=383448101044802","period":"2026 monitoring locations"}},{"type":"Feature","id":1129,"geometry":{"type":"Point","coordinates":[-97.73211,38.18844]},"properties":{"FID":1129,"USGS_ID":"381122097435903","LOCAL_WELL":"21S 04W 26CDC 03","website":"https://geohydro.kgs.ku.edu/geohydro/wizard/wizardwelldetail.cfm?usgs_id=381122097435903","name":"21S 04W 26CDC 03","recordUrl":"https://geohydro.kgs.ku.edu/geohydro/wizard/wizardwelldetail.cfm?usgs_id=381122097435903","period":"2026 monitoring locations"}},{"type":"Feature","id":1130,"geometry":{"type":"Point","coordinates":[-100.48736,37.88577]},"properties":{"FID":1130,"USGS_ID":"375309100291401","LOCAL_WELL":"25S 29W 10DDC 01","website":"https://geohydro.kgs.ku.edu/geohydro/wizard/wizardwelldetail.cfm?usgs_id=375309100291401","name":"25S 29W 10DDC 01","recordUrl":"https://geohydro.kgs.ku.edu/geohydro/wizard/wizardwelldetail.cfm?usgs_id=375309100291401","period":"2026 monitoring locations"}},{"type":"Feature","id":1131,"geometry":{"type":"Point","coordinates":[-98.23662,37.75374]},"properties":{"FID":1131,"USGS_ID":"374512098140901","LOCAL_WELL":"26S 08W 30DBB 01","website":"https://geohydro.kgs.ku.edu/geohydro/wizard/wizardwelldetail.cfm?usgs_id=374512098140901","name":"26S 08W 30DBB 01","recordUrl":"https://geohydro.kgs.ku.edu/geohydro/wizard/wizardwelldetail.cfm?usgs_id=374512098140901","period":"2026 monitoring locations"}},{"type":"Feature","id":1132,"geometry":{"type":"Point","coordinates":[-97.47795,38.03881]},"properties":{"FID":1132,"USGS_ID":"380220097284101","LOCAL_WELL":"23S 01W 19BCA 01","website":"https://geohydro.kgs.ku.edu/geohydro/wizard/wizardwelldetail.cfm?usgs_id=380220097284101","name":"23S 01W 19BCA 01","recordUrl":"https://geohydro.kgs.ku.edu/geohydro/wizard/wizardwelldetail.cfm?usgs_id=380220097284101","period":"2026 monitoring locations"}},{"type":"Feature","id":1133,"geometry":{"type":"Point","coordinates":[-98.44267,37.74355]},"properties":{"FID":1133,"USGS_ID":"374439098262102","LOCAL_WELL":"26S 10W 32BBD 02","website":"https://geohydro.kgs.ku.edu/geohydro/wizard/wizardwelldetail.cfm?usgs_id=374439098262102","name":"26S 10W 32BBD 02","recordUrl":"https://geohydro.kgs.ku.edu/geohydro/wizard/wizardwelldetail.cfm?usgs_id=374439098262102","period":"2026 monitoring locations"}},{"type":"Feature","id":1134,"geometry":{"type":"Point","coordinates":[-100.61399,39.9516]},"properties":{"FID":1134,"USGS_ID":"395706100365001","LOCAL_WELL":"01S 29W 19ACD 01","website":"https://geohydro.kgs.ku.edu/geohydro/wizard/wizardwelldetail.cfm?usgs_id=395706100365001","name":"01S 29W 19ACD 01","recordUrl":"https://geohydro.kgs.ku.edu/geohydro/wizard/wizardwelldetail.cfm?usgs_id=395706100365001","period":"2026 monitoring locations"}},{"type":"Feature","id":1135,"geometry":{"type":"Point","coordinates":[-100.87053,37.7307]},"properties":{"FID":1135,"USGS_ID":"374343100520802","LOCAL_WELL":"27S 32W 06BCC 01","website":"https://geohydro.kgs.ku.edu/geohydro/wizard/wizardwelldetail.cfm?usgs_id=374343100520802","name":"27S 32W 06BCC 01","recordUrl":"https://geohydro.kgs.ku.edu/geohydro/wizard/wizardwelldetail.cfm?usgs_id=374343100520802","period":"2026 monitoring locations"}},{"type":"Feature","id":1136,"geometry":{"type":"Point","coordinates":[-98.71007,38.29379]},"properties":{"FID":1136,"USGS_ID":"381734098423002","LOCAL_WELL":"20S 13W 24DCB 02","website":"https://geohydro.kgs.ku.edu/geohydro/wizard/wizardwelldetail.cfm?usgs_id=381734098423002","name":"20S 13W 24DCB 02","recordUrl":"https://geohydro.kgs.ku.edu/geohydro/wizard/wizardwelldetail.cfm?usgs_id=381734098423002","period":"2026 monitoring locations"}},{"type":"Feature","id":1137,"geometry":{"type":"Point","coordinates":[-98.84417,38.21416]},"properties":{"FID":1137,"USGS_ID":"381253098503402","LOCAL_WELL":"21S 14W 22AAC 02","website":"https://geohydro.kgs.ku.edu/geohydro/wizard/wizardwelldetail.cfm?usgs_id=381253098503402","name":"21S 14W 22AAC 02","recordUrl":"https://geohydro.kgs.ku.edu/geohydro/wizard/wizardwelldetail.cfm?usgs_id=381253098503402","period":"2026 monitoring locations"}},{"type":"Feature","id":1138,"geometry":{"type":"Point","coordinates":[-97.67558,38.11231]},"properties":{"FID":1138,"USGS_ID":"380647097402902","LOCAL_WELL":"22S 03W 29BDB 01","website":"https://geohydro.kgs.ku.edu/geohydro/wizard/wizardwelldetail.cfm?usgs_id=380647097402902","name":"22S 03W 29BDB 01","recordUrl":"https://geohydro.kgs.ku.edu/geohydro/wizard/wizardwelldetail.cfm?usgs_id=380647097402902","period":"2026 monitoring locations"}},{"type":"Feature","id":1139,"geometry":{"type":"Point","coordinates":[-100.42501,37.33039]},"properties":{"FID":1139,"USGS_ID":"371949100253001","LOCAL_WELL":"31S 29W 24DCC 01","website":"https://geohydro.kgs.ku.edu/geohydro/wizard/wizardwelldetail.cfm?usgs_id=371949100253001","name":"31S 29W 24DCC 01","recordUrl":"https://geohydro.kgs.ku.edu/geohydro/wizard/wizardwelldetail.cfm?usgs_id=371949100253001","period":"2026 monitoring locations"}},{"type":"Feature","id":1140,"geometry":{"type":"Point","coordinates":[-101.25826,37.67819]},"properties":{"FID":1140,"USGS_ID":"374047101153402","LOCAL_WELL":"27S 36W 21DCD 01","website":"https://geohydro.kgs.ku.edu/geohydro/wizard/wizardwelldetail.cfm?usgs_id=374047101153402","name":"27S 36W 21DCD 01","recordUrl":"https://geohydro.kgs.ku.edu/geohydro/wizard/wizardwelldetail.cfm?usgs_id=374047101153402","period":"2026 monitoring locations"}},{"type":"Feature","id":1141,"geometry":{"type":"Point","coordinates":[-102.04489,38.88607]},"properties":{"FID":1141,"USGS_ID":"385314102024202","LOCAL_WELL":"13S 43W 36ABB 02","website":"https://geohydro.kgs.ku.edu/geohydro/wizard/wizardwelldetail.cfm?usgs_id=385314102024202","name":"13S 43W 36ABB 02","recordUrl":"https://geohydro.kgs.ku.edu/geohydro/wizard/wizardwelldetail.cfm?usgs_id=385314102024202","period":"2026 monitoring locations"}},{"type":"Feature","id":1142,"geometry":{"type":"Point","coordinates":[-101.42277,39.16394]},"properties":{"FID":1142,"USGS_ID":"390951101252201","LOCAL_WELL":"10S 37W 23CDD 01","website":"https://geohydro.kgs.ku.edu/geohydro/wizard/wizardwelldetail.cfm?usgs_id=390951101252201","name":"10S 37W 23CDD 01","recordUrl":"https://geohydro.kgs.ku.edu/geohydro/wizard/wizardwelldetail.cfm?usgs_id=390951101252201","period":"2026 monitoring locations"}},{"type":"Feature","id":1143,"geometry":{"type":"Point","coordinates":[-102.02773,37.99383]},"properties":{"FID":1143,"USGS_ID":"375937102013901","LOCAL_WELL":"24S 43W 03BDD 01","website":"https://geohydro.kgs.ku.edu/geohydro/wizard/wizardwelldetail.cfm?usgs_id=375937102013901","name":"24S 43W 03BDD 01","recordUrl":"https://geohydro.kgs.ku.edu/geohydro/wizard/wizardwelldetail.cfm?usgs_id=375937102013901","period":"2026 monitoring locations"}},{"type":"Feature","id":1144,"geometry":{"type":"Point","coordinates":[-101.52543,37.53626]},"properties":{"FID":1144,"USGS_ID":"373211101313201","LOCAL_WELL":"29S 38W 07CCB 01","website":"https://geohydro.kgs.ku.edu/geohydro/wizard/wizardwelldetail.cfm?usgs_id=373211101313201","name":"29S 38W 07CCB 01","recordUrl":"https://geohydro.kgs.ku.edu/geohydro/wizard/wizardwelldetail.cfm?usgs_id=373211101313201","period":"2026 monitoring locations"}},{"type":"Feature","id":1145,"geometry":{"type":"Point","coordinates":[-102.02717,37.3348]},"properties":{"FID":1145,"USGS_ID":"372005102013801","LOCAL_WELL":"31S 43W 20CBC 01","website":"https://geohydro.kgs.ku.edu/geohydro/wizard/wizardwelldetail.cfm?usgs_id=372005102013801","name":"31S 43W 20CBC 01","recordUrl":"https://geohydro.kgs.ku.edu/geohydro/wizard/wizardwelldetail.cfm?usgs_id=372005102013801","period":"2026 monitoring locations"}},{"type":"Feature","id":1146,"geometry":{"type":"Point","coordinates":[-100.99592,37.35388]},"properties":{"FID":1146,"USGS_ID":"372113100594501","LOCAL_WELL":"31S 34W 15ADA 01","website":"https://geohydro.kgs.ku.edu/geohydro/wizard/wizardwelldetail.cfm?usgs_id=372113100594501","name":"31S 34W 15ADA 01","recordUrl":"https://geohydro.kgs.ku.edu/geohydro/wizard/wizardwelldetail.cfm?usgs_id=372113100594501","period":"2026 monitoring locations"}},{"type":"Feature","id":1147,"geometry":{"type":"Point","coordinates":[-100.02493,39.87818]},"properties":{"FID":1147,"USGS_ID":"395245100012901","LOCAL_WELL":"02S 24W 16ADC 01","website":"https://geohydro.kgs.ku.edu/geohydro/wizard/wizardwelldetail.cfm?usgs_id=395245100012901","name":"02S 24W 16ADC 01","recordUrl":"https://geohydro.kgs.ku.edu/geohydro/wizard/wizardwelldetail.cfm?usgs_id=395245100012901","period":"2026 monitoring locations"}},{"type":"Feature","id":1148,"geometry":{"type":"Point","coordinates":[-100.72979,39.87981]},"properties":{"FID":1148,"USGS_ID":"395247100434701","LOCAL_WELL":"02S 30W 18ACC 01","website":"https://geohydro.kgs.ku.edu/geohydro/wizard/wizardwelldetail.cfm?usgs_id=395247100434701","name":"02S 30W 18ACC 01","recordUrl":"https://geohydro.kgs.ku.edu/geohydro/wizard/wizardwelldetail.cfm?usgs_id=395247100434701","period":"2026 monitoring locations"}},{"type":"Feature","id":1149,"geometry":{"type":"Point","coordinates":[-101.30014,37.9109]},"properties":{"FID":1149,"USGS_ID":"375439101180101","LOCAL_WELL":"25S 36W 05BCA 01","website":"https://geohydro.kgs.ku.edu/geohydro/wizard/wizardwelldetail.cfm?usgs_id=375439101180101","name":"25S 36W 05BCA 01","recordUrl":"https://geohydro.kgs.ku.edu/geohydro/wizard/wizardwelldetail.cfm?usgs_id=375439101180101","period":"2026 monitoring locations"}},{"type":"Feature","id":1150,"geometry":{"type":"Point","coordinates":[-100.6553,37.92993]},"properties":{"FID":1150,"USGS_ID":"375548100391901","LOCAL_WELL":"24S 30W 31ABB 01","website":"https://geohydro.kgs.ku.edu/geohydro/wizard/wizardwelldetail.cfm?usgs_id=375548100391901","name":"24S 30W 31ABB 01","recordUrl":"https://geohydro.kgs.ku.edu/geohydro/wizard/wizardwelldetail.cfm?usgs_id=375548100391901","period":"2026 monitoring locations"}},{"type":"Feature","id":1151,"geometry":{"type":"Point","coordinates":[-100.57433,37.85116]},"properties":{"FID":1151,"USGS_ID":"375104100342401","LOCAL_WELL":"25S 30W 25BCC 01","website":"https://geohydro.kgs.ku.edu/geohydro/wizard/wizardwelldetail.cfm?usgs_id=375104100342401","name":"25S 30W 25BCC 01","recordUrl":"https://geohydro.kgs.ku.edu/geohydro/wizard/wizardwelldetail.cfm?usgs_id=375104100342401","period":"2026 monitoring locations"}},{"type":"Feature","id":1152,"geometry":{"type":"Point","coordinates":[-98.89878,38.35804]},"properties":{"FID":1152,"USGS_ID":"382129098535601","LOCAL_WELL":"19S 14W 32B 01","website":"https://geohydro.kgs.ku.edu/geohydro/wizard/wizardwelldetail.cfm?usgs_id=382129098535601","name":"19S 14W 32B 01","recordUrl":"https://geohydro.kgs.ku.edu/geohydro/wizard/wizardwelldetail.cfm?usgs_id=382129098535601","period":"2026 monitoring locations"}},{"type":"Feature","id":1153,"geometry":{"type":"Point","coordinates":[-101.66242,37.06729]},"properties":{"FID":1153,"USGS_ID":"370402101394401","LOCAL_WELL":"34S 40W 27BBB 01","website":"https://geohydro.kgs.ku.edu/geohydro/wizard/wizardwelldetail.cfm?usgs_id=370402101394401","name":"34S 40W 27BBB 01","recordUrl":"https://geohydro.kgs.ku.edu/geohydro/wizard/wizardwelldetail.cfm?usgs_id=370402101394401","period":"2026 monitoring locations"}},{"type":"Feature","id":1154,"geometry":{"type":"Point","coordinates":[-101.30256,37.02507]},"properties":{"FID":1154,"USGS_ID":"370130101180902","LOCAL_WELL":"35S 37W 02DDD 02","website":"https://geohydro.kgs.ku.edu/geohydro/wizard/wizardwelldetail.cfm?usgs_id=370130101180902","name":"35S 37W 02DDD 02","recordUrl":"https://geohydro.kgs.ku.edu/geohydro/wizard/wizardwelldetail.cfm?usgs_id=370130101180902","period":"2026 monitoring locations"}},{"type":"Feature","id":1155,"geometry":{"type":"Point","coordinates":[-100.89506,37.00918]},"properties":{"FID":1155,"USGS_ID":"370033100534202","LOCAL_WELL":"35S 33W 15ABC 02","website":"https://geohydro.kgs.ku.edu/geohydro/wizard/wizardwelldetail.cfm?usgs_id=370033100534202","name":"35S 33W 15ABC 02","recordUrl":"https://geohydro.kgs.ku.edu/geohydro/wizard/wizardwelldetail.cfm?usgs_id=370033100534202","period":"2026 monitoring locations"}},{"type":"Feature","id":1156,"geometry":{"type":"Point","coordinates":[-100.68115,37.07567]},"properties":{"FID":1156,"USGS_ID":"370434100405203","LOCAL_WELL":"34S 31W 22BDD 03","website":"https://geohydro.kgs.ku.edu/geohydro/wizard/wizardwelldetail.cfm?usgs_id=370434100405203","name":"34S 31W 22BDD 03","recordUrl":"https://geohydro.kgs.ku.edu/geohydro/wizard/wizardwelldetail.cfm?usgs_id=370434100405203","period":"2026 monitoring locations"}},{"type":"Feature","id":1157,"geometry":{"type":"Point","coordinates":[-98.84684,38.38864]},"properties":{"FID":1157,"USGS_ID":"382319098505101","LOCAL_WELL":"19S 14W 23BBC 02","website":"https://geohydro.kgs.ku.edu/geohydro/wizard/wizardwelldetail.cfm?usgs_id=382319098505101","name":"19S 14W 23BBC 02","recordUrl":"https://geohydro.kgs.ku.edu/geohydro/wizard/wizardwelldetail.cfm?usgs_id=382319098505101","period":"2026 monitoring locations"}},{"type":"Feature","id":1158,"geometry":{"type":"Point","coordinates":[-99.23722,37.83637]},"properties":{"FID":1158,"USGS_ID":"375008099141502","LOCAL_WELL":"25S 17W 31BBD 02","website":"https://geohydro.kgs.ku.edu/geohydro/wizard/wizardwelldetail.cfm?usgs_id=375008099141502","name":"25S 17W 31BBD 02","recordUrl":"https://geohydro.kgs.ku.edu/geohydro/wizard/wizardwelldetail.cfm?usgs_id=375008099141502","period":"2026 monitoring locations"}},{"type":"Feature","id":1159,"geometry":{"type":"Point","coordinates":[-100.78093,37.9283]},"properties":{"FID":1159,"USGS_ID":"375536100465502","LOCAL_WELL":"24S 32W 36ABC 01","website":"https://geohydro.kgs.ku.edu/geohydro/wizard/wizardwelldetail.cfm?usgs_id=375536100465502","name":"24S 32W 36ABC 01","recordUrl":"https://geohydro.kgs.ku.edu/geohydro/wizard/wizardwelldetail.cfm?usgs_id=375536100465502","period":"2026 monitoring locations"}},{"type":"Feature","id":1160,"geometry":{"type":"Point","coordinates":[-101.97584,38.90281]},"properties":{"FID":1160,"USGS_ID":"385410101583301","LOCAL_WELL":"13S 42W 22CDB 01","website":"https://geohydro.kgs.ku.edu/geohydro/wizard/wizardwelldetail.cfm?usgs_id=385410101583301","name":"13S 42W 22CDB 01","recordUrl":"https://geohydro.kgs.ku.edu/geohydro/wizard/wizardwelldetail.cfm?usgs_id=385410101583301","period":"2026 monitoring locations"}},{"type":"Feature","id":1161,"geometry":{"type":"Point","coordinates":[-99.95561,37.7028]},"properties":{"FID":1161,"USGS_ID":"374146099571102","LOCAL_WELL":"27S 24W 16BAC 01","website":"https://geohydro.kgs.ku.edu/geohydro/wizard/wizardwelldetail.cfm?usgs_id=374146099571102","name":"27S 24W 16BAC 01","recordUrl":"https://geohydro.kgs.ku.edu/geohydro/wizard/wizardwelldetail.cfm?usgs_id=374146099571102","period":"2026 monitoring locations"}},{"type":"Feature","id":1162,"geometry":{"type":"Point","coordinates":[-100.80936,37.70025]},"properties":{"FID":1162,"USGS_ID":"374201100483301","LOCAL_WELL":"27S 32W 15CAB 02","website":"https://geohydro.kgs.ku.edu/geohydro/wizard/wizardwelldetail.cfm?usgs_id=374201100483301","name":"27S 32W 15CAB 02","recordUrl":"https://geohydro.kgs.ku.edu/geohydro/wizard/wizardwelldetail.cfm?usgs_id=374201100483301","period":"2026 monitoring locations"}},{"type":"Feature","id":1163,"geometry":{"type":"Point","coordinates":[-98.9396,37.5009]},"properties":{"FID":1163,"USGS_ID":"373003098562301","LOCAL_WELL":"29S 15W 22DDD 01","website":"https://geohydro.kgs.ku.edu/geohydro/wizard/wizardwelldetail.cfm?usgs_id=373003098562301","name":"29S 15W 22DDD 01","recordUrl":"https://geohydro.kgs.ku.edu/geohydro/wizard/wizardwelldetail.cfm?usgs_id=373003098562301","period":"2026 monitoring locations"}},{"type":"Feature","id":1164,"geometry":{"type":"Point","coordinates":[-101.47607,38.49771]},"properties":{"FID":1164,"USGS_ID":"382551101283301","LOCAL_WELL":"18S 38W 12CCB 02","website":"https://geohydro.kgs.ku.edu/geohydro/wizard/wizardwelldetail.cfm?usgs_id=382551101283301","name":"18S 38W 12CCB 02","recordUrl":"https://geohydro.kgs.ku.edu/geohydro/wizard/wizardwelldetail.cfm?usgs_id=382551101283301","period":"2026 monitoring locations"}},{"type":"Feature","id":1165,"geometry":{"type":"Point","coordinates":[-100.56413,37.16269]},"properties":{"FID":1165,"USGS_ID":"370945100335101","LOCAL_WELL":"33S 30W 22ADD 01","website":"https://geohydro.kgs.ku.edu/geohydro/wizard/wizardwelldetail.cfm?usgs_id=370945100335101","name":"33S 30W 22ADD 01","recordUrl":"https://geohydro.kgs.ku.edu/geohydro/wizard/wizardwelldetail.cfm?usgs_id=370945100335101","period":"2026 monitoring locations"}},{"type":"Feature","id":1166,"geometry":{"type":"Point","coordinates":[-100.56021,38.59267]},"properties":{"FID":1166,"USGS_ID":"383528100334601","LOCAL_WELL":"17S 29W 07DAA 01","website":"https://geohydro.kgs.ku.edu/geohydro/wizard/wizardwelldetail.cfm?usgs_id=383528100334601","name":"17S 29W 07DAA 01","recordUrl":"https://geohydro.kgs.ku.edu/geohydro/wizard/wizardwelldetail.cfm?usgs_id=383528100334601","period":"2026 monitoring locations"}},{"type":"Feature","id":1167,"geometry":{"type":"Point","coordinates":[-101.00778,37.56886]},"properties":{"FID":1167,"USGS_ID":"373406101002601","LOCAL_WELL":"28S 34W 35CBB 01","website":"https://geohydro.kgs.ku.edu/geohydro/wizard/wizardwelldetail.cfm?usgs_id=373406101002601","name":"28S 34W 35CBB 01","recordUrl":"https://geohydro.kgs.ku.edu/geohydro/wizard/wizardwelldetail.cfm?usgs_id=373406101002601","period":"2026 monitoring locations"}},{"type":"Feature","id":1168,"geometry":{"type":"Point","coordinates":[-100.17458,37.734]},"properties":{"FID":1168,"USGS_ID":"374402100102801","LOCAL_WELL":"27S 26W 04BBD 01","website":"https://geohydro.kgs.ku.edu/geohydro/wizard/wizardwelldetail.cfm?usgs_id=374402100102801","name":"27S 26W 04BBD 01","recordUrl":"https://geohydro.kgs.ku.edu/geohydro/wizard/wizardwelldetail.cfm?usgs_id=374402100102801","period":"2026 monitoring locations"}},{"type":"Feature","id":1169,"geometry":{"type":"Point","coordinates":[-99.83475,37.51692]},"properties":{"FID":1169,"USGS_ID":"373100099500501","LOCAL_WELL":"29S 23W 16DDB 01","website":"https://geohydro.kgs.ku.edu/geohydro/wizard/wizardwelldetail.cfm?usgs_id=373100099500501","name":"29S 23W 16DDB 01","recordUrl":"https://geohydro.kgs.ku.edu/geohydro/wizard/wizardwelldetail.cfm?usgs_id=373100099500501","period":"2026 monitoring locations"}},{"type":"Feature","id":1170,"geometry":{"type":"Point","coordinates":[-99.29126,37.71521]},"properties":{"FID":1170,"USGS_ID":"374254099172801","LOCAL_WELL":"27S 18W 09ABD 01","website":"https://geohydro.kgs.ku.edu/geohydro/wizard/wizardwelldetail.cfm?usgs_id=374254099172801","name":"27S 18W 09ABD 01","recordUrl":"https://geohydro.kgs.ku.edu/geohydro/wizard/wizardwelldetail.cfm?usgs_id=374254099172801","period":"2026 monitoring locations"}},{"type":"Feature","id":1171,"geometry":{"type":"Point","coordinates":[-101.3286,37.06538]},"properties":{"FID":1171,"USGS_ID":"370356101194502","LOCAL_WELL":"34S 37W 27ABC 03","website":"https://geohydro.kgs.ku.edu/geohydro/wizard/wizardwelldetail.cfm?usgs_id=370356101194502","name":"34S 37W 27ABC 03","recordUrl":"https://geohydro.kgs.ku.edu/geohydro/wizard/wizardwelldetail.cfm?usgs_id=370356101194502","period":"2026 monitoring locations"}},{"type":"Feature","id":1172,"geometry":{"type":"Point","coordinates":[-101.83914,39.72297]},"properties":{"FID":1172,"USGS_ID":"394322101502101","LOCAL_WELL":"04S 40W 08BCA 01","website":"https://geohydro.kgs.ku.edu/geohydro/wizard/wizardwelldetail.cfm?usgs_id=394322101502101","name":"04S 40W 08BCA 01","recordUrl":"https://geohydro.kgs.ku.edu/geohydro/wizard/wizardwelldetail.cfm?usgs_id=394322101502101","period":"2026 monitoring locations"}},{"type":"Feature","id":1173,"geometry":{"type":"Point","coordinates":[-101.67139,37.55062]},"properties":{"FID":1173,"USGS_ID":"373302101401701","LOCAL_WELL":"29S 40W 02CCB 02","website":"https://geohydro.kgs.ku.edu/geohydro/wizard/wizardwelldetail.cfm?usgs_id=373302101401701","name":"29S 40W 02CCB 02","recordUrl":"https://geohydro.kgs.ku.edu/geohydro/wizard/wizardwelldetail.cfm?usgs_id=373302101401701","period":"2026 monitoring locations"}},{"type":"Feature","id":1174,"geometry":{"type":"Point","coordinates":[-101.6286,37.16394]},"properties":{"FID":1174,"USGS_ID":"374135101374301","LOCAL_WELL":"33S 40W 23ADD 01","website":"https://geohydro.kgs.ku.edu/geohydro/wizard/wizardwelldetail.cfm?usgs_id=374135101374301","name":"33S 40W 23ADD 01","recordUrl":"https://geohydro.kgs.ku.edu/geohydro/wizard/wizardwelldetail.cfm?usgs_id=374135101374301","period":"2026 monitoring locations"}},{"type":"Feature","id":1175,"geometry":{"type":"Point","coordinates":[-100.70756,37.15289]},"properties":{"FID":1175,"USGS_ID":"370910100422701","LOCAL_WELL":"33S 31W 28BBC 01","website":"https://geohydro.kgs.ku.edu/geohydro/wizard/wizardwelldetail.cfm?usgs_id=370910100422701","name":"33S 31W 28BBC 01","recordUrl":"https://geohydro.kgs.ku.edu/geohydro/wizard/wizardwelldetail.cfm?usgs_id=370910100422701","period":"2026 monitoring locations"}},{"type":"Feature","id":1176,"geometry":{"type":"Point","coordinates":[-100.67487,39.28512]},"properties":{"FID":1176,"USGS_ID":"391706100402901","LOCAL_WELL":"09S 30W 09CAA 01","website":"https://geohydro.kgs.ku.edu/geohydro/wizard/wizardwelldetail.cfm?usgs_id=391706100402901","name":"09S 30W 09CAA 01","recordUrl":"https://geohydro.kgs.ku.edu/geohydro/wizard/wizardwelldetail.cfm?usgs_id=391706100402901","period":"2026 monitoring locations"}},{"type":"Feature","id":1177,"geometry":{"type":"Point","coordinates":[-100.96678,37.7615]},"properties":{"FID":1177,"USGS_ID":"374540100580101","LOCAL_WELL":"26S 33W 30ADC 01","website":"https://geohydro.kgs.ku.edu/geohydro/wizard/wizardwelldetail.cfm?usgs_id=374540100580101","name":"26S 33W 30ADC 01","recordUrl":"https://geohydro.kgs.ku.edu/geohydro/wizard/wizardwelldetail.cfm?usgs_id=374540100580101","period":"2026 monitoring locations"}},{"type":"Feature","id":1178,"geometry":{"type":"Point","coordinates":[-100.05569,37.71733]},"properties":{"FID":1178,"USGS_ID":"374304100032202","LOCAL_WELL":"27S 25W 09ADB 01","website":"https://geohydro.kgs.ku.edu/geohydro/wizard/wizardwelldetail.cfm?usgs_id=374304100032202","name":"27S 25W 09ADB 01","recordUrl":"https://geohydro.kgs.ku.edu/geohydro/wizard/wizardwelldetail.cfm?usgs_id=374304100032202","period":"2026 monitoring locations"}},{"type":"Feature","id":1179,"geometry":{"type":"Point","coordinates":[-100.52973,39.81344]},"properties":{"FID":1179,"USGS_ID":"394846100314902","LOCAL_WELL":"03S 29W 12BBB 01","website":"https://geohydro.kgs.ku.edu/geohydro/wizard/wizardwelldetail.cfm?usgs_id=394846100314902","name":"03S 29W 12BBB 01","recordUrl":"https://geohydro.kgs.ku.edu/geohydro/wizard/wizardwelldetail.cfm?usgs_id=394846100314902","period":"2026 monitoring locations"}},{"type":"Feature","id":1180,"geometry":{"type":"Point","coordinates":[-100.48753,37.498]},"properties":{"FID":1180,"USGS_ID":"372957100291102","LOCAL_WELL":"29S 29W 27BCB 02","website":"https://geohydro.kgs.ku.edu/geohydro/wizard/wizardwelldetail.cfm?usgs_id=372957100291102","name":"29S 29W 27BCB 02","recordUrl":"https://geohydro.kgs.ku.edu/geohydro/wizard/wizardwelldetail.cfm?usgs_id=372957100291102","period":"2026 monitoring locations"}},{"type":"Feature","id":1181,"geometry":{"type":"Point","coordinates":[-100.62972,37.61922]},"properties":{"FID":1181,"USGS_ID":"373709100374702","LOCAL_WELL":"28S 30W 17BAB 01","website":"https://geohydro.kgs.ku.edu/geohydro/wizard/wizardwelldetail.cfm?usgs_id=373709100374702","name":"28S 30W 17BAB 01","recordUrl":"https://geohydro.kgs.ku.edu/geohydro/wizard/wizardwelldetail.cfm?usgs_id=373709100374702","period":"2026 monitoring locations"}},{"type":"Feature","id":1182,"geometry":{"type":"Point","coordinates":[-98.88992,38.18533]},"properties":{"FID":1182,"USGS_ID":"381107098532401","LOCAL_WELL":"21S 14W 32BAC 02","website":"https://geohydro.kgs.ku.edu/geohydro/wizard/wizardwelldetail.cfm?usgs_id=381107098532401","name":"21S 14W 32BAC 02","recordUrl":"https://geohydro.kgs.ku.edu/geohydro/wizard/wizardwelldetail.cfm?usgs_id=381107098532401","period":"2026 monitoring locations"}},{"type":"Feature","id":1183,"geometry":{"type":"Point","coordinates":[-101.30343,38.01621]},"properties":{"FID":1183,"USGS_ID":"380057101181402","LOCAL_WELL":"23S 36W 32BBB 02","website":"https://geohydro.kgs.ku.edu/geohydro/wizard/wizardwelldetail.cfm?usgs_id=380057101181402","name":"23S 36W 32BBB 02","recordUrl":"https://geohydro.kgs.ku.edu/geohydro/wizard/wizardwelldetail.cfm?usgs_id=380057101181402","period":"2026 monitoring locations"}},{"type":"Feature","id":1184,"geometry":{"type":"Point","coordinates":[-97.821,37.44839]},"properties":{"FID":1184,"USGS_ID":"372659097491802","LOCAL_WELL":"30S 05W 12CCA 02","website":"https://geohydro.kgs.ku.edu/geohydro/wizard/wizardwelldetail.cfm?usgs_id=372659097491802","name":"30S 05W 12CCA 02","recordUrl":"https://geohydro.kgs.ku.edu/geohydro/wizard/wizardwelldetail.cfm?usgs_id=372659097491802","period":"2026 monitoring locations"}},{"type":"Feature","id":1185,"geometry":{"type":"Point","coordinates":[-97.78938,37.98888]},"properties":{"FID":1185,"USGS_ID":"375915097471302","LOCAL_WELL":"24S 04W 05CBD 02","website":"https://geohydro.kgs.ku.edu/geohydro/wizard/wizardwelldetail.cfm?usgs_id=375915097471302","name":"24S 04W 05CBD 02","recordUrl":"https://geohydro.kgs.ku.edu/geohydro/wizard/wizardwelldetail.cfm?usgs_id=375915097471302","period":"2026 monitoring locations"}},{"type":"Feature","id":1186,"geometry":{"type":"Point","coordinates":[-97.5509,37.98521]},"properties":{"FID":1186,"USGS_ID":"375906097330301","LOCAL_WELL":"24S 02W 04CCD 01","website":"https://geohydro.kgs.ku.edu/geohydro/wizard/wizardwelldetail.cfm?usgs_id=375906097330301","name":"24S 02W 04CCD 01","recordUrl":"https://geohydro.kgs.ku.edu/geohydro/wizard/wizardwelldetail.cfm?usgs_id=375906097330301","period":"2026 monitoring locations"}},{"type":"Feature","id":1187,"geometry":{"type":"Point","coordinates":[-101.99618,38.0205]},"properties":{"FID":1187,"USGS_ID":"380111101594704","LOCAL_WELL":"23S 43W 25CBD 04","website":"https://geohydro.kgs.ku.edu/geohydro/wizard/wizardwelldetail.cfm?usgs_id=380111101594704","name":"23S 43W 25CBD 04","recordUrl":"https://geohydro.kgs.ku.edu/geohydro/wizard/wizardwelldetail.cfm?usgs_id=380111101594704","period":"2026 monitoring locations"}},{"type":"Feature","id":1188,"geometry":{"type":"Point","coordinates":[-100.61294,38.52561]},"properties":{"FID":1188,"USGS_ID":"383139199364401","LOCAL_WELL":"18S 30W 02BBB 01","website":"https://geohydro.kgs.ku.edu/geohydro/wizard/wizardwelldetail.cfm?usgs_id=383139199364401","name":"18S 30W 02BBB 01","recordUrl":"https://geohydro.kgs.ku.edu/geohydro/wizard/wizardwelldetail.cfm?usgs_id=383139199364401","period":"2026 monitoring locations"}},{"type":"Feature","id":1189,"geometry":{"type":"Point","coordinates":[-101.53004,38.65683]},"properties":{"FID":1189,"USGS_ID":"383926101314701","LOCAL_WELL":"16S 38W 16CCC 01","website":"https://geohydro.kgs.ku.edu/geohydro/wizard/wizardwelldetail.cfm?usgs_id=383926101314701","name":"16S 38W 16CCC 01","recordUrl":"https://geohydro.kgs.ku.edu/geohydro/wizard/wizardwelldetail.cfm?usgs_id=383926101314701","period":"2026 monitoring locations"}},{"type":"Feature","id":1190,"geometry":{"type":"Point","coordinates":[-101.97342,38.85004]},"properties":{"FID":1190,"USGS_ID":"385059101582401","LOCAL_WELL":"14S 42W 10CAA 01","website":"https://geohydro.kgs.ku.edu/geohydro/wizard/wizardwelldetail.cfm?usgs_id=385059101582401","name":"14S 42W 10CAA 01","recordUrl":"https://geohydro.kgs.ku.edu/geohydro/wizard/wizardwelldetail.cfm?usgs_id=385059101582401","period":"2026 monitoring locations"}},{"type":"Feature","id":1191,"geometry":{"type":"Point","coordinates":[-101.08451,38.01112]},"properties":{"FID":1191,"USGS_ID":"380033101045102","LOCAL_WELL":"23S 34W 32BCC 02","website":"https://geohydro.kgs.ku.edu/geohydro/wizard/wizardwelldetail.cfm?usgs_id=380033101045102","name":"23S 34W 32BCC 02","recordUrl":"https://geohydro.kgs.ku.edu/geohydro/wizard/wizardwelldetail.cfm?usgs_id=380033101045102","period":"2026 monitoring locations"}},{"type":"Feature","id":1192,"geometry":{"type":"Point","coordinates":[-100.58743,37.3883]},"properties":{"FID":1192,"USGS_ID":"372318100351501","LOCAL_WELL":"30S 30W 34DCC 01","website":"https://geohydro.kgs.ku.edu/geohydro/wizard/wizardwelldetail.cfm?usgs_id=372318100351501","name":"30S 30W 34DCC 01","recordUrl":"https://geohydro.kgs.ku.edu/geohydro/wizard/wizardwelldetail.cfm?usgs_id=372318100351501","period":"2026 monitoring locations"}},{"type":"Feature","id":1193,"geometry":{"type":"Point","coordinates":[-102.03205,37.07262]},"properties":{"FID":1193,"USGS_ID":"370421102015501","LOCAL_WELL":"34S 43W 19DBD 01","website":"https://geohydro.kgs.ku.edu/geohydro/wizard/wizardwelldetail.cfm?usgs_id=370421102015501","name":"34S 43W 19DBD 01","recordUrl":"https://geohydro.kgs.ku.edu/geohydro/wizard/wizardwelldetail.cfm?usgs_id=370421102015501","period":"2026 monitoring locations"}},{"type":"Feature","id":1194,"geometry":{"type":"Point","coordinates":[-100.25244,39.22642]},"properties":{"FID":1194,"USGS_ID":"391339100151102","LOCAL_WELL":"09S 26W 32BDC 01","website":"https://geohydro.kgs.ku.edu/geohydro/wizard/wizardwelldetail.cfm?usgs_id=391339100151102","name":"09S 26W 32BDC 01","recordUrl":"https://geohydro.kgs.ku.edu/geohydro/wizard/wizardwelldetail.cfm?usgs_id=391339100151102","period":"2026 monitoring locations"}},{"type":"Feature","id":1195,"geometry":{"type":"Point","coordinates":[-99.2006,38.00352]},"properties":{"FID":1195,"USGS_ID":"380013099120201","LOCAL_WELL":"23S 17W 33CDB 01","website":"https://geohydro.kgs.ku.edu/geohydro/wizard/wizardwelldetail.cfm?usgs_id=380013099120201","name":"23S 17W 33CDB 01","recordUrl":"https://geohydro.kgs.ku.edu/geohydro/wizard/wizardwelldetail.cfm?usgs_id=380013099120201","period":"2026 monitoring locations"}},{"type":"Feature","id":1196,"geometry":{"type":"Point","coordinates":[-101.24886,37.83521]},"properties":{"FID":1196,"USGS_ID":"375004101145302","LOCAL_WELL":"25S 36W 35CBB 02","website":"https://geohydro.kgs.ku.edu/geohydro/wizard/wizardwelldetail.cfm?usgs_id=375004101145302","name":"25S 36W 35CBB 02","recordUrl":"https://geohydro.kgs.ku.edu/geohydro/wizard/wizardwelldetail.cfm?usgs_id=375004101145302","period":"2026 monitoring locations"}},{"type":"Feature","id":1197,"geometry":{"type":"Point","coordinates":[-99.88827,38.26388]},"properties":{"FID":1197,"USGS_ID":"381550099531701","LOCAL_WELL":"20S 23W 32CDA 03","website":"https://geohydro.kgs.ku.edu/geohydro/wizard/wizardwelldetail.cfm?usgs_id=381550099531701","name":"20S 23W 32CDA 03","recordUrl":"https://geohydro.kgs.ku.edu/geohydro/wizard/wizardwelldetail.cfm?usgs_id=381550099531701","period":"2026 monitoring locations"}},{"type":"Feature","id":1198,"geometry":{"type":"Point","coordinates":[-101.46158,37.63311]},"properties":{"FID":1198,"USGS_ID":"373759101274201","LOCAL_WELL":"28S 38W 10ABB 01","website":"https://geohydro.kgs.ku.edu/geohydro/wizard/wizardwelldetail.cfm?usgs_id=373759101274201","name":"28S 38W 10ABB 01","recordUrl":"https://geohydro.kgs.ku.edu/geohydro/wizard/wizardwelldetail.cfm?usgs_id=373759101274201","period":"2026 monitoring locations"}},{"type":"Feature","id":1199,"geometry":{"type":"Point","coordinates":[-101.35901,38.56978]},"properties":{"FID":1199,"USGS_ID":"383411101213201","LOCAL_WELL":"17S 37W 13CDD 02","website":"https://geohydro.kgs.ku.edu/geohydro/wizard/wizardwelldetail.cfm?usgs_id=383411101213201","name":"17S 37W 13CDD 02","recordUrl":"https://geohydro.kgs.ku.edu/geohydro/wizard/wizardwelldetail.cfm?usgs_id=383411101213201","period":"2026 monitoring locations"}},{"type":"Feature","id":1200,"geometry":{"type":"Point","coordinates":[-101.70691,37.58841]},"properties":{"FID":1200,"USGS_ID":"373518101422501","LOCAL_WELL":"28S 40W 28BBC 01","website":"https://geohydro.kgs.ku.edu/geohydro/wizard/wizardwelldetail.cfm?usgs_id=373518101422501","name":"28S 40W 28BBC 01","recordUrl":"https://geohydro.kgs.ku.edu/geohydro/wizard/wizardwelldetail.cfm?usgs_id=373518101422501","period":"2026 monitoring locations"}},{"type":"Feature","id":1201,"geometry":{"type":"Point","coordinates":[-100.99046,37.25306]},"properties":{"FID":1201,"USGS_ID":"371511100592601","LOCAL_WELL":"32S 34W 23BDB 01","website":"https://geohydro.kgs.ku.edu/geohydro/wizard/wizardwelldetail.cfm?usgs_id=371511100592601","name":"32S 34W 23BDB 01","recordUrl":"https://geohydro.kgs.ku.edu/geohydro/wizard/wizardwelldetail.cfm?usgs_id=371511100592601","period":"2026 monitoring locations"}},{"type":"Feature","id":1202,"geometry":{"type":"Point","coordinates":[-100.814,37.77687]},"properties":{"FID":1202,"USGS_ID":"374537100485001","LOCAL_WELL":"26S 32W 22BBC 01","website":"https://geohydro.kgs.ku.edu/geohydro/wizard/wizardwelldetail.cfm?usgs_id=374537100485001","name":"26S 32W 22BBC 01","recordUrl":"https://geohydro.kgs.ku.edu/geohydro/wizard/wizardwelldetail.cfm?usgs_id=374537100485001","period":"2026 monitoring locations"}},{"type":"Feature","id":1203,"geometry":{"type":"Point","coordinates":[-101.07757,37.89403]},"properties":{"FID":1203,"USGS_ID":"375339101043901","LOCAL_WELL":"25S 34W 08CAB 02","website":"https://geohydro.kgs.ku.edu/geohydro/wizard/wizardwelldetail.cfm?usgs_id=375339101043901","name":"25S 34W 08CAB 02","recordUrl":"https://geohydro.kgs.ku.edu/geohydro/wizard/wizardwelldetail.cfm?usgs_id=375339101043901","period":"2026 monitoring locations"}},{"type":"Feature","id":1204,"geometry":{"type":"Point","coordinates":[-101.65312,37.41871]},"properties":{"FID":1204,"USGS_ID":"372507101391101","LOCAL_WELL":"30S 40W 24CCC 01","website":"https://geohydro.kgs.ku.edu/geohydro/wizard/wizardwelldetail.cfm?usgs_id=372507101391101","name":"30S 40W 24CCC 01","recordUrl":"https://geohydro.kgs.ku.edu/geohydro/wizard/wizardwelldetail.cfm?usgs_id=372507101391101","period":"2026 monitoring locations"}},{"type":"Feature","id":1205,"geometry":{"type":"Point","coordinates":[-101.53151,37.26489]},"properties":{"FID":1205,"USGS_ID":"371554101315301","LOCAL_WELL":"32S 39W 14BDC 01","website":"https://geohydro.kgs.ku.edu/geohydro/wizard/wizardwelldetail.cfm?usgs_id=371554101315301","name":"32S 39W 14BDC 01","recordUrl":"https://geohydro.kgs.ku.edu/geohydro/wizard/wizardwelldetail.cfm?usgs_id=371554101315301","period":"2026 monitoring locations"}},{"type":"Feature","id":1206,"geometry":{"type":"Point","coordinates":[-100.7607,37.82792]},"properties":{"FID":1206,"USGS_ID":"374931100453502","LOCAL_WELL":"26S 31W 06BBB 02","website":"https://geohydro.kgs.ku.edu/geohydro/wizard/wizardwelldetail.cfm?usgs_id=374931100453502","name":"26S 31W 06BBB 02","recordUrl":"https://geohydro.kgs.ku.edu/geohydro/wizard/wizardwelldetail.cfm?usgs_id=374931100453502","period":"2026 monitoring locations"}},{"type":"Feature","id":1207,"geometry":{"type":"Point","coordinates":[-100.87966,38.00752]},"properties":{"FID":1207,"USGS_ID":"380033100523502","LOCAL_WELL":"23S 32W 31CCA 01","website":"https://geohydro.kgs.ku.edu/geohydro/wizard/wizardwelldetail.cfm?usgs_id=380033100523502","name":"23S 32W 31CCA 01","recordUrl":"https://geohydro.kgs.ku.edu/geohydro/wizard/wizardwelldetail.cfm?usgs_id=380033100523502","period":"2026 monitoring locations"}},{"type":"Feature","id":1208,"geometry":{"type":"Point","coordinates":[-101.02646,38.54723]},"properties":{"FID":1208,"USGS_ID":"383250101012902","LOCAL_WELL":"17S 34W 25DBB 02","website":"https://geohydro.kgs.ku.edu/geohydro/wizard/wizardwelldetail.cfm?usgs_id=383250101012902","name":"17S 34W 25DBB 02","recordUrl":"https://geohydro.kgs.ku.edu/geohydro/wizard/wizardwelldetail.cfm?usgs_id=383250101012902","period":"2026 monitoring locations"}},{"type":"Feature","id":1209,"geometry":{"type":"Point","coordinates":[-101.07174,39.19849]},"properties":{"FID":1209,"USGS_ID":"391200101041602","LOCAL_WELL":"10S 34W 12BCD 02","website":"https://geohydro.kgs.ku.edu/geohydro/wizard/wizardwelldetail.cfm?usgs_id=391200101041602","name":"10S 34W 12BCD 02","recordUrl":"https://geohydro.kgs.ku.edu/geohydro/wizard/wizardwelldetail.cfm?usgs_id=391200101041602","period":"2026 monitoring locations"}},{"type":"Feature","id":1210,"geometry":{"type":"Point","coordinates":[-101.90958,37.34521]},"properties":{"FID":1210,"USGS_ID":"372043101543401","LOCAL_WELL":"31S 42W 20ABB 01","website":"https://geohydro.kgs.ku.edu/geohydro/wizard/wizardwelldetail.cfm?usgs_id=372043101543401","name":"31S 42W 20ABB 01","recordUrl":"https://geohydro.kgs.ku.edu/geohydro/wizard/wizardwelldetail.cfm?usgs_id=372043101543401","period":"2026 monitoring locations"}},{"type":"Feature","id":1211,"geometry":{"type":"Point","coordinates":[-101.31307,37.12636]},"properties":{"FID":1211,"USGS_ID":"370735101184701","LOCAL_WELL":"34S 37W 02BAA 01","website":"https://geohydro.kgs.ku.edu/geohydro/wizard/wizardwelldetail.cfm?usgs_id=370735101184701","name":"34S 37W 02BAA 01","recordUrl":"https://geohydro.kgs.ku.edu/geohydro/wizard/wizardwelldetail.cfm?usgs_id=370735101184701","period":"2026 monitoring locations"}},{"type":"Feature","id":1212,"geometry":{"type":"Point","coordinates":[-100.48963,37.2994]},"properties":{"FID":1212,"USGS_ID":"371758100292301","LOCAL_WELL":"32S 29W 05BBD 01","website":"https://geohydro.kgs.ku.edu/geohydro/wizard/wizardwelldetail.cfm?usgs_id=371758100292301","name":"32S 29W 05BBD 01","recordUrl":"https://geohydro.kgs.ku.edu/geohydro/wizard/wizardwelldetail.cfm?usgs_id=371758100292301","period":"2026 monitoring locations"}},{"type":"Feature","id":1213,"geometry":{"type":"Point","coordinates":[-99.99022,37.61522]},"properties":{"FID":1213,"USGS_ID":"373655099592601","LOCAL_WELL":"28S 24W 18BDA 01","website":"https://geohydro.kgs.ku.edu/geohydro/wizard/wizardwelldetail.cfm?usgs_id=373655099592601","name":"28S 24W 18BDA 01","recordUrl":"https://geohydro.kgs.ku.edu/geohydro/wizard/wizardwelldetail.cfm?usgs_id=373655099592601","period":"2026 monitoring locations"}},{"type":"Feature","id":1214,"geometry":{"type":"Point","coordinates":[-101.26504,37.34406]},"properties":{"FID":1214,"USGS_ID":"372039101155601","LOCAL_WELL":"31S 36W 20BBB 01","website":"https://geohydro.kgs.ku.edu/geohydro/wizard/wizardwelldetail.cfm?usgs_id=372039101155601","name":"31S 36W 20BBB 01","recordUrl":"https://geohydro.kgs.ku.edu/geohydro/wizard/wizardwelldetail.cfm?usgs_id=372039101155601","period":"2026 monitoring locations"}},{"type":"Feature","id":1215,"geometry":{"type":"Point","coordinates":[-100.86891,38.22417]},"properties":{"FID":1215,"USGS_ID":"381327100520801","LOCAL_WELL":"21S 32W 18DDB 01","website":"https://geohydro.kgs.ku.edu/geohydro/wizard/wizardwelldetail.cfm?usgs_id=381327100520801","name":"21S 32W 18DDB 01","recordUrl":"https://geohydro.kgs.ku.edu/geohydro/wizard/wizardwelldetail.cfm?usgs_id=381327100520801","period":"2026 monitoring locations"}},{"type":"Feature","id":1216,"geometry":{"type":"Point","coordinates":[-101.19338,37.90721]},"properties":{"FID":1216,"USGS_ID":"375426101113601","LOCAL_WELL":"25S 35W 05CBB 01","website":"https://geohydro.kgs.ku.edu/geohydro/wizard/wizardwelldetail.cfm?usgs_id=375426101113601","name":"25S 35W 05CBB 01","recordUrl":"https://geohydro.kgs.ku.edu/geohydro/wizard/wizardwelldetail.cfm?usgs_id=375426101113601","period":"2026 monitoring locations"}},{"type":"Feature","id":1217,"geometry":{"type":"Point","coordinates":[-100.93822,37.82977]},"properties":{"FID":1217,"USGS_ID":"374947100561801","LOCAL_WELL":"25S 33W 34CCC 02","website":"https://geohydro.kgs.ku.edu/geohydro/wizard/wizardwelldetail.cfm?usgs_id=374947100561801","name":"25S 33W 34CCC 02","recordUrl":"https://geohydro.kgs.ku.edu/geohydro/wizard/wizardwelldetail.cfm?usgs_id=374947100561801","period":"2026 monitoring locations"}},{"type":"Feature","id":1218,"geometry":{"type":"Point","coordinates":[-101.35114,37.55028]},"properties":{"FID":1218,"USGS_ID":"373301101210401","LOCAL_WELL":"29S 37W 03DCA 01","website":"https://geohydro.kgs.ku.edu/geohydro/wizard/wizardwelldetail.cfm?usgs_id=373301101210401","name":"29S 37W 03DCA 01","recordUrl":"https://geohydro.kgs.ku.edu/geohydro/wizard/wizardwelldetail.cfm?usgs_id=373301101210401","period":"2026 monitoring locations"}},{"type":"Feature","id":1219,"geometry":{"type":"Point","coordinates":[-101.28896,37.4723]},"properties":{"FID":1219,"USGS_ID":"372820101172001","LOCAL_WELL":"30S 36W 05BBC 01","website":"https://geohydro.kgs.ku.edu/geohydro/wizard/wizardwelldetail.cfm?usgs_id=372820101172001","name":"30S 36W 05BBC 01","recordUrl":"https://geohydro.kgs.ku.edu/geohydro/wizard/wizardwelldetail.cfm?usgs_id=372820101172001","period":"2026 monitoring locations"}},{"type":"Feature","id":1220,"geometry":{"type":"Point","coordinates":[-100.54745,37.64237]},"properties":{"FID":1220,"USGS_ID":"373833100325101","LOCAL_WELL":"28S 30W 01DAB 01","website":"https://geohydro.kgs.ku.edu/geohydro/wizard/wizardwelldetail.cfm?usgs_id=373833100325101","name":"28S 30W 01DAB 01","recordUrl":"https://geohydro.kgs.ku.edu/geohydro/wizard/wizardwelldetail.cfm?usgs_id=373833100325101","period":"2026 monitoring locations"}},{"type":"Feature","id":1221,"geometry":{"type":"Point","coordinates":[-98.66742,37.68229]},"properties":{"FID":1221,"USGS_ID":"374856098400301","LOCAL_WELL":"27S 12W 19ADC 01","website":"https://geohydro.kgs.ku.edu/geohydro/wizard/wizardwelldetail.cfm?usgs_id=374856098400301","name":"27S 12W 19ADC 01","recordUrl":"https://geohydro.kgs.ku.edu/geohydro/wizard/wizardwelldetail.cfm?usgs_id=374856098400301","period":"2026 monitoring locations"}},{"type":"Feature","id":1222,"geometry":{"type":"Point","coordinates":[-99.01387,38.18641]},"properties":{"FID":1222,"USGS_ID":"381108099005303","LOCAL_WELL":"21S 15W 31BAD 03","website":"https://geohydro.kgs.ku.edu/geohydro/wizard/wizardwelldetail.cfm?usgs_id=381108099005303","name":"21S 15W 31BAD 03","recordUrl":"https://geohydro.kgs.ku.edu/geohydro/wizard/wizardwelldetail.cfm?usgs_id=381108099005303","period":"2026 monitoring locations"}},{"type":"Feature","id":1223,"geometry":{"type":"Point","coordinates":[-98.62735,37.92226]},"properties":{"FID":1223,"USGS_ID":"375520098373702","LOCAL_WELL":"24S 12W 34ABC 02","website":"https://geohydro.kgs.ku.edu/geohydro/wizard/wizardwelldetail.cfm?usgs_id=375520098373702","name":"24S 12W 34ABC 02","recordUrl":"https://geohydro.kgs.ku.edu/geohydro/wizard/wizardwelldetail.cfm?usgs_id=375520098373702","period":"2026 monitoring locations"}},{"type":"Feature","id":1224,"geometry":{"type":"Point","coordinates":[-100.11458,37.7374]},"properties":{"FID":1224,"USGS_ID":"374404100064402","LOCAL_WELL":"26S 26W 36DCC 02","website":"https://geohydro.kgs.ku.edu/geohydro/wizard/wizardwelldetail.cfm?usgs_id=374404100064402","name":"26S 26W 36DCC 02","recordUrl":"https://geohydro.kgs.ku.edu/geohydro/wizard/wizardwelldetail.cfm?usgs_id=374404100064402","period":"2026 monitoring locations"}},{"type":"Feature","id":1225,"geometry":{"type":"Point","coordinates":[-99.40739,37.56071]},"properties":{"FID":1225,"USGS_ID":"373334099243002","LOCAL_WELL":"28S 19W 33CAC 01","website":"https://geohydro.kgs.ku.edu/geohydro/wizard/wizardwelldetail.cfm?usgs_id=373334099243002","name":"28S 19W 33CAC 01","recordUrl":"https://geohydro.kgs.ku.edu/geohydro/wizard/wizardwelldetail.cfm?usgs_id=373334099243002","period":"2026 monitoring locations"}},{"type":"Feature","id":1226,"geometry":{"type":"Point","coordinates":[-101.96912,38.94259]},"properties":{"FID":1226,"USGS_ID":"385633101580901","LOCAL_WELL":"13S 42W 10ABD 01","website":"https://geohydro.kgs.ku.edu/geohydro/wizard/wizardwelldetail.cfm?usgs_id=385633101580901","name":"13S 42W 10ABD 01","recordUrl":"https://geohydro.kgs.ku.edu/geohydro/wizard/wizardwelldetail.cfm?usgs_id=385633101580901","period":"2026 monitoring locations"}},{"type":"Feature","id":1227,"geometry":{"type":"Point","coordinates":[-101.69215,37.31937]},"properties":{"FID":1227,"USGS_ID":"371909101413101","LOCAL_WELL":"31S 40W 29DCB 01","website":"https://geohydro.kgs.ku.edu/geohydro/wizard/wizardwelldetail.cfm?usgs_id=371909101413101","name":"31S 40W 29DCB 01","recordUrl":"https://geohydro.kgs.ku.edu/geohydro/wizard/wizardwelldetail.cfm?usgs_id=371909101413101","period":"2026 monitoring locations"}},{"type":"Feature","id":1228,"geometry":{"type":"Point","coordinates":[-98.33897,38.24243]},"properties":{"FID":1228,"USGS_ID":"381433098202001","LOCAL_WELL":"21S 09W 08BDB 01","website":"https://geohydro.kgs.ku.edu/geohydro/wizard/wizardwelldetail.cfm?usgs_id=381433098202001","name":"21S 09W 08BDB 01","recordUrl":"https://geohydro.kgs.ku.edu/geohydro/wizard/wizardwelldetail.cfm?usgs_id=381433098202001","period":"2026 monitoring locations"}},{"type":"Feature","id":1229,"geometry":{"type":"Point","coordinates":[-98.77993,37.68631]},"properties":{"FID":1229,"USGS_ID":"374111098464801","LOCAL_WELL":"27S 13W 19A 01","website":"https://geohydro.kgs.ku.edu/geohydro/wizard/wizardwelldetail.cfm?usgs_id=374111098464801","name":"27S 13W 19A 01","recordUrl":"https://geohydro.kgs.ku.edu/geohydro/wizard/wizardwelldetail.cfm?usgs_id=374111098464801","period":"2026 monitoring locations"}},{"type":"Feature","id":1230,"geometry":{"type":"Point","coordinates":[-100.43019,37.91486]},"properties":{"FID":1230,"USGS_ID":"375451100254402","LOCAL_WELL":"24S 28W 31DDD 02","website":"https://geohydro.kgs.ku.edu/geohydro/wizard/wizardwelldetail.cfm?usgs_id=375451100254402","name":"24S 28W 31DDD 02","recordUrl":"https://geohydro.kgs.ku.edu/geohydro/wizard/wizardwelldetail.cfm?usgs_id=375451100254402","period":"2026 monitoring locations"}},{"type":"Feature","id":1231,"geometry":{"type":"Point","coordinates":[-100.5051,37.96105]},"properties":{"FID":1231,"USGS_ID":"375735100302002","LOCAL_WELL":"24S 29W 16DDB 01","website":"https://geohydro.kgs.ku.edu/geohydro/wizard/wizardwelldetail.cfm?usgs_id=375735100302002","name":"24S 29W 16DDB 01","recordUrl":"https://geohydro.kgs.ku.edu/geohydro/wizard/wizardwelldetail.cfm?usgs_id=375735100302002","period":"2026 monitoring locations"}},{"type":"Feature","id":1232,"geometry":{"type":"Point","coordinates":[-101.61914,39.6121]},"properties":{"FID":1232,"USGS_ID":"393644101370901","LOCAL_WELL":"05S 38W 17CCC 01","website":"https://geohydro.kgs.ku.edu/geohydro/wizard/wizardwelldetail.cfm?usgs_id=393644101370901","name":"05S 38W 17CCC 01","recordUrl":"https://geohydro.kgs.ku.edu/geohydro/wizard/wizardwelldetail.cfm?usgs_id=393644101370901","period":"2026 monitoring locations"}},{"type":"Feature","id":1233,"geometry":{"type":"Point","coordinates":[-100.64579,39.40901]},"properties":{"FID":1233,"USGS_ID":"392431100384501","LOCAL_WELL":"07S 30W 27DDD 01","website":"https://geohydro.kgs.ku.edu/geohydro/wizard/wizardwelldetail.cfm?usgs_id=392431100384501","name":"07S 30W 27DDD 01","recordUrl":"https://geohydro.kgs.ku.edu/geohydro/wizard/wizardwelldetail.cfm?usgs_id=392431100384501","period":"2026 monitoring locations"}},{"type":"Feature","id":1234,"geometry":{"type":"Point","coordinates":[-100.74602,39.32192]},"properties":{"FID":1234,"USGS_ID":"391921100444601","LOCAL_WELL":"08S 31W 26DCD 01","website":"https://geohydro.kgs.ku.edu/geohydro/wizard/wizardwelldetail.cfm?usgs_id=391921100444601","name":"08S 31W 26DCD 01","recordUrl":"https://geohydro.kgs.ku.edu/geohydro/wizard/wizardwelldetail.cfm?usgs_id=391921100444601","period":"2026 monitoring locations"}},{"type":"Feature","id":1235,"geometry":{"type":"Point","coordinates":[-98.64053,37.4577]},"properties":{"FID":1235,"USGS_ID":"372726098384501","LOCAL_WELL":"30S 12W 04CCC 01","website":"https://geohydro.kgs.ku.edu/geohydro/wizard/wizardwelldetail.cfm?usgs_id=372726098384501","name":"30S 12W 04CCC 01","recordUrl":"https://geohydro.kgs.ku.edu/geohydro/wizard/wizardwelldetail.cfm?usgs_id=372726098384501","period":"2026 monitoring locations"}},{"type":"Feature","id":1236,"geometry":{"type":"Point","coordinates":[-101.37445,37.01752]},"properties":{"FID":1236,"USGS_ID":"370103101222801","LOCAL_WELL":"35S 37W 08CBB 01","website":"https://geohydro.kgs.ku.edu/geohydro/wizard/wizardwelldetail.cfm?usgs_id=370103101222801","name":"35S 37W 08CBB 01","recordUrl":"https://geohydro.kgs.ku.edu/geohydro/wizard/wizardwelldetail.cfm?usgs_id=370103101222801","period":"2026 monitoring locations"}},{"type":"Feature","id":1237,"geometry":{"type":"Point","coordinates":[-102.03625,37.10532]},"properties":{"FID":1237,"USGS_ID":"370619102021001","LOCAL_WELL":"34S 43W 07BDD 01","website":"https://geohydro.kgs.ku.edu/geohydro/wizard/wizardwelldetail.cfm?usgs_id=370619102021001","name":"34S 43W 07BDD 01","recordUrl":"https://geohydro.kgs.ku.edu/geohydro/wizard/wizardwelldetail.cfm?usgs_id=370619102021001","period":"2026 monitoring locations"}},{"type":"Feature","id":1238,"geometry":{"type":"Point","coordinates":[-100.8128,39.19079]},"properties":{"FID":1238,"USGS_ID":"391127100484601","LOCAL_WELL":"10S 31W 17BBB 01","website":"https://geohydro.kgs.ku.edu/geohydro/wizard/wizardwelldetail.cfm?usgs_id=391127100484601","name":"10S 31W 17BBB 01","recordUrl":"https://geohydro.kgs.ku.edu/geohydro/wizard/wizardwelldetail.cfm?usgs_id=391127100484601","period":"2026 monitoring locations"}},{"type":"Feature","id":1239,"geometry":{"type":"Point","coordinates":[-101.85826,37.9547]},"properties":{"FID":1239,"USGS_ID":"375715101512901","LOCAL_WELL":"24S 41W 19AAC 01","website":"https://geohydro.kgs.ku.edu/geohydro/wizard/wizardwelldetail.cfm?usgs_id=375715101512901","name":"24S 41W 19AAC 01","recordUrl":"https://geohydro.kgs.ku.edu/geohydro/wizard/wizardwelldetail.cfm?usgs_id=375715101512901","period":"2026 monitoring locations"}},{"type":"Feature","id":1240,"geometry":{"type":"Point","coordinates":[-101.84384,37.57091]},"properties":{"FID":1240,"USGS_ID":"373415101503801","LOCAL_WELL":"28S 41W 31BDD 02","website":"https://geohydro.kgs.ku.edu/geohydro/wizard/wizardwelldetail.cfm?usgs_id=373415101503801","name":"28S 41W 31BDD 02","recordUrl":"https://geohydro.kgs.ku.edu/geohydro/wizard/wizardwelldetail.cfm?usgs_id=373415101503801","period":"2026 monitoring locations"}},{"type":"Feature","id":1241,"geometry":{"type":"Point","coordinates":[-101.4476,37.00402]},"properties":{"FID":1241,"USGS_ID":"370014101265101","LOCAL_WELL":"35S 38W 16ADD 01","website":"https://geohydro.kgs.ku.edu/geohydro/wizard/wizardwelldetail.cfm?usgs_id=370014101265101","name":"35S 38W 16ADD 01","recordUrl":"https://geohydro.kgs.ku.edu/geohydro/wizard/wizardwelldetail.cfm?usgs_id=370014101265101","period":"2026 monitoring locations"}},{"type":"Feature","id":1242,"geometry":{"type":"Point","coordinates":[-101.24793,37.02492]},"properties":{"FID":1242,"USGS_ID":"370130101145201","LOCAL_WELL":"35S 36W 08AAA 01","website":"https://geohydro.kgs.ku.edu/geohydro/wizard/wizardwelldetail.cfm?usgs_id=370130101145201","name":"35S 36W 08AAA 01","recordUrl":"https://geohydro.kgs.ku.edu/geohydro/wizard/wizardwelldetail.cfm?usgs_id=370130101145201","period":"2026 monitoring locations"}},{"type":"Feature","id":1243,"geometry":{"type":"Point","coordinates":[-100.38069,37.27075]},"properties":{"FID":1243,"USGS_ID":"371615100225101","LOCAL_WELL":"32S 28W 16BBB 01","website":"https://geohydro.kgs.ku.edu/geohydro/wizard/wizardwelldetail.cfm?usgs_id=371615100225101","name":"32S 28W 16BBB 01","recordUrl":"https://geohydro.kgs.ku.edu/geohydro/wizard/wizardwelldetail.cfm?usgs_id=371615100225101","period":"2026 monitoring locations"}},{"type":"Feature","id":1244,"geometry":{"type":"Point","coordinates":[-100.72052,39.67956]},"properties":{"FID":1244,"USGS_ID":"394055100425601","LOCAL_WELL":"04S 30W 29BAB 01","website":"https://geohydro.kgs.ku.edu/geohydro/wizard/wizardwelldetail.cfm?usgs_id=394055100425601","name":"04S 30W 29BAB 01","recordUrl":"https://geohydro.kgs.ku.edu/geohydro/wizard/wizardwelldetail.cfm?usgs_id=394055100425601","period":"2026 monitoring locations"}},{"type":"Feature","id":1245,"geometry":{"type":"Point","coordinates":[-101.52153,37.65374]},"properties":{"FID":1245,"USGS_ID":"373913101311701","LOCAL_WELL":"27S 38W 31CAC 01","website":"https://geohydro.kgs.ku.edu/geohydro/wizard/wizardwelldetail.cfm?usgs_id=373913101311701","name":"27S 38W 31CAC 01","recordUrl":"https://geohydro.kgs.ku.edu/geohydro/wizard/wizardwelldetail.cfm?usgs_id=373913101311701","period":"2026 monitoring locations"}},{"type":"Feature","id":1246,"geometry":{"type":"Point","coordinates":[-100.85213,37.55132]},"properties":{"FID":1246,"USGS_ID":"373305100510801","LOCAL_WELL":"29S 32W 05CCB 01","website":"https://geohydro.kgs.ku.edu/geohydro/wizard/wizardwelldetail.cfm?usgs_id=373305100510801","name":"29S 32W 05CCB 01","recordUrl":"https://geohydro.kgs.ku.edu/geohydro/wizard/wizardwelldetail.cfm?usgs_id=373305100510801","period":"2026 monitoring locations"}},{"type":"Feature","id":1247,"geometry":{"type":"Point","coordinates":[-100.62171,37.74138]},"properties":{"FID":1247,"USGS_ID":"374429100371801","LOCAL_WELL":"26S 30W 32DBD 01","website":"https://geohydro.kgs.ku.edu/geohydro/wizard/wizardwelldetail.cfm?usgs_id=374429100371801","name":"26S 30W 32DBD 01","recordUrl":"https://geohydro.kgs.ku.edu/geohydro/wizard/wizardwelldetail.cfm?usgs_id=374429100371801","period":"2026 monitoring locations"}},{"type":"Feature","id":1248,"geometry":{"type":"Point","coordinates":[-100.50572,37.83615]},"properties":{"FID":1248,"USGS_ID":"375010100302101","LOCAL_WELL":"25S 29W 33ADC 01","website":"https://geohydro.kgs.ku.edu/geohydro/wizard/wizardwelldetail.cfm?usgs_id=375010100302101","name":"25S 29W 33ADC 01","recordUrl":"https://geohydro.kgs.ku.edu/geohydro/wizard/wizardwelldetail.cfm?usgs_id=375010100302101","period":"2026 monitoring locations"}},{"type":"Feature","id":1249,"geometry":{"type":"Point","coordinates":[-98.33289,37.69257]},"properties":{"FID":1249,"USGS_ID":"374133098195801","LOCAL_WELL":"27S 09W 17CAA 01","website":"https://geohydro.kgs.ku.edu/geohydro/wizard/wizardwelldetail.cfm?usgs_id=374133098195801","name":"27S 09W 17CAA 01","recordUrl":"https://geohydro.kgs.ku.edu/geohydro/wizard/wizardwelldetail.cfm?usgs_id=374133098195801","period":"2026 monitoring locations"}},{"type":"Feature","id":1250,"geometry":{"type":"Point","coordinates":[-98.17347,37.78445]},"properties":{"FID":1250,"USGS_ID":"374704098102401","LOCAL_WELL":"26S 08W 14BCC 01","website":"https://geohydro.kgs.ku.edu/geohydro/wizard/wizardwelldetail.cfm?usgs_id=374704098102401","name":"26S 08W 14BCC 01","recordUrl":"https://geohydro.kgs.ku.edu/geohydro/wizard/wizardwelldetail.cfm?usgs_id=374704098102401","period":"2026 monitoring locations"}},{"type":"Feature","id":1251,"geometry":{"type":"Point","coordinates":[-100.72271,39.83563]},"properties":{"FID":1251,"USGS_ID":"395008100432201","LOCAL_WELL":"02S 30W 31ADD 01","website":"https://geohydro.kgs.ku.edu/geohydro/wizard/wizardwelldetail.cfm?usgs_id=395008100432201","name":"02S 30W 31ADD 01","recordUrl":"https://geohydro.kgs.ku.edu/geohydro/wizard/wizardwelldetail.cfm?usgs_id=395008100432201","period":"2026 monitoring locations"}},{"type":"Feature","id":1252,"geometry":{"type":"Point","coordinates":[-100.93005,37.6903]},"properties":{"FID":1252,"USGS_ID":"374125100930001","LOCAL_WELL":"27S 33W 21ACD 01","website":"https://geohydro.kgs.ku.edu/geohydro/wizard/wizardwelldetail.cfm?usgs_id=374125100930001","name":"27S 33W 21ACD 01","recordUrl":"https://geohydro.kgs.ku.edu/geohydro/wizard/wizardwelldetail.cfm?usgs_id=374125100930001","period":"2026 monitoring locations"}},{"type":"Feature","id":1253,"geometry":{"type":"Point","coordinates":[-100.93311,37.38018]},"properties":{"FID":1253,"USGS_ID":"372249100555901","LOCAL_WELL":"31S 33W 05CAA 01","website":"https://geohydro.kgs.ku.edu/geohydro/wizard/wizardwelldetail.cfm?usgs_id=372249100555901","name":"31S 33W 05CAA 01","recordUrl":"https://geohydro.kgs.ku.edu/geohydro/wizard/wizardwelldetail.cfm?usgs_id=372249100555901","period":"2026 monitoring locations"}},{"type":"Feature","id":1254,"geometry":{"type":"Point","coordinates":[-101.17295,37.0391]},"properties":{"FID":1254,"USGS_ID":"370221101102301","LOCAL_WELL":"35S 35W 06BBA 01","website":"https://geohydro.kgs.ku.edu/geohydro/wizard/wizardwelldetail.cfm?usgs_id=370221101102301","name":"35S 35W 06BBA 01","recordUrl":"https://geohydro.kgs.ku.edu/geohydro/wizard/wizardwelldetail.cfm?usgs_id=370221101102301","period":"2026 monitoring locations"}},{"type":"Feature","id":1255,"geometry":{"type":"Point","coordinates":[-100.22798,37.79234]},"properties":{"FID":1255,"USGS_ID":"374732100134101","LOCAL_WELL":"26S 27W 13BAC 01","website":"https://geohydro.kgs.ku.edu/geohydro/wizard/wizardwelldetail.cfm?usgs_id=374732100134101","name":"26S 27W 13BAC 01","recordUrl":"https://geohydro.kgs.ku.edu/geohydro/wizard/wizardwelldetail.cfm?usgs_id=374732100134101","period":"2026 monitoring locations"}},{"type":"Feature","id":1256,"geometry":{"type":"Point","coordinates":[-101.47204,37.59121]},"properties":{"FID":1256,"USGS_ID":"373528101281901","LOCAL_WELL":"28S 38W 21DDD 01","website":"https://geohydro.kgs.ku.edu/geohydro/wizard/wizardwelldetail.cfm?usgs_id=373528101281901","name":"28S 38W 21DDD 01","recordUrl":"https://geohydro.kgs.ku.edu/geohydro/wizard/wizardwelldetail.cfm?usgs_id=373528101281901","period":"2026 monitoring locations"}},{"type":"Feature","id":1257,"geometry":{"type":"Point","coordinates":[-101.47204,37.59121]},"properties":{"FID":1257,"USGS_ID":"373528101281902","LOCAL_WELL":"28S 38W 21DDD 02","website":"https://geohydro.kgs.ku.edu/geohydro/wizard/wizardwelldetail.cfm?usgs_id=373528101281902","name":"28S 38W 21DDD 02","recordUrl":"https://geohydro.kgs.ku.edu/geohydro/wizard/wizardwelldetail.cfm?usgs_id=373528101281902","period":"2026 monitoring locations"}},{"type":"Feature","id":1258,"geometry":{"type":"Point","coordinates":[-101.04343,37.47527]},"properties":{"FID":1258,"USGS_ID":"372831101023601","LOCAL_WELL":"29S 34W 33DCC 01","website":"https://geohydro.kgs.ku.edu/geohydro/wizard/wizardwelldetail.cfm?usgs_id=372831101023601","name":"29S 34W 33DCC 01","recordUrl":"https://geohydro.kgs.ku.edu/geohydro/wizard/wizardwelldetail.cfm?usgs_id=372831101023601","period":"2026 monitoring locations"}},{"type":"Feature","id":1259,"geometry":{"type":"Point","coordinates":[-101.04343,37.47527]},"properties":{"FID":1259,"USGS_ID":"372831101023602","LOCAL_WELL":"29S 34W 33DCC 02","website":"https://geohydro.kgs.ku.edu/geohydro/wizard/wizardwelldetail.cfm?usgs_id=372831101023602","name":"29S 34W 33DCC 02","recordUrl":"https://geohydro.kgs.ku.edu/geohydro/wizard/wizardwelldetail.cfm?usgs_id=372831101023602","period":"2026 monitoring locations"}},{"type":"Feature","id":1260,"geometry":{"type":"Point","coordinates":[-99.84671,38.08285]},"properties":{"FID":1260,"USGS_ID":"380458099504801","LOCAL_WELL":"23S 23W 04ADB 01","website":"https://geohydro.kgs.ku.edu/geohydro/wizard/wizardwelldetail.cfm?usgs_id=380458099504801","name":"23S 23W 04ADB 01","recordUrl":"https://geohydro.kgs.ku.edu/geohydro/wizard/wizardwelldetail.cfm?usgs_id=380458099504801","period":"2026 monitoring locations"}},{"type":"Feature","id":1261,"geometry":{"type":"Point","coordinates":[-101.37697,38.62027]},"properties":{"FID":1261,"USGS_ID":"383713101223701","LOCAL_WELL":"16S 37W 35ACC 01","website":"https://geohydro.kgs.ku.edu/geohydro/wizard/wizardwelldetail.cfm?usgs_id=383713101223701","name":"16S 37W 35ACC 01","recordUrl":"https://geohydro.kgs.ku.edu/geohydro/wizard/wizardwelldetail.cfm?usgs_id=383713101223701","period":"2026 monitoring locations"}},{"type":"Feature","id":1262,"geometry":{"type":"Point","coordinates":[-101.2896,38.53322]},"properties":{"FID":1262,"USGS_ID":"383159101172301","LOCAL_WELL":"17S 36W 34BCD 01","website":"https://geohydro.kgs.ku.edu/geohydro/wizard/wizardwelldetail.cfm?usgs_id=383159101172301","name":"17S 36W 34BCD 01","recordUrl":"https://geohydro.kgs.ku.edu/geohydro/wizard/wizardwelldetail.cfm?usgs_id=383159101172301","period":"2026 monitoring locations"}},{"type":"Feature","id":1263,"geometry":{"type":"Point","coordinates":[-101.21137,38.62384]},"properties":{"FID":1263,"USGS_ID":"383726101124101","LOCAL_WELL":"16S 35W 32ACB 02","website":"https://geohydro.kgs.ku.edu/geohydro/wizard/wizardwelldetail.cfm?usgs_id=383726101124101","name":"16S 35W 32ACB 02","recordUrl":"https://geohydro.kgs.ku.edu/geohydro/wizard/wizardwelldetail.cfm?usgs_id=383726101124101","period":"2026 monitoring locations"}},{"type":"Feature","id":1264,"geometry":{"type":"Point","coordinates":[-101.37512,37.19419]},"properties":{"FID":1264,"USGS_ID":"371139101223001","LOCAL_WELL":"33S 37W 08BCB 01","website":"https://geohydro.kgs.ku.edu/geohydro/wizard/wizardwelldetail.cfm?usgs_id=371139101223001","name":"33S 37W 08BCB 01","recordUrl":"https://geohydro.kgs.ku.edu/geohydro/wizard/wizardwelldetail.cfm?usgs_id=371139101223001","period":"2026 monitoring locations"}},{"type":"Feature","id":1265,"geometry":{"type":"Point","coordinates":[-101.18501,37.14177]},"properties":{"FID":1265,"USGS_ID":"370830101110601","LOCAL_WELL":"33S 36W 25CDD 01","website":"https://geohydro.kgs.ku.edu/geohydro/wizard/wizardwelldetail.cfm?usgs_id=370830101110601","name":"33S 36W 25CDD 01","recordUrl":"https://geohydro.kgs.ku.edu/geohydro/wizard/wizardwelldetail.cfm?usgs_id=370830101110601","period":"2026 monitoring locations"}},{"type":"Feature","id":1266,"geometry":{"type":"Point","coordinates":[-100.88344,37.11944]},"properties":{"FID":1266,"USGS_ID":"370710100530001","LOCAL_WELL":"34S 33W 02CBA 01","website":"https://geohydro.kgs.ku.edu/geohydro/wizard/wizardwelldetail.cfm?usgs_id=370710100530001","name":"34S 33W 02CBA 01","recordUrl":"https://geohydro.kgs.ku.edu/geohydro/wizard/wizardwelldetail.cfm?usgs_id=370710100530001","period":"2026 monitoring locations"}},{"type":"Feature","id":1267,"geometry":{"type":"Point","coordinates":[-100.90277,37.66742]},"properties":{"FID":1267,"USGS_ID":"374003100541001","LOCAL_WELL":"27S 33W 26CDB 01","website":"https://geohydro.kgs.ku.edu/geohydro/wizard/wizardwelldetail.cfm?usgs_id=374003100541001","name":"27S 33W 26CDB 01","recordUrl":"https://geohydro.kgs.ku.edu/geohydro/wizard/wizardwelldetail.cfm?usgs_id=374003100541001","period":"2026 monitoring locations"}},{"type":"Feature","id":1268,"geometry":{"type":"Point","coordinates":[-100.74418,37.6055]},"properties":{"FID":1268,"USGS_ID":"373620100443901","LOCAL_WELL":"28S 31W 19AAA 01","website":"https://geohydro.kgs.ku.edu/geohydro/wizard/wizardwelldetail.cfm?usgs_id=373620100443901","name":"28S 31W 19AAA 01","recordUrl":"https://geohydro.kgs.ku.edu/geohydro/wizard/wizardwelldetail.cfm?usgs_id=373620100443901","period":"2026 monitoring locations"}},{"type":"Feature","id":1269,"geometry":{"type":"Point","coordinates":[-100.72067,37.71082]},"properties":{"FID":1269,"USGS_ID":"374239100431401","LOCAL_WELL":"27S 31W 09CDB 01","website":"https://geohydro.kgs.ku.edu/geohydro/wizard/wizardwelldetail.cfm?usgs_id=374239100431401","name":"27S 31W 09CDB 01","recordUrl":"https://geohydro.kgs.ku.edu/geohydro/wizard/wizardwelldetail.cfm?usgs_id=374239100431401","period":"2026 monitoring locations"}},{"type":"Feature","id":1270,"geometry":{"type":"Point","coordinates":[-99.5617,37.85773]},"properties":{"FID":1270,"USGS_ID":"375128099334201","LOCAL_WELL":"25S 20W 19CDA 01","website":"https://geohydro.kgs.ku.edu/geohydro/wizard/wizardwelldetail.cfm?usgs_id=375128099334201","name":"25S 20W 19CDA 01","recordUrl":"https://geohydro.kgs.ku.edu/geohydro/wizard/wizardwelldetail.cfm?usgs_id=375128099334201","period":"2026 monitoring locations"}},{"type":"Feature","id":1271,"geometry":{"type":"Point","coordinates":[-98.38231,38.34788]},"properties":{"FID":1271,"USGS_ID":"382052098225601","LOCAL_WELL":"19S 10W 36CDC 01","website":"https://geohydro.kgs.ku.edu/geohydro/wizard/wizardwelldetail.cfm?usgs_id=382052098225601","name":"19S 10W 36CDC 01","recordUrl":"https://geohydro.kgs.ku.edu/geohydro/wizard/wizardwelldetail.cfm?usgs_id=382052098225601","period":"2026 monitoring locations"}},{"type":"Feature","id":1272,"geometry":{"type":"Point","coordinates":[-98.09725,38.14251]},"properties":{"FID":1272,"USGS_ID":"380833098054801","LOCAL_WELL":"22S 07W 16BAD 01","website":"https://geohydro.kgs.ku.edu/geohydro/wizard/wizardwelldetail.cfm?usgs_id=380833098054801","name":"22S 07W 16BAD 01","recordUrl":"https://geohydro.kgs.ku.edu/geohydro/wizard/wizardwelldetail.cfm?usgs_id=380833098054801","period":"2026 monitoring locations"}},{"type":"Feature","id":1273,"geometry":{"type":"Point","coordinates":[-97.72234,38.33843]},"properties":{"FID":1273,"USGS_ID":"382019097432101","LOCAL_WELL":"20S 04W 02DAD 01","website":"https://geohydro.kgs.ku.edu/geohydro/wizard/wizardwelldetail.cfm?usgs_id=382019097432101","name":"20S 04W 02DAD 01","recordUrl":"https://geohydro.kgs.ku.edu/geohydro/wizard/wizardwelldetail.cfm?usgs_id=382019097432101","period":"2026 monitoring locations"}},{"type":"Feature","id":1274,"geometry":{"type":"Point","coordinates":[-100.44298,39.11814]},"properties":{"FID":1274,"USGS_ID":"390703100263602","LOCAL_WELL":"11S 28W 08AAA 02","website":"https://geohydro.kgs.ku.edu/geohydro/wizard/wizardwelldetail.cfm?usgs_id=390703100263602","name":"11S 28W 08AAA 02","recordUrl":"https://geohydro.kgs.ku.edu/geohydro/wizard/wizardwelldetail.cfm?usgs_id=390703100263602","period":"2026 monitoring locations"}},{"type":"Feature","id":1275,"geometry":{"type":"Point","coordinates":[-98.26495,37.50128]},"properties":{"FID":1275,"USGS_ID":"373007098155501","LOCAL_WELL":"29S 09W 23DDD 01","website":"https://geohydro.kgs.ku.edu/geohydro/wizard/wizardwelldetail.cfm?usgs_id=373007098155501","name":"29S 09W 23DDD 01","recordUrl":"https://geohydro.kgs.ku.edu/geohydro/wizard/wizardwelldetail.cfm?usgs_id=373007098155501","period":"2026 monitoring locations"}},{"type":"Feature","id":1276,"geometry":{"type":"Point","coordinates":[-99.40148,37.69473]},"properties":{"FID":1276,"USGS_ID":"374141099240301","LOCAL_WELL":"27S 19W 16DBD 01","website":"https://geohydro.kgs.ku.edu/geohydro/wizard/wizardwelldetail.cfm?usgs_id=374141099240301","name":"27S 19W 16DBD 01","recordUrl":"https://geohydro.kgs.ku.edu/geohydro/wizard/wizardwelldetail.cfm?usgs_id=374141099240301","period":"2026 monitoring locations"}},{"type":"Feature","id":1277,"geometry":{"type":"Point","coordinates":[-100.37118,39.51802]},"properties":{"FID":1277,"USGS_ID":"393104100221202","LOCAL_WELL":"06S 27W 19ADC 02","website":"https://geohydro.kgs.ku.edu/geohydro/wizard/wizardwelldetail.cfm?usgs_id=393104100221202","name":"06S 27W 19ADC 02","recordUrl":"https://geohydro.kgs.ku.edu/geohydro/wizard/wizardwelldetail.cfm?usgs_id=393104100221202","period":"2026 monitoring locations"}},{"type":"Feature","id":1278,"geometry":{"type":"Point","coordinates":[-101.16354,37.70143]},"properties":{"FID":1278,"USGS_ID":"374203101095102","LOCAL_WELL":"27S 35W 17ADD 02","website":"https://geohydro.kgs.ku.edu/geohydro/wizard/wizardwelldetail.cfm?usgs_id=374203101095102","name":"27S 35W 17ADD 02","recordUrl":"https://geohydro.kgs.ku.edu/geohydro/wizard/wizardwelldetail.cfm?usgs_id=374203101095102","period":"2026 monitoring locations"}},{"type":"Feature","id":1279,"geometry":{"type":"Point","coordinates":[-100.69263,37.18601]},"properties":{"FID":1279,"USGS_ID":"371110100413301","LOCAL_WELL":"33S 31W 09DDC 01","website":"https://geohydro.kgs.ku.edu/geohydro/wizard/wizardwelldetail.cfm?usgs_id=371110100413301","name":"33S 31W 09DDC 01","recordUrl":"https://geohydro.kgs.ku.edu/geohydro/wizard/wizardwelldetail.cfm?usgs_id=371110100413301","period":"2026 monitoring locations"}},{"type":"Feature","id":1280,"geometry":{"type":"Point","coordinates":[-100.68553,37.96234]},"properties":{"FID":1280,"USGS_ID":"375744100410801","LOCAL_WELL":"24S 31W 14DDB 01","website":"https://geohydro.kgs.ku.edu/geohydro/wizard/wizardwelldetail.cfm?usgs_id=375744100410801","name":"24S 31W 14DDB 01","recordUrl":"https://geohydro.kgs.ku.edu/geohydro/wizard/wizardwelldetail.cfm?usgs_id=375744100410801","period":"2026 monitoring locations"}},{"type":"Feature","id":1281,"geometry":{"type":"Point","coordinates":[-101.88946,37.49603]},"properties":{"FID":1281,"USGS_ID":"372944101532401","LOCAL_WELL":"29S 42W 27DAD 01","website":"https://geohydro.kgs.ku.edu/geohydro/wizard/wizardwelldetail.cfm?usgs_id=372944101532401","name":"29S 42W 27DAD 01","recordUrl":"https://geohydro.kgs.ku.edu/geohydro/wizard/wizardwelldetail.cfm?usgs_id=372944101532401","period":"2026 monitoring locations"}},{"type":"Feature","id":1282,"geometry":{"type":"Point","coordinates":[-101.49134,39.52424]},"properties":{"FID":1282,"USGS_ID":"393126101292602","LOCAL_WELL":"06S 37W 19ABB 02","website":"https://geohydro.kgs.ku.edu/geohydro/wizard/wizardwelldetail.cfm?usgs_id=393126101292602","name":"06S 37W 19ABB 02","recordUrl":"https://geohydro.kgs.ku.edu/geohydro/wizard/wizardwelldetail.cfm?usgs_id=393126101292602","period":"2026 monitoring locations"}},{"type":"Feature","id":1283,"geometry":{"type":"Point","coordinates":[-101.65655,39.30378]},"properties":{"FID":1283,"USGS_ID":"391814101392401","LOCAL_WELL":"09S 39W 03ACA 01","website":"https://geohydro.kgs.ku.edu/geohydro/wizard/wizardwelldetail.cfm?usgs_id=391814101392401","name":"09S 39W 03ACA 01","recordUrl":"https://geohydro.kgs.ku.edu/geohydro/wizard/wizardwelldetail.cfm?usgs_id=391814101392401","period":"2026 monitoring locations"}},{"type":"Feature","id":1284,"geometry":{"type":"Point","coordinates":[-97.70236,38.45056]},"properties":{"FID":1284,"USGS_ID":"382702097420702","LOCAL_WELL":"18S 03W 30CCC 02","website":"https://geohydro.kgs.ku.edu/geohydro/wizard/wizardwelldetail.cfm?usgs_id=382702097420702","name":"18S 03W 30CCC 02","recordUrl":"https://geohydro.kgs.ku.edu/geohydro/wizard/wizardwelldetail.cfm?usgs_id=382702097420702","period":"2026 monitoring locations"}},{"type":"Feature","id":1285,"geometry":{"type":"Point","coordinates":[-100.85086,37.19639]},"properties":{"FID":1285,"USGS_ID":"371148100510702","LOCAL_WELL":"33S 33W 12AAD 02","website":"https://geohydro.kgs.ku.edu/geohydro/wizard/wizardwelldetail.cfm?usgs_id=371148100510702","name":"33S 33W 12AAD 02","recordUrl":"https://geohydro.kgs.ku.edu/geohydro/wizard/wizardwelldetail.cfm?usgs_id=371148100510702","period":"2026 monitoring locations"}},{"type":"Feature","id":1286,"geometry":{"type":"Point","coordinates":[-101.4348,37.19223]},"properties":{"FID":1286,"USGS_ID":"371135101260902","LOCAL_WELL":"33S 38W 10ACD 01","website":"https://geohydro.kgs.ku.edu/geohydro/wizard/wizardwelldetail.cfm?usgs_id=371135101260902","name":"33S 38W 10ACD 01","recordUrl":"https://geohydro.kgs.ku.edu/geohydro/wizard/wizardwelldetail.cfm?usgs_id=371135101260902","period":"2026 monitoring locations"}},{"type":"Feature","id":1287,"geometry":{"type":"Point","coordinates":[-99.98733,39.7501]},"properties":{"FID":1287,"USGS_ID":"394500099591401","LOCAL_WELL":"03S 24W 35ADB 01","website":"https://geohydro.kgs.ku.edu/geohydro/wizard/wizardwelldetail.cfm?usgs_id=394500099591401","name":"03S 24W 35ADB 01","recordUrl":"https://geohydro.kgs.ku.edu/geohydro/wizard/wizardwelldetail.cfm?usgs_id=394500099591401","period":"2026 monitoring locations"}},{"type":"Feature","id":1288,"geometry":{"type":"Point","coordinates":[-101.1212,39.76058]},"properties":{"FID":1288,"USGS_ID":"394538101071601","LOCAL_WELL":"03S 34W 27CAD 01","website":"https://geohydro.kgs.ku.edu/geohydro/wizard/wizardwelldetail.cfm?usgs_id=394538101071601","name":"03S 34W 27CAD 01","recordUrl":"https://geohydro.kgs.ku.edu/geohydro/wizard/wizardwelldetail.cfm?usgs_id=394538101071601","period":"2026 monitoring locations"}},{"type":"Feature","id":1289,"geometry":{"type":"Point","coordinates":[-98.06446,38.19196]},"properties":{"FID":1289,"USGS_ID":"381131098035101","LOCAL_WELL":"21S 07W 26CCA 01","website":"https://geohydro.kgs.ku.edu/geohydro/wizard/wizardwelldetail.cfm?usgs_id=381131098035101","name":"21S 07W 26CCA 01","recordUrl":"https://geohydro.kgs.ku.edu/geohydro/wizard/wizardwelldetail.cfm?usgs_id=381131098035101","period":"2026 monitoring locations"}},{"type":"Feature","id":1290,"geometry":{"type":"Point","coordinates":[-98.91722,38.13464]},"properties":{"FID":1290,"USGS_ID":"380758098550502","LOCAL_WELL":"22S 15W 13DCA 02","website":"https://geohydro.kgs.ku.edu/geohydro/wizard/wizardwelldetail.cfm?usgs_id=380758098550502","name":"22S 15W 13DCA 02","recordUrl":"https://geohydro.kgs.ku.edu/geohydro/wizard/wizardwelldetail.cfm?usgs_id=380758098550502","period":"2026 monitoring locations"}},{"type":"Feature","id":1291,"geometry":{"type":"Point","coordinates":[-101.23109,37.25671]},"properties":{"FID":1291,"USGS_ID":"371524101135201","LOCAL_WELL":"32S 36W 21AAA 01","website":"https://geohydro.kgs.ku.edu/geohydro/wizard/wizardwelldetail.cfm?usgs_id=371524101135201","name":"32S 36W 21AAA 01","recordUrl":"https://geohydro.kgs.ku.edu/geohydro/wizard/wizardwelldetail.cfm?usgs_id=371524101135201","period":"2026 monitoring locations"}},{"type":"Feature","id":1292,"geometry":{"type":"Point","coordinates":[-100.90779,39.76449]},"properties":{"FID":1292,"USGS_ID":"397645100907801","LOCAL_WELL":"03S 32W 27BCC 01","website":"https://geohydro.kgs.ku.edu/geohydro/wizard/wizardwelldetail.cfm?usgs_id=397645100907801","name":"03S 32W 27BCC 01","recordUrl":"https://geohydro.kgs.ku.edu/geohydro/wizard/wizardwelldetail.cfm?usgs_id=397645100907801","period":"2026 monitoring locations"}},{"type":"Feature","id":1293,"geometry":{"type":"Point","coordinates":[-100.87069,37.3989]},"properties":{"FID":1293,"USGS_ID":"372356100521601","LOCAL_WELL":"30S 32W 31BBC 01","website":"https://geohydro.kgs.ku.edu/geohydro/wizard/wizardwelldetail.cfm?usgs_id=372356100521601","name":"30S 32W 31BBC 01","recordUrl":"https://geohydro.kgs.ku.edu/geohydro/wizard/wizardwelldetail.cfm?usgs_id=372356100521601","period":"2026 monitoring locations"}},{"type":"Feature","id":1294,"geometry":{"type":"Point","coordinates":[-100.55848,37.2206]},"properties":{"FID":1294,"USGS_ID":"371314100333001","LOCAL_WELL":"32S 30W 35CBA 01","website":"https://geohydro.kgs.ku.edu/geohydro/wizard/wizardwelldetail.cfm?usgs_id=371314100333001","name":"32S 30W 35CBA 01","recordUrl":"https://geohydro.kgs.ku.edu/geohydro/wizard/wizardwelldetail.cfm?usgs_id=371314100333001","period":"2026 monitoring locations"}},{"type":"Feature","id":1295,"geometry":{"type":"Point","coordinates":[-101.51386,37.47627]},"properties":{"FID":1295,"USGS_ID":"372835101305001","LOCAL_WELL":"29S 38W 31DCD 01","website":"https://geohydro.kgs.ku.edu/geohydro/wizard/wizardwelldetail.cfm?usgs_id=372835101305001","name":"29S 38W 31DCD 01","recordUrl":"https://geohydro.kgs.ku.edu/geohydro/wizard/wizardwelldetail.cfm?usgs_id=372835101305001","period":"2026 monitoring locations"}},{"type":"Feature","id":1296,"geometry":{"type":"Point","coordinates":[-99.45794,37.63422]},"properties":{"FID":1296,"USGS_ID":"373803099272901","LOCAL_WELL":"28S 20W 01DCB 02","website":"https://geohydro.kgs.ku.edu/geohydro/wizard/wizardwelldetail.cfm?usgs_id=373803099272901","name":"28S 20W 01DCB 02","recordUrl":"https://geohydro.kgs.ku.edu/geohydro/wizard/wizardwelldetail.cfm?usgs_id=373803099272901","period":"2026 monitoring locations"}},{"type":"Feature","id":1297,"geometry":{"type":"Point","coordinates":[-98.58379,37.53984]},"properties":{"FID":1297,"USGS_ID":"373223098350201","LOCAL_WELL":"29S 12W 12BAD 01","website":"https://geohydro.kgs.ku.edu/geohydro/wizard/wizardwelldetail.cfm?usgs_id=373223098350201","name":"29S 12W 12BAD 01","recordUrl":"https://geohydro.kgs.ku.edu/geohydro/wizard/wizardwelldetail.cfm?usgs_id=373223098350201","period":"2026 monitoring locations"}},{"type":"Feature","id":1298,"geometry":{"type":"Point","coordinates":[-100.66473,37.67842]},"properties":{"FID":1298,"USGS_ID":"374044100395003","LOCAL_WELL":"27S 31W 24CDC 03","website":"https://geohydro.kgs.ku.edu/geohydro/wizard/wizardwelldetail.cfm?usgs_id=374044100395003","name":"27S 31W 24CDC 03","recordUrl":"https://geohydro.kgs.ku.edu/geohydro/wizard/wizardwelldetail.cfm?usgs_id=374044100395003","period":"2026 monitoring locations"}},{"type":"Feature","id":1299,"geometry":{"type":"Point","coordinates":[-101.88952,37.66537]},"properties":{"FID":1299,"USGS_ID":"373955101532201","LOCAL_WELL":"27S 42W 34AAA 01","website":"https://geohydro.kgs.ku.edu/geohydro/wizard/wizardwelldetail.cfm?usgs_id=373955101532201","name":"27S 42W 34AAA 01","recordUrl":"https://geohydro.kgs.ku.edu/geohydro/wizard/wizardwelldetail.cfm?usgs_id=373955101532201","period":"2026 monitoring locations"}},{"type":"Feature","id":1300,"geometry":{"type":"Point","coordinates":[-101.19667,37.20632]},"properties":{"FID":1300,"USGS_ID":"371223101114801","LOCAL_WELL":"33S 36W 02DAB 01","website":"https://geohydro.kgs.ku.edu/geohydro/wizard/wizardwelldetail.cfm?usgs_id=371223101114801","name":"33S 36W 02DAB 01","recordUrl":"https://geohydro.kgs.ku.edu/geohydro/wizard/wizardwelldetail.cfm?usgs_id=371223101114801","period":"2026 monitoring locations"}},{"type":"Feature","id":1301,"geometry":{"type":"Point","coordinates":[-101.33687,37.70668]},"properties":{"FID":1301,"USGS_ID":"374224101201301","LOCAL_WELL":"27S 37W 14BAA 01","website":"https://geohydro.kgs.ku.edu/geohydro/wizard/wizardwelldetail.cfm?usgs_id=374224101201301","name":"27S 37W 14BAA 01","recordUrl":"https://geohydro.kgs.ku.edu/geohydro/wizard/wizardwelldetail.cfm?usgs_id=374224101201301","period":"2026 monitoring locations"}},{"type":"Feature","id":1302,"geometry":{"type":"Point","coordinates":[-101.66404,38.53104]},"properties":{"FID":1302,"USGS_ID":"383152101395101","LOCAL_WELL":"17S 39W 31DAB 01","website":"https://geohydro.kgs.ku.edu/geohydro/wizard/wizardwelldetail.cfm?usgs_id=383152101395101","name":"17S 39W 31DAB 01","recordUrl":"https://geohydro.kgs.ku.edu/geohydro/wizard/wizardwelldetail.cfm?usgs_id=383152101395101","period":"2026 monitoring locations"}},{"type":"Feature","id":1303,"geometry":{"type":"Point","coordinates":[-100.95104,37.77312]},"properties":{"FID":1303,"USGS_ID":"374624100570401","LOCAL_WELL":"26S 33W 20ACC 02","website":"https://geohydro.kgs.ku.edu/geohydro/wizard/wizardwelldetail.cfm?usgs_id=374624100570401","name":"26S 33W 20ACC 02","recordUrl":"https://geohydro.kgs.ku.edu/geohydro/wizard/wizardwelldetail.cfm?usgs_id=374624100570401","period":"2026 monitoring locations"}},{"type":"Feature","id":1304,"geometry":{"type":"Point","coordinates":[-100.32871,37.75577]},"properties":{"FID":1304,"USGS_ID":"374521100194301","LOCAL_WELL":"26S 28W 25DAC 01","website":"https://geohydro.kgs.ku.edu/geohydro/wizard/wizardwelldetail.cfm?usgs_id=374521100194301","name":"26S 28W 25DAC 01","recordUrl":"https://geohydro.kgs.ku.edu/geohydro/wizard/wizardwelldetail.cfm?usgs_id=374521100194301","period":"2026 monitoring locations"}},{"type":"Feature","id":1305,"geometry":{"type":"Point","coordinates":[-101.19988,37.60148]},"properties":{"FID":1305,"USGS_ID":"373605101120001","LOCAL_WELL":"28S 36W 24ADA 01","website":"https://geohydro.kgs.ku.edu/geohydro/wizard/wizardwelldetail.cfm?usgs_id=373605101120001","name":"28S 36W 24ADA 01","recordUrl":"https://geohydro.kgs.ku.edu/geohydro/wizard/wizardwelldetail.cfm?usgs_id=373605101120001","period":"2026 monitoring locations"}},{"type":"Feature","id":1306,"geometry":{"type":"Point","coordinates":[-101.61675,37.51206]},"properties":{"FID":1306,"USGS_ID":"373043101373701","LOCAL_WELL":"29S 39W 20BCC 01","website":"https://geohydro.kgs.ku.edu/geohydro/wizard/wizardwelldetail.cfm?usgs_id=373043101373701","name":"29S 39W 20BCC 01","recordUrl":"https://geohydro.kgs.ku.edu/geohydro/wizard/wizardwelldetail.cfm?usgs_id=373043101373701","period":"2026 monitoring locations"}},{"type":"Feature","id":1307,"geometry":{"type":"Point","coordinates":[-100.99814,38.37237]},"properties":{"FID":1307,"USGS_ID":"382223100594603","LOCAL_WELL":"19S 33W 29CBB 03","website":"https://geohydro.kgs.ku.edu/geohydro/wizard/wizardwelldetail.cfm?usgs_id=382223100594603","name":"19S 33W 29CBB 03","recordUrl":"https://geohydro.kgs.ku.edu/geohydro/wizard/wizardwelldetail.cfm?usgs_id=382223100594603","period":"2026 monitoring locations"}},{"type":"Feature","id":1308,"geometry":{"type":"Point","coordinates":[-100.9844,38.03295]},"properties":{"FID":1308,"USGS_ID":"380159100590401","LOCAL_WELL":"23S 33W 19DCC 01","website":"https://geohydro.kgs.ku.edu/geohydro/wizard/wizardwelldetail.cfm?usgs_id=380159100590401","name":"23S 33W 19DCC 01","recordUrl":"https://geohydro.kgs.ku.edu/geohydro/wizard/wizardwelldetail.cfm?usgs_id=380159100590401","period":"2026 monitoring locations"}},{"type":"Feature","id":1309,"geometry":{"type":"Point","coordinates":[-101.00138,39.6326]},"properties":{"FID":1309,"USGS_ID":"393757101000101","LOCAL_WELL":"05S 33W 10DAA 01","website":"https://geohydro.kgs.ku.edu/geohydro/wizard/wizardwelldetail.cfm?usgs_id=393757101000101","name":"05S 33W 10DAA 01","recordUrl":"https://geohydro.kgs.ku.edu/geohydro/wizard/wizardwelldetail.cfm?usgs_id=393757101000101","period":"2026 monitoring locations"}},{"type":"Feature","id":1310,"geometry":{"type":"Point","coordinates":[-101.11439,39.62536]},"properties":{"FID":1310,"USGS_ID":"393731101065201","LOCAL_WELL":"05S 34W 15AAA 01","website":"https://geohydro.kgs.ku.edu/geohydro/wizard/wizardwelldetail.cfm?usgs_id=393731101065201","name":"05S 34W 15AAA 01","recordUrl":"https://geohydro.kgs.ku.edu/geohydro/wizard/wizardwelldetail.cfm?usgs_id=393731101065201","period":"2026 monitoring locations"}},{"type":"Feature","id":1311,"geometry":{"type":"Point","coordinates":[-101.97805,38.81368]},"properties":{"FID":1311,"USGS_ID":"384849101584101","LOCAL_WELL":"14S 42W 27BAB 01","website":"https://geohydro.kgs.ku.edu/geohydro/wizard/wizardwelldetail.cfm?usgs_id=384849101584101","name":"14S 42W 27BAB 01","recordUrl":"https://geohydro.kgs.ku.edu/geohydro/wizard/wizardwelldetail.cfm?usgs_id=384849101584101","period":"2026 monitoring locations"}},{"type":"Feature","id":1312,"geometry":{"type":"Point","coordinates":[-100.72344,37.28579]},"properties":{"FID":1312,"USGS_ID":"371709100432501","LOCAL_WELL":"32S 31W 08BBA 01","website":"https://geohydro.kgs.ku.edu/geohydro/wizard/wizardwelldetail.cfm?usgs_id=371709100432501","name":"32S 31W 08BBA 01","recordUrl":"https://geohydro.kgs.ku.edu/geohydro/wizard/wizardwelldetail.cfm?usgs_id=371709100432501","period":"2026 monitoring locations"}},{"type":"Feature","id":1313,"geometry":{"type":"Point","coordinates":[-100.26659,39.81728]},"properties":{"FID":1313,"USGS_ID":"394859100155901","LOCAL_WELL":"03S 26W 05CAD 01","website":"https://geohydro.kgs.ku.edu/geohydro/wizard/wizardwelldetail.cfm?usgs_id=394859100155901","name":"03S 26W 05CAD 01","recordUrl":"https://geohydro.kgs.ku.edu/geohydro/wizard/wizardwelldetail.cfm?usgs_id=394859100155901","period":"2026 monitoring locations"}},{"type":"Feature","id":1314,"geometry":{"type":"Point","coordinates":[-101.21286,37.99818]},"properties":{"FID":1314,"USGS_ID":"375953101124601","LOCAL_WELL":"24S 36W 01ADA 01","website":"https://geohydro.kgs.ku.edu/geohydro/wizard/wizardwelldetail.cfm?usgs_id=375953101124601","name":"24S 36W 01ADA 01","recordUrl":"https://geohydro.kgs.ku.edu/geohydro/wizard/wizardwelldetail.cfm?usgs_id=375953101124601","period":"2026 monitoring locations"}},{"type":"Feature","id":1315,"geometry":{"type":"Point","coordinates":[-101.01647,37.4578]},"properties":{"FID":1315,"USGS_ID":"372728101005901","LOCAL_WELL":"30S 34W 11BBC 01","website":"https://geohydro.kgs.ku.edu/geohydro/wizard/wizardwelldetail.cfm?usgs_id=372728101005901","name":"30S 34W 11BBC 01","recordUrl":"https://geohydro.kgs.ku.edu/geohydro/wizard/wizardwelldetail.cfm?usgs_id=372728101005901","period":"2026 monitoring locations"}},{"type":"Feature","id":1316,"geometry":{"type":"Point","coordinates":[-100.45718,37.75827]},"properties":{"FID":1316,"USGS_ID":"374530100272701","LOCAL_WELL":"26S 29W 26DBA 01","website":"https://geohydro.kgs.ku.edu/geohydro/wizard/wizardwelldetail.cfm?usgs_id=374530100272701","name":"26S 29W 26DBA 01","recordUrl":"https://geohydro.kgs.ku.edu/geohydro/wizard/wizardwelldetail.cfm?usgs_id=374530100272701","period":"2026 monitoring locations"}},{"type":"Feature","id":1317,"geometry":{"type":"Point","coordinates":[-99.96593,37.45009]},"properties":{"FID":1317,"USGS_ID":"372700099575801","LOCAL_WELL":"30S 24W 08DBA 01","website":"https://geohydro.kgs.ku.edu/geohydro/wizard/wizardwelldetail.cfm?usgs_id=372700099575801","name":"30S 24W 08DBA 01","recordUrl":"https://geohydro.kgs.ku.edu/geohydro/wizard/wizardwelldetail.cfm?usgs_id=372700099575801","period":"2026 monitoring locations"}},{"type":"Feature","id":1318,"geometry":{"type":"Point","coordinates":[-99.87309,37.43088]},"properties":{"FID":1318,"USGS_ID":"372551099522301","LOCAL_WELL":"30S 23W 18D 01","website":"https://geohydro.kgs.ku.edu/geohydro/wizard/wizardwelldetail.cfm?usgs_id=372551099522301","name":"30S 23W 18D 01","recordUrl":"https://geohydro.kgs.ku.edu/geohydro/wizard/wizardwelldetail.cfm?usgs_id=372551099522301","period":"2026 monitoring locations"}},{"type":"Feature","id":1319,"geometry":{"type":"Point","coordinates":[-99.48288,37.85111]},"properties":{"FID":1319,"USGS_ID":"375104099285801","LOCAL_WELL":"25S 20W 26AAC 01","website":"https://geohydro.kgs.ku.edu/geohydro/wizard/wizardwelldetail.cfm?usgs_id=375104099285801","name":"25S 20W 26AAC 01","recordUrl":"https://geohydro.kgs.ku.edu/geohydro/wizard/wizardwelldetail.cfm?usgs_id=375104099285801","period":"2026 monitoring locations"}},{"type":"Feature","id":1320,"geometry":{"type":"Point","coordinates":[-98.46994,38.23383]},"properties":{"FID":1320,"USGS_ID":"381402098281201","LOCAL_WELL":"21S 10W 07CCA 01","website":"https://geohydro.kgs.ku.edu/geohydro/wizard/wizardwelldetail.cfm?usgs_id=381402098281201","name":"21S 10W 07CCA 01","recordUrl":"https://geohydro.kgs.ku.edu/geohydro/wizard/wizardwelldetail.cfm?usgs_id=381402098281201","period":"2026 monitoring locations"}},{"type":"Feature","id":1321,"geometry":{"type":"Point","coordinates":[-97.99824,37.50996]},"properties":{"FID":1321,"USGS_ID":"373036097595401","LOCAL_WELL":"29S 06W 20ACC 01","website":"https://geohydro.kgs.ku.edu/geohydro/wizard/wizardwelldetail.cfm?usgs_id=373036097595401","name":"29S 06W 20ACC 01","recordUrl":"https://geohydro.kgs.ku.edu/geohydro/wizard/wizardwelldetail.cfm?usgs_id=373036097595401","period":"2026 monitoring locations"}},{"type":"Feature","id":1322,"geometry":{"type":"Point","coordinates":[-98.34524,37.5184]},"properties":{"FID":1322,"USGS_ID":"373106098204302","LOCAL_WELL":"29S 09W 18DCB 02","website":"https://geohydro.kgs.ku.edu/geohydro/wizard/wizardwelldetail.cfm?usgs_id=373106098204302","name":"29S 09W 18DCB 02","recordUrl":"https://geohydro.kgs.ku.edu/geohydro/wizard/wizardwelldetail.cfm?usgs_id=373106098204302","period":"2026 monitoring locations"}},{"type":"Feature","id":1323,"geometry":{"type":"Point","coordinates":[-101.10088,37.22409]},"properties":{"FID":1323,"USGS_ID":"371328101060302","LOCAL_WELL":"32S 35W 35BCA 01","website":"https://geohydro.kgs.ku.edu/geohydro/wizard/wizardwelldetail.cfm?usgs_id=371328101060302","name":"32S 35W 35BCA 01","recordUrl":"https://geohydro.kgs.ku.edu/geohydro/wizard/wizardwelldetail.cfm?usgs_id=371328101060302","period":"2026 monitoring locations"}},{"type":"Feature","id":1324,"geometry":{"type":"Point","coordinates":[-101.14045,37.2719]},"properties":{"FID":1324,"USGS_ID":"371621101082602","LOCAL_WELL":"32S 35W 08DDD 02","website":"https://geohydro.kgs.ku.edu/geohydro/wizard/wizardwelldetail.cfm?usgs_id=371621101082602","name":"32S 35W 08DDD 02","recordUrl":"https://geohydro.kgs.ku.edu/geohydro/wizard/wizardwelldetail.cfm?usgs_id=371621101082602","period":"2026 monitoring locations"}},{"type":"Feature","id":1325,"geometry":{"type":"Point","coordinates":[-97.62892,37.96326]},"properties":{"FID":1325,"USGS_ID":"375745097374703","LOCAL_WELL":"24S 03W 15DAA 03","website":"https://geohydro.kgs.ku.edu/geohydro/wizard/wizardwelldetail.cfm?usgs_id=375745097374703","name":"24S 03W 15DAA 03","recordUrl":"https://geohydro.kgs.ku.edu/geohydro/wizard/wizardwelldetail.cfm?usgs_id=375745097374703","period":"2026 monitoring locations"}},{"type":"Feature","id":1326,"geometry":{"type":"Point","coordinates":[-98.75196,37.87969]},"properties":{"FID":1326,"USGS_ID":"375228098451902","LOCAL_WELL":"25S 13W 16ACA 01","website":"https://geohydro.kgs.ku.edu/geohydro/wizard/wizardwelldetail.cfm?usgs_id=375228098451902","name":"25S 13W 16ACA 01","recordUrl":"https://geohydro.kgs.ku.edu/geohydro/wizard/wizardwelldetail.cfm?usgs_id=375228098451902","period":"2026 monitoring locations"}},{"type":"Feature","id":1327,"geometry":{"type":"Point","coordinates":[-101.60274,37.26515]},"properties":{"FID":1327,"USGS_ID":"371555101361001","LOCAL_WELL":"32S 39W 18BDD 01","website":"https://geohydro.kgs.ku.edu/geohydro/wizard/wizardwelldetail.cfm?usgs_id=371555101361001","name":"32S 39W 18BDD 01","recordUrl":"https://geohydro.kgs.ku.edu/geohydro/wizard/wizardwelldetail.cfm?usgs_id=371555101361001","period":"2026 monitoring locations"}},{"type":"Feature","id":1328,"geometry":{"type":"Point","coordinates":[-100.50415,37.41631]},"properties":{"FID":1328,"USGS_ID":"372459100301501","LOCAL_WELL":"30S 29W 28BBA 01","website":"https://geohydro.kgs.ku.edu/geohydro/wizard/wizardwelldetail.cfm?usgs_id=372459100301501","name":"30S 29W 28BBA 01","recordUrl":"https://geohydro.kgs.ku.edu/geohydro/wizard/wizardwelldetail.cfm?usgs_id=372459100301501","period":"2026 monitoring locations"}},{"type":"Feature","id":1329,"geometry":{"type":"Point","coordinates":[-99.06399,37.85065]},"properties":{"FID":1329,"USGS_ID":"375059099034202","LOCAL_WELL":"25S 16W 27AAC 02","website":"https://geohydro.kgs.ku.edu/geohydro/wizard/wizardwelldetail.cfm?usgs_id=375059099034202","name":"25S 16W 27AAC 02","recordUrl":"https://geohydro.kgs.ku.edu/geohydro/wizard/wizardwelldetail.cfm?usgs_id=375059099034202","period":"2026 monitoring locations"}},{"type":"Feature","id":1330,"geometry":{"type":"Point","coordinates":[-101.81735,38.66199]},"properties":{"FID":1330,"USGS_ID":"383943101490201","LOCAL_WELL":"16S 41W 14ACC 01","website":"https://geohydro.kgs.ku.edu/geohydro/wizard/wizardwelldetail.cfm?usgs_id=383943101490201","name":"16S 41W 14ACC 01","recordUrl":"https://geohydro.kgs.ku.edu/geohydro/wizard/wizardwelldetail.cfm?usgs_id=383943101490201","period":"2026 monitoring locations"}},{"type":"Feature","id":1331,"geometry":{"type":"Point","coordinates":[-99.64144,37.58565]},"properties":{"FID":1331,"USGS_ID":"373508099382901","LOCAL_WELL":"28S 21W 29BAA 01","website":"https://geohydro.kgs.ku.edu/geohydro/wizard/wizardwelldetail.cfm?usgs_id=373508099382901","name":"28S 21W 29BAA 01","recordUrl":"https://geohydro.kgs.ku.edu/geohydro/wizard/wizardwelldetail.cfm?usgs_id=373508099382901","period":"2026 monitoring locations"}},{"type":"Feature","id":1332,"geometry":{"type":"Point","coordinates":[-101.39469,37.37279]},"properties":{"FID":1332,"USGS_ID":"372222101234101","LOCAL_WELL":"31S 38W 12AAA 01","website":"https://geohydro.kgs.ku.edu/geohydro/wizard/wizardwelldetail.cfm?usgs_id=372222101234101","name":"31S 38W 12AAA 01","recordUrl":"https://geohydro.kgs.ku.edu/geohydro/wizard/wizardwelldetail.cfm?usgs_id=372222101234101","period":"2026 monitoring locations"}},{"type":"Feature","id":1333,"geometry":{"type":"Point","coordinates":[-101.93116,37.78676]},"properties":{"FID":1333,"USGS_ID":"374712101555201","LOCAL_WELL":"26S 42W 17DBD 01","website":"https://geohydro.kgs.ku.edu/geohydro/wizard/wizardwelldetail.cfm?usgs_id=374712101555201","name":"26S 42W 17DBD 01","recordUrl":"https://geohydro.kgs.ku.edu/geohydro/wizard/wizardwelldetail.cfm?usgs_id=374712101555201","period":"2026 monitoring locations"}},{"type":"Feature","id":1334,"geometry":{"type":"Point","coordinates":[-100.94356,37.86232]},"properties":{"FID":1334,"USGS_ID":"375144100563701","LOCAL_WELL":"25S 33W 21DCA 02","website":"https://geohydro.kgs.ku.edu/geohydro/wizard/wizardwelldetail.cfm?usgs_id=375144100563701","name":"25S 33W 21DCA 02","recordUrl":"https://geohydro.kgs.ku.edu/geohydro/wizard/wizardwelldetail.cfm?usgs_id=375144100563701","period":"2026 monitoring locations"}},{"type":"Feature","id":1335,"geometry":{"type":"Point","coordinates":[-100.55073,37.908]},"properties":{"FID":1335,"USGS_ID":"375429100330301","LOCAL_WELL":"25S 29W 06BCD 01","website":"https://geohydro.kgs.ku.edu/geohydro/wizard/wizardwelldetail.cfm?usgs_id=375429100330301","name":"25S 29W 06BCD 01","recordUrl":"https://geohydro.kgs.ku.edu/geohydro/wizard/wizardwelldetail.cfm?usgs_id=375429100330301","period":"2026 monitoring locations"}},{"type":"Feature","id":1336,"geometry":{"type":"Point","coordinates":[-101.42042,38.49019]},"properties":{"FID":1336,"USGS_ID":"382925101251301","LOCAL_WELL":"18S 37W 16BCD 02","website":"https://geohydro.kgs.ku.edu/geohydro/wizard/wizardwelldetail.cfm?usgs_id=382925101251301","name":"18S 37W 16BCD 02","recordUrl":"https://geohydro.kgs.ku.edu/geohydro/wizard/wizardwelldetail.cfm?usgs_id=382925101251301","period":"2026 monitoring locations"}},{"type":"Feature","id":1337,"geometry":{"type":"Point","coordinates":[-101.58552,37.58437]},"properties":{"FID":1337,"USGS_ID":"373504101350801","LOCAL_WELL":"28S 39W 28ACD 01","website":"https://geohydro.kgs.ku.edu/geohydro/wizard/wizardwelldetail.cfm?usgs_id=373504101350801","name":"28S 39W 28ACD 01","recordUrl":"https://geohydro.kgs.ku.edu/geohydro/wizard/wizardwelldetail.cfm?usgs_id=373504101350801","period":"2026 monitoring locations"}},{"type":"Feature","id":1338,"geometry":{"type":"Point","coordinates":[-101.0826,37.09765]},"properties":{"FID":1338,"USGS_ID":"370552101045701","LOCAL_WELL":"34S 35W 12CCD 01","website":"https://geohydro.kgs.ku.edu/geohydro/wizard/wizardwelldetail.cfm?usgs_id=370552101045701","name":"34S 35W 12CCD 01","recordUrl":"https://geohydro.kgs.ku.edu/geohydro/wizard/wizardwelldetail.cfm?usgs_id=370552101045701","period":"2026 monitoring locations"}},{"type":"Feature","id":1339,"geometry":{"type":"Point","coordinates":[-101.11809,38.50262]},"properties":{"FID":1339,"USGS_ID":"383009101070501","LOCAL_WELL":"18S 34W 07DBB 01","website":"https://geohydro.kgs.ku.edu/geohydro/wizard/wizardwelldetail.cfm?usgs_id=383009101070501","name":"18S 34W 07DBB 01","recordUrl":"https://geohydro.kgs.ku.edu/geohydro/wizard/wizardwelldetail.cfm?usgs_id=383009101070501","period":"2026 monitoring locations"}},{"type":"Feature","id":1340,"geometry":{"type":"Point","coordinates":[-100.61198,38.43909]},"properties":{"FID":1340,"USGS_ID":"382621100364301","LOCAL_WELL":"18S 30W 35CCC 01","website":"https://geohydro.kgs.ku.edu/geohydro/wizard/wizardwelldetail.cfm?usgs_id=382621100364301","name":"18S 30W 35CCC 01","recordUrl":"https://geohydro.kgs.ku.edu/geohydro/wizard/wizardwelldetail.cfm?usgs_id=382621100364301","period":"2026 monitoring locations"}},{"type":"Feature","id":1341,"geometry":{"type":"Point","coordinates":[-100.85622,38.14508]},"properties":{"FID":1341,"USGS_ID":"380842100512201","LOCAL_WELL":"22S 32W 17ACB 01","website":"https://geohydro.kgs.ku.edu/geohydro/wizard/wizardwelldetail.cfm?usgs_id=380842100512201","name":"22S 32W 17ACB 01","recordUrl":"https://geohydro.kgs.ku.edu/geohydro/wizard/wizardwelldetail.cfm?usgs_id=380842100512201","period":"2026 monitoring locations"}},{"type":"Feature","id":1342,"geometry":{"type":"Point","coordinates":[-101.07728,37.83495]},"properties":{"FID":1342,"USGS_ID":"375006101043801","LOCAL_WELL":"25S 34W 32CAA 01","website":"https://geohydro.kgs.ku.edu/geohydro/wizard/wizardwelldetail.cfm?usgs_id=375006101043801","name":"25S 34W 32CAA 01","recordUrl":"https://geohydro.kgs.ku.edu/geohydro/wizard/wizardwelldetail.cfm?usgs_id=375006101043801","period":"2026 monitoring locations"}},{"type":"Feature","id":1343,"geometry":{"type":"Point","coordinates":[-100.77905,37.66119]},"properties":{"FID":1343,"USGS_ID":"373940100464501","LOCAL_WELL":"27S 32W 36BBC 01","website":"https://geohydro.kgs.ku.edu/geohydro/wizard/wizardwelldetail.cfm?usgs_id=373940100464501","name":"27S 32W 36BBC 01","recordUrl":"https://geohydro.kgs.ku.edu/geohydro/wizard/wizardwelldetail.cfm?usgs_id=373940100464501","period":"2026 monitoring locations"}},{"type":"Feature","id":1344,"geometry":{"type":"Point","coordinates":[-98.21324,37.69431]},"properties":{"FID":1344,"USGS_ID":"374143098124602","LOCAL_WELL":"27S 08W 17DAC 01","website":"https://geohydro.kgs.ku.edu/geohydro/wizard/wizardwelldetail.cfm?usgs_id=374143098124602","name":"27S 08W 17DAC 01","recordUrl":"https://geohydro.kgs.ku.edu/geohydro/wizard/wizardwelldetail.cfm?usgs_id=374143098124602","period":"2026 monitoring locations"}},{"type":"Feature","id":1345,"geometry":{"type":"Point","coordinates":[-98.43068,37.86437]},"properties":{"FID":1345,"USGS_ID":"375152098255001","LOCAL_WELL":"25S 10W 21BAC 01","website":"https://geohydro.kgs.ku.edu/geohydro/wizard/wizardwelldetail.cfm?usgs_id=375152098255001","name":"25S 10W 21BAC 01","recordUrl":"https://geohydro.kgs.ku.edu/geohydro/wizard/wizardwelldetail.cfm?usgs_id=375152098255001","period":"2026 monitoring locations"}},{"type":"Feature","id":1346,"geometry":{"type":"Point","coordinates":[-99.89064,39.74881]},"properties":{"FID":1346,"USGS_ID":"394456099532601","LOCAL_WELL":"03S 23W 34ADD 02","website":"https://geohydro.kgs.ku.edu/geohydro/wizard/wizardwelldetail.cfm?usgs_id=394456099532601","name":"03S 23W 34ADD 02","recordUrl":"https://geohydro.kgs.ku.edu/geohydro/wizard/wizardwelldetail.cfm?usgs_id=394456099532601","period":"2026 monitoring locations"}},{"type":"Feature","id":1347,"geometry":{"type":"Point","coordinates":[-101.19484,39.88602]},"properties":{"FID":1347,"USGS_ID":"395307101114301","LOCAL_WELL":"02S 35W 13BAA 01","website":"https://geohydro.kgs.ku.edu/geohydro/wizard/wizardwelldetail.cfm?usgs_id=395307101114301","name":"02S 35W 13BAA 01","recordUrl":"https://geohydro.kgs.ku.edu/geohydro/wizard/wizardwelldetail.cfm?usgs_id=395307101114301","period":"2026 monitoring locations"}},{"type":"Feature","id":1348,"geometry":{"type":"Point","coordinates":[-100.92662,39.71359]},"properties":{"FID":1348,"USGS_ID":"394249100553601","LOCAL_WELL":"04S 32W 09CCC 01","website":"https://geohydro.kgs.ku.edu/geohydro/wizard/wizardwelldetail.cfm?usgs_id=394249100553601","name":"04S 32W 09CCC 01","recordUrl":"https://geohydro.kgs.ku.edu/geohydro/wizard/wizardwelldetail.cfm?usgs_id=394249100553601","period":"2026 monitoring locations"}},{"type":"Feature","id":1349,"geometry":{"type":"Point","coordinates":[-100.64328,37.29279]},"properties":{"FID":1349,"USGS_ID":"371734100383601","LOCAL_WELL":"32S 31W 01DBB 01","website":"https://geohydro.kgs.ku.edu/geohydro/wizard/wizardwelldetail.cfm?usgs_id=371734100383601","name":"32S 31W 01DBB 01","recordUrl":"https://geohydro.kgs.ku.edu/geohydro/wizard/wizardwelldetail.cfm?usgs_id=371734100383601","period":"2026 monitoring locations"}},{"type":"Feature","id":1350,"geometry":{"type":"Point","coordinates":[-100.86492,38.40318]},"properties":{"FID":1350,"USGS_ID":"382411100515401","LOCAL_WELL":"19S 32W 16BCD 01","website":"https://geohydro.kgs.ku.edu/geohydro/wizard/wizardwelldetail.cfm?usgs_id=382411100515401","name":"19S 32W 16BCD 01","recordUrl":"https://geohydro.kgs.ku.edu/geohydro/wizard/wizardwelldetail.cfm?usgs_id=382411100515401","period":"2026 monitoring locations"}},{"type":"Feature","id":1351,"geometry":{"type":"Point","coordinates":[-101.02891,37.82325]},"properties":{"FID":1351,"USGS_ID":"374924101014401","LOCAL_WELL":"26S 34W 03BBD 01","website":"https://geohydro.kgs.ku.edu/geohydro/wizard/wizardwelldetail.cfm?usgs_id=374924101014401","name":"26S 34W 03BBD 01","recordUrl":"https://geohydro.kgs.ku.edu/geohydro/wizard/wizardwelldetail.cfm?usgs_id=374924101014401","period":"2026 monitoring locations"}},{"type":"Feature","id":1352,"geometry":{"type":"Point","coordinates":[-99.16461,37.85034]},"properties":{"FID":1352,"USGS_ID":"375101099095301","LOCAL_WELL":"25S 17W 26B 01","website":"https://geohydro.kgs.ku.edu/geohydro/wizard/wizardwelldetail.cfm?usgs_id=375101099095301","name":"25S 17W 26B 01","recordUrl":"https://geohydro.kgs.ku.edu/geohydro/wizard/wizardwelldetail.cfm?usgs_id=375101099095301","period":"2026 monitoring locations"}},{"type":"Feature","id":1353,"geometry":{"type":"Point","coordinates":[-98.88954,37.48094]},"properties":{"FID":1353,"USGS_ID":"372851098532201","LOCAL_WELL":"29S 14W 31ACA 01","website":"https://geohydro.kgs.ku.edu/geohydro/wizard/wizardwelldetail.cfm?usgs_id=372851098532201","name":"29S 14W 31ACA 01","recordUrl":"https://geohydro.kgs.ku.edu/geohydro/wizard/wizardwelldetail.cfm?usgs_id=372851098532201","period":"2026 monitoring locations"}},{"type":"Feature","id":1354,"geometry":{"type":"Point","coordinates":[-97.92668,37.50286]},"properties":{"FID":1354,"USGS_ID":"373010097553601","LOCAL_WELL":"29S 06W 24CDD 01","website":"https://geohydro.kgs.ku.edu/geohydro/wizard/wizardwelldetail.cfm?usgs_id=373010097553601","name":"29S 06W 24CDD 01","recordUrl":"https://geohydro.kgs.ku.edu/geohydro/wizard/wizardwelldetail.cfm?usgs_id=373010097553601","period":"2026 monitoring locations"}},{"type":"Feature","id":1355,"geometry":{"type":"Point","coordinates":[-98.16036,37.99913]},"properties":{"FID":1355,"USGS_ID":"375957098093701","LOCAL_WELL":"24S 08W 01BBB 01","website":"https://geohydro.kgs.ku.edu/geohydro/wizard/wizardwelldetail.cfm?usgs_id=375957098093701","name":"24S 08W 01BBB 01","recordUrl":"https://geohydro.kgs.ku.edu/geohydro/wizard/wizardwelldetail.cfm?usgs_id=375957098093701","period":"2026 monitoring locations"}},{"type":"Feature","id":1356,"geometry":{"type":"Point","coordinates":[-97.5337,38.26489]},"properties":{"FID":1356,"USGS_ID":"381554097320101","LOCAL_WELL":"20S 02W 34CBD 01","website":"https://geohydro.kgs.ku.edu/geohydro/wizard/wizardwelldetail.cfm?usgs_id=381554097320101","name":"20S 02W 34CBD 01","recordUrl":"https://geohydro.kgs.ku.edu/geohydro/wizard/wizardwelldetail.cfm?usgs_id=381554097320101","period":"2026 monitoring locations"}},{"type":"Feature","id":1357,"geometry":{"type":"Point","coordinates":[-101.48215,38.34544]},"properties":{"FID":1357,"USGS_ID":"382045101285102","LOCAL_WELL":"20S 38W 02ACD 01","website":"https://geohydro.kgs.ku.edu/geohydro/wizard/wizardwelldetail.cfm?usgs_id=382045101285102","name":"20S 38W 02ACD 01","recordUrl":"https://geohydro.kgs.ku.edu/geohydro/wizard/wizardwelldetail.cfm?usgs_id=382045101285102","period":"2026 monitoring locations"}},{"type":"Feature","id":1358,"geometry":{"type":"Point","coordinates":[-100.92692,39.33621]},"properties":{"FID":1358,"USGS_ID":"392010100553701","LOCAL_WELL":"08S 32W 30AAA 01","website":"https://geohydro.kgs.ku.edu/geohydro/wizard/wizardwelldetail.cfm?usgs_id=392010100553701","name":"08S 32W 30AAA 01","recordUrl":"https://geohydro.kgs.ku.edu/geohydro/wizard/wizardwelldetail.cfm?usgs_id=392010100553701","period":"2026 monitoring locations"}},{"type":"Feature","id":1359,"geometry":{"type":"Point","coordinates":[-98.67362,38.16483]},"properties":{"FID":1359,"USGS_ID":"391214100404001","LOCAL_WELL":"22S 12W 05CBB 01","website":"https://geohydro.kgs.ku.edu/geohydro/wizard/wizardwelldetail.cfm?usgs_id=391214100404001","name":"22S 12W 05CBB 01","recordUrl":"https://geohydro.kgs.ku.edu/geohydro/wizard/wizardwelldetail.cfm?usgs_id=391214100404001","period":"2026 monitoring locations"}},{"type":"Feature","id":1360,"geometry":{"type":"Point","coordinates":[-100.44165,37.70856]},"properties":{"FID":1360,"USGS_ID":"374233100263202","LOCAL_WELL":"27S 29W 12DCC 02","website":"https://geohydro.kgs.ku.edu/geohydro/wizard/wizardwelldetail.cfm?usgs_id=374233100263202","name":"27S 29W 12DCC 02","recordUrl":"https://geohydro.kgs.ku.edu/geohydro/wizard/wizardwelldetail.cfm?usgs_id=374233100263202","period":"2026 monitoring locations"}},{"type":"Feature","id":1361,"geometry":{"type":"Point","coordinates":[-100.8695,37.50436]},"properties":{"FID":1361,"USGS_ID":"373016100521001","LOCAL_WELL":"29S 32W 19CCC 02","website":"https://geohydro.kgs.ku.edu/geohydro/wizard/wizardwelldetail.cfm?usgs_id=373016100521001","name":"29S 32W 19CCC 02","recordUrl":"https://geohydro.kgs.ku.edu/geohydro/wizard/wizardwelldetail.cfm?usgs_id=373016100521001","period":"2026 monitoring locations"}},{"type":"Feature","id":1362,"geometry":{"type":"Point","coordinates":[-97.55863,37.80714]},"properties":{"FID":1362,"USGS_ID":"374837097332302","LOCAL_WELL":"26S 02W 08AAB 02","website":"https://geohydro.kgs.ku.edu/geohydro/wizard/wizardwelldetail.cfm?usgs_id=374837097332302","name":"26S 02W 08AAB 02","recordUrl":"https://geohydro.kgs.ku.edu/geohydro/wizard/wizardwelldetail.cfm?usgs_id=374837097332302","period":"2026 monitoring locations"}},{"type":"Feature","id":1363,"geometry":{"type":"Point","coordinates":[-99.03658,37.55276]},"properties":{"FID":1363,"USGS_ID":"373310099015902","LOCAL_WELL":"29S 16W 02ADB 02","website":"https://geohydro.kgs.ku.edu/geohydro/wizard/wizardwelldetail.cfm?usgs_id=373310099015902","name":"29S 16W 02ADB 02","recordUrl":"https://geohydro.kgs.ku.edu/geohydro/wizard/wizardwelldetail.cfm?usgs_id=373310099015902","period":"2026 monitoring locations"}},{"type":"Feature","id":1364,"geometry":{"type":"Point","coordinates":[-100.8523,37.6272]},"properties":{"FID":1364,"USGS_ID":"373738100510901","LOCAL_WELL":"28S 32W 08CBB 01","website":"https://geohydro.kgs.ku.edu/geohydro/wizard/wizardwelldetail.cfm?usgs_id=373738100510901","name":"28S 32W 08CBB 01","recordUrl":"https://geohydro.kgs.ku.edu/geohydro/wizard/wizardwelldetail.cfm?usgs_id=373738100510901","period":"2026 monitoring locations"}},{"type":"Feature","id":1365,"geometry":{"type":"Point","coordinates":[-101.83854,39.21233]},"properties":{"FID":1365,"USGS_ID":"391244101501901","LOCAL_WELL":"10S 41W 01DAA 01","website":"https://geohydro.kgs.ku.edu/geohydro/wizard/wizardwelldetail.cfm?usgs_id=391244101501901","name":"10S 41W 01DAA 01","recordUrl":"https://geohydro.kgs.ku.edu/geohydro/wizard/wizardwelldetail.cfm?usgs_id=391244101501901","period":"2026 monitoring locations"}},{"type":"Feature","id":1366,"geometry":{"type":"Point","coordinates":[-99.17875,39.92204]},"properties":{"FID":1366,"USGS_ID":"395518099104002","LOCAL_WELL":"01S 16W 31CBB 02","website":"https://geohydro.kgs.ku.edu/geohydro/wizard/wizardwelldetail.cfm?usgs_id=395518099104002","name":"01S 16W 31CBB 02","recordUrl":"https://geohydro.kgs.ku.edu/geohydro/wizard/wizardwelldetail.cfm?usgs_id=395518099104002","period":"2026 monitoring locations"}},{"type":"Feature","id":1367,"geometry":{"type":"Point","coordinates":[-101.1201,38.04576]},"properties":{"FID":1367,"USGS_ID":"380245101071103","LOCAL_WELL":"23S 35W 24BBB 03","website":"https://geohydro.kgs.ku.edu/geohydro/wizard/wizardwelldetail.cfm?usgs_id=380245101071103","name":"23S 35W 24BBB 03","recordUrl":"https://geohydro.kgs.ku.edu/geohydro/wizard/wizardwelldetail.cfm?usgs_id=380245101071103","period":"2026 monitoring locations"}},{"type":"Feature","id":1368,"geometry":{"type":"Point","coordinates":[-102.00079,37.83432]},"properties":{"FID":1368,"USGS_ID":"375004102000301","LOCAL_WELL":"25S 43W 35ADD 01","website":"https://geohydro.kgs.ku.edu/geohydro/wizard/wizardwelldetail.cfm?usgs_id=375004102000301","name":"25S 43W 35ADD 01","recordUrl":"https://geohydro.kgs.ku.edu/geohydro/wizard/wizardwelldetail.cfm?usgs_id=375004102000301","period":"2026 monitoring locations"}},{"type":"Feature","id":1369,"geometry":{"type":"Point","coordinates":[-100.79173,38.95278]},"properties":{"FID":1369,"USGS_ID":"385710100473001","LOCAL_WELL":"13S 31W 05CAB 02","website":"https://geohydro.kgs.ku.edu/geohydro/wizard/wizardwelldetail.cfm?usgs_id=385710100473001","name":"13S 31W 05CAB 02","recordUrl":"https://geohydro.kgs.ku.edu/geohydro/wizard/wizardwelldetail.cfm?usgs_id=385710100473001","period":"2026 monitoring locations"}},{"type":"Feature","id":1370,"geometry":{"type":"Point","coordinates":[-98.99876,38.20364]},"properties":{"FID":1370,"USGS_ID":"381213098595601","LOCAL_WELL":"21S 15W 29BAB 01","website":"https://geohydro.kgs.ku.edu/geohydro/wizard/wizardwelldetail.cfm?usgs_id=381213098595601","name":"21S 15W 29BAB 01","recordUrl":"https://geohydro.kgs.ku.edu/geohydro/wizard/wizardwelldetail.cfm?usgs_id=381213098595601","period":"2026 monitoring locations"}},{"type":"Feature","id":1371,"geometry":{"type":"Point","coordinates":[-100.84536,37.25693]},"properties":{"FID":1371,"USGS_ID":"371524100504202","LOCAL_WELL":"32S 32W 19BAB 02","website":"https://geohydro.kgs.ku.edu/geohydro/wizard/wizardwelldetail.cfm?usgs_id=371524100504202","name":"32S 32W 19BAB 02","recordUrl":"https://geohydro.kgs.ku.edu/geohydro/wizard/wizardwelldetail.cfm?usgs_id=371524100504202","period":"2026 monitoring locations"}},{"type":"Feature","id":1372,"geometry":{"type":"Point","coordinates":[-100.51632,39.90073]},"properties":{"FID":1372,"USGS_ID":"395405100305802","LOCAL_WELL":"02S 29W 01DDD 02","website":"https://geohydro.kgs.ku.edu/geohydro/wizard/wizardwelldetail.cfm?usgs_id=395405100305802","name":"02S 29W 01DDD 02","recordUrl":"https://geohydro.kgs.ku.edu/geohydro/wizard/wizardwelldetail.cfm?usgs_id=395405100305802","period":"2026 monitoring locations"}},{"type":"Feature","id":1373,"geometry":{"type":"Point","coordinates":[-100.60868,39.35943]},"properties":{"FID":1373,"USGS_ID":"392124100364002","LOCAL_WELL":"08S 30W 13ADA 01","website":"https://geohydro.kgs.ku.edu/geohydro/wizard/wizardwelldetail.cfm?usgs_id=392124100364002","name":"08S 30W 13ADA 01","recordUrl":"https://geohydro.kgs.ku.edu/geohydro/wizard/wizardwelldetail.cfm?usgs_id=392124100364002","period":"2026 monitoring locations"}},{"type":"Feature","id":1374,"geometry":{"type":"Point","coordinates":[-100.36643,39.16662]},"properties":{"FID":1374,"USGS_ID":"390959100220002","LOCAL_WELL":"10S 27W 20CBC 02","website":"https://geohydro.kgs.ku.edu/geohydro/wizard/wizardwelldetail.cfm?usgs_id=390959100220002","name":"10S 27W 20CBC 02","recordUrl":"https://geohydro.kgs.ku.edu/geohydro/wizard/wizardwelldetail.cfm?usgs_id=390959100220002","period":"2026 monitoring locations"}},{"type":"Feature","id":1375,"geometry":{"type":"Point","coordinates":[-100.47055,39.36096]},"properties":{"FID":1375,"USGS_ID":"392143100281902","LOCAL_WELL":"08S 28W 17BDA 01","website":"https://geohydro.kgs.ku.edu/geohydro/wizard/wizardwelldetail.cfm?usgs_id=392143100281902","name":"08S 28W 17BDA 01","recordUrl":"https://geohydro.kgs.ku.edu/geohydro/wizard/wizardwelldetail.cfm?usgs_id=392143100281902","period":"2026 monitoring locations"}},{"type":"Feature","id":1376,"geometry":{"type":"Point","coordinates":[-100.76869,38.99505]},"properties":{"FID":1376,"USGS_ID":"385942100460701","LOCAL_WELL":"12S 31W 21CAA 01","website":"https://geohydro.kgs.ku.edu/geohydro/wizard/wizardwelldetail.cfm?usgs_id=385942100460701","name":"12S 31W 21CAA 01","recordUrl":"https://geohydro.kgs.ku.edu/geohydro/wizard/wizardwelldetail.cfm?usgs_id=385942100460701","period":"2026 monitoring locations"}},{"type":"Feature","id":1377,"geometry":{"type":"Point","coordinates":[-98.83085,37.60824]},"properties":{"FID":1377,"USGS_ID":"373630098495101","LOCAL_WELL":"28S 14W 14CBB 01","website":"https://geohydro.kgs.ku.edu/geohydro/wizard/wizardwelldetail.cfm?usgs_id=373630098495101","name":"28S 14W 14CBB 01","recordUrl":"https://geohydro.kgs.ku.edu/geohydro/wizard/wizardwelldetail.cfm?usgs_id=373630098495101","period":"2026 monitoring locations"}},{"type":"Feature","id":1378,"geometry":{"type":"Point","coordinates":[-100.92249,37.79497]},"properties":{"FID":1378,"USGS_ID":"374747100552102","LOCAL_WELL":"26S 33W 10CCD 02","website":"https://geohydro.kgs.ku.edu/geohydro/wizard/wizardwelldetail.cfm?usgs_id=374747100552102","name":"26S 33W 10CCD 02","recordUrl":"https://geohydro.kgs.ku.edu/geohydro/wizard/wizardwelldetail.cfm?usgs_id=374747100552102","period":"2026 monitoring locations"}},{"type":"Feature","id":1379,"geometry":{"type":"Point","coordinates":[-101.07928,37.51117]},"properties":{"FID":1379,"USGS_ID":"373040101044501","LOCAL_WELL":"29S 34W 19DBB 01","website":"https://geohydro.kgs.ku.edu/geohydro/wizard/wizardwelldetail.cfm?usgs_id=373040101044501","name":"29S 34W 19DBB 01","recordUrl":"https://geohydro.kgs.ku.edu/geohydro/wizard/wizardwelldetail.cfm?usgs_id=373040101044501","period":"2026 monitoring locations"}},{"type":"Feature","id":1380,"geometry":{"type":"Point","coordinates":[-99.81456,39.77022]},"properties":{"FID":1380,"USGS_ID":"394608099473201","LOCAL_WELL":"03S 22W 27BBA 01","website":"https://geohydro.kgs.ku.edu/geohydro/wizard/wizardwelldetail.cfm?usgs_id=394608099473201","name":"03S 22W 27BBA 01","recordUrl":"https://geohydro.kgs.ku.edu/geohydro/wizard/wizardwelldetail.cfm?usgs_id=394608099473201","period":"2026 monitoring locations"}},{"type":"Feature","id":1381,"geometry":{"type":"Point","coordinates":[-100.92758,38.1272]},"properties":{"FID":1381,"USGS_ID":"370738100553901","LOCAL_WELL":"22S 33W 22ACC 01","website":"https://geohydro.kgs.ku.edu/geohydro/wizard/wizardwelldetail.cfm?usgs_id=370738100553901","name":"22S 33W 22ACC 01","recordUrl":"https://geohydro.kgs.ku.edu/geohydro/wizard/wizardwelldetail.cfm?usgs_id=370738100553901","period":"2026 monitoring locations"}},{"type":"Feature","id":1382,"geometry":{"type":"Point","coordinates":[-101.54751,39.05494]},"properties":{"FID":1382,"USGS_ID":"39031801325101","LOCAL_WELL":"11S 38W 33CAB 01","website":"https://geohydro.kgs.ku.edu/geohydro/wizard/wizardwelldetail.cfm?usgs_id=39031801325101","name":"11S 38W 33CAB 01","recordUrl":"https://geohydro.kgs.ku.edu/geohydro/wizard/wizardwelldetail.cfm?usgs_id=39031801325101","period":"2026 monitoring locations"}},{"type":"Feature","id":1383,"geometry":{"type":"Point","coordinates":[-100.9993,37.61215]},"properties":{"FID":1383,"USGS_ID":"373644100595701","LOCAL_WELL":"28S 34W 14DAA 01","website":"https://geohydro.kgs.ku.edu/geohydro/wizard/wizardwelldetail.cfm?usgs_id=373644100595701","name":"28S 34W 14DAA 01","recordUrl":"https://geohydro.kgs.ku.edu/geohydro/wizard/wizardwelldetail.cfm?usgs_id=373644100595701","period":"2026 monitoring locations"}},{"type":"Feature","id":1384,"geometry":{"type":"Point","coordinates":[-101.48402,37.35181]},"properties":{"FID":1384,"USGS_ID":"372106101290201","LOCAL_WELL":"31S 38W 17CBB 01","website":"https://geohydro.kgs.ku.edu/geohydro/wizard/wizardwelldetail.cfm?usgs_id=372106101290201","name":"31S 38W 17CBB 01","recordUrl":"https://geohydro.kgs.ku.edu/geohydro/wizard/wizardwelldetail.cfm?usgs_id=372106101290201","period":"2026 monitoring locations"}}]}